block,date,origin,horizon,model,delta_w2,delta_w1
val,2019-09-16,09:45:00,1,quadratic_c0,-0.01181169880326327,-0.007074867219838105
val,2019-09-16,09:45:00,1,independent_ou,-0.07416866180899677,-0.061886498382758906
val,2019-09-16,09:45:00,1,flexible_moments,-0.0017043418145339662,0.002980709490360417
val,2019-09-16,09:45:00,1,heterogeneous,0.06312428915852361,0.048011575427229225
val,2019-09-16,09:45:00,1,time_of_day,-0.0727850619383578,-0.04949777996287057
val,2019-09-16,09:45:00,1,factor_spy,0.044431062513115516,0.048058770606800694
val,2019-09-16,09:45:00,1,quadratic_c0_etf,0.13802778766157506,0.10741031171003812
val,2019-09-16,09:45:00,1,quadratic_c0_single,-0.013087970010413397,0.0008465752539784099
val,2019-09-16,09:45:00,5,quadratic_c0,-0.029674338522820476,-0.04822455887642112
val,2019-09-16,09:45:00,5,independent_ou,-0.08188264223444365,-0.07919924651526349
val,2019-09-16,09:45:00,5,flexible_moments,0.08614947827221839,0.07372450490827254
val,2019-09-16,09:45:00,5,heterogeneous,0.050565729851383606,0.026682704701709803
val,2019-09-16,09:45:00,5,time_of_day,-0.1082812570561178,-0.1025924480001575
val,2019-09-16,09:45:00,5,factor_spy,0.029296816229469863,0.014422224076979795
val,2019-09-16,09:45:00,5,quadratic_c0_etf,0.5512848173089007,0.46769033988149
val,2019-09-16,09:45:00,5,quadratic_c0_single,0.029934425934119657,0.02839744213577791
val,2019-09-16,09:45:00,15,quadratic_c0,-0.07404847606727089,-0.07115412503067596
val,2019-09-16,09:45:00,15,independent_ou,-0.01654044988322037,-0.0034937970499251403
val,2019-09-16,09:45:00,15,flexible_moments,0.1779004573582419,0.19098094508356725
val,2019-09-16,09:45:00,15,heterogeneous,-0.04607639565239935,-0.032037031811129796
val,2019-09-16,09:45:00,15,time_of_day,-0.058383262981762496,-0.03704399245330689
val,2019-09-16,09:45:00,15,factor_spy,-0.026201727700321087,-0.008627007966647615
val,2019-09-16,09:45:00,15,quadratic_c0_etf,0.26784557514298407,0.22455186681750497
val,2019-09-16,09:45:00,15,quadratic_c0_single,0.002656835143988401,0.020919199291514062
val,2019-09-16,09:45:00,30,quadratic_c0,-0.059473999762949564,-0.033739745223941464
val,2019-09-16,09:45:00,30,independent_ou,-0.12353912945254994,-0.0906331607348626
val,2019-09-16,09:45:00,30,flexible_moments,-0.0891735535428195,-0.061592292278738636
val,2019-09-16,09:45:00,30,heterogeneous,-0.025260279344608005,0.0029109241430653465
val,2019-09-16,09:45:00,30,time_of_day,-0.10231164954918595,-0.0670457442870386
val,2019-09-16,09:45:00,30,factor_spy,-0.1246237148063831,-0.09904078969428032
val,2019-09-16,09:45:00,30,quadratic_c0_etf,-0.001913614792310503,-0.0014926384486976807
val,2019-09-16,09:45:00,30,quadratic_c0_single,-0.009324033946817523,0.0185524368256042
val,2019-09-16,10:00:00,1,quadratic_c0,0.04612432413510342,0.04696161262873243
val,2019-09-16,10:00:00,1,independent_ou,0.030109149750379566,0.03905540623629537
val,2019-09-16,10:00:00,1,flexible_moments,0.00659581526004227,0.01290339892499169
val,2019-09-16,10:00:00,1,heterogeneous,0.03519744342496836,0.04965920797979072
val,2019-09-16,10:00:00,1,time_of_day,-0.009031311538410108,-0.003736890030473644
val,2019-09-16,10:00:00,1,factor_spy,0.03443204057708757,0.05255361317619485
val,2019-09-16,10:00:00,1,quadratic_c0_etf,0.05121435314244549,0.030678142401866962
val,2019-09-16,10:00:00,1,quadratic_c0_single,0.13476732205817984,0.12888372404221843
val,2019-09-16,10:00:00,5,quadratic_c0,-0.02754180465675002,-0.018819140081453523
val,2019-09-16,10:00:00,5,independent_ou,0.012663900788814686,-0.011132079021273611
val,2019-09-16,10:00:00,5,flexible_moments,-0.04995696474146419,-0.04556751233501663
val,2019-09-16,10:00:00,5,heterogeneous,-0.01016453989252536,0.00463679568825362
val,2019-09-16,10:00:00,5,time_of_day,-0.11855651631581386,-0.0973804610133685
val,2019-09-16,10:00:00,5,factor_spy,-0.05827170339608112,-0.03372275501019012
val,2019-09-16,10:00:00,5,quadratic_c0_etf,0.05662919843171235,0.05771482589976809
val,2019-09-16,10:00:00,5,quadratic_c0_single,0.014318673452905245,0.01346879246768079
val,2019-09-16,10:00:00,15,quadratic_c0,0.24588730830506308,0.26556497839771376
val,2019-09-16,10:00:00,15,independent_ou,0.31870065262980585,0.3290688700851587
val,2019-09-16,10:00:00,15,flexible_moments,0.017544340244828455,0.01856055553855554
val,2019-09-16,10:00:00,15,heterogeneous,0.21828001944593087,0.22848008772089037
val,2019-09-16,10:00:00,15,time_of_day,0.05896781370696935,0.07354758553264776
val,2019-09-16,10:00:00,15,factor_spy,0.03080343120288126,0.0255665354342048
val,2019-09-16,10:00:00,15,quadratic_c0_etf,0.47262788795644595,0.4881435337654553
val,2019-09-16,10:00:00,15,quadratic_c0_single,0.21814479655935645,0.20635721404014343
val,2019-09-16,10:00:00,30,quadratic_c0,0.08630673483257895,0.056748329697028685
val,2019-09-16,10:00:00,30,independent_ou,0.1499375423704614,0.13312294471454877
val,2019-09-16,10:00:00,30,flexible_moments,0.01667456599109965,0.01677705765386596
val,2019-09-16,10:00:00,30,heterogeneous,0.07588955884125648,0.05841481897952584
val,2019-09-16,10:00:00,30,time_of_day,0.0034621729688888436,0.007232258890829291
val,2019-09-16,10:00:00,30,factor_spy,0.10819891549160365,0.06716166838445799
val,2019-09-16,10:00:00,30,quadratic_c0_etf,0.14297095583418082,0.15463211367258622
val,2019-09-16,10:00:00,30,quadratic_c0_single,0.09096443177966365,0.042171705178584665
val,2019-09-16,10:15:00,1,quadratic_c0,0.01175419083271112,0.017147747384402834
val,2019-09-16,10:15:00,1,independent_ou,0.07090024634265762,0.043981301314122936
val,2019-09-16,10:15:00,1,flexible_moments,0.032380873083700495,0.04095318489236023
val,2019-09-16,10:15:00,1,heterogeneous,0.10397404665088142,0.11058939046041068
val,2019-09-16,10:15:00,1,time_of_day,0.04610738937934658,0.04538883808754145
val,2019-09-16,10:15:00,1,factor_spy,0.08391052985427844,0.08480747080076405
val,2019-09-16,10:15:00,1,quadratic_c0_etf,0.20383564680043212,0.2261135222540791
val,2019-09-16,10:15:00,1,quadratic_c0_single,0.03290517444225427,0.0362169356888665
val,2019-09-16,10:15:00,5,quadratic_c0,-0.08184909615180289,-0.10149329545470434
val,2019-09-16,10:15:00,5,independent_ou,-0.09665041970031035,-0.09801079312794862
val,2019-09-16,10:15:00,5,flexible_moments,-0.021206438146937817,-0.021999592724148365
val,2019-09-16,10:15:00,5,heterogeneous,-0.1310769934108974,-0.1300253584322706
val,2019-09-16,10:15:00,5,time_of_day,-0.09875153739137355,-0.1120890673414865
val,2019-09-16,10:15:00,5,factor_spy,0.08070066217171162,0.06538703861936221
val,2019-09-16,10:15:00,5,quadratic_c0_etf,0.09678079628543068,0.06256831979229585
val,2019-09-16,10:15:00,5,quadratic_c0_single,-0.07136527363406989,-0.08531615921976113
val,2019-09-16,10:15:00,15,quadratic_c0,0.031072159588584836,0.02439816939241833
val,2019-09-16,10:15:00,15,independent_ou,0.06386787283006595,0.040964129779814354
val,2019-09-16,10:15:00,15,flexible_moments,0.13640862074972815,0.09407332754870247
val,2019-09-16,10:15:00,15,heterogeneous,0.10505558715450661,0.07257957721426238
val,2019-09-16,10:15:00,15,time_of_day,0.023149728742387216,0.01907350357637308
val,2019-09-16,10:15:00,15,factor_spy,0.02128906278177206,0.011387363963430708
val,2019-09-16,10:15:00,15,quadratic_c0_etf,0.24591129591892064,0.24664238205717848
val,2019-09-16,10:15:00,15,quadratic_c0_single,0.08892367717678387,0.06536434872958514
val,2019-09-16,10:15:00,30,quadratic_c0,0.028304740205346804,0.03203674256330999
val,2019-09-16,10:15:00,30,independent_ou,0.08474697829629509,0.04029417674480752
val,2019-09-16,10:15:00,30,flexible_moments,0.06831085640690458,0.06455104719238265
val,2019-09-16,10:15:00,30,heterogeneous,0.05703123903223607,0.06695862802340631
val,2019-09-16,10:15:00,30,time_of_day,-0.0012538418084098307,0.004912928092336011
val,2019-09-16,10:15:00,30,factor_spy,0.1312559599093724,0.1426361865273834
val,2019-09-16,10:15:00,30,quadratic_c0_etf,0.38951754468572314,0.34661640891546897
val,2019-09-16,10:15:00,30,quadratic_c0_single,0.0987738855969698,0.09752874065626986
val,2019-09-16,10:30:00,1,quadratic_c0,0.049324141985524234,0.05992862421392907
val,2019-09-16,10:30:00,1,independent_ou,0.08191015619979211,0.06436960420756026
val,2019-09-16,10:30:00,1,flexible_moments,0.02565252570918003,0.029328339022664837
val,2019-09-16,10:30:00,1,heterogeneous,0.05138907584090527,0.0481775593661828
val,2019-09-16,10:30:00,1,time_of_day,-0.057440981431584395,-0.034668880938128394
val,2019-09-16,10:30:00,1,factor_spy,0.004049681774304287,0.017578816982875098
val,2019-09-16,10:30:00,1,quadratic_c0_etf,0.21870088210412428,0.2313688927159102
val,2019-09-16,10:30:00,1,quadratic_c0_single,0.029903749745297886,0.03974746533675051
val,2019-09-16,10:30:00,5,quadratic_c0,-0.020991369019071976,-0.03421011854525163
val,2019-09-16,10:30:00,5,independent_ou,0.11544210461096505,0.10213265533326846
val,2019-09-16,10:30:00,5,flexible_moments,-0.04292038148869068,-0.033301391221037396
val,2019-09-16,10:30:00,5,heterogeneous,-0.020013927804462844,-0.006048223333212921
val,2019-09-16,10:30:00,5,time_of_day,-0.03546971328791754,-0.033842251700065995
val,2019-09-16,10:30:00,5,factor_spy,-0.0350280819150606,-0.023954247511334
val,2019-09-16,10:30:00,5,quadratic_c0_etf,0.029201802302623703,0.028933872088016677
val,2019-09-16,10:30:00,5,quadratic_c0_single,0.005510015250301842,-0.007898916388373423
val,2019-09-16,10:30:00,15,quadratic_c0,0.11477955765700903,0.102437271352819
val,2019-09-16,10:30:00,15,independent_ou,0.11843877264763888,0.1124940605280718
val,2019-09-16,10:30:00,15,flexible_moments,0.020577745013918708,0.016133715032632584
val,2019-09-16,10:30:00,15,heterogeneous,-0.00949783358079112,-0.004231745445863272
val,2019-09-16,10:30:00,15,time_of_day,0.0025884572184356747,0.0010863686050406607
val,2019-09-16,10:30:00,15,factor_spy,0.09957064896416928,0.09501660270097216
val,2019-09-16,10:30:00,15,quadratic_c0_etf,0.2639320194169813,0.2338980332376177
val,2019-09-16,10:30:00,15,quadratic_c0_single,0.08158378850990469,0.06630163050062317
val,2019-09-16,10:30:00,30,quadratic_c0,-0.0010774060637684657,-0.004285625227142487
val,2019-09-16,10:30:00,30,independent_ou,-0.024128779096536546,-0.04992748915847721
val,2019-09-16,10:30:00,30,flexible_moments,0.016652425790009445,0.0072764415576706265
val,2019-09-16,10:30:00,30,heterogeneous,0.029609045137386963,0.00761208154281709
val,2019-09-16,10:30:00,30,time_of_day,0.021433010395589258,0.0059978813802464
val,2019-09-16,10:30:00,30,factor_spy,-0.02098656914698388,-0.032882829355648374
val,2019-09-16,10:30:00,30,quadratic_c0_etf,0.2714099076390861,0.25105124336646356
val,2019-09-16,10:30:00,30,quadratic_c0_single,-0.01236882166121725,-0.027133086745771973
val,2019-09-16,10:45:00,1,quadratic_c0,0.019655506381904386,0.028380431474270412
val,2019-09-16,10:45:00,1,independent_ou,0.09236404861686487,0.09071188127814747
val,2019-09-16,10:45:00,1,flexible_moments,0.040603343869107134,0.01993472767296109
val,2019-09-16,10:45:00,1,heterogeneous,0.0022824582831647844,0.012488322715763889
val,2019-09-16,10:45:00,1,time_of_day,-0.07189204455988343,-0.05914733305614582
val,2019-09-16,10:45:00,1,factor_spy,-0.07754882362337895,-0.06120045279104515
val,2019-09-16,10:45:00,1,quadratic_c0_etf,0.33858425019898103,0.24869662367519285
val,2019-09-16,10:45:00,1,quadratic_c0_single,-0.014079415311311572,-0.01946235815608946
val,2019-09-16,10:45:00,5,quadratic_c0,0.13336518353850413,0.07628107964962541
val,2019-09-16,10:45:00,5,independent_ou,0.06538719828063512,0.05211377904492576
val,2019-09-16,10:45:00,5,flexible_moments,0.11875837494403997,0.09864366075141892
val,2019-09-16,10:45:00,5,heterogeneous,0.14248058877574088,0.12244999972183696
val,2019-09-16,10:45:00,5,time_of_day,0.09559216702414215,0.07856049827653838
val,2019-09-16,10:45:00,5,factor_spy,0.12672816519439978,0.09305206911727443
val,2019-09-16,10:45:00,5,quadratic_c0_etf,0.11090202356854377,0.09096420731229843
val,2019-09-16,10:45:00,5,quadratic_c0_single,0.17770255879591068,0.12429107738897457
val,2019-09-16,10:45:00,15,quadratic_c0,0.07102307444034694,0.05053614563335779
val,2019-09-16,10:45:00,15,independent_ou,0.03470997627693023,0.021171233818242152
val,2019-09-16,10:45:00,15,flexible_moments,0.05744181098645551,0.048839042540449906
val,2019-09-16,10:45:00,15,heterogeneous,0.11175345025579295,0.10624164860383092
val,2019-09-16,10:45:00,15,time_of_day,0.0773538236740271,0.06478211250414254
val,2019-09-16,10:45:00,15,factor_spy,0.25475800070090937,0.23159476654323083
val,2019-09-16,10:45:00,15,quadratic_c0_etf,0.2594083419798554,0.2637946882976512
val,2019-09-16,10:45:00,15,quadratic_c0_single,0.011263536330989726,-0.014368628220992344
val,2019-09-16,10:45:00,30,quadratic_c0,0.27204572887030554,0.24313315170239896
val,2019-09-16,10:45:00,30,independent_ou,0.15514104218480515,0.16411561328822255
val,2019-09-16,10:45:00,30,flexible_moments,0.10322478628090315,0.08858826314314712
val,2019-09-16,10:45:00,30,heterogeneous,0.048952472925015256,0.04443693972514608
val,2019-09-16,10:45:00,30,time_of_day,0.052928892527726146,0.05495462741387429
val,2019-09-16,10:45:00,30,factor_spy,0.15032332499801324,0.13891976454825056
val,2019-09-16,10:45:00,30,quadratic_c0_etf,0.18228856403903396,0.19893631644196896
val,2019-09-16,10:45:00,30,quadratic_c0_single,0.3170531608914049,0.281593265291973
val,2019-09-16,11:00:00,1,quadratic_c0,-0.11498269227521352,-0.10374060753138709
val,2019-09-16,11:00:00,1,independent_ou,-0.0890934116335621,-0.08488851022537022
val,2019-09-16,11:00:00,1,flexible_moments,-0.10996512377685033,-0.1008288046180848
val,2019-09-16,11:00:00,1,heterogeneous,0.0046034357262493275,-0.020213715002644156
val,2019-09-16,11:00:00,1,time_of_day,-0.10009772871816508,-0.08826081212662806
val,2019-09-16,11:00:00,1,factor_spy,-0.055349538127754866,-0.05513858428273899
val,2019-09-16,11:00:00,1,quadratic_c0_etf,-0.0643988407564105,-0.05343155877742728
val,2019-09-16,11:00:00,1,quadratic_c0_single,-0.12957248941906338,-0.11643073397661399
val,2019-09-16,11:00:00,5,quadratic_c0,-0.06176991716873553,-0.04960334760338317
val,2019-09-16,11:00:00,5,independent_ou,-0.09121143120456388,-0.08266771712232565
val,2019-09-16,11:00:00,5,flexible_moments,-0.08659649479809087,-0.08809434956510517
val,2019-09-16,11:00:00,5,heterogeneous,-0.131773989773848,-0.15748311464537923
val,2019-09-16,11:00:00,5,time_of_day,-0.14802764143770195,-0.13282528177509906
val,2019-09-16,11:00:00,5,factor_spy,-0.01353313137831641,-0.033422958363218125
val,2019-09-16,11:00:00,5,quadratic_c0_etf,-0.06471641617600685,-0.08148301903019017
val,2019-09-16,11:00:00,5,quadratic_c0_single,0.03178606727901018,0.029877390002549298
val,2019-09-16,11:00:00,15,quadratic_c0,0.19442037721087838,0.18213591308947863
val,2019-09-16,11:00:00,15,independent_ou,0.16550959795680284,0.1440914753767078
val,2019-09-16,11:00:00,15,flexible_moments,0.04653864765159671,0.02213432261317881
val,2019-09-16,11:00:00,15,heterogeneous,0.01750213292730826,0.002755308416817634
val,2019-09-16,11:00:00,15,time_of_day,0.022862552571506767,0.025688783269382245
val,2019-09-16,11:00:00,15,factor_spy,0.12841801410495748,0.1136090532481807
val,2019-09-16,11:00:00,15,quadratic_c0_etf,0.434964271759509,0.4265587303208302
val,2019-09-16,11:00:00,15,quadratic_c0_single,0.22025040104739627,0.19144534479262454
val,2019-09-16,11:00:00,30,quadratic_c0,0.07906940744924448,0.08912102389872166
val,2019-09-16,11:00:00,30,independent_ou,0.01944907622239425,0.011998219035981736
val,2019-09-16,11:00:00,30,flexible_moments,0.02068147881198021,0.015668461698970862
val,2019-09-16,11:00:00,30,heterogeneous,0.004724148343950518,-0.002308431677064321
val,2019-09-16,11:00:00,30,time_of_day,-0.05576339994374356,-0.04989199260096791
val,2019-09-16,11:00:00,30,factor_spy,-0.05403584012178912,-0.04130944054217506
val,2019-09-16,11:00:00,30,quadratic_c0_etf,0.013673361584374072,0.0013598693046419363
val,2019-09-16,11:00:00,30,quadratic_c0_single,0.14987041916818541,0.15305581509606175
val,2019-09-16,11:15:00,1,quadratic_c0,0.06493688905710364,0.05690292705767323
val,2019-09-16,11:15:00,1,independent_ou,0.03732391586081195,0.04997306241614287
val,2019-09-16,11:15:00,1,flexible_moments,0.07184728090492722,0.06304094355948968
val,2019-09-16,11:15:00,1,heterogeneous,0.07526220455547859,0.06340463683719195
val,2019-09-16,11:15:00,1,time_of_day,0.02623452397119634,0.04009384727494496
val,2019-09-16,11:15:00,1,factor_spy,0.034488353740513164,0.023665920642452556
val,2019-09-16,11:15:00,1,quadratic_c0_etf,0.3300755567744891,0.2442238113223753
val,2019-09-16,11:15:00,1,quadratic_c0_single,0.05612613540768656,0.0646195425382393
val,2019-09-16,11:15:00,5,quadratic_c0,-0.025116704139692414,-0.041666083165081816
val,2019-09-16,11:15:00,5,independent_ou,-0.05843135774310923,-0.058312890972795
val,2019-09-16,11:15:00,5,flexible_moments,-0.005559518965534999,-0.01678798529629634
val,2019-09-16,11:15:00,5,heterogeneous,0.005333447005442055,-0.0029094498377467137
val,2019-09-16,11:15:00,5,time_of_day,-0.09571111049992277,-0.08921940367826484
val,2019-09-16,11:15:00,5,factor_spy,-0.025646404079190804,-0.03106043270113014
val,2019-09-16,11:15:00,5,quadratic_c0_etf,0.1309086451913016,0.12479490145041117
val,2019-09-16,11:15:00,5,quadratic_c0_single,-0.005261530169220763,-0.019988163592322153
val,2019-09-16,11:15:00,15,quadratic_c0,0.05235461143157673,0.028146239922907823
val,2019-09-16,11:15:00,15,independent_ou,0.05706409981558673,0.041860842202172885
val,2019-09-16,11:15:00,15,flexible_moments,0.05658194857537392,0.037621154555745176
val,2019-09-16,11:15:00,15,heterogeneous,0.050017061430910156,0.05138434449869557
val,2019-09-16,11:15:00,15,time_of_day,-0.02979024582801429,-0.02494294746911338
val,2019-09-16,11:15:00,15,factor_spy,0.06868948663097595,0.07332962390859572
val,2019-09-16,11:15:00,15,quadratic_c0_etf,0.1159607640901875,0.08062227676776974
val,2019-09-16,11:15:00,15,quadratic_c0_single,0.13336230355632578,0.10547304542771578
val,2019-09-16,11:15:00,30,quadratic_c0,0.07115481615845587,0.04791082116006379
val,2019-09-16,11:15:00,30,independent_ou,0.006701610805804642,0.004164122074481191
val,2019-09-16,11:15:00,30,flexible_moments,0.10392972550096666,0.034627946949291805
val,2019-09-16,11:15:00,30,heterogeneous,-0.034978997936433845,-0.0314146334362084
val,2019-09-16,11:15:00,30,time_of_day,-0.06885812952631543,-0.07262326859665875
val,2019-09-16,11:15:00,30,factor_spy,-0.01910118368389893,-0.021539566704704458
val,2019-09-16,11:15:00,30,quadratic_c0_etf,0.2771446585458691,0.20413355592303903
val,2019-09-16,11:15:00,30,quadratic_c0_single,0.10077742320057545,0.08204257270408372
val,2019-09-16,11:30:00,1,quadratic_c0,0.049119983453608934,0.037884092327150384
val,2019-09-16,11:30:00,1,independent_ou,0.0386973837121902,0.049026285736784525
val,2019-09-16,11:30:00,1,flexible_moments,0.12611434372457492,0.1256290577520181
val,2019-09-16,11:30:00,1,heterogeneous,0.19326643997304982,0.1745457260018665
val,2019-09-16,11:30:00,1,time_of_day,0.03154421278461522,0.025166960311239384
val,2019-09-16,11:30:00,1,factor_spy,-0.0016759678002892242,0.010865691245025622
val,2019-09-16,11:30:00,1,quadratic_c0_etf,0.2334327948506983,0.23538778452480755
val,2019-09-16,11:30:00,1,quadratic_c0_single,0.111427303442003,0.09082003711785688
val,2019-09-16,11:30:00,5,quadratic_c0,0.05106253052277565,0.05457230460879357
val,2019-09-16,11:30:00,5,independent_ou,0.024534159168584008,0.03945270685470657
val,2019-09-16,11:30:00,5,flexible_moments,0.055153402219037556,0.05798781598599166
val,2019-09-16,11:30:00,5,heterogeneous,0.08429380519748447,0.08064472300932239
val,2019-09-16,11:30:00,5,time_of_day,0.05261301973656432,0.057490557560923986
val,2019-09-16,11:30:00,5,factor_spy,0.14633738099615945,0.14700370789243183
val,2019-09-16,11:30:00,5,quadratic_c0_etf,-0.00377562350941886,0.017933639352204628
val,2019-09-16,11:30:00,5,quadratic_c0_single,0.07863822526670158,0.0756735881791145
val,2019-09-16,11:30:00,15,quadratic_c0,0.1617823978695613,0.16344614822335032
val,2019-09-16,11:30:00,15,independent_ou,0.14470636737690432,0.14726341355823874
val,2019-09-16,11:30:00,15,flexible_moments,0.03186286923276199,0.029338275466673988
val,2019-09-16,11:30:00,15,heterogeneous,0.032853209774837994,0.0458403758385266
val,2019-09-16,11:30:00,15,time_of_day,-0.01793323909838468,-0.00913777042236101
val,2019-09-16,11:30:00,15,factor_spy,0.03582506897355481,0.04666512039135305
val,2019-09-16,11:30:00,15,quadratic_c0_etf,0.39998664919294424,0.3959452072273862
val,2019-09-16,11:30:00,15,quadratic_c0_single,0.1369725925137919,0.11502966063182232
val,2019-09-16,11:30:00,30,quadratic_c0,0.3057291835202881,0.3239424275345393
val,2019-09-16,11:30:00,30,independent_ou,0.13686003908960861,0.13685370247934528
val,2019-09-16,11:30:00,30,flexible_moments,0.2620383416700035,0.27148930154426487
val,2019-09-16,11:30:00,30,heterogeneous,0.06486599972181709,0.08102223611209419
val,2019-09-16,11:30:00,30,time_of_day,0.09768862052437169,0.10313692801848331
val,2019-09-16,11:30:00,30,factor_spy,0.02584503114063863,0.02469573786644072
val,2019-09-16,11:30:00,30,quadratic_c0_etf,0.11965966910767237,0.07439383562888344
val,2019-09-16,11:30:00,30,quadratic_c0_single,0.3966680409137011,0.41220217856939323
val,2019-09-16,11:45:00,1,quadratic_c0,-0.03850023271761635,-0.037784964547242963
val,2019-09-16,11:45:00,1,independent_ou,0.055852002891547126,0.059039540010748404
val,2019-09-16,11:45:00,1,flexible_moments,0.127913835893811,0.12099753731968141
val,2019-09-16,11:45:00,1,heterogeneous,0.014103124397641498,0.011735403090242985
val,2019-09-16,11:45:00,1,time_of_day,-0.033541291221294095,-0.03695133343774268
val,2019-09-16,11:45:00,1,factor_spy,-0.004709799902696571,-0.01607738033398115
val,2019-09-16,11:45:00,1,quadratic_c0_etf,0.1283163049017097,0.11687056953097455
val,2019-09-16,11:45:00,1,quadratic_c0_single,0.07395953797971289,0.05056658942304676
val,2019-09-16,11:45:00,5,quadratic_c0,0.04766688253079718,0.0410730501681698
val,2019-09-16,11:45:00,5,independent_ou,0.03140125523763254,0.03560194814048735
val,2019-09-16,11:45:00,5,flexible_moments,0.10057929219231937,0.06377094617762823
val,2019-09-16,11:45:00,5,heterogeneous,0.08018581029030902,0.032085655719609626
val,2019-09-16,11:45:00,5,time_of_day,-0.04951048272484938,-0.04223014742505915
val,2019-09-16,11:45:00,5,factor_spy,0.07151835437432538,0.07989087124913123
val,2019-09-16,11:45:00,5,quadratic_c0_etf,0.19553983737569824,0.17881842679318477
val,2019-09-16,11:45:00,5,quadratic_c0_single,0.03552154563889234,0.02156620714459727
val,2019-09-16,11:45:00,15,quadratic_c0,0.06603022210217158,0.06821962826682862
val,2019-09-16,11:45:00,15,independent_ou,0.029742259826095407,0.042467430876696105
val,2019-09-16,11:45:00,15,flexible_moments,0.055500360167924645,0.07397195118475888
val,2019-09-16,11:45:00,15,heterogeneous,0.16394780472124593,0.16859038828284326
val,2019-09-16,11:45:00,15,time_of_day,0.0402269993220673,0.04644154553648269
val,2019-09-16,11:45:00,15,factor_spy,0.010394992519276502,-0.0004871177761663903
val,2019-09-16,11:45:00,15,quadratic_c0_etf,-0.04792693951043303,-0.04736789415747189
val,2019-09-16,11:45:00,15,quadratic_c0_single,0.12295644087848223,0.1162806977155462
val,2019-09-16,11:45:00,30,quadratic_c0,0.1094364603245343,0.10999076855970796
val,2019-09-16,11:45:00,30,independent_ou,0.039841355989157695,0.02138976052225086
val,2019-09-16,11:45:00,30,flexible_moments,0.07043541942964185,0.06018175165535658
val,2019-09-16,11:45:00,30,heterogeneous,0.09382482800735475,0.05827542274400607
val,2019-09-16,11:45:00,30,time_of_day,-0.023260605627169556,-0.028404928819258005
val,2019-09-16,11:45:00,30,factor_spy,-0.017007556260027673,-0.00826625432970371
val,2019-09-16,11:45:00,30,quadratic_c0_etf,0.16727087568659593,0.17423798207301028
val,2019-09-16,11:45:00,30,quadratic_c0_single,0.1737124237279798,0.1693405203054842
val,2019-09-16,12:00:00,1,quadratic_c0,-0.10584222882019201,-0.10197898046205867
val,2019-09-16,12:00:00,1,independent_ou,0.03357750654254488,0.0493241866282802
val,2019-09-16,12:00:00,1,flexible_moments,-0.04318253321346893,-0.03153826352220851
val,2019-09-16,12:00:00,1,heterogeneous,-0.1511916238650614,-0.14346277084905795
val,2019-09-16,12:00:00,1,time_of_day,-0.26311573156432455,-0.2410710638424394
val,2019-09-16,12:00:00,1,factor_spy,-0.0006813560890759351,-0.013008579002013965
val,2019-09-16,12:00:00,1,quadratic_c0_etf,-0.10693411063227165,-0.1034424333664114
val,2019-09-16,12:00:00,1,quadratic_c0_single,-0.07681106003094579,-0.09233241589739832
val,2019-09-16,12:00:00,5,quadratic_c0,0.08476766833956376,0.0731237368393248
val,2019-09-16,12:00:00,5,independent_ou,0.0424988059047329,0.05709905839854029
val,2019-09-16,12:00:00,5,flexible_moments,0.06251091265311962,0.06500060065756327
val,2019-09-16,12:00:00,5,heterogeneous,0.16563241015258362,0.11740061614320357
val,2019-09-16,12:00:00,5,time_of_day,0.009778374350950053,0.03464761092362126
val,2019-09-16,12:00:00,5,factor_spy,0.025872693510769262,-0.010806748521107995
val,2019-09-16,12:00:00,5,quadratic_c0_etf,0.06331882727114768,0.043262509438002444
val,2019-09-16,12:00:00,5,quadratic_c0_single,0.16327517219709298,0.16927499722126496
val,2019-09-16,12:00:00,15,quadratic_c0,-0.03569112680170283,-0.04800194739975863
val,2019-09-16,12:00:00,15,independent_ou,-0.05161022610922006,-0.06949371021605574
val,2019-09-16,12:00:00,15,flexible_moments,-0.019427926534214324,-0.03113411775871655
val,2019-09-16,12:00:00,15,heterogeneous,-0.05976361686319773,-0.07013567137115223
val,2019-09-16,12:00:00,15,time_of_day,-0.17461595536753352,-0.163324667723857
val,2019-09-16,12:00:00,15,factor_spy,-0.08150731941177977,-0.06553712143336918
val,2019-09-16,12:00:00,15,quadratic_c0_etf,0.3647648366165502,0.3085450392238897
val,2019-09-16,12:00:00,15,quadratic_c0_single,-0.0414388758247648,-0.03806603672873202
val,2019-09-16,12:00:00,30,quadratic_c0,-0.01865018950753522,-0.0417692939878955
val,2019-09-16,12:00:00,30,independent_ou,-0.10077653597613437,-0.12135891473541813
val,2019-09-16,12:00:00,30,flexible_moments,-0.1389841672486486,-0.14645098123948547
val,2019-09-16,12:00:00,30,heterogeneous,-0.07100147315692085,-0.07464385649470248
val,2019-09-16,12:00:00,30,time_of_day,-0.16291354792824292,-0.1513652117288782
val,2019-09-16,12:00:00,30,factor_spy,0.014722774894870394,0.014303447675731273
val,2019-09-16,12:00:00,30,quadratic_c0_etf,-0.021014081643379257,-0.06388189805750724
val,2019-09-16,12:00:00,30,quadratic_c0_single,0.07607433487972187,0.05848742159009057
val,2019-09-16,12:15:00,1,quadratic_c0,-0.03690788142501811,-0.03831149884180751
val,2019-09-16,12:15:00,1,independent_ou,0.022537069627410727,0.030170664387961926
val,2019-09-16,12:15:00,1,flexible_moments,-0.03464245679316594,-0.03721120434587942
val,2019-09-16,12:15:00,1,heterogeneous,0.006741381117761874,-0.004663307496350896
val,2019-09-16,12:15:00,1,time_of_day,-0.07117074912967643,-0.06071094256482715
val,2019-09-16,12:15:00,1,factor_spy,-0.07573320773519293,-0.062042078867512104
val,2019-09-16,12:15:00,1,quadratic_c0_etf,-0.04970244469684962,-0.03748065141107383
val,2019-09-16,12:15:00,1,quadratic_c0_single,-0.005580628076208127,-0.010273589035084352
val,2019-09-16,12:15:00,5,quadratic_c0,0.035369496694277025,0.02041745631529751
val,2019-09-16,12:15:00,5,independent_ou,-0.07189625726932085,-0.07169819656230578
val,2019-09-16,12:15:00,5,flexible_moments,0.12145833316338944,0.05239019553373106
val,2019-09-16,12:15:00,5,heterogeneous,0.08418219399891869,0.0737479563178948
val,2019-09-16,12:15:00,5,time_of_day,-0.07605215470003648,-0.0683513394027767
val,2019-09-16,12:15:00,5,factor_spy,-0.03096844283861258,-0.018572403912639507
val,2019-09-16,12:15:00,5,quadratic_c0_etf,0.38259728930864184,0.3702044560544085
val,2019-09-16,12:15:00,5,quadratic_c0_single,0.01569414706709127,-0.006035578142483372
val,2019-09-16,12:15:00,15,quadratic_c0,-0.04650696285944539,-0.022956631971629116
val,2019-09-16,12:15:00,15,independent_ou,-0.014527580701327647,0.004523874987781257
val,2019-09-16,12:15:00,15,flexible_moments,-0.0882218399824225,-0.08182612793196005
val,2019-09-16,12:15:00,15,heterogeneous,-0.11144968772004268,-0.09012238029371872
val,2019-09-16,12:15:00,15,time_of_day,-0.09377840657612449,-0.08543295581124921
val,2019-09-16,12:15:00,15,factor_spy,0.07093511621609336,0.07402787321472235
val,2019-09-16,12:15:00,15,quadratic_c0_etf,0.014286472314186643,0.010330684734555728
val,2019-09-16,12:15:00,15,quadratic_c0_single,0.043514909938441954,0.04521388379941546
val,2019-09-16,12:15:00,30,quadratic_c0,0.056168247014150324,0.011605893130851155
val,2019-09-16,12:15:00,30,independent_ou,0.04858189648358027,0.05637837965023773
val,2019-09-16,12:15:00,30,flexible_moments,0.025710739476600575,0.03725115380048444
val,2019-09-16,12:15:00,30,heterogeneous,0.014470987641634597,0.02298886589325841
val,2019-09-16,12:15:00,30,time_of_day,0.0022966619011119682,0.019307268647942175
val,2019-09-16,12:15:00,30,factor_spy,0.009194169638017363,0.0256793056948154
val,2019-09-16,12:15:00,30,quadratic_c0_etf,0.4644308317905367,0.46774250800671047
val,2019-09-16,12:15:00,30,quadratic_c0_single,0.04131490437598104,0.044580058140519296
val,2019-09-16,12:30:00,1,quadratic_c0,-0.05360640992037985,-0.04911238373987921
val,2019-09-16,12:30:00,1,independent_ou,0.008592461909134541,0.01727345788696183
val,2019-09-16,12:30:00,1,flexible_moments,0.0068618957347100495,0.016087554717013647
val,2019-09-16,12:30:00,1,heterogeneous,0.13836990941508076,0.12124929062781234
val,2019-09-16,12:30:00,1,time_of_day,-0.008810188700524996,-0.006926013994441316
val,2019-09-16,12:30:00,1,factor_spy,0.07492700539618558,0.061682807528774225
val,2019-09-16,12:30:00,1,quadratic_c0_etf,0.15115270198587105,0.0365940806942579
val,2019-09-16,12:30:00,1,quadratic_c0_single,-0.016171810709415035,-0.020000586651388874
val,2019-09-16,12:30:00,5,quadratic_c0,0.04261847496754406,0.025902890359836256
val,2019-09-16,12:30:00,5,independent_ou,0.025144306143121076,0.032184816271190936
val,2019-09-16,12:30:00,5,flexible_moments,-0.010378836918230744,-0.006700766745410605
val,2019-09-16,12:30:00,5,heterogeneous,0.03420886189537939,-0.01763458761059082
val,2019-09-16,12:30:00,5,time_of_day,-0.0647451243851803,-0.05903131646865187
val,2019-09-16,12:30:00,5,factor_spy,0.05579193145468972,0.04898017688297007
val,2019-09-16,12:30:00,5,quadratic_c0_etf,0.43896420630015437,0.36593292104588626
val,2019-09-16,12:30:00,5,quadratic_c0_single,0.053998793258558,0.019193331237441602
val,2019-09-16,12:30:00,15,quadratic_c0,-0.001696299017906161,-0.02394065900675757
val,2019-09-16,12:30:00,15,independent_ou,-0.023783615870156982,-0.03751256745869702
val,2019-09-16,12:30:00,15,flexible_moments,-0.06558529116342238,-0.06200708016019482
val,2019-09-16,12:30:00,15,heterogeneous,0.010919516839188015,0.00411097442779329
val,2019-09-16,12:30:00,15,time_of_day,-0.05172495991703133,-0.043071786615565474
val,2019-09-16,12:30:00,15,factor_spy,-0.05823142269851256,-0.05173307261880368
val,2019-09-16,12:30:00,15,quadratic_c0_etf,0.16569518533057154,0.18088466218140103
val,2019-09-16,12:30:00,15,quadratic_c0_single,0.0772864964348966,0.06053721715304383
val,2019-09-16,12:30:00,30,quadratic_c0,-0.017636549235932025,-0.012049969265151589
val,2019-09-16,12:30:00,30,independent_ou,-0.011517763365769845,-0.0074180612407493685
val,2019-09-16,12:30:00,30,flexible_moments,-0.006196538767179682,-0.012651784388056753
val,2019-09-16,12:30:00,30,heterogeneous,-0.02981845692045343,-0.03582450973279201
val,2019-09-16,12:30:00,30,time_of_day,-0.14147920494815489,-0.1236796879446235
val,2019-09-16,12:30:00,30,factor_spy,0.03724428401239743,0.008173944475431238
val,2019-09-16,12:30:00,30,quadratic_c0_etf,-0.11453717453082608,-0.10504601855058886
val,2019-09-16,12:30:00,30,quadratic_c0_single,0.012706156000203195,0.017660340572349775
val,2019-09-16,12:45:00,1,quadratic_c0,0.027940179764194772,0.0419475179047078
val,2019-09-16,12:45:00,1,independent_ou,0.0347281228752917,0.038270771169387874
val,2019-09-16,12:45:00,1,flexible_moments,0.04291717663031608,0.05542685328550978
val,2019-09-16,12:45:00,1,heterogeneous,-0.025228442611676616,-0.003806622430102602
val,2019-09-16,12:45:00,1,time_of_day,0.07636027988514005,0.0749910043906098
val,2019-09-16,12:45:00,1,factor_spy,-0.03479303694999092,-0.01079410804855746
val,2019-09-16,12:45:00,1,quadratic_c0_etf,-0.004153163570693008,-0.02005821353886289
val,2019-09-16,12:45:00,1,quadratic_c0_single,0.20322281076678372,0.20574159927590402
val,2019-09-16,12:45:00,5,quadratic_c0,-0.0065298805732498105,0.005817748950834131
val,2019-09-16,12:45:00,5,independent_ou,0.1585474137999464,0.12948428073670515
val,2019-09-16,12:45:00,5,flexible_moments,0.08672041337988211,0.07644552733724182
val,2019-09-16,12:45:00,5,heterogeneous,0.10266899019430865,0.06335432412724519
val,2019-09-16,12:45:00,5,time_of_day,-0.0006817731544112721,-0.004781514895487532
val,2019-09-16,12:45:00,5,factor_spy,0.20718836378752775,0.20066661554356569
val,2019-09-16,12:45:00,5,quadratic_c0_etf,0.3137193103923174,0.23965775939320855
val,2019-09-16,12:45:00,5,quadratic_c0_single,0.08681864043070377,0.07260101601818379
val,2019-09-16,12:45:00,15,quadratic_c0,0.1076580931665387,0.09745267040675003
val,2019-09-16,12:45:00,15,independent_ou,0.24532361406088027,0.20200161709890346
val,2019-09-16,12:45:00,15,flexible_moments,0.14228801006907288,0.13499107309498215
val,2019-09-16,12:45:00,15,heterogeneous,0.08137753033442323,0.06737695350619814
val,2019-09-16,12:45:00,15,time_of_day,-0.04113885601929485,-0.03285125353141042
val,2019-09-16,12:45:00,15,factor_spy,0.13756125295408062,0.11762634465292347
val,2019-09-16,12:45:00,15,quadratic_c0_etf,0.5750508560392252,0.5674614317919073
val,2019-09-16,12:45:00,15,quadratic_c0_single,0.03811423596488793,0.026581817066505017
val,2019-09-16,12:45:00,30,quadratic_c0,0.09074835469465911,0.08170891419355628
val,2019-09-16,12:45:00,30,independent_ou,0.04369732502344026,0.027453863033339437
val,2019-09-16,12:45:00,30,flexible_moments,-0.026394256466653193,-0.02996209912459198
val,2019-09-16,12:45:00,30,heterogeneous,0.07872411790869599,0.06550167219960285
val,2019-09-16,12:45:00,30,time_of_day,-0.009469443095053584,-0.003580306134502012
val,2019-09-16,12:45:00,30,factor_spy,0.03156186656989443,0.021128926646336477
val,2019-09-16,12:45:00,30,quadratic_c0_etf,0.17738696324806807,0.15618437299251522
val,2019-09-16,12:45:00,30,quadratic_c0_single,0.09839241598528478,0.08531987215309775
val,2019-09-16,13:00:00,1,quadratic_c0,0.0770881322668853,0.04486959635714888
val,2019-09-16,13:00:00,1,independent_ou,0.04064239776818601,0.03268652415448925
val,2019-09-16,13:00:00,1,flexible_moments,0.03568486136100946,0.03756500094611265
val,2019-09-16,13:00:00,1,heterogeneous,0.14511735455984737,0.11257595257580352
val,2019-09-16,13:00:00,1,time_of_day,-0.01887428630752991,-0.01561602098975795
val,2019-09-16,13:00:00,1,factor_spy,0.04054227572179564,0.011469137266920865
val,2019-09-16,13:00:00,1,quadratic_c0_etf,0.1514101838099599,0.14065305959340654
val,2019-09-16,13:00:00,1,quadratic_c0_single,0.1066934374981178,0.08290786729343044
val,2019-09-16,13:00:00,5,quadratic_c0,0.21910100965746437,0.23939164450714176
val,2019-09-16,13:00:00,5,independent_ou,0.07324137365261614,0.08278379316699003
val,2019-09-16,13:00:00,5,flexible_moments,0.13083979412455704,0.10653841574156458
val,2019-09-16,13:00:00,5,heterogeneous,0.06538422134606812,0.07484953723483453
val,2019-09-16,13:00:00,5,time_of_day,0.017012409052636415,0.010004120786514123
val,2019-09-16,13:00:00,5,factor_spy,0.04987066049363349,0.03852159877267311
val,2019-09-16,13:00:00,5,quadratic_c0_etf,0.23060316657865465,0.2602476768806161
val,2019-09-16,13:00:00,5,quadratic_c0_single,0.25446920157974373,0.2622339781573102
val,2019-09-16,13:00:00,15,quadratic_c0,0.10036750955673981,0.054019253716518195
val,2019-09-16,13:00:00,15,independent_ou,0.0016775060097324879,0.0007218235651935412
val,2019-09-16,13:00:00,15,flexible_moments,0.08288941121503823,0.0803634944818703
val,2019-09-16,13:00:00,15,heterogeneous,0.03057418457179184,0.03003505572773535
val,2019-09-16,13:00:00,15,time_of_day,0.007707938189297617,0.020467404636754352
val,2019-09-16,13:00:00,15,factor_spy,0.019991046920630556,0.01796454113866726
val,2019-09-16,13:00:00,15,quadratic_c0_etf,0.2679392832961119,0.24676065150158122
val,2019-09-16,13:00:00,15,quadratic_c0_single,0.1828960062120813,0.12876250366597772
val,2019-09-16,13:00:00,30,quadratic_c0,0.10671547991573035,0.1152916645053417
val,2019-09-16,13:00:00,30,independent_ou,0.018257706494947512,0.009378049875810784
val,2019-09-16,13:00:00,30,flexible_moments,0.07862641176362387,0.08854316310367746
val,2019-09-16,13:00:00,30,heterogeneous,0.08075531991974608,0.07709449277132832
val,2019-09-16,13:00:00,30,time_of_day,0.0573684805998291,0.05519247711032427
val,2019-09-16,13:00:00,30,factor_spy,0.09661311850413565,0.09668908551162739
val,2019-09-16,13:00:00,30,quadratic_c0_etf,0.03626027824136838,-0.010821026676461343
val,2019-09-16,13:00:00,30,quadratic_c0_single,0.17196270755133305,0.1580708009510434
val,2019-09-16,13:15:00,1,quadratic_c0,-0.023430768440149213,-0.024323204699122303
val,2019-09-16,13:15:00,1,independent_ou,0.059757440413932716,0.054090528198173615
val,2019-09-16,13:15:00,1,flexible_moments,0.0064980294996757615,0.004475479804763122
val,2019-09-16,13:15:00,1,heterogeneous,0.04777142398561096,0.014960671248295448
val,2019-09-16,13:15:00,1,time_of_day,-0.019246277592476324,-0.016561210880191107
val,2019-09-16,13:15:00,1,factor_spy,0.011044805280919529,0.02208254998704401
val,2019-09-16,13:15:00,1,quadratic_c0_etf,0.11599430915652129,0.1262871956667932
val,2019-09-16,13:15:00,1,quadratic_c0_single,0.011537713822925705,-0.006411584463973746
val,2019-09-16,13:15:00,5,quadratic_c0,0.05566655948412366,0.05226276324235135
val,2019-09-16,13:15:00,5,independent_ou,-0.043746745590281966,-0.04713472344011635
val,2019-09-16,13:15:00,5,flexible_moments,-0.02193637566997117,-0.016772668020631792
val,2019-09-16,13:15:00,5,heterogeneous,0.003013438594120982,-0.016729998621356462
val,2019-09-16,13:15:00,5,time_of_day,-0.049823606434462125,-0.04469912402717355
val,2019-09-16,13:15:00,5,factor_spy,0.03692435018477372,0.042467935953935554
val,2019-09-16,13:15:00,5,quadratic_c0_etf,0.05616204248080456,0.06015911214473757
val,2019-09-16,13:15:00,5,quadratic_c0_single,0.15683686210187994,0.16090662745729817
val,2019-09-16,13:15:00,15,quadratic_c0,0.1833220691473062,0.14598066914244004
val,2019-09-16,13:15:00,15,independent_ou,0.1594160251648995,0.15682440489297725
val,2019-09-16,13:15:00,15,flexible_moments,-0.04044916493197723,-0.049400792092741966
val,2019-09-16,13:15:00,15,heterogeneous,0.04039843571842486,0.00808603805251168
val,2019-09-16,13:15:00,15,time_of_day,0.07750732211255962,0.0597975519696895
val,2019-09-16,13:15:00,15,factor_spy,0.10418951545360006,0.09892291986412496
val,2019-09-16,13:15:00,15,quadratic_c0_etf,0.22437105260001183,0.21307208245874967
val,2019-09-16,13:15:00,15,quadratic_c0_single,0.20015668761520972,0.14214230101896372
val,2019-09-16,13:15:00,30,quadratic_c0,0.06927273792422595,0.07611693102643402
val,2019-09-16,13:15:00,30,independent_ou,0.1451346127690637,0.12757091982929186
val,2019-09-16,13:15:00,30,flexible_moments,0.020374667348020126,0.0236983804017884
val,2019-09-16,13:15:00,30,heterogeneous,-0.00010385540602497745,0.0015400382385448164
val,2019-09-16,13:15:00,30,time_of_day,-0.055993895223586415,-0.03663916040698617
val,2019-09-16,13:15:00,30,factor_spy,0.03310183053171589,0.019606521709375685
val,2019-09-16,13:15:00,30,quadratic_c0_etf,0.07558079171629639,0.06204210156008633
val,2019-09-16,13:15:00,30,quadratic_c0_single,0.13795853965685356,0.15727225193388672
val,2019-09-16,13:30:00,1,quadratic_c0,0.026923053795625068,0.027924936170094602
val,2019-09-16,13:30:00,1,independent_ou,0.05957700789955536,0.053010271186013355
val,2019-09-16,13:30:00,1,flexible_moments,0.07428108753046739,0.03172000463283996
val,2019-09-16,13:30:00,1,heterogeneous,0.08400624861115091,0.07443905613272823
val,2019-09-16,13:30:00,1,time_of_day,-0.020059474168196437,-0.010949173331296719
val,2019-09-16,13:30:00,1,factor_spy,0.0003422727164912598,-0.0005535965597797815
val,2019-09-16,13:30:00,1,quadratic_c0_etf,0.12014311598300262,0.11055426186998031
val,2019-09-16,13:30:00,1,quadratic_c0_single,0.08977757132736053,0.0712800591188185
val,2019-09-16,13:30:00,5,quadratic_c0,-0.0519004515623922,-0.08093332907027512
val,2019-09-16,13:30:00,5,independent_ou,-0.19435004430802644,-0.18921046002559005
val,2019-09-16,13:30:00,5,flexible_moments,-0.0708573597992096,-0.12219092462202524
val,2019-09-16,13:30:00,5,heterogeneous,-0.0027852153618802,-0.042829286366875996
val,2019-09-16,13:30:00,5,time_of_day,-0.1542155066129124,-0.14745755868582358
val,2019-09-16,13:30:00,5,factor_spy,-0.1149129897124915,-0.10895371509319923
val,2019-09-16,13:30:00,5,quadratic_c0_etf,-0.039743035621435496,-0.12200545687524314
val,2019-09-16,13:30:00,5,quadratic_c0_single,-0.01152085572886452,-0.026844498077276235
val,2019-09-16,13:30:00,15,quadratic_c0,-0.19632022043474853,-0.1766904763488345
val,2019-09-16,13:30:00,15,independent_ou,-0.09675449251211787,-0.08355887505936388
val,2019-09-16,13:30:00,15,flexible_moments,-0.15228826348792512,-0.14623480412769643
val,2019-09-16,13:30:00,15,heterogeneous,-0.09735951810362045,-0.0768678401375352
val,2019-09-16,13:30:00,15,time_of_day,-0.1962016258339214,-0.16909165499951972
val,2019-09-16,13:30:00,15,factor_spy,-0.22194002984115752,-0.20607208232035304
val,2019-09-16,13:30:00,15,quadratic_c0_etf,0.05065396114995879,0.08366073601518481
val,2019-09-16,13:30:00,15,quadratic_c0_single,-0.06409370352190114,-0.06633510900562284
val,2019-09-16,13:30:00,30,quadratic_c0,-0.179553243849282,-0.16620609071112988
val,2019-09-16,13:30:00,30,independent_ou,0.004974936256951168,-0.013615514365828307
val,2019-09-16,13:30:00,30,flexible_moments,0.016965198247521573,0.022344607147896878
val,2019-09-16,13:30:00,30,heterogeneous,-0.1701618209019503,-0.16081047648450783
val,2019-09-16,13:30:00,30,time_of_day,-0.1565240722459612,-0.1424944708194049
val,2019-09-16,13:30:00,30,factor_spy,-0.04484255829214828,-0.07839236984943324
val,2019-09-16,13:30:00,30,quadratic_c0_etf,0.11116485273777704,0.11827847798811703
val,2019-09-16,13:30:00,30,quadratic_c0_single,-0.16816493376231367,-0.15188048416913263
val,2019-09-16,13:45:00,1,quadratic_c0,0.058663660136271945,0.05163261563595016
val,2019-09-16,13:45:00,1,independent_ou,-0.010802911681849048,-0.006528607634992092
val,2019-09-16,13:45:00,1,flexible_moments,0.06347973712445582,0.05311620768967763
val,2019-09-16,13:45:00,1,heterogeneous,0.1697765628348131,0.15086896191622856
val,2019-09-16,13:45:00,1,time_of_day,0.06268524284352292,0.06772107344523111
val,2019-09-16,13:45:00,1,factor_spy,0.10176757375854814,0.09443738960239205
val,2019-09-16,13:45:00,1,quadratic_c0_etf,0.23778272517221813,0.1986256119010345
val,2019-09-16,13:45:00,1,quadratic_c0_single,0.03727337341633613,0.01869147680853947
val,2019-09-16,13:45:00,5,quadratic_c0,0.030453631411137744,0.04294086555555471
val,2019-09-16,13:45:00,5,independent_ou,0.00985041207501794,-0.01571044706993563
val,2019-09-16,13:45:00,5,flexible_moments,0.0705619270078838,0.03498034287020499
val,2019-09-16,13:45:00,5,heterogeneous,0.04973723184349793,0.03386843237200712
val,2019-09-16,13:45:00,5,time_of_day,-0.07690492942593681,-0.06759439261540066
val,2019-09-16,13:45:00,5,factor_spy,-0.008909983739461114,-0.014305708514716978
val,2019-09-16,13:45:00,5,quadratic_c0_etf,0.17674484614367347,0.12931682350293067
val,2019-09-16,13:45:00,5,quadratic_c0_single,0.05102902847529048,0.05963226906274616
val,2019-09-16,13:45:00,15,quadratic_c0,0.052824683667786865,0.04298805660345101
val,2019-09-16,13:45:00,15,independent_ou,0.012932399775397757,0.002108653524399623
val,2019-09-16,13:45:00,15,flexible_moments,0.07612175066215246,0.05368705024919654
val,2019-09-16,13:45:00,15,heterogeneous,0.1978679824802226,0.15314104905654188
val,2019-09-16,13:45:00,15,time_of_day,0.02616117174908597,0.030454745883773865
val,2019-09-16,13:45:00,15,factor_spy,0.21650053715236753,0.15740347308259062
val,2019-09-16,13:45:00,15,quadratic_c0_etf,0.44105938243882115,0.3839391286689629
val,2019-09-16,13:45:00,15,quadratic_c0_single,0.10500168038287519,0.08826945739367231
val,2019-09-16,13:45:00,30,quadratic_c0,0.16631886260892764,0.1566494266238627
val,2019-09-16,13:45:00,30,independent_ou,0.11953560527650225,0.0782981751874082
val,2019-09-16,13:45:00,30,flexible_moments,0.16597143457593536,0.13420329589309937
val,2019-09-16,13:45:00,30,heterogeneous,0.2105551368065186,0.1648260725175961
val,2019-09-16,13:45:00,30,time_of_day,0.050557650876074195,0.0459868622962909
val,2019-09-16,13:45:00,30,factor_spy,0.15874632428327365,0.13572620905642066
val,2019-09-16,13:45:00,30,quadratic_c0_etf,0.21509097173356434,0.21266327410343136
val,2019-09-16,13:45:00,30,quadratic_c0_single,0.15487185619472799,0.13960173391268962
val,2019-09-16,14:00:00,1,quadratic_c0,0.032502105288296335,0.04857403141839331
val,2019-09-16,14:00:00,1,independent_ou,0.004534005489180815,0.007015188487394547
val,2019-09-16,14:00:00,1,flexible_moments,0.07220781918425612,0.07187441179382073
val,2019-09-16,14:00:00,1,heterogeneous,0.028455132734773514,0.015314261890109843
val,2019-09-16,14:00:00,1,time_of_day,-0.08656236943161372,-0.08094998507791779
val,2019-09-16,14:00:00,1,factor_spy,0.021089014421598995,0.027481739033734326
val,2019-09-16,14:00:00,1,quadratic_c0_etf,-0.019161854793971866,-0.030014205707069808
val,2019-09-16,14:00:00,1,quadratic_c0_single,0.1434153014266238,0.16064777289024082
val,2019-09-16,14:00:00,5,quadratic_c0,0.07099478485697963,0.0554070515491355
val,2019-09-16,14:00:00,5,independent_ou,0.20905784288037826,0.20715717247188434
val,2019-09-16,14:00:00,5,flexible_moments,0.0491945773203078,0.06013560626297754
val,2019-09-16,14:00:00,5,heterogeneous,0.19336467099138238,0.15248971921032425
val,2019-09-16,14:00:00,5,time_of_day,0.12754933925169815,0.13301128968942458
val,2019-09-16,14:00:00,5,factor_spy,0.09441480534126878,0.07313484719104171
val,2019-09-16,14:00:00,5,quadratic_c0_etf,0.10017289108598815,0.05061150343855386
val,2019-09-16,14:00:00,5,quadratic_c0_single,0.16031297418456103,0.11348807291822385
val,2019-09-16,14:00:00,15,quadratic_c0,0.08348578701353707,0.09152104685843411
val,2019-09-16,14:00:00,15,independent_ou,0.07223035332326425,0.09007701438939418
val,2019-09-16,14:00:00,15,flexible_moments,0.0913727042284487,0.0954284551115185
val,2019-09-16,14:00:00,15,heterogeneous,0.0973466098868018,0.11905720384545639
val,2019-09-16,14:00:00,15,time_of_day,0.02997503512847738,0.0467339279153509
val,2019-09-16,14:00:00,15,factor_spy,0.16261160872624245,0.15285017094329673
val,2019-09-16,14:00:00,15,quadratic_c0_etf,0.2219022890490235,0.19338450558854958
val,2019-09-16,14:00:00,15,quadratic_c0_single,0.06384884188041365,0.08629162049727691
val,2019-09-16,14:00:00,30,quadratic_c0,0.016981894333438913,0.013245908197421274
val,2019-09-16,14:00:00,30,independent_ou,0.028295526846291885,0.02035455283862675
val,2019-09-16,14:00:00,30,flexible_moments,0.03277434879735555,0.015398713523572471
val,2019-09-16,14:00:00,30,heterogeneous,0.03353397228323543,0.028350724975070657
val,2019-09-16,14:00:00,30,time_of_day,-0.09005052154643513,-0.08177740108337533
val,2019-09-16,14:00:00,30,factor_spy,0.01588382652582579,0.007918780680114645
val,2019-09-16,14:00:00,30,quadratic_c0_etf,0.27862887881575515,0.1849420034879917
val,2019-09-16,14:00:00,30,quadratic_c0_single,-0.03664460601417856,-0.02775739584362545
val,2019-09-16,14:15:00,1,quadratic_c0,0.0052133265023271425,0.016199715657267216
val,2019-09-16,14:15:00,1,independent_ou,0.07116539280772044,0.08311065269836666
val,2019-09-16,14:15:00,1,flexible_moments,-0.054847035957231144,-0.03578693213648512
val,2019-09-16,14:15:00,1,heterogeneous,-0.024069835152043403,-0.004992298674189974
val,2019-09-16,14:15:00,1,time_of_day,-0.05148456715858643,-0.03523817454506764
val,2019-09-16,14:15:00,1,factor_spy,0.07315248228436316,0.04343901902143117
val,2019-09-16,14:15:00,1,quadratic_c0_etf,0.14488139258105664,0.10721196669991663
val,2019-09-16,14:15:00,1,quadratic_c0_single,-0.007633035348938361,0.011780989752776042
val,2019-09-16,14:15:00,5,quadratic_c0,0.08128049480794117,0.10381991390960651
val,2019-09-16,14:15:00,5,independent_ou,-0.05846454368155585,-0.03959715637011982
val,2019-09-16,14:15:00,5,flexible_moments,-0.09563333038056515,-0.06745314254594975
val,2019-09-16,14:15:00,5,heterogeneous,-0.06579502510444579,-0.06443955133753605
val,2019-09-16,14:15:00,5,time_of_day,-0.09310049554296429,-0.06789597402788815
val,2019-09-16,14:15:00,5,factor_spy,0.017868018736660746,0.04740982969882937
val,2019-09-16,14:15:00,5,quadratic_c0_etf,0.03827635235348428,0.04898116269436817
val,2019-09-16,14:15:00,5,quadratic_c0_single,0.13865681778740566,0.15928721619497846
val,2019-09-16,14:15:00,15,quadratic_c0,0.10303749162163,0.07998453357690344
val,2019-09-16,14:15:00,15,independent_ou,0.0495857884654691,0.028663308497328455
val,2019-09-16,14:15:00,15,flexible_moments,-0.030163172891356366,-0.03810665266597624
val,2019-09-16,14:15:00,15,heterogeneous,0.017113256015119455,-0.017359748810370557
val,2019-09-16,14:15:00,15,time_of_day,-0.10985837146716813,-0.0975028506287581
val,2019-09-16,14:15:00,15,factor_spy,0.04241520485632547,0.01790455519477674
val,2019-09-16,14:15:00,15,quadratic_c0_etf,0.429071659625352,0.36592463759990096
val,2019-09-16,14:15:00,15,quadratic_c0_single,0.03732850986991809,0.00668629534049775
val,2019-09-16,14:15:00,30,quadratic_c0,0.11184484706051363,0.10528614209806365
val,2019-09-16,14:15:00,30,independent_ou,0.09392170589589229,0.032960743296746656
val,2019-09-16,14:15:00,30,flexible_moments,0.028236449488086915,0.0175534881939991
val,2019-09-16,14:15:00,30,heterogeneous,0.1267780772163657,0.10285049839911974
val,2019-09-16,14:15:00,30,time_of_day,0.04902888616260585,0.04286500464629507
val,2019-09-16,14:15:00,30,factor_spy,0.22130017309888278,0.2133172426131748
val,2019-09-16,14:15:00,30,quadratic_c0_etf,0.3090714302774571,0.2510092508582921
val,2019-09-16,14:15:00,30,quadratic_c0_single,0.23075904295500688,0.20582152159130007
val,2019-09-16,14:30:00,1,quadratic_c0,0.14114783964421984,0.1301882887287245
val,2019-09-16,14:30:00,1,independent_ou,0.04379855115121192,0.041641292380612566
val,2019-09-16,14:30:00,1,flexible_moments,0.061282319950561076,0.06285496645931693
val,2019-09-16,14:30:00,1,heterogeneous,0.00045075283158983737,-0.009617472519824435
val,2019-09-16,14:30:00,1,time_of_day,-0.03016676555530179,-0.02586313158711199
val,2019-09-16,14:30:00,1,factor_spy,0.06756694504202079,0.05988702963597156
val,2019-09-16,14:30:00,1,quadratic_c0_etf,0.2890903019879024,0.2273119227637768
val,2019-09-16,14:30:00,1,quadratic_c0_single,0.21076890203734316,0.1891658074524696
val,2019-09-16,14:30:00,5,quadratic_c0,0.004411477339085368,0.009948933729280657
val,2019-09-16,14:30:00,5,independent_ou,0.009177971729432494,-0.0011963327329143625
val,2019-09-16,14:30:00,5,flexible_moments,0.03761206665344635,0.03249107155766881
val,2019-09-16,14:30:00,5,heterogeneous,0.023852181043028137,0.01577175225910772
val,2019-09-16,14:30:00,5,time_of_day,-0.04911490340734054,-0.03215206933427707
val,2019-09-16,14:30:00,5,factor_spy,0.08218853908260501,0.08675575124354215
val,2019-09-16,14:30:00,5,quadratic_c0_etf,0.12174019651336818,0.1264632063491117
val,2019-09-16,14:30:00,5,quadratic_c0_single,-0.01075798332733846,-0.0004924518979585318
val,2019-09-16,14:30:00,15,quadratic_c0,0.058901687611098846,0.07208194310336397
val,2019-09-16,14:30:00,15,independent_ou,0.11622344856402009,0.09925292389035206
val,2019-09-16,14:30:00,15,flexible_moments,0.07112323248254668,0.0743515065628424
val,2019-09-16,14:30:00,15,heterogeneous,0.09588508952830962,0.10608098237762437
val,2019-09-16,14:30:00,15,time_of_day,-0.043846801214217496,-0.040679725883091294
val,2019-09-16,14:30:00,15,factor_spy,-0.04229490557659216,-0.04425526413457567
val,2019-09-16,14:30:00,15,quadratic_c0_etf,0.09439512386076901,0.08745530667513701
val,2019-09-16,14:30:00,15,quadratic_c0_single,0.09946369684331066,0.11410945104995923
val,2019-09-16,14:30:00,30,quadratic_c0,0.07225857094963944,0.03853579393151481
val,2019-09-16,14:30:00,30,independent_ou,0.11823706511083143,0.09462063025152073
val,2019-09-16,14:30:00,30,flexible_moments,0.12859559742195859,0.11245591331354751
val,2019-09-16,14:30:00,30,heterogeneous,0.1330796777982833,0.11418944780329876
val,2019-09-16,14:30:00,30,time_of_day,0.029202991273076684,0.025148460695427907
val,2019-09-16,14:30:00,30,factor_spy,0.09796267513100837,0.0953613474002313
val,2019-09-16,14:30:00,30,quadratic_c0_etf,0.17817449886041908,0.11897080659870563
val,2019-09-16,14:30:00,30,quadratic_c0_single,0.11792832915171089,0.08439595173028183
val,2019-09-16,14:45:00,1,quadratic_c0,0.08490346046547598,0.09000196536734958
val,2019-09-16,14:45:00,1,independent_ou,0.0008090992757663062,-0.007710499268766227
val,2019-09-16,14:45:00,1,flexible_moments,0.03383533961134155,0.05244546780413359
val,2019-09-16,14:45:00,1,heterogeneous,0.09773330771472946,0.09995044321413424
val,2019-09-16,14:45:00,1,time_of_day,0.11757936327675153,0.12552657643358367
val,2019-09-16,14:45:00,1,factor_spy,0.021842316157432845,0.007519913055198696
val,2019-09-16,14:45:00,1,quadratic_c0_etf,0.23523671850890068,0.20887380645791692
val,2019-09-16,14:45:00,1,quadratic_c0_single,0.050763877409105235,0.05762807692573205
val,2019-09-16,14:45:00,5,quadratic_c0,0.13136128719415724,0.14538986441514545
val,2019-09-16,14:45:00,5,independent_ou,-0.03869673829903339,-0.010881825929275848
val,2019-09-16,14:45:00,5,flexible_moments,-0.0025761440990492712,0.022614414516574033
val,2019-09-16,14:45:00,5,heterogeneous,-0.02577148827484188,-0.0004738898411946607
val,2019-09-16,14:45:00,5,time_of_day,-0.0057572966278383875,0.0006639263535732493
val,2019-09-16,14:45:00,5,factor_spy,0.027493555485171184,0.025766716840721904
val,2019-09-16,14:45:00,5,quadratic_c0_etf,0.5203841894067838,0.5388450314048452
val,2019-09-16,14:45:00,5,quadratic_c0_single,0.11421530622958098,0.08250472774638679
val,2019-09-16,14:45:00,15,quadratic_c0,0.018823254293411,0.014091954173599097
val,2019-09-16,14:45:00,15,independent_ou,0.01049557860996217,0.003762438638510668
val,2019-09-16,14:45:00,15,flexible_moments,-0.0013239349979971282,-0.0028209987628971256
val,2019-09-16,14:45:00,15,heterogeneous,0.026955961360362102,0.009437840705518202
val,2019-09-16,14:45:00,15,time_of_day,-0.05984117451260618,-0.06379043900386673
val,2019-09-16,14:45:00,15,factor_spy,0.02531838749795884,0.00786768011395908
val,2019-09-16,14:45:00,15,quadratic_c0_etf,0.2637304265191072,0.2394498719805843
val,2019-09-16,14:45:00,15,quadratic_c0_single,0.005581718642009764,-0.01169930561318383
val,2019-09-16,14:45:00,30,quadratic_c0,-0.11512092234376543,-0.09188952113795301
val,2019-09-16,14:45:00,30,independent_ou,-0.07544527713723417,-0.06879189310230184
val,2019-09-16,14:45:00,30,flexible_moments,-0.039150106283112024,-0.04458267702917701
val,2019-09-16,14:45:00,30,heterogeneous,-0.03871069303329466,-0.013501649094972368
val,2019-09-16,14:45:00,30,time_of_day,-0.08491353934669968,-0.058374111262788256
val,2019-09-16,14:45:00,30,factor_spy,-0.06620537238946247,-0.03497416239898066
val,2019-09-16,14:45:00,30,quadratic_c0_etf,0.00767021298983897,0.01611578142538153
val,2019-09-16,14:45:00,30,quadratic_c0_single,-0.10627166204528003,-0.07531368947591438
val,2019-09-16,15:00:00,1,quadratic_c0,0.09160322283527877,0.0810533408874684
val,2019-09-16,15:00:00,1,independent_ou,-0.0406781220665447,-0.032014332887714075
val,2019-09-16,15:00:00,1,flexible_moments,0.019612436764787244,0.0390089591342794
val,2019-09-16,15:00:00,1,heterogeneous,0.011368088021726036,0.029007402521355863
val,2019-09-16,15:00:00,1,time_of_day,-0.007466997578882473,-0.00385447084358026
val,2019-09-16,15:00:00,1,factor_spy,0.005745297461257348,0.01769358945026875
val,2019-09-16,15:00:00,1,quadratic_c0_etf,0.08708797553979736,0.07965855127160859
val,2019-09-16,15:00:00,1,quadratic_c0_single,0.11170164307693004,0.09326138599658951
val,2019-09-16,15:00:00,5,quadratic_c0,-0.046647049493344084,-0.05116351978999677
val,2019-09-16,15:00:00,5,independent_ou,-0.02776784892693393,-0.010350445627843374
val,2019-09-16,15:00:00,5,flexible_moments,-0.12677292893992181,-0.10061654064626108
val,2019-09-16,15:00:00,5,heterogeneous,0.06098760896062688,0.07460193180061753
val,2019-09-16,15:00:00,5,time_of_day,-0.0331723599008307,-0.020441105323729225
val,2019-09-16,15:00:00,5,factor_spy,0.012635082751373344,-0.016883670058396028
val,2019-09-16,15:00:00,5,quadratic_c0_etf,-0.04341998303762065,-0.03732980275071773
val,2019-09-16,15:00:00,5,quadratic_c0_single,-0.025501081236051548,-0.029078508800542635
val,2019-09-16,15:00:00,15,quadratic_c0,-0.0431831550698229,-0.07145289327353244
val,2019-09-16,15:00:00,15,independent_ou,-0.023878439088884262,-0.02974221010481838
val,2019-09-16,15:00:00,15,flexible_moments,0.04787625296097997,-0.0020290187377603464
val,2019-09-16,15:00:00,15,heterogeneous,0.0023326585497246977,0.00033429692672559685
val,2019-09-16,15:00:00,15,time_of_day,-0.04107376897505763,-0.042574774259212175
val,2019-09-16,15:00:00,15,factor_spy,-0.003869953470725135,-0.005370570978952743
val,2019-09-16,15:00:00,15,quadratic_c0_etf,0.07433466741245803,0.035955869221117515
val,2019-09-16,15:00:00,15,quadratic_c0_single,0.003955885834551087,-0.02253898032071089
val,2019-09-16,15:00:00,30,quadratic_c0,-0.14996080677199025,-0.141965410763093
val,2019-09-16,15:00:00,30,independent_ou,0.010165671012288796,0.0050868786826726575
val,2019-09-16,15:00:00,30,flexible_moments,-0.04436964217784367,-0.05567034413835795
val,2019-09-16,15:00:00,30,heterogeneous,0.009636707105003445,-0.0015632643066346152
val,2019-09-16,15:00:00,30,time_of_day,-0.05413136977185304,-0.044288982973449104
val,2019-09-16,15:00:00,30,factor_spy,-0.03329465283042682,-0.03751338108630173
val,2019-09-16,15:00:00,30,quadratic_c0_etf,-0.11408717019436743,-0.11208310472301576
val,2019-09-16,15:00:00,30,quadratic_c0_single,-0.15831215099580007,-0.1448610870417067
val,2019-09-16,15:15:00,1,quadratic_c0,-0.03571059580543015,-0.028903958492697
val,2019-09-16,15:15:00,1,independent_ou,-0.01061710212761377,-0.011494037847872798
val,2019-09-16,15:15:00,1,flexible_moments,0.014789419520681607,0.03723069797671841
val,2019-09-16,15:15:00,1,heterogeneous,0.04722907536783855,0.04527654982127316
val,2019-09-16,15:15:00,1,time_of_day,-0.06472654966341408,-0.04101549121069657
val,2019-09-16,15:15:00,1,factor_spy,-0.007644140032110808,-0.006424749989417902
val,2019-09-16,15:15:00,1,quadratic_c0_etf,0.09720952582599998,0.11612838433703906
val,2019-09-16,15:15:00,1,quadratic_c0_single,0.002158141554074816,-0.002495528922171572
val,2019-09-16,15:15:00,5,quadratic_c0,0.0495474551350292,0.04393920941840887
val,2019-09-16,15:15:00,5,independent_ou,-0.006516406660419027,-0.03280837250621854
val,2019-09-16,15:15:00,5,flexible_moments,0.019599319222067008,-0.030188892210677443
val,2019-09-16,15:15:00,5,heterogeneous,-0.034560763419829776,-0.0474279030959153
val,2019-09-16,15:15:00,5,time_of_day,-0.08182007822100257,-0.07775043321229842
val,2019-09-16,15:15:00,5,factor_spy,0.04322091455437352,0.04382517345930925
val,2019-09-16,15:15:00,5,quadratic_c0_etf,-0.029444549409293863,-0.05778935702742108
val,2019-09-16,15:15:00,5,quadratic_c0_single,0.09003308107545663,0.07604188552366131
val,2019-09-16,15:15:00,15,quadratic_c0,0.01888233496714474,0.020323380579245043
val,2019-09-16,15:15:00,15,independent_ou,0.06206622538259486,0.04876805890707035
val,2019-09-16,15:15:00,15,flexible_moments,0.07140700584353744,0.052794628985005684
val,2019-09-16,15:15:00,15,heterogeneous,0.01953691472865164,0.018602430778655726
val,2019-09-16,15:15:00,15,time_of_day,0.050066575967172525,0.061138664938214224
val,2019-09-16,15:15:00,15,factor_spy,0.04296767343713252,0.05394635490586973
val,2019-09-16,15:15:00,15,quadratic_c0_etf,0.16411042717898483,0.16311937156275214
val,2019-09-16,15:15:00,15,quadratic_c0_single,0.043387802166245784,0.02788671973074272
val,2019-09-16,15:15:00,30,quadratic_c0,-0.048994255224011074,-0.04744606325976411
val,2019-09-16,15:15:00,30,independent_ou,-6.633915879222796e-05,-0.0028448099418024453
val,2019-09-16,15:15:00,30,flexible_moments,0.04275853233678556,0.0331444469366208
val,2019-09-16,15:15:00,30,heterogeneous,0.0507638509404994,0.0456021520589735
val,2019-09-16,15:15:00,30,time_of_day,-0.06374885080593488,-0.06468066715591471
val,2019-09-16,15:15:00,30,factor_spy,0.006693435708856832,-0.005072192674857812
val,2019-09-16,15:15:00,30,quadratic_c0_etf,0.20006322985933012,0.2009660284579697
val,2019-09-16,15:15:00,30,quadratic_c0_single,0.017341102781144285,0.0031946131041323267
val,2019-09-16,15:30:00,1,quadratic_c0,-0.03976224112959706,-0.03530297861676977
val,2019-09-16,15:30:00,1,independent_ou,0.029507088677286797,0.019651925836315975
val,2019-09-16,15:30:00,1,flexible_moments,0.024030144541937803,-0.012459696646046237
val,2019-09-16,15:30:00,1,heterogeneous,0.038609821475306366,0.03583825549948186
val,2019-09-16,15:30:00,1,time_of_day,-0.08260253062967952,-0.08324035985411174
val,2019-09-16,15:30:00,1,factor_spy,-0.0012924270096287827,0.004370171117634741
val,2019-09-16,15:30:00,1,quadratic_c0_etf,0.20678280766213283,0.19027402392975887
val,2019-09-16,15:30:00,1,quadratic_c0_single,0.031064569549719978,0.024609987212862228
val,2019-09-16,15:30:00,5,quadratic_c0,0.18904545038864778,0.16226208540517206
val,2019-09-16,15:30:00,5,independent_ou,0.06444717078768168,0.05737879157475631
val,2019-09-16,15:30:00,5,flexible_moments,0.03516351707592709,0.020031307107764226
val,2019-09-16,15:30:00,5,heterogeneous,0.2533870677345348,0.13564244244996398
val,2019-09-16,15:30:00,5,time_of_day,0.05882831078255922,0.0405783093582428
val,2019-09-16,15:30:00,5,factor_spy,0.08542800940196828,0.06610617822388426
val,2019-09-16,15:30:00,5,quadratic_c0_etf,0.40671062337495045,0.3730941900739175
val,2019-09-16,15:30:00,5,quadratic_c0_single,0.14680261338882328,0.1271608746428197
val,2019-09-16,15:30:00,15,quadratic_c0,-0.03740742344535944,-0.050953264936120485
val,2019-09-16,15:30:00,15,independent_ou,0.05577734455831182,0.04542869648765038
val,2019-09-16,15:30:00,15,flexible_moments,-0.03828136077748859,-0.03892104156033811
val,2019-09-16,15:30:00,15,heterogeneous,0.043244057021286336,-0.006180846314096877
val,2019-09-16,15:30:00,15,time_of_day,-0.07603514624679393,-0.07255209064443464
val,2019-09-16,15:30:00,15,factor_spy,-0.014640078030446452,-0.020325122974126864
val,2019-09-16,15:30:00,15,quadratic_c0_etf,0.16350627020541034,0.1339625944504985
val,2019-09-16,15:30:00,15,quadratic_c0_single,-0.0446921041076927,-0.041087467370886685
val,2019-09-16,15:45:00,1,quadratic_c0,-0.0025308899327691203,0.00537478054716331
val,2019-09-16,15:45:00,1,independent_ou,0.023640870352001575,0.02210965703091597
val,2019-09-16,15:45:00,1,flexible_moments,-0.034577833513654205,-0.03512888470027281
val,2019-09-16,15:45:00,1,heterogeneous,0.22820642911683203,0.23513189173873747
val,2019-09-16,15:45:00,1,time_of_day,-0.08150298824109944,-0.06458937776253196
val,2019-09-16,15:45:00,1,factor_spy,0.031025315920828356,0.021630534418165953
val,2019-09-16,15:45:00,1,quadratic_c0_etf,0.04444255765253702,0.033480524101277914
val,2019-09-16,15:45:00,1,quadratic_c0_single,0.09286104605688067,0.10400628146137095
val,2019-09-16,15:45:00,5,quadratic_c0,-0.06301514564263061,-0.07265767039047415
val,2019-09-16,15:45:00,5,independent_ou,0.055862829810082254,0.05696905776134756
val,2019-09-16,15:45:00,5,flexible_moments,0.01610793312452838,0.004151853931018051
val,2019-09-16,15:45:00,5,heterogeneous,-0.09437861383326383,-0.09619835459534272
val,2019-09-16,15:45:00,5,time_of_day,-0.11689528962559613,-0.10906622347570719
val,2019-09-16,15:45:00,5,factor_spy,0.07696425189143544,0.04759423560302997
val,2019-09-16,15:45:00,5,quadratic_c0_etf,0.18793366879389148,0.1625684151386823
val,2019-09-16,15:45:00,5,quadratic_c0_single,-0.003717752549999065,-0.01474071686059486
val_fixed_am_pm,2019-09-16,10:00:00,300,quadratic_c0,-0.03324632400397273,-0.021488321396453514
val_fixed_am_pm,2019-09-16,10:00:00,300,independent_ou,0.060351080323668455,0.05933439209918134
val,2019-09-17,09:45:00,1,quadratic_c0,0.18539195834991676,0.15892097823379042
val,2019-09-17,09:45:00,1,independent_ou,0.06529774619778828,0.05501907134919436
val,2019-09-17,09:45:00,1,flexible_moments,0.014664775232426208,0.010144974252256897
val,2019-09-17,09:45:00,1,heterogeneous,0.07936896913310582,0.057944286728809566
val,2019-09-17,09:45:00,1,time_of_day,-0.06478205414485856,-0.05580930643881862
val,2019-09-17,09:45:00,1,factor_spy,-0.017221262957355515,-0.011001975892451221
val,2019-09-17,09:45:00,1,quadratic_c0_etf,0.12356624136659214,0.12302684949764249
val,2019-09-17,09:45:00,1,quadratic_c0_single,0.2283853272817972,0.21155902208729133
val,2019-09-17,09:45:00,5,quadratic_c0,0.05751684249081315,0.05777243128277098
val,2019-09-17,09:45:00,5,independent_ou,0.05101962219327197,0.05364093238462234
val,2019-09-17,09:45:00,5,flexible_moments,-0.009468723841665222,-0.004016984412486033
val,2019-09-17,09:45:00,5,heterogeneous,0.11294384513679634,0.11174963359116671
val,2019-09-17,09:45:00,5,time_of_day,0.03606363918493488,0.02600712058899069
val,2019-09-17,09:45:00,5,factor_spy,0.021416335865816163,0.020439895690643313
val,2019-09-17,09:45:00,5,quadratic_c0_etf,0.21756583371647395,0.20340521060809702
val,2019-09-17,09:45:00,5,quadratic_c0_single,0.04878126964445151,0.04318631899855526
val,2019-09-17,09:45:00,15,quadratic_c0,-0.018741778383774138,-0.01368355215764408
val,2019-09-17,09:45:00,15,independent_ou,0.11632446346218053,0.10739957246455994
val,2019-09-17,09:45:00,15,flexible_moments,-0.01242701268105581,0.003121871608378124
val,2019-09-17,09:45:00,15,heterogeneous,0.06861982250300105,0.0655014099602223
val,2019-09-17,09:45:00,15,time_of_day,-0.032061635995390136,-0.02042469724740753
val,2019-09-17,09:45:00,15,factor_spy,-0.00942497952487878,0.006631415511667932
val,2019-09-17,09:45:00,15,quadratic_c0_etf,0.5171236996996532,0.508460010495745
val,2019-09-17,09:45:00,15,quadratic_c0_single,-0.031073378350325198,-0.025032818290737252
val,2019-09-17,09:45:00,30,quadratic_c0,-0.02297309791737076,-0.019186290603106393
val,2019-09-17,09:45:00,30,independent_ou,0.010367052787190467,0.017281260280969685
val,2019-09-17,09:45:00,30,flexible_moments,0.006589231013643421,0.002850998607601435
val,2019-09-17,09:45:00,30,heterogeneous,0.11733611223119483,0.12236367378708121
val,2019-09-17,09:45:00,30,time_of_day,-0.053172051409319826,-0.04269431689853351
val,2019-09-17,09:45:00,30,factor_spy,-0.057851188016858374,-0.04699602933560898
val,2019-09-17,09:45:00,30,quadratic_c0_etf,-0.04467343503709398,-0.04986211629788663
val,2019-09-17,09:45:00,30,quadratic_c0_single,0.036958993288994435,0.033327276072035755
val,2019-09-17,10:00:00,1,quadratic_c0,-0.027386768569105213,-0.04823218372908317
val,2019-09-17,10:00:00,1,independent_ou,-0.028849749967742033,-0.035828263148302286
val,2019-09-17,10:00:00,1,flexible_moments,-0.037754415629707716,-0.06896186265317222
val,2019-09-17,10:00:00,1,heterogeneous,-0.13031498497083563,-0.13413088041941007
val,2019-09-17,10:00:00,1,time_of_day,-0.14752445042285767,-0.15697717931549549
val,2019-09-17,10:00:00,1,factor_spy,-0.05171586988740598,-0.04661372531828248
val,2019-09-17,10:00:00,1,quadratic_c0_etf,0.5560835600421733,0.5640432164675906
val,2019-09-17,10:00:00,1,quadratic_c0_single,-0.08976905225829443,-0.11177628373512027
val,2019-09-17,10:00:00,5,quadratic_c0,0.11750047164999661,0.09410278538697339
val,2019-09-17,10:00:00,5,independent_ou,-0.058043750397403254,-0.06189750919769643
val,2019-09-17,10:00:00,5,flexible_moments,-0.06132175153854766,-0.05980109737051806
val,2019-09-17,10:00:00,5,heterogeneous,0.056304024622122195,0.028408691865091235
val,2019-09-17,10:00:00,5,time_of_day,-0.12218257431436985,-0.11146885642146626
val,2019-09-17,10:00:00,5,factor_spy,-0.0016927897697615601,-0.006378713383178247
val,2019-09-17,10:00:00,5,quadratic_c0_etf,0.12823567449858742,0.1474854868544712
val,2019-09-17,10:00:00,5,quadratic_c0_single,0.13506365328722775,0.09762588159910726
val,2019-09-17,10:00:00,15,quadratic_c0,-0.14684359798077573,-0.15752682869141604
val,2019-09-17,10:00:00,15,independent_ou,-0.16018399531658517,-0.16257691034711408
val,2019-09-17,10:00:00,15,flexible_moments,0.0032034499337468825,-0.009334742958521769
val,2019-09-17,10:00:00,15,heterogeneous,-0.1838072767765549,-0.1824808931091865
val,2019-09-17,10:00:00,15,time_of_day,-0.14726619879890726,-0.14481448605983432
val,2019-09-17,10:00:00,15,factor_spy,0.06068915037713063,0.0602446100917054
val,2019-09-17,10:00:00,15,quadratic_c0_etf,-0.12187047844913368,-0.11606510167415351
val,2019-09-17,10:00:00,15,quadratic_c0_single,-0.13679789230956443,-0.15463271138088966
val,2019-09-17,10:00:00,30,quadratic_c0,0.0843296153926508,0.07883947462467125
val,2019-09-17,10:00:00,30,independent_ou,-0.06948347980036089,-0.07557947143467014
val,2019-09-17,10:00:00,30,flexible_moments,-0.014475667535620435,-0.03129278069277047
val,2019-09-17,10:00:00,30,heterogeneous,0.014804588446219541,0.002370703618728459
val,2019-09-17,10:00:00,30,time_of_day,-0.03009267787895084,-0.0352496952352111
val,2019-09-17,10:00:00,30,factor_spy,-0.0696180207080575,-0.06435027690531678
val,2019-09-17,10:00:00,30,quadratic_c0_etf,0.25060923975886784,0.18671900552978535
val,2019-09-17,10:00:00,30,quadratic_c0_single,0.059136132151172915,0.0492555693202745
val,2019-09-17,10:15:00,1,quadratic_c0,0.0686396472473847,0.0817265887560224
val,2019-09-17,10:15:00,1,independent_ou,0.06685477133509293,0.055684351038026714
val,2019-09-17,10:15:00,1,flexible_moments,-0.010309230370713685,-0.010016037401938016
val,2019-09-17,10:15:00,1,heterogeneous,-0.12734286896939123,-0.144096018569282
val,2019-09-17,10:15:00,1,time_of_day,-0.16950393941942016,-0.17599547856218684
val,2019-09-17,10:15:00,1,factor_spy,-0.08087093161202963,-0.07971650824230608
val,2019-09-17,10:15:00,1,quadratic_c0_etf,0.47053450108057265,0.46356990616167854
val,2019-09-17,10:15:00,1,quadratic_c0_single,-0.0340522594961058,-0.03448659480222088
val,2019-09-17,10:15:00,5,quadratic_c0,0.032032845587871894,0.016604450935713916
val,2019-09-17,10:15:00,5,independent_ou,-0.0800066962070947,-0.07022820868989686
val,2019-09-17,10:15:00,5,flexible_moments,0.010760040386449371,0.005047676934515133
val,2019-09-17,10:15:00,5,heterogeneous,-0.054305881104125264,-0.05826623362125054
val,2019-09-17,10:15:00,5,time_of_day,-0.09731183693884161,-0.09271844415780293
val,2019-09-17,10:15:00,5,factor_spy,-0.05304229209487166,-0.060209654915306166
val,2019-09-17,10:15:00,5,quadratic_c0_etf,0.25033977105060146,0.19437320463437346
val,2019-09-17,10:15:00,5,quadratic_c0_single,0.011086559863712042,0.000537014225420851
val,2019-09-17,10:15:00,15,quadratic_c0,-0.09565985018677112,-0.06972468633249482
val,2019-09-17,10:15:00,15,independent_ou,-0.08481744840390401,-0.06558945629400295
val,2019-09-17,10:15:00,15,flexible_moments,-0.08911092048440752,-0.07227984200773829
val,2019-09-17,10:15:00,15,heterogeneous,-0.1403203389990913,-0.12079339321193622
val,2019-09-17,10:15:00,15,time_of_day,-0.14169052640196703,-0.11527613561119376
val,2019-09-17,10:15:00,15,factor_spy,-0.07808025588190706,-0.04580160284095758
val,2019-09-17,10:15:00,15,quadratic_c0_etf,-0.08274142811830773,-0.051677555698599414
val,2019-09-17,10:15:00,15,quadratic_c0_single,-0.06570365892921731,-0.05405313752098892
val,2019-09-17,10:15:00,30,quadratic_c0,0.11606957597073547,0.11495949113409909
val,2019-09-17,10:15:00,30,independent_ou,-0.014566449494434336,-0.02141142615340351
val,2019-09-17,10:15:00,30,flexible_moments,0.03803971446511592,0.0024675230972927564
val,2019-09-17,10:15:00,30,heterogeneous,0.050813814804455515,0.04167808822285682
val,2019-09-17,10:15:00,30,time_of_day,-0.106025088922581,-0.09625626861829219
val,2019-09-17,10:15:00,30,factor_spy,0.038029278400730976,0.013320833038656638
val,2019-09-17,10:15:00,30,quadratic_c0_etf,0.03604553125531479,0.03413844065530561
val,2019-09-17,10:15:00,30,quadratic_c0_single,0.24532495778691066,0.2229826280579797
val,2019-09-17,10:30:00,1,quadratic_c0,0.025782412778042385,0.034214210735891315
val,2019-09-17,10:30:00,1,independent_ou,-0.05300602422232675,-0.04497398160106875
val,2019-09-17,10:30:00,1,flexible_moments,0.013849219732276652,0.01432324322939904
val,2019-09-17,10:30:00,1,heterogeneous,-0.16473805903743333,-0.15450062732234102
val,2019-09-17,10:30:00,1,time_of_day,-0.13894231805607765,-0.13827906962368428
val,2019-09-17,10:30:00,1,factor_spy,-0.05740022053991667,-0.05167257374544959
val,2019-09-17,10:30:00,1,quadratic_c0_etf,-0.0303173496873832,-0.1119108535086033
val,2019-09-17,10:30:00,1,quadratic_c0_single,0.09100712794827764,0.09582808935795961
val,2019-09-17,10:30:00,5,quadratic_c0,0.03646667240130533,0.019969912766781825
val,2019-09-17,10:30:00,5,independent_ou,0.02084908712060818,0.02342023449122728
val,2019-09-17,10:30:00,5,flexible_moments,0.09620761554547319,0.07911362142869136
val,2019-09-17,10:30:00,5,heterogeneous,0.028850533664407735,0.031034796188622482
val,2019-09-17,10:30:00,5,time_of_day,0.06055880694706692,0.05392475192099189
val,2019-09-17,10:30:00,5,factor_spy,0.021060311580583607,0.016439964297468537
val,2019-09-17,10:30:00,5,quadratic_c0_etf,0.10702736630424839,0.09370890813745394
val,2019-09-17,10:30:00,5,quadratic_c0_single,0.04509160105047463,0.018663180304715934
val,2019-09-17,10:30:00,15,quadratic_c0,0.053986959166544085,0.05245442300336328
val,2019-09-17,10:30:00,15,independent_ou,0.01621660886733975,0.032823940424206416
val,2019-09-17,10:30:00,15,flexible_moments,0.012146654403741103,0.04199209930053005
val,2019-09-17,10:30:00,15,heterogeneous,0.04117780202660465,0.040437872253123675
val,2019-09-17,10:30:00,15,time_of_day,-0.1136031817360281,-0.08256895317683653
val,2019-09-17,10:30:00,15,factor_spy,0.0199085766416357,0.019883878220296358
val,2019-09-17,10:30:00,15,quadratic_c0_etf,0.034061053751409776,0.06225349790416909
val,2019-09-17,10:30:00,15,quadratic_c0_single,0.15505065968271317,0.15154788251393284
val,2019-09-17,10:30:00,30,quadratic_c0,0.0904807933556762,0.04730879563842155
val,2019-09-17,10:30:00,30,independent_ou,-0.005818838988499775,-0.00042355177372868646
val,2019-09-17,10:30:00,30,flexible_moments,0.20726690845602092,0.20555579790762898
val,2019-09-17,10:30:00,30,heterogeneous,0.08210882885685007,0.07298284977823014
val,2019-09-17,10:30:00,30,time_of_day,-0.025532299195115127,-0.025926518521267733
val,2019-09-17,10:30:00,30,factor_spy,0.013045956697842281,0.011800528432685725
val,2019-09-17,10:30:00,30,quadratic_c0_etf,0.11431620222688331,0.110847821562687
val,2019-09-17,10:30:00,30,quadratic_c0_single,0.15206899340338326,0.09202737248114115
val,2019-09-17,10:45:00,1,quadratic_c0,-0.02123416427707976,-0.012206444551088505
val,2019-09-17,10:45:00,1,independent_ou,-0.022637619783894003,-0.018006412250512527
val,2019-09-17,10:45:00,1,flexible_moments,0.010714634536441281,0.021467686795768395
val,2019-09-17,10:45:00,1,heterogeneous,0.105294439160177,0.08678266464880459
val,2019-09-17,10:45:00,1,time_of_day,-0.017837422129179326,-0.013937754576951886
val,2019-09-17,10:45:00,1,factor_spy,0.004956308650397312,-0.001404595317762547
val,2019-09-17,10:45:00,1,quadratic_c0_etf,0.1791106439447397,0.17510799666605664
val,2019-09-17,10:45:00,1,quadratic_c0_single,0.061386116646511085,0.05620173651828102
val,2019-09-17,10:45:00,5,quadratic_c0,0.03771512636702018,0.020062882228447126
val,2019-09-17,10:45:00,5,independent_ou,0.10965826196573933,0.05491009230355445
val,2019-09-17,10:45:00,5,flexible_moments,0.1293095036803479,0.10893668935071849
val,2019-09-17,10:45:00,5,heterogeneous,0.054916713007475,0.016817097421995525
val,2019-09-17,10:45:00,5,time_of_day,-0.03861058815982568,-0.0365842934952014
val,2019-09-17,10:45:00,5,factor_spy,0.06605307847872877,0.040640444682025295
val,2019-09-17,10:45:00,5,quadratic_c0_etf,0.19428586194881772,0.16601920348278698
val,2019-09-17,10:45:00,5,quadratic_c0_single,0.017324829495941885,0.00854218670919571
val,2019-09-17,10:45:00,15,quadratic_c0,0.13190831670991177,0.13870533181635747
val,2019-09-17,10:45:00,15,independent_ou,0.06300238937368166,0.054966822017628855
val,2019-09-17,10:45:00,15,flexible_moments,0.16109671936497266,0.16173827744422836
val,2019-09-17,10:45:00,15,heterogeneous,-0.0015648018253401341,0.00016128519150861165
val,2019-09-17,10:45:00,15,time_of_day,-0.04658170133629462,-0.024625323027028537
val,2019-09-17,10:45:00,15,factor_spy,0.07456275056479128,0.07784396614035972
val,2019-09-17,10:45:00,15,quadratic_c0_etf,0.38949809604418195,0.3584626020614599
val,2019-09-17,10:45:00,15,quadratic_c0_single,0.13954347197029243,0.13905518785698395
val,2019-09-17,10:45:00,30,quadratic_c0,0.042998368743889404,0.056913785398467934
val,2019-09-17,10:45:00,30,independent_ou,0.05701341117815942,0.05738565242517275
val,2019-09-17,10:45:00,30,flexible_moments,0.00962371556451136,0.011548574691791658
val,2019-09-17,10:45:00,30,heterogeneous,0.022370097567189495,0.031031147652900812
val,2019-09-17,10:45:00,30,time_of_day,-0.0533315664014193,-0.0359197273807846
val,2019-09-17,10:45:00,30,factor_spy,0.015099642182163059,0.029013367515629093
val,2019-09-17,10:45:00,30,quadratic_c0_etf,0.17329940821971923,0.16455726599061404
val,2019-09-17,10:45:00,30,quadratic_c0_single,0.018699832572258046,0.02415272608781477
val,2019-09-17,11:00:00,1,quadratic_c0,0.038630935850358816,0.00039440908750597303
val,2019-09-17,11:00:00,1,independent_ou,0.08199365244862208,0.068419586540187
val,2019-09-17,11:00:00,1,flexible_moments,-0.028662074549927696,-0.02748900685144516
val,2019-09-17,11:00:00,1,heterogeneous,0.08998062231029055,0.09091326220395533
val,2019-09-17,11:00:00,1,time_of_day,0.07287179235200347,0.07249511261393134
val,2019-09-17,11:00:00,1,factor_spy,0.1006747953760288,0.10751247433008836
val,2019-09-17,11:00:00,1,quadratic_c0_etf,0.07880652944204716,0.07321063789876349
val,2019-09-17,11:00:00,1,quadratic_c0_single,0.05797420912410162,0.01336527482595748
val,2019-09-17,11:00:00,5,quadratic_c0,-0.01305576844468645,-0.011059575525980608
val,2019-09-17,11:00:00,5,independent_ou,0.003084189907058804,0.00971099731836686
val,2019-09-17,11:00:00,5,flexible_moments,-0.0362851011236594,-0.0279716462041375
val,2019-09-17,11:00:00,5,heterogeneous,-0.08692520398253956,-0.06624633318103684
val,2019-09-17,11:00:00,5,time_of_day,-0.06403717353197941,-0.033431267904959566
val,2019-09-17,11:00:00,5,factor_spy,0.03661759370291204,0.04419875660420047
val,2019-09-17,11:00:00,5,quadratic_c0_etf,0.07046280899164584,0.06291612937576829
val,2019-09-17,11:00:00,5,quadratic_c0_single,0.030936433549796277,0.025013572397550865
val,2019-09-17,11:00:00,15,quadratic_c0,0.08385616756615115,0.054685064382375775
val,2019-09-17,11:00:00,15,independent_ou,0.09941515867213434,0.04620010636035865
val,2019-09-17,11:00:00,15,flexible_moments,0.03659074463867683,0.04419979379488537
val,2019-09-17,11:00:00,15,heterogeneous,0.0472408581265923,0.0257909937811876
val,2019-09-17,11:00:00,15,time_of_day,-0.04563662046507633,-0.03730123665462698
val,2019-09-17,11:00:00,15,factor_spy,0.08753244612251244,0.0711093908281413
val,2019-09-17,11:00:00,15,quadratic_c0_etf,0.003335004776814268,0.009426165158930438
val,2019-09-17,11:00:00,15,quadratic_c0_single,0.11973541157364796,0.09226736006989875
val,2019-09-17,11:00:00,30,quadratic_c0,0.052256897339419545,0.061453063861775625
val,2019-09-17,11:00:00,30,independent_ou,0.1588025664960255,0.15265944106719972
val,2019-09-17,11:00:00,30,flexible_moments,0.11117906263328034,0.11562851490422316
val,2019-09-17,11:00:00,30,heterogeneous,0.13081218176384093,0.13503214016877943
val,2019-09-17,11:00:00,30,time_of_day,-0.03408182853752981,-0.03777351042813697
val,2019-09-17,11:00:00,30,factor_spy,0.11483935590112707,0.11330179491915943
val,2019-09-17,11:00:00,30,quadratic_c0_etf,0.37007853691730286,0.3620821482797584
val,2019-09-17,11:00:00,30,quadratic_c0_single,0.04408657142825814,0.04164694642453787
val,2019-09-17,11:15:00,1,quadratic_c0,-0.044275864618938926,-0.03567649524590205
val,2019-09-17,11:15:00,1,independent_ou,-0.03271042456305501,-0.04426129372824983
val,2019-09-17,11:15:00,1,flexible_moments,0.011063850716776097,0.004957440707781868
val,2019-09-17,11:15:00,1,heterogeneous,0.0039323679434499215,-0.011419746634209443
val,2019-09-17,11:15:00,1,time_of_day,-0.024531489984415067,-0.020079859447918763
val,2019-09-17,11:15:00,1,factor_spy,0.04353204935155669,0.04020478248747039
val,2019-09-17,11:15:00,1,quadratic_c0_etf,0.2400271413721936,0.1880722474233606
val,2019-09-17,11:15:00,1,quadratic_c0_single,-0.05007354996830035,-0.045441069528515315
val,2019-09-17,11:15:00,5,quadratic_c0,0.19212375633110576,0.1651031957362303
val,2019-09-17,11:15:00,5,independent_ou,0.10084493955901128,0.09300431643383314
val,2019-09-17,11:15:00,5,flexible_moments,0.07737572890039598,0.06474985867631616
val,2019-09-17,11:15:00,5,heterogeneous,0.07548198999779279,0.07102224077139505
val,2019-09-17,11:15:00,5,time_of_day,-0.002669559787079931,0.0005255963695985216
val,2019-09-17,11:15:00,5,factor_spy,0.11521317293134986,0.1107282335255472
val,2019-09-17,11:15:00,5,quadratic_c0_etf,0.2693929426212973,0.26197259894674396
val,2019-09-17,11:15:00,5,quadratic_c0_single,0.20686085972317755,0.1727294862880426
val,2019-09-17,11:15:00,15,quadratic_c0,0.0062743009173456266,0.027941313970247114
val,2019-09-17,11:15:00,15,independent_ou,0.1266891207224298,0.15432409957479792
val,2019-09-17,11:15:00,15,flexible_moments,0.08041294526191275,0.06994041426561522
val,2019-09-17,11:15:00,15,heterogeneous,0.03434541988066517,0.0715768453403318
val,2019-09-17,11:15:00,15,time_of_day,-0.04498119622062072,-0.021587402792411586
val,2019-09-17,11:15:00,15,factor_spy,0.029802214949548184,0.05689073904707877
val,2019-09-17,11:15:00,15,quadratic_c0_etf,0.191182996552934,0.22245064670805825
val,2019-09-17,11:15:00,15,quadratic_c0_single,0.018824826366342445,0.04799120738754835
val,2019-09-17,11:15:00,30,quadratic_c0,0.0375340201924636,0.028211524963762086
val,2019-09-17,11:15:00,30,independent_ou,0.13307900043291376,0.0833536417370011
val,2019-09-17,11:15:00,30,flexible_moments,-0.02640000163387962,-0.04479151288552832
val,2019-09-17,11:15:00,30,heterogeneous,-0.0415224650237378,-0.021445767945728056
val,2019-09-17,11:15:00,30,time_of_day,-0.02746635704846323,-0.03085451182966073
val,2019-09-17,11:15:00,30,factor_spy,0.19741541369018045,0.1667601504033076
val,2019-09-17,11:15:00,30,quadratic_c0_etf,0.06532113393108713,0.05539378689633134
val,2019-09-17,11:15:00,30,quadratic_c0_single,0.03667855629983585,0.024281197262743887
val,2019-09-17,11:30:00,1,quadratic_c0,0.04883635676039613,0.02993925321545504
val,2019-09-17,11:30:00,1,independent_ou,-0.009148143961485194,-0.010175626949993383
val,2019-09-17,11:30:00,1,flexible_moments,0.011535298444747821,-0.007936495650339631
val,2019-09-17,11:30:00,1,heterogeneous,0.054751432004949724,0.032217248143893845
val,2019-09-17,11:30:00,1,time_of_day,-0.002262876236323541,-0.01626171229384009
val,2019-09-17,11:30:00,1,factor_spy,0.04632464888117138,0.04602765780441545
val,2019-09-17,11:30:00,1,quadratic_c0_etf,-0.03971269728697302,-0.04751709880583818
val,2019-09-17,11:30:00,1,quadratic_c0_single,0.09823710433704222,0.08001780575327724
val,2019-09-17,11:30:00,5,quadratic_c0,-0.11741960981824298,-0.07697320155381053
val,2019-09-17,11:30:00,5,independent_ou,-0.03691848979933973,-0.00468910752403881
val,2019-09-17,11:30:00,5,flexible_moments,0.02861319397902576,0.03760298973881929
val,2019-09-17,11:30:00,5,heterogeneous,-0.018946241858027707,0.0024978495305631176
val,2019-09-17,11:30:00,5,time_of_day,-0.08964467863463463,-0.06801701928747754
val,2019-09-17,11:30:00,5,factor_spy,0.04388683463709506,0.06214608862189949
val,2019-09-17,11:30:00,5,quadratic_c0_etf,0.15533112564710388,0.15464267752943517
val,2019-09-17,11:30:00,5,quadratic_c0_single,-0.04231718123566583,-0.016982262774600326
val,2019-09-17,11:30:00,15,quadratic_c0,0.0701599574577037,0.05433881520674391
val,2019-09-17,11:30:00,15,independent_ou,-0.0832051939747816,-0.07780483950656183
val,2019-09-17,11:30:00,15,flexible_moments,0.1583272086511382,0.15571146124104024
val,2019-09-17,11:30:00,15,heterogeneous,0.06913329164664389,0.04484343968151441
val,2019-09-17,11:30:00,15,time_of_day,0.004098021483626146,-0.01326353568127428
val,2019-09-17,11:30:00,15,factor_spy,0.005171569799433784,-0.0026394927906240317
val,2019-09-17,11:30:00,15,quadratic_c0_etf,-0.06626596297499018,-0.06340534024225185
val,2019-09-17,11:30:00,15,quadratic_c0_single,0.1517027261619141,0.12801112969159273
val,2019-09-17,11:30:00,30,quadratic_c0,0.11910542948702035,0.12041731709217454
val,2019-09-17,11:30:00,30,independent_ou,0.03332181293989411,0.057835490355787195
val,2019-09-17,11:30:00,30,flexible_moments,-0.010535961215364292,-0.0031735391088838494
val,2019-09-17,11:30:00,30,heterogeneous,-0.007812309657014294,-0.018498834248057178
val,2019-09-17,11:30:00,30,time_of_day,-0.07694215322333242,-0.06941432134181277
val,2019-09-17,11:30:00,30,factor_spy,-0.058273055153781034,-0.048091210109308696
val,2019-09-17,11:30:00,30,quadratic_c0_etf,0.2519202684990902,0.1804114613072517
val,2019-09-17,11:30:00,30,quadratic_c0_single,0.10013575065395891,0.10961219173390949
val,2019-09-17,11:45:00,1,quadratic_c0,-0.024141208274355452,-0.021531495314047217
val,2019-09-17,11:45:00,1,independent_ou,-0.013992699953647242,-0.035803283073896894
val,2019-09-17,11:45:00,1,flexible_moments,-0.007803000572729368,-0.0041691296822404245
val,2019-09-17,11:45:00,1,heterogeneous,-0.05393483029218199,-0.03182192427191362
val,2019-09-17,11:45:00,1,time_of_day,-0.11345084606771025,-0.08608976462023782
val,2019-09-17,11:45:00,1,factor_spy,0.010903196223670114,0.024781970451526053
val,2019-09-17,11:45:00,1,quadratic_c0_etf,0.007270317754883321,0.014843559305816906
val,2019-09-17,11:45:00,1,quadratic_c0_single,-0.007526259352872683,-0.0006880640312580399
val,2019-09-17,11:45:00,5,quadratic_c0,0.004396786387175139,-0.0015970871915721163
val,2019-09-17,11:45:00,5,independent_ou,-0.026001246250649146,-0.023365067011995228
val,2019-09-17,11:45:00,5,flexible_moments,-0.05551872848100542,-0.05027009325884223
val,2019-09-17,11:45:00,5,heterogeneous,0.08057682404446453,0.03312863952955053
val,2019-09-17,11:45:00,5,time_of_day,-0.06114207312503907,-0.04945847677479073
val,2019-09-17,11:45:00,5,factor_spy,0.02035222433277789,-0.011384655593759008
val,2019-09-17,11:45:00,5,quadratic_c0_etf,0.07107389483109622,0.07626595043187909
val,2019-09-17,11:45:00,5,quadratic_c0_single,0.03268814284550714,0.030763533521947384
val,2019-09-17,11:45:00,15,quadratic_c0,0.07050889446244554,0.04573950029208032
val,2019-09-17,11:45:00,15,independent_ou,0.02279335089138948,0.048877012840058603
val,2019-09-17,11:45:00,15,flexible_moments,0.03734661047886326,0.04406790583372433
val,2019-09-17,11:45:00,15,heterogeneous,0.11381646364746226,0.13294774747592553
val,2019-09-17,11:45:00,15,time_of_day,-0.055383747436911074,-0.05040900474663479
val,2019-09-17,11:45:00,15,factor_spy,0.018750742685171934,0.0025755295338056594
val,2019-09-17,11:45:00,15,quadratic_c0_etf,0.4410901950927121,0.4112410669897371
val,2019-09-17,11:45:00,15,quadratic_c0_single,0.06547727606900802,0.0744435790137628
val,2019-09-17,11:45:00,30,quadratic_c0,-0.00586989536411231,-0.016031110866107923
val,2019-09-17,11:45:00,30,independent_ou,0.10629108024461062,0.118817057066955
val,2019-09-17,11:45:00,30,flexible_moments,0.03129570628119413,0.024403222413416165
val,2019-09-17,11:45:00,30,heterogeneous,0.008108320681837727,0.007724938694540079
val,2019-09-17,11:45:00,30,time_of_day,-0.09852351056062365,-0.0886558701151727
val,2019-09-17,11:45:00,30,factor_spy,-0.0005809322891186519,-0.011740496782182475
val,2019-09-17,11:45:00,30,quadratic_c0_etf,0.09162566251879942,0.04296427510846071
val,2019-09-17,11:45:00,30,quadratic_c0_single,-0.025781766811582896,-0.017707767933973273
val,2019-09-17,12:00:00,1,quadratic_c0,-0.0723049697670593,-0.0365060949694605
val,2019-09-17,12:00:00,1,independent_ou,-0.09352177693151534,-0.04881738695349763
val,2019-09-17,12:00:00,1,flexible_moments,-0.0685371284709545,-0.02434122335816022
val,2019-09-17,12:00:00,1,heterogeneous,0.017463986426796224,0.06473051558556053
val,2019-09-17,12:00:00,1,time_of_day,-0.10972966005676896,-0.04998328867372878
val,2019-09-17,12:00:00,1,factor_spy,0.0010150080496496017,0.044370418313697924
val,2019-09-17,12:00:00,1,quadratic_c0_etf,0.23082425526612174,0.1996058001428113
val,2019-09-17,12:00:00,1,quadratic_c0_single,-0.06916315808027895,-0.019782658947273685
val,2019-09-17,12:00:00,5,quadratic_c0,0.023126774136736417,0.07359942974316985
val,2019-09-17,12:00:00,5,independent_ou,-0.12353256896787335,-0.07145093761357102
val,2019-09-17,12:00:00,5,flexible_moments,0.015443901322695353,0.07438558748886104
val,2019-09-17,12:00:00,5,heterogeneous,-0.02457318353943222,0.025507122320961695
val,2019-09-17,12:00:00,5,time_of_day,-0.08862357219783562,-0.028820529249872717
val,2019-09-17,12:00:00,5,factor_spy,0.014418344938055161,0.06655109128667819
val,2019-09-17,12:00:00,5,quadratic_c0_etf,0.06532844682857236,0.121088915724121
val,2019-09-17,12:00:00,5,quadratic_c0_single,0.0348980561870309,0.05914610792288039
val,2019-09-17,12:00:00,15,quadratic_c0,-0.060470478293386976,-0.045278581342140856
val,2019-09-17,12:00:00,15,independent_ou,-0.06944930118008891,-0.0445630706117037
val,2019-09-17,12:00:00,15,flexible_moments,-0.0011133631481137496,-0.008988829667905096
val,2019-09-17,12:00:00,15,heterogeneous,-0.016095153466702067,-0.009481781700118652
val,2019-09-17,12:00:00,15,time_of_day,-0.11272773720494213,-0.09308203525017048
val,2019-09-17,12:00:00,15,factor_spy,-0.03799427991148438,-0.007011105542932078
val,2019-09-17,12:00:00,15,quadratic_c0_etf,0.1548219145334748,0.11136590462109724
val,2019-09-17,12:00:00,15,quadratic_c0_single,-0.024340698320370974,-0.030433549686937872
val,2019-09-17,12:00:00,30,quadratic_c0,-0.12247529603559948,-0.11008641101295687
val,2019-09-17,12:00:00,30,independent_ou,-0.08693927823249689,-0.09254004547825173
val,2019-09-17,12:00:00,30,flexible_moments,-0.10230019520879491,-0.13181666974360232
val,2019-09-17,12:00:00,30,heterogeneous,-0.11922835566667037,-0.13163777441044056
val,2019-09-17,12:00:00,30,time_of_day,-0.14767003054646838,-0.13555080502967082
val,2019-09-17,12:00:00,30,factor_spy,-0.12821996016589263,-0.11993807092226093
val,2019-09-17,12:00:00,30,quadratic_c0_etf,0.015068480289457509,-0.029376506304530953
val,2019-09-17,12:00:00,30,quadratic_c0_single,-0.11021920063888946,-0.10495946203508816
val,2019-09-17,12:15:00,1,quadratic_c0,0.06556011130960354,0.06457125285289463
val,2019-09-17,12:15:00,1,independent_ou,0.10846073920642077,0.08714760828109093
val,2019-09-17,12:15:00,1,flexible_moments,0.0728483227889882,0.06360630924985063
val,2019-09-17,12:15:00,1,heterogeneous,0.08395425976349782,0.05734046374384684
val,2019-09-17,12:15:00,1,time_of_day,0.06043087777919551,0.06694662842025785
val,2019-09-17,12:15:00,1,factor_spy,0.058101132390136256,0.05066258099462652
val,2019-09-17,12:15:00,1,quadratic_c0_etf,0.19494937201879622,0.19253779116078162
val,2019-09-17,12:15:00,1,quadratic_c0_single,0.15536005730291394,0.13159901948014163
val,2019-09-17,12:15:00,5,quadratic_c0,0.060408910197260385,0.052676942298031604
val,2019-09-17,12:15:00,5,independent_ou,0.05454953626660822,0.02054319900243208
val,2019-09-17,12:15:00,5,flexible_moments,0.15182835092350758,0.06461983516014794
val,2019-09-17,12:15:00,5,heterogeneous,0.10076365792729036,0.06016594748349824
val,2019-09-17,12:15:00,5,time_of_day,0.06138739407762189,0.05630948939543812
val,2019-09-17,12:15:00,5,factor_spy,0.17233933017696312,0.15824383619321372
val,2019-09-17,12:15:00,5,quadratic_c0_etf,0.139164565691797,0.11313297113244819
val,2019-09-17,12:15:00,5,quadratic_c0_single,0.05141035816264894,0.045982270615729764
val,2019-09-17,12:15:00,15,quadratic_c0,-0.0005045700066347719,-0.00578026292504949
val,2019-09-17,12:15:00,15,independent_ou,0.0004532736302223783,-0.010579220989955548
val,2019-09-17,12:15:00,15,flexible_moments,0.14292216477986067,0.11613243288046261
val,2019-09-17,12:15:00,15,heterogeneous,0.01359624006492599,0.007097395070409268
val,2019-09-17,12:15:00,15,time_of_day,-0.010911463028913479,-0.010082949921158532
val,2019-09-17,12:15:00,15,factor_spy,0.14758949546380543,0.11311912023805244
val,2019-09-17,12:15:00,15,quadratic_c0_etf,0.38070367607977373,0.3726393655185321
val,2019-09-17,12:15:00,15,quadratic_c0_single,0.010176675230865462,0.0049934381538148664
val,2019-09-17,12:15:00,30,quadratic_c0,0.0068930907277388875,-0.0004344116443294882
val,2019-09-17,12:15:00,30,independent_ou,0.049306949267806544,0.05865155716671319
val,2019-09-17,12:15:00,30,flexible_moments,0.04096229200534135,0.04447315964741694
val,2019-09-17,12:15:00,30,heterogeneous,-0.08338012666058486,-0.05031337949891081
val,2019-09-17,12:15:00,30,time_of_day,0.03706805226393581,0.02628665242062561
val,2019-09-17,12:15:00,30,factor_spy,-0.05877374740029856,-0.05325760979036569
val,2019-09-17,12:15:00,30,quadratic_c0_etf,0.08544685372391903,0.07317715985521187
val,2019-09-17,12:15:00,30,quadratic_c0_single,0.019262574279364064,0.010671383902540493
val,2019-09-17,12:30:00,1,quadratic_c0,0.09212653089368078,0.08407034175410791
val,2019-09-17,12:30:00,1,independent_ou,-0.02204817471803311,-0.04376763895174632
val,2019-09-17,12:30:00,1,flexible_moments,0.10581003256260679,0.07184812009181141
val,2019-09-17,12:30:00,1,heterogeneous,0.017625398898077432,-0.005292623302436572
val,2019-09-17,12:30:00,1,time_of_day,-0.06330793099759428,-0.0674367997105336
val,2019-09-17,12:30:00,1,factor_spy,0.15279707895622863,0.1418930702837039
val,2019-09-17,12:30:00,1,quadratic_c0_etf,0.12590692702561573,0.1344880930963217
val,2019-09-17,12:30:00,1,quadratic_c0_single,0.26053562856050577,0.2415099697093862
val,2019-09-17,12:30:00,5,quadratic_c0,0.09330815917626478,0.0685532294566272
val,2019-09-17,12:30:00,5,independent_ou,0.03142832822500133,0.03482985472640859
val,2019-09-17,12:30:00,5,flexible_moments,0.02795518842217415,0.03269976951003084
val,2019-09-17,12:30:00,5,heterogeneous,0.19675507224586344,0.16992348625832024
val,2019-09-17,12:30:00,5,time_of_day,0.06022263587505722,0.07729162977317702
val,2019-09-17,12:30:00,5,factor_spy,0.07051269504779117,0.0729915423799872
val,2019-09-17,12:30:00,5,quadratic_c0_etf,0.1547491983569698,0.12921043509141056
val,2019-09-17,12:30:00,5,quadratic_c0_single,0.08826144269549352,0.06911202749140324
val,2019-09-17,12:30:00,15,quadratic_c0,0.06264253475364036,0.0681065494636445
val,2019-09-17,12:30:00,15,independent_ou,0.0466149286126613,0.05284311534454511
val,2019-09-17,12:30:00,15,flexible_moments,0.00851815954507272,0.008258776830159034
val,2019-09-17,12:30:00,15,heterogeneous,0.02458777011421577,0.024658155288640432
val,2019-09-17,12:30:00,15,time_of_day,0.09189336709307137,0.06425156047040265
val,2019-09-17,12:30:00,15,factor_spy,0.03805810716764717,0.03792899045845885
val,2019-09-17,12:30:00,15,quadratic_c0_etf,0.17733673155460117,0.16175829809239758
val,2019-09-17,12:30:00,15,quadratic_c0_single,0.06551918548229203,0.06588947409245893
val,2019-09-17,12:30:00,30,quadratic_c0,0.14935904181962614,0.1183149856331435
val,2019-09-17,12:30:00,30,independent_ou,0.032379049797750914,0.009941922041915324
val,2019-09-17,12:30:00,30,flexible_moments,-0.04487796403016997,-0.051516223198976197
val,2019-09-17,12:30:00,30,heterogeneous,0.07393362465805933,0.058348081659402445
val,2019-09-17,12:30:00,30,time_of_day,-0.016639919844463613,-0.02494236856043508
val,2019-09-17,12:30:00,30,factor_spy,-0.07201442295689714,-0.0703889831893672
val,2019-09-17,12:30:00,30,quadratic_c0_etf,0.07920993013706581,0.050276527188097164
val,2019-09-17,12:30:00,30,quadratic_c0_single,0.19927858961816083,0.15689080119053808
val,2019-09-17,12:45:00,1,quadratic_c0,0.0098042074337448,0.01196703278346975
val,2019-09-17,12:45:00,1,independent_ou,0.00045441388671160765,-0.00041501876579226604
val,2019-09-17,12:45:00,1,flexible_moments,0.0019331438265443035,0.007353480767057552
val,2019-09-17,12:45:00,1,heterogeneous,0.1447905416604819,0.1220601471874184
val,2019-09-17,12:45:00,1,time_of_day,-0.023568688707283708,-0.009634273743811803
val,2019-09-17,12:45:00,1,factor_spy,0.006253413799685387,0.0073924881679635485
val,2019-09-17,12:45:00,1,quadratic_c0_etf,-0.030587639874545075,-0.018551156163987698
val,2019-09-17,12:45:00,1,quadratic_c0_single,0.04100618663962127,0.04669656494119648
val,2019-09-17,12:45:00,5,quadratic_c0,0.10713864337526469,0.11766528453712605
val,2019-09-17,12:45:00,5,independent_ou,-0.03206767565265373,-0.016853853245375916
val,2019-09-17,12:45:00,5,flexible_moments,0.015507777206393208,0.0013016049105222527
val,2019-09-17,12:45:00,5,heterogeneous,-0.09075691908431399,-0.06816254801125517
val,2019-09-17,12:45:00,5,time_of_day,-0.0824025833151623,-0.0660510435794811
val,2019-09-17,12:45:00,5,factor_spy,-0.042149173989921684,-0.03309673841075671
val,2019-09-17,12:45:00,5,quadratic_c0_etf,-0.010322412186394125,-0.004342139444261012
val,2019-09-17,12:45:00,5,quadratic_c0_single,0.24467664372876513,0.24323101213446674
val,2019-09-17,12:45:00,15,quadratic_c0,-0.016220325206822428,-0.020496290841486353
val,2019-09-17,12:45:00,15,independent_ou,-0.02036013824450153,-0.010021512281118639
val,2019-09-17,12:45:00,15,flexible_moments,-0.011990074010050367,-0.021010895776769567
val,2019-09-17,12:45:00,15,heterogeneous,0.1652828952431135,0.16096678250563934
val,2019-09-17,12:45:00,15,time_of_day,0.007804721526700975,-0.002437192499873869
val,2019-09-17,12:45:00,15,factor_spy,-0.08364569009737052,-0.07285604412524249
val,2019-09-17,12:45:00,15,quadratic_c0_etf,-0.030826706200306503,-0.01659681397753146
val,2019-09-17,12:45:00,15,quadratic_c0_single,0.008374565580387239,-0.005225790711950368
val,2019-09-17,12:45:00,30,quadratic_c0,0.04041778618935879,0.0201542983178776
val,2019-09-17,12:45:00,30,independent_ou,-0.002063194865318252,-0.019206755668770753
val,2019-09-17,12:45:00,30,flexible_moments,0.02241869795809673,-9.541369228055485e-05
val,2019-09-17,12:45:00,30,heterogeneous,-0.02295846806317528,-0.03897955837859417
val,2019-09-17,12:45:00,30,time_of_day,-0.03306340106704665,-0.03605215782130805
val,2019-09-17,12:45:00,30,factor_spy,-0.008565069287276322,-0.022756776220446792
val,2019-09-17,12:45:00,30,quadratic_c0_etf,0.08149786974567635,0.050453557523268466
val,2019-09-17,12:45:00,30,quadratic_c0_single,0.07919799889899573,0.050211689171036494
val,2019-09-17,13:00:00,1,quadratic_c0,-0.0635647553723534,-0.058038116492380026
val,2019-09-17,13:00:00,1,independent_ou,0.018237174539303347,0.023256614575003942
val,2019-09-17,13:00:00,1,flexible_moments,0.01915443566605679,-0.007641959119765146
val,2019-09-17,13:00:00,1,heterogeneous,-0.03612192008779844,-0.061707251046044714
val,2019-09-17,13:00:00,1,time_of_day,-0.09258760528214316,-0.12613792218186753
val,2019-09-17,13:00:00,1,factor_spy,0.01076631602448691,0.0208217418685768
val,2019-09-17,13:00:00,1,quadratic_c0_etf,-0.015841953428966132,-0.025366741566295925
val,2019-09-17,13:00:00,1,quadratic_c0_single,-0.02997081765812057,-0.025161598768342813
val,2019-09-17,13:00:00,5,quadratic_c0,0.09100376044307437,0.07287467072347756
val,2019-09-17,13:00:00,5,independent_ou,0.0028760568440661383,-0.014735496215947136
val,2019-09-17,13:00:00,5,flexible_moments,0.039726588704469795,0.023458079447160662
val,2019-09-17,13:00:00,5,heterogeneous,0.12801225832624927,0.08518864778340857
val,2019-09-17,13:00:00,5,time_of_day,0.004015192556443864,-0.004559724711056146
val,2019-09-17,13:00:00,5,factor_spy,-0.016005221108785023,-0.018495042311520438
val,2019-09-17,13:00:00,5,quadratic_c0_etf,0.07628584289994172,0.011926420893739242
val,2019-09-17,13:00:00,5,quadratic_c0_single,0.11494581174294274,0.09935769130594249
val,2019-09-17,13:00:00,15,quadratic_c0,0.03969468656696573,0.0755581649414222
val,2019-09-17,13:00:00,15,independent_ou,-0.003985184012374132,0.01776749374790315
val,2019-09-17,13:00:00,15,flexible_moments,-0.02102520438386213,-0.005475986479200057
val,2019-09-17,13:00:00,15,heterogeneous,-0.12487422738027107,-0.07637201602579508
val,2019-09-17,13:00:00,15,time_of_day,-0.12125642258130372,-0.07112405988137296
val,2019-09-17,13:00:00,15,factor_spy,-0.10880222739660023,-0.06320054278660082
val,2019-09-17,13:00:00,15,quadratic_c0_etf,0.2596707477000172,0.26891571421244514
val,2019-09-17,13:00:00,15,quadratic_c0_single,-0.002026814767586066,0.03252739185166001
val,2019-09-17,13:00:00,30,quadratic_c0,-0.06582633500102661,-0.0700157485515503
val,2019-09-17,13:00:00,30,independent_ou,-0.03891402651118556,-0.05265176035104238
val,2019-09-17,13:00:00,30,flexible_moments,-0.022723808603586193,-0.014524365474249373
val,2019-09-17,13:00:00,30,heterogeneous,-0.07006571595260733,-0.06764164170319323
val,2019-09-17,13:00:00,30,time_of_day,-0.14808987029275678,-0.1315575816586028
val,2019-09-17,13:00:00,30,factor_spy,-0.07518289156195601,-0.07504575968824048
val,2019-09-17,13:00:00,30,quadratic_c0_etf,0.12488790249050935,0.03735865460604487
val,2019-09-17,13:00:00,30,quadratic_c0_single,0.03785144980633909,0.024894593379592128
val,2019-09-17,13:15:00,1,quadratic_c0,0.05383526512475614,0.03723591774596682
val,2019-09-17,13:15:00,1,independent_ou,0.05357241991290221,0.05257436251905151
val,2019-09-17,13:15:00,1,flexible_moments,0.05974182143822712,0.03549055237872498
val,2019-09-17,13:15:00,1,heterogeneous,0.0775971581429799,0.06914620604325394
val,2019-09-17,13:15:00,1,time_of_day,-0.0010067044504229183,0.0063494732167530404
val,2019-09-17,13:15:00,1,factor_spy,-0.004613768180642283,-0.005306143142168193
val,2019-09-17,13:15:00,1,quadratic_c0_etf,0.1259075436253741,0.12320664129873968
val,2019-09-17,13:15:00,1,quadratic_c0_single,0.056214130174431276,0.04330398772835681
val,2019-09-17,13:15:00,5,quadratic_c0,0.17466004950318967,0.1711893773010602
val,2019-09-17,13:15:00,5,independent_ou,-0.002610395207727434,0.007969666603215436
val,2019-09-17,13:15:00,5,flexible_moments,0.08453451820201649,0.10110352041478515
val,2019-09-17,13:15:00,5,heterogeneous,0.08123829651378814,0.09960424607371929
val,2019-09-17,13:15:00,5,time_of_day,-0.05116636481068193,-0.016893746202155807
val,2019-09-17,13:15:00,5,factor_spy,0.05171636460648124,0.07167410121642631
val,2019-09-17,13:15:00,5,quadratic_c0_etf,0.2814801218964267,0.2975216717040686
val,2019-09-17,13:15:00,5,quadratic_c0_single,0.15345706936164624,0.1356453660521642
val,2019-09-17,13:15:00,15,quadratic_c0,0.09230181599998773,0.07547695143877121
val,2019-09-17,13:15:00,15,independent_ou,0.10866864927693183,0.10040865640829659
val,2019-09-17,13:15:00,15,flexible_moments,0.14967430331794118,0.12255820748791572
val,2019-09-17,13:15:00,15,heterogeneous,0.09468226930640054,0.0811569115607771
val,2019-09-17,13:15:00,15,time_of_day,-0.0015288928085302883,0.0023502922831245415
val,2019-09-17,13:15:00,15,factor_spy,0.12683139838376406,0.124278365177086
val,2019-09-17,13:15:00,15,quadratic_c0_etf,0.5656038376343183,0.5704272426893237
val,2019-09-17,13:15:00,15,quadratic_c0_single,0.2051100299739939,0.20185176449641568
val,2019-09-17,13:15:00,30,quadratic_c0,0.1522060586359596,0.15271144179738586
val,2019-09-17,13:15:00,30,independent_ou,0.13594062575859425,0.05826997263245298
val,2019-09-17,13:15:00,30,flexible_moments,0.09732450350012165,0.09956173712066987
val,2019-09-17,13:15:00,30,heterogeneous,0.1233283988332872,0.10657136526432101
val,2019-09-17,13:15:00,30,time_of_day,0.05016432375109217,0.037373313970809494
val,2019-09-17,13:15:00,30,factor_spy,0.16035116023310203,0.13701043575692426
val,2019-09-17,13:15:00,30,quadratic_c0_etf,0.046217105734051356,0.04979758695636097
val,2019-09-17,13:15:00,30,quadratic_c0_single,0.1985458141895639,0.20385828616669321
val,2019-09-17,13:30:00,1,quadratic_c0,0.03186993012985084,0.0430005973871157
val,2019-09-17,13:30:00,1,independent_ou,0.023133907111984903,0.015267743155295638
val,2019-09-17,13:30:00,1,flexible_moments,0.010661596642835947,0.0024876929222370503
val,2019-09-17,13:30:00,1,heterogeneous,-0.014838434108979642,-0.03774967613512639
val,2019-09-17,13:30:00,1,time_of_day,-0.10791910243900661,-0.09880912221903568
val,2019-09-17,13:30:00,1,factor_spy,-0.021702727922311787,-0.026160542311393448
val,2019-09-17,13:30:00,1,quadratic_c0_etf,0.17119911776402466,0.16975182582531692
val,2019-09-17,13:30:00,1,quadratic_c0_single,0.0045696506708681195,0.007716041310435351
val,2019-09-17,13:30:00,5,quadratic_c0,-0.02544367868475564,-0.008121889653095155
val,2019-09-17,13:30:00,5,independent_ou,0.007999183216612998,0.02036703504058454
val,2019-09-17,13:30:00,5,flexible_moments,0.038456742039869984,0.017969848558009094
val,2019-09-17,13:30:00,5,heterogeneous,0.05105179060900805,0.028083180611089775
val,2019-09-17,13:30:00,5,time_of_day,-0.11239818431065007,-0.09177526420048232
val,2019-09-17,13:30:00,5,factor_spy,0.021444556720809083,0.04328827360535542
val,2019-09-17,13:30:00,5,quadratic_c0_etf,0.3380396045220669,0.3285914015226845
val,2019-09-17,13:30:00,5,quadratic_c0_single,-0.07743311060830918,-0.06189897186707469
val,2019-09-17,13:30:00,15,quadratic_c0,0.058543701026677636,0.08026751971007949
val,2019-09-17,13:30:00,15,independent_ou,0.08758248770761892,0.06383517615451569
val,2019-09-17,13:30:00,15,flexible_moments,0.052124145944407646,0.05727922649915802
val,2019-09-17,13:30:00,15,heterogeneous,0.05453158853511669,0.06172334912861137
val,2019-09-17,13:30:00,15,time_of_day,0.003926047078798206,0.00998423953192018
val,2019-09-17,13:30:00,15,factor_spy,0.03090440769717273,0.03740150102643451
val,2019-09-17,13:30:00,15,quadratic_c0_etf,0.10805157130695581,0.12595101999719072
val,2019-09-17,13:30:00,15,quadratic_c0_single,0.06349587040073731,0.07005550941218754
val,2019-09-17,13:30:00,30,quadratic_c0,-0.03828298097983354,-0.007269739050846519
val,2019-09-17,13:30:00,30,independent_ou,0.03918955316252798,0.03268634052125219
val,2019-09-17,13:30:00,30,flexible_moments,0.006952072967456646,0.012830138249468992
val,2019-09-17,13:30:00,30,heterogeneous,0.03825265242298209,0.06369489918315124
val,2019-09-17,13:30:00,30,time_of_day,-0.08180888637412459,-0.05088816299987578
val,2019-09-17,13:30:00,30,factor_spy,-0.062024614260984434,-0.04520383810186068
val,2019-09-17,13:30:00,30,quadratic_c0_etf,0.19749730686181866,0.1495179091147576
val,2019-09-17,13:30:00,30,quadratic_c0_single,-0.09370304754359471,-0.043497879662024286
val,2019-09-17,13:45:00,1,quadratic_c0,-0.01962884996211206,0.0006965404020675692
val,2019-09-17,13:45:00,1,independent_ou,0.008170696513085024,0.003230725783002736
val,2019-09-17,13:45:00,1,flexible_moments,0.007983983966968644,0.019336579224037448
val,2019-09-17,13:45:00,1,heterogeneous,0.1560282464736239,0.155403880004059
val,2019-09-17,13:45:00,1,time_of_day,-0.016642561245633236,-0.008285283423416612
val,2019-09-17,13:45:00,1,factor_spy,0.03870048521972938,0.04941527119756947
val,2019-09-17,13:45:00,1,quadratic_c0_etf,0.04011238060863301,0.04440626561157171
val,2019-09-17,13:45:00,1,quadratic_c0_single,0.0578070420087842,0.07369444100471106
val,2019-09-17,13:45:00,5,quadratic_c0,0.1329565468227783,0.15786102800499713
val,2019-09-17,13:45:00,5,independent_ou,0.024022064204940297,0.028688821866434677
val,2019-09-17,13:45:00,5,flexible_moments,0.004379432111224157,0.024832925383014792
val,2019-09-17,13:45:00,5,heterogeneous,0.12384868622854162,0.0757101646789502
val,2019-09-17,13:45:00,5,time_of_day,-0.044632376934833184,-0.029653464420243608
val,2019-09-17,13:45:00,5,factor_spy,-0.0919812107631057,-0.09226573218069159
val,2019-09-17,13:45:00,5,quadratic_c0_etf,0.3837371614020913,0.33994266547479596
val,2019-09-17,13:45:00,5,quadratic_c0_single,0.09529888784071144,0.10244487747071052
val,2019-09-17,13:45:00,15,quadratic_c0,0.10088408989242378,0.14027433090991817
val,2019-09-17,13:45:00,15,independent_ou,0.05929894857902815,0.11157746453523723
val,2019-09-17,13:45:00,15,flexible_moments,0.042865960460831826,0.07674188006277613
val,2019-09-17,13:45:00,15,heterogeneous,0.07439646077058285,0.09523701975242185
val,2019-09-17,13:45:00,15,time_of_day,-0.03478419042784661,-0.000675022030728778
val,2019-09-17,13:45:00,15,factor_spy,0.06700555276616535,0.11287335367991982
val,2019-09-17,13:45:00,15,quadratic_c0_etf,0.19710114970561252,0.24565069677454796
val,2019-09-17,13:45:00,15,quadratic_c0_single,0.12382124178197537,0.1529861717907374
val,2019-09-17,13:45:00,30,quadratic_c0,0.024430039750909086,0.009776851327822286
val,2019-09-17,13:45:00,30,independent_ou,0.06059694830809366,0.03437460892075317
val,2019-09-17,13:45:00,30,flexible_moments,0.004492757489026611,-0.0060348169726196915
val,2019-09-17,13:45:00,30,heterogeneous,0.0850358417989834,0.07822780968085644
val,2019-09-17,13:45:00,30,time_of_day,-0.03063003002028894,-0.033206069424074294
val,2019-09-17,13:45:00,30,factor_spy,0.1751492049899459,0.15097012007480123
val,2019-09-17,13:45:00,30,quadratic_c0_etf,0.10643665468102638,0.10533615837650503
val,2019-09-17,13:45:00,30,quadratic_c0_single,0.05689361616862286,0.036960812013693056
val,2019-09-17,14:00:00,1,quadratic_c0,-0.045875669251008944,0.0018839329413341543
val,2019-09-17,14:00:00,1,independent_ou,-0.05016085224867689,-0.03195673131260093
val,2019-09-17,14:00:00,1,flexible_moments,-0.11475308161525377,-0.06848724801996459
val,2019-09-17,14:00:00,1,heterogeneous,-0.02075803142066812,0.016925719119488924
val,2019-09-17,14:00:00,1,time_of_day,-0.1856943434964488,-0.14431443021524037
val,2019-09-17,14:00:00,1,factor_spy,-0.029190630110445426,0.0029146390610848005
val,2019-09-17,14:00:00,1,quadratic_c0_etf,-0.14288912595648984,-0.10474678236086071
val,2019-09-17,14:00:00,1,quadratic_c0_single,-0.009003930879324551,0.03551283069243144
val,2019-09-17,14:00:00,5,quadratic_c0,-0.07266559622669297,-0.030999501557241488
val,2019-09-17,14:00:00,5,independent_ou,0.07324991217185492,0.0952831167498755
val,2019-09-17,14:00:00,5,flexible_moments,-0.10253608111684762,-0.08413663334489987
val,2019-09-17,14:00:00,5,heterogeneous,-0.10048057093153079,-0.06373330862576367
val,2019-09-17,14:00:00,5,time_of_day,-0.1442377943818116,-0.10005690145752902
val,2019-09-17,14:00:00,5,factor_spy,-0.15400975635393713,-0.11681529247118606
val,2019-09-17,14:00:00,5,quadratic_c0_etf,0.14199297182182555,0.14865127273900197
val,2019-09-17,14:00:00,5,quadratic_c0_single,-0.029097602548871615,-0.016123384424968218
val,2019-09-17,14:00:00,15,quadratic_c0,-0.10875305043762196,-0.07620444274403501
val,2019-09-17,14:00:00,15,independent_ou,-0.10707973576975893,-0.08178254410419979
val,2019-09-17,14:00:00,15,flexible_moments,-0.08264720623497335,-0.05789816870507672
val,2019-09-17,14:00:00,15,heterogeneous,-0.06407446810316561,-0.047155215226430625
val,2019-09-17,14:00:00,15,time_of_day,-0.1646641740668356,-0.13256604971530295
val,2019-09-17,14:00:00,15,factor_spy,-0.10102844552341547,-0.08314531334856336
val,2019-09-17,14:00:00,15,quadratic_c0_etf,0.08991547977647082,0.08155104350195394
val,2019-09-17,14:00:00,15,quadratic_c0_single,-0.05649889215145196,-0.03760151621058061
val,2019-09-17,14:00:00,30,quadratic_c0,-0.10552285229160749,-0.08792447339669371
val,2019-09-17,14:00:00,30,independent_ou,-0.09956927203050706,-0.09836014303121382
val,2019-09-17,14:00:00,30,flexible_moments,-0.2095951370758035,-0.1839567063774893
val,2019-09-17,14:00:00,30,heterogeneous,-0.06214707758231988,-0.05759849480822357
val,2019-09-17,14:00:00,30,time_of_day,-0.1697987189090167,-0.13911216652976977
val,2019-09-17,14:00:00,30,factor_spy,-0.1858090166024312,-0.16398626303164965
val,2019-09-17,14:00:00,30,quadratic_c0_etf,0.14117318064052287,0.16224928688905604
val,2019-09-17,14:00:00,30,quadratic_c0_single,-0.130656940465031,-0.1345830599116523
val,2019-09-17,14:15:00,1,quadratic_c0,0.07798825373466187,0.08638166067723331
val,2019-09-17,14:15:00,1,independent_ou,0.07948269569620875,0.07093510890797462
val,2019-09-17,14:15:00,1,flexible_moments,0.0902652683453177,0.07780908877510127
val,2019-09-17,14:15:00,1,heterogeneous,0.05250772782469407,0.0567423534777176
val,2019-09-17,14:15:00,1,time_of_day,0.047470028623181865,0.02352683217208
val,2019-09-17,14:15:00,1,factor_spy,0.09639066799822421,0.0688745527014069
val,2019-09-17,14:15:00,1,quadratic_c0_etf,0.01505090599998088,0.014620995393390901
val,2019-09-17,14:15:00,1,quadratic_c0_single,0.12343140140349884,0.12951675510481941
val,2019-09-17,14:15:00,5,quadratic_c0,0.07206476371507022,0.053450756795743834
val,2019-09-17,14:15:00,5,independent_ou,0.19801405052288962,0.1953567194451159
val,2019-09-17,14:15:00,5,flexible_moments,0.048614249984211835,0.033671210094104495
val,2019-09-17,14:15:00,5,heterogeneous,0.10954271574914863,0.09412860387602039
val,2019-09-17,14:15:00,5,time_of_day,-0.025953577348901483,-0.013746892281540204
val,2019-09-17,14:15:00,5,factor_spy,0.003964743791139078,0.0056415162784477085
val,2019-09-17,14:15:00,5,quadratic_c0_etf,0.023069818480863605,0.026537677627946815
val,2019-09-17,14:15:00,5,quadratic_c0_single,0.0981488322361634,0.08102523752802059
val,2019-09-17,14:15:00,15,quadratic_c0,0.06544804347843519,0.054389098385864726
val,2019-09-17,14:15:00,15,independent_ou,0.09987082218922633,0.09065667308532313
val,2019-09-17,14:15:00,15,flexible_moments,0.030138342395355816,0.0015875771764154167
val,2019-09-17,14:15:00,15,heterogeneous,-0.003646802942826516,-0.014092881113167144
val,2019-09-17,14:15:00,15,time_of_day,0.0006748320002550878,0.012184365317684132
val,2019-09-17,14:15:00,15,factor_spy,-0.022088103030179537,-0.017994994825193344
val,2019-09-17,14:15:00,15,quadratic_c0_etf,0.16231128885813595,0.13748365894272593
val,2019-09-17,14:15:00,15,quadratic_c0_single,0.08920569438154766,0.05192362797448946
val,2019-09-17,14:15:00,30,quadratic_c0,0.042141221187440035,0.03381559823641622
val,2019-09-17,14:15:00,30,independent_ou,0.12077444942455151,0.11808588997152047
val,2019-09-17,14:15:00,30,flexible_moments,0.07949961625964785,0.06732675095115387
val,2019-09-17,14:15:00,30,heterogeneous,0.07426636469789308,0.06772536368511105
val,2019-09-17,14:15:00,30,time_of_day,0.0011359199493146122,0.0019030378732854542
val,2019-09-17,14:15:00,30,factor_spy,0.14187872710969973,0.12460964903869032
val,2019-09-17,14:15:00,30,quadratic_c0_etf,0.14829201241721163,0.12832430141178397
val,2019-09-17,14:15:00,30,quadratic_c0_single,0.08200450520388183,0.07026132605691203
val,2019-09-17,14:30:00,1,quadratic_c0,0.06731452435498551,0.05174072442093586
val,2019-09-17,14:30:00,1,independent_ou,0.11555704018017644,0.09738668522679991
val,2019-09-17,14:30:00,1,flexible_moments,0.023565191280007253,-0.00023382943703363634
val,2019-09-17,14:30:00,1,heterogeneous,0.014400737460335877,0.011823562498922663
val,2019-09-17,14:30:00,1,time_of_day,0.039949119620431614,0.029533028189771535
val,2019-09-17,14:30:00,1,factor_spy,0.0806566000688146,0.06125274393124361
val,2019-09-17,14:30:00,1,quadratic_c0_etf,0.41275012991011606,0.2830473852830945
val,2019-09-17,14:30:00,1,quadratic_c0_single,0.08116246064138431,0.06483246359552478
val,2019-09-17,14:30:00,5,quadratic_c0,-0.11938639375944177,-0.119443794136403
val,2019-09-17,14:30:00,5,independent_ou,0.06243824948288093,0.0588785750611735
val,2019-09-17,14:30:00,5,flexible_moments,-0.04900331194562299,-0.05467598707770244
val,2019-09-17,14:30:00,5,heterogeneous,0.010020344215754623,-0.013395383325983834
val,2019-09-17,14:30:00,5,time_of_day,-0.08525390018692525,-0.08672216340103414
val,2019-09-17,14:30:00,5,factor_spy,-0.10151778982178095,-0.11352510730145743
val,2019-09-17,14:30:00,5,quadratic_c0_etf,0.10991340837248278,0.094969586896818
val,2019-09-17,14:30:00,5,quadratic_c0_single,-0.03470403189393942,-0.05152487803878317
val,2019-09-17,14:30:00,15,quadratic_c0,0.003207263470423369,-0.004933841207135359
val,2019-09-17,14:30:00,15,independent_ou,0.024903036239340606,0.0024640849645768126
val,2019-09-17,14:30:00,15,flexible_moments,0.013522228523731153,0.015214168526239732
val,2019-09-17,14:30:00,15,heterogeneous,-0.006263142555470003,-0.018897872534470714
val,2019-09-17,14:30:00,15,time_of_day,-0.06042551199040514,-0.06024802211351819
val,2019-09-17,14:30:00,15,factor_spy,0.07986510762877454,0.049294672262096856
val,2019-09-17,14:30:00,15,quadratic_c0_etf,-0.016929388882727547,-0.015349698895060021
val,2019-09-17,14:30:00,15,quadratic_c0_single,0.04494161545797333,0.026474932480326285
val,2019-09-17,14:30:00,30,quadratic_c0,0.09671083838214234,0.053823152623342876
val,2019-09-17,14:30:00,30,independent_ou,0.08251934593080948,0.0524896245505735
val,2019-09-17,14:30:00,30,flexible_moments,0.1259561503785204,0.08937326959077181
val,2019-09-17,14:30:00,30,heterogeneous,0.14354734749407247,0.09119756967805263
val,2019-09-17,14:30:00,30,time_of_day,0.08413109684504769,0.0456346333355999
val,2019-09-17,14:30:00,30,factor_spy,-0.00026741424648837886,-0.0010342129850225146
val,2019-09-17,14:30:00,30,quadratic_c0_etf,0.11772596137654953,0.10985455733368209
val,2019-09-17,14:30:00,30,quadratic_c0_single,0.16657292343076022,0.12419486119401608
val,2019-09-17,14:45:00,1,quadratic_c0,0.04659413888432955,0.03962434643569479
val,2019-09-17,14:45:00,1,independent_ou,0.08739169533033707,0.058113042786686164
val,2019-09-17,14:45:00,1,flexible_moments,0.13506368028139926,0.11621284378614752
val,2019-09-17,14:45:00,1,heterogeneous,0.1077700668992768,0.08924472646387771
val,2019-09-17,14:45:00,1,time_of_day,0.028316053809647856,0.017064219985159154
val,2019-09-17,14:45:00,1,factor_spy,0.054244479764744516,0.0370252567895934
val,2019-09-17,14:45:00,1,quadratic_c0_etf,0.15012571130976138,0.12938252941567602
val,2019-09-17,14:45:00,1,quadratic_c0_single,0.04683163039098216,0.03456612866629623
val,2019-09-17,14:45:00,5,quadratic_c0,0.04209934733668835,0.038269415790431735
val,2019-09-17,14:45:00,5,independent_ou,0.20599057057090128,0.18999503375587856
val,2019-09-17,14:45:00,5,flexible_moments,0.17941584279818665,0.17278796156701848
val,2019-09-17,14:45:00,5,heterogeneous,0.0028218608761582664,0.005795748870939102
val,2019-09-17,14:45:00,5,time_of_day,0.024007833582953164,0.019341175278578496
val,2019-09-17,14:45:00,5,factor_spy,0.028658725453658523,0.01595225388476368
val,2019-09-17,14:45:00,5,quadratic_c0_etf,0.3968778280927251,0.3783919074566623
val,2019-09-17,14:45:00,5,quadratic_c0_single,0.20746544301299805,0.18093618135989492
val,2019-09-17,14:45:00,15,quadratic_c0,0.1170699581177542,0.09599342913213127
val,2019-09-17,14:45:00,15,independent_ou,0.1281827655998939,0.13365988796846595
val,2019-09-17,14:45:00,15,flexible_moments,0.057179763409231005,0.07981136742761147
val,2019-09-17,14:45:00,15,heterogeneous,0.11480828952558558,0.09774511961373233
val,2019-09-17,14:45:00,15,time_of_day,0.10099007574956803,0.07492042855537517
val,2019-09-17,14:45:00,15,factor_spy,0.06704191256303504,0.06611082398961682
val,2019-09-17,14:45:00,15,quadratic_c0_etf,0.10237581947845742,0.09400732213678256
val,2019-09-17,14:45:00,15,quadratic_c0_single,0.18806154923494328,0.15320258142708398
val,2019-09-17,14:45:00,30,quadratic_c0,0.2128151558460401,0.20518435232969312
val,2019-09-17,14:45:00,30,independent_ou,0.23720667023100955,0.22410740543156776
val,2019-09-17,14:45:00,30,flexible_moments,0.10021293682367372,0.06285375188237985
val,2019-09-17,14:45:00,30,heterogeneous,-0.03191142095842639,-0.05894808352286493
val,2019-09-17,14:45:00,30,time_of_day,0.07017727726135592,0.06559732860691897
val,2019-09-17,14:45:00,30,factor_spy,0.08251225521609784,0.07397613519433571
val,2019-09-17,14:45:00,30,quadratic_c0_etf,-0.06156257770503609,-0.054561660188623545
val,2019-09-17,14:45:00,30,quadratic_c0_single,0.3344568615913116,0.33397207497419146
val,2019-09-17,15:00:00,1,quadratic_c0,0.06778501322462335,0.058678063871041075
val,2019-09-17,15:00:00,1,independent_ou,0.06192502451753315,0.07422956423584673
val,2019-09-17,15:00:00,1,flexible_moments,0.01018940920255268,0.01844733117108799
val,2019-09-17,15:00:00,1,heterogeneous,0.10025031004126375,0.11142159609775429
val,2019-09-17,15:00:00,1,time_of_day,-0.03330988092374383,-0.024992407180513
val,2019-09-17,15:00:00,1,factor_spy,0.0028686890802787635,-0.003129701300066484
val,2019-09-17,15:00:00,1,quadratic_c0_etf,0.03737517994069392,0.046643903994118385
val,2019-09-17,15:00:00,1,quadratic_c0_single,0.08869280539109511,0.07634345561764355
val,2019-09-17,15:00:00,5,quadratic_c0,-0.008825504485464042,0.009554380286634107
val,2019-09-17,15:00:00,5,independent_ou,0.01069742671036683,0.018280342796109877
val,2019-09-17,15:00:00,5,flexible_moments,-0.030652654978084143,-0.006500441806359336
val,2019-09-17,15:00:00,5,heterogeneous,0.006476077820349452,0.04307600207111295
val,2019-09-17,15:00:00,5,time_of_day,-0.11464556007667469,-0.0779059008265979
val,2019-09-17,15:00:00,5,factor_spy,-0.07345067885411508,-0.03894375307144207
val,2019-09-17,15:00:00,5,quadratic_c0_etf,0.04473323506631774,0.043099357136073574
val,2019-09-17,15:00:00,5,quadratic_c0_single,0.016242715485898812,0.024740041295153198
val,2019-09-17,15:00:00,15,quadratic_c0,0.22917693458752653,0.21971869510259878
val,2019-09-17,15:00:00,15,independent_ou,0.09298725732693247,0.07423147786564865
val,2019-09-17,15:00:00,15,flexible_moments,0.032106223406106804,0.018309756001587296
val,2019-09-17,15:00:00,15,heterogeneous,0.09018732720874195,0.06089803549063405
val,2019-09-17,15:00:00,15,time_of_day,0.08984773752965858,0.09129704827825297
val,2019-09-17,15:00:00,15,factor_spy,0.05376268290810271,0.05218274211043372
val,2019-09-17,15:00:00,15,quadratic_c0_etf,0.094896368081134,0.09856922193117174
val,2019-09-17,15:00:00,15,quadratic_c0_single,0.2719416744786145,0.25659027389390276
val,2019-09-17,15:00:00,30,quadratic_c0,-0.12147050692891137,-0.10115002284588435
val,2019-09-17,15:00:00,30,independent_ou,-0.058297097487753635,-0.03917422786936056
val,2019-09-17,15:00:00,30,flexible_moments,-0.11957749045226097,-0.08859666542797125
val,2019-09-17,15:00:00,30,heterogeneous,-0.09095495754747177,-0.07316829129989405
val,2019-09-17,15:00:00,30,time_of_day,-0.11046851224260655,-0.09428203057347448
val,2019-09-17,15:00:00,30,factor_spy,0.003354640976554052,-0.005527038769713555
val,2019-09-17,15:00:00,30,quadratic_c0_etf,0.13234874707220662,0.10390362108807996
val,2019-09-17,15:00:00,30,quadratic_c0_single,-0.12448890988545369,-0.1054030213949066
val,2019-09-17,15:15:00,1,quadratic_c0,-0.052374907519337544,-0.023631670453935494
val,2019-09-17,15:15:00,1,independent_ou,-0.007226656331797865,-0.004049362897331543
val,2019-09-17,15:15:00,1,flexible_moments,-0.1035823059054013,-0.0670481041989418
val,2019-09-17,15:15:00,1,heterogeneous,-0.07426848698144095,-0.06173561451530629
val,2019-09-17,15:15:00,1,time_of_day,-0.2740479587685774,-0.24505641612834914
val,2019-09-17,15:15:00,1,factor_spy,-0.08508668800375013,-0.07083730462744298
val,2019-09-17,15:15:00,1,quadratic_c0_etf,-0.04206825905464123,-0.04965458336021694
val,2019-09-17,15:15:00,1,quadratic_c0_single,-0.03793417403733079,0.002031373810080228
val,2019-09-17,15:15:00,5,quadratic_c0,-0.023928763357529692,-0.03177739395152451
val,2019-09-17,15:15:00,5,independent_ou,-0.05599640631365249,-0.09168102455094698
val,2019-09-17,15:15:00,5,flexible_moments,-0.0898586561433706,-0.1249436727625676
val,2019-09-17,15:15:00,5,heterogeneous,-0.13008305426471425,-0.1592817824543971
val,2019-09-17,15:15:00,5,time_of_day,-0.1988927049523116,-0.20741795320283613
val,2019-09-17,15:15:00,5,factor_spy,-0.13935095901095942,-0.14559630081598002
val,2019-09-17,15:15:00,5,quadratic_c0_etf,0.5667078312383671,0.5504258914997875
val,2019-09-17,15:15:00,5,quadratic_c0_single,-0.12775212102865263,-0.15844614586969247
val,2019-09-17,15:15:00,15,quadratic_c0,-0.13230557936777557,-0.11594245550554633
val,2019-09-17,15:15:00,15,independent_ou,-0.13928066799929412,-0.13437451061190792
val,2019-09-17,15:15:00,15,flexible_moments,-0.12689661205470706,-0.11834481750486944
val,2019-09-17,15:15:00,15,heterogeneous,-0.21062022560727814,-0.18218531203698218
val,2019-09-17,15:15:00,15,time_of_day,-0.19178231530292483,-0.1804866580298254
val,2019-09-17,15:15:00,15,factor_spy,-0.17764867824261518,-0.15307061888170578
val,2019-09-17,15:15:00,15,quadratic_c0_etf,-0.09420233271672276,-0.1160308448954496
val,2019-09-17,15:15:00,15,quadratic_c0_single,-0.12107918830611383,-0.10539686021889627
val,2019-09-17,15:15:00,30,quadratic_c0,-0.0956176021210572,-0.09192098164770893
val,2019-09-17,15:15:00,30,independent_ou,-0.06414081386393211,-0.06247782985084774
val,2019-09-17,15:15:00,30,flexible_moments,0.04120784937798763,0.01789940584446087
val,2019-09-17,15:15:00,30,heterogeneous,0.05354495120996908,-0.005708816654917598
val,2019-09-17,15:15:00,30,time_of_day,-0.12481115236072718,-0.11842397046759143
val,2019-09-17,15:15:00,30,factor_spy,-0.12050489532468867,-0.12188136778547465
val,2019-09-17,15:15:00,30,quadratic_c0_etf,0.09517491855073698,0.051320789869487154
val,2019-09-17,15:15:00,30,quadratic_c0_single,-0.06400629917907968,-0.06440767193339794
val,2019-09-17,15:30:00,1,quadratic_c0,0.02066044637899364,0.014830644533407475
val,2019-09-17,15:30:00,1,independent_ou,0.011827734138846385,0.005975680101015027
val,2019-09-17,15:30:00,1,flexible_moments,-0.01134896744251572,-0.014221413614564901
val,2019-09-17,15:30:00,1,heterogeneous,0.12184918292346936,0.09904130907384906
val,2019-09-17,15:30:00,1,time_of_day,-0.01961719573226578,-0.01731337133784614
val,2019-09-17,15:30:00,1,factor_spy,0.05327104583209874,0.0468412722054426
val,2019-09-17,15:30:00,1,quadratic_c0_etf,0.2503212682972122,0.2585849922020853
val,2019-09-17,15:30:00,1,quadratic_c0_single,0.08848960655170462,0.08583940458546105
val,2019-09-17,15:30:00,5,quadratic_c0,7.474418847246145e-05,0.012241875409860409
val,2019-09-17,15:30:00,5,independent_ou,0.01708786359590196,0.01868133734998971
val,2019-09-17,15:30:00,5,flexible_moments,0.10311145909474649,0.09922322752966557
val,2019-09-17,15:30:00,5,heterogeneous,0.05245584954006731,0.04378720681265354
val,2019-09-17,15:30:00,5,time_of_day,0.007099629514210934,0.01885931224969646
val,2019-09-17,15:30:00,5,factor_spy,0.10391713221666683,0.09162062927934082
val,2019-09-17,15:30:00,5,quadratic_c0_etf,0.01154984981458175,0.02356433015792489
val,2019-09-17,15:30:00,5,quadratic_c0_single,0.044528570851645924,0.04997099466778322
val,2019-09-17,15:30:00,15,quadratic_c0,0.08825736503572315,0.07890306734555624
val,2019-09-17,15:30:00,15,independent_ou,-0.006084464895970115,-0.01124905088263417
val,2019-09-17,15:30:00,15,flexible_moments,0.02232676347253379,0.017817278352900534
val,2019-09-17,15:30:00,15,heterogeneous,-0.032982196301152816,-0.03139923384490677
val,2019-09-17,15:30:00,15,time_of_day,-0.048934024751075084,-0.04016032820542173
val,2019-09-17,15:30:00,15,factor_spy,-0.02147582606331659,-0.015540461958575641
val,2019-09-17,15:30:00,15,quadratic_c0_etf,0.1664029217095294,0.1591995229809584
val,2019-09-17,15:30:00,15,quadratic_c0_single,0.08034620562963934,0.06992692811503295
val,2019-09-17,15:45:00,1,quadratic_c0,-0.027988356522488878,-0.0316044232242534
val,2019-09-17,15:45:00,1,independent_ou,-0.04825448914229441,-0.046500245358011505
val,2019-09-17,15:45:00,1,flexible_moments,0.03671102350410327,0.026115393069593235
val,2019-09-17,15:45:00,1,heterogeneous,0.01329400120965643,0.020040294437331296
val,2019-09-17,15:45:00,1,time_of_day,-0.08212276184307331,-0.07831078545972983
val,2019-09-17,15:45:00,1,factor_spy,0.0015996042257289955,0.005647531161990016
val,2019-09-17,15:45:00,1,quadratic_c0_etf,0.06137641028770105,0.0391959252525875
val,2019-09-17,15:45:00,1,quadratic_c0_single,0.019648438788259115,0.020428114627486005
val,2019-09-17,15:45:00,5,quadratic_c0,0.06980214384862621,0.061435548206827506
val,2019-09-17,15:45:00,5,independent_ou,0.06686076871885582,0.06735715588148547
val,2019-09-17,15:45:00,5,flexible_moments,0.10723860414907865,0.1045269318056431
val,2019-09-17,15:45:00,5,heterogeneous,0.08486120463865884,0.06560853018851262
val,2019-09-17,15:45:00,5,time_of_day,-0.024132866248189486,-0.02166650211996754
val,2019-09-17,15:45:00,5,factor_spy,0.07566937687374375,0.07595575334501739
val,2019-09-17,15:45:00,5,quadratic_c0_etf,0.5017521748705156,0.514193432491768
val,2019-09-17,15:45:00,5,quadratic_c0_single,0.27683314290337635,0.2728450917778271
val_fixed_am_pm,2019-09-17,10:00:00,300,quadratic_c0,0.018455504501861453,-0.011729275708293546
val_fixed_am_pm,2019-09-17,10:00:00,300,independent_ou,0.0087216335413281,-0.013008699771652033
val,2019-09-18,09:45:00,1,quadratic_c0,0.008420708261898918,0.016627090506854972
val,2019-09-18,09:45:00,1,independent_ou,0.034764702285269025,0.028495083390894002
val,2019-09-18,09:45:00,1,flexible_moments,0.04426201769403969,0.039133799346402987
val,2019-09-18,09:45:00,1,heterogeneous,0.06026030544699641,0.01582155246839148
val,2019-09-18,09:45:00,1,time_of_day,0.0947982131189702,0.10023282148791893
val,2019-09-18,09:45:00,1,factor_spy,0.029384917068802904,0.02914239937459631
val,2019-09-18,09:45:00,1,quadratic_c0_etf,0.20175198559160568,0.19119584884390792
val,2019-09-18,09:45:00,1,quadratic_c0_single,0.014805270088621272,0.024890587125216246
val,2019-09-18,09:45:00,5,quadratic_c0,0.05296227058031888,0.014701347436783474
val,2019-09-18,09:45:00,5,independent_ou,-0.011811922254328727,-0.005024395468619713
val,2019-09-18,09:45:00,5,flexible_moments,-0.0074229493147393855,-0.022523380207471466
val,2019-09-18,09:45:00,5,heterogeneous,0.03604308413286389,0.03412609776429962
val,2019-09-18,09:45:00,5,time_of_day,-0.07074793902033949,-0.07797787484850245
val,2019-09-18,09:45:00,5,factor_spy,-0.00119418201885102,0.007212964962999807
val,2019-09-18,09:45:00,5,quadratic_c0_etf,-0.04299755151416504,-0.056650225518300096
val,2019-09-18,09:45:00,5,quadratic_c0_single,0.10404334385895136,0.07169415395414147
val,2019-09-18,09:45:00,15,quadratic_c0,0.04042531355344198,0.010780371218321719
val,2019-09-18,09:45:00,15,independent_ou,0.1388950299182692,0.13430809930322885
val,2019-09-18,09:45:00,15,flexible_moments,0.031592885545672134,0.02308387679842136
val,2019-09-18,09:45:00,15,heterogeneous,0.034837029367332295,0.022716035730463616
val,2019-09-18,09:45:00,15,time_of_day,-0.0033840192076110276,-0.001535488267493848
val,2019-09-18,09:45:00,15,factor_spy,0.08652635771041256,0.04724424070362018
val,2019-09-18,09:45:00,15,quadratic_c0_etf,0.12164397100332716,0.10382901484547682
val,2019-09-18,09:45:00,15,quadratic_c0_single,0.07089538481282112,0.039634408858659764
val,2019-09-18,09:45:00,30,quadratic_c0,-0.004744257686094516,-0.007466040877442931
val,2019-09-18,09:45:00,30,independent_ou,0.05608782763403705,0.07738812269370668
val,2019-09-18,09:45:00,30,flexible_moments,-0.04690897991840248,-0.03462761467105602
val,2019-09-18,09:45:00,30,heterogeneous,-0.05164965897499499,-0.0608213789514494
val,2019-09-18,09:45:00,30,time_of_day,-0.12050947421698682,-0.10869669834409552
val,2019-09-18,09:45:00,30,factor_spy,0.12183087826642333,0.11838671412547089
val,2019-09-18,09:45:00,30,quadratic_c0_etf,0.04229884772440265,0.05307062426526396
val,2019-09-18,09:45:00,30,quadratic_c0_single,0.07275457591490739,0.0739952712027607
val,2019-09-18,10:00:00,1,quadratic_c0,-0.009542010175987908,-0.006082742524763318
val,2019-09-18,10:00:00,1,independent_ou,0.06722669520073546,0.05310302478365543
val,2019-09-18,10:00:00,1,flexible_moments,0.08380462403278316,0.046603715147437455
val,2019-09-18,10:00:00,1,heterogeneous,0.03412158001802787,0.020262638158491456
val,2019-09-18,10:00:00,1,time_of_day,-0.015453923779989678,-0.030779918709682483
val,2019-09-18,10:00:00,1,factor_spy,-0.02287967457962921,-0.02096321865861417
val,2019-09-18,10:00:00,1,quadratic_c0_etf,0.5782968387177305,0.5282585172086376
val,2019-09-18,10:00:00,1,quadratic_c0_single,0.06105171817944158,0.04166301445525876
val,2019-09-18,10:00:00,5,quadratic_c0,-0.0459399993007852,-0.04746658314891654
val,2019-09-18,10:00:00,5,independent_ou,-0.03198740716601178,-0.04283562828616859
val,2019-09-18,10:00:00,5,flexible_moments,0.09878854058285144,0.08249665763680153
val,2019-09-18,10:00:00,5,heterogeneous,0.03981069900719908,0.02175646950693702
val,2019-09-18,10:00:00,5,time_of_day,-0.0709718070175888,-0.06405622066616372
val,2019-09-18,10:00:00,5,factor_spy,0.005533582578355262,-0.01331195989911893
val,2019-09-18,10:00:00,5,quadratic_c0_etf,0.4472607114746836,0.4047360884098037
val,2019-09-18,10:00:00,5,quadratic_c0_single,0.08924413214053814,0.08972977436642013
val,2019-09-18,10:00:00,15,quadratic_c0,0.05987591334933082,0.05257257134237567
val,2019-09-18,10:00:00,15,independent_ou,-0.03480758984778401,-0.038679091007589095
val,2019-09-18,10:00:00,15,flexible_moments,-0.07212432677849305,-0.06301042785392612
val,2019-09-18,10:00:00,15,heterogeneous,-0.03160428371281754,-0.03378378010555835
val,2019-09-18,10:00:00,15,time_of_day,-0.06122519149723027,-0.052003181370164644
val,2019-09-18,10:00:00,15,factor_spy,0.0018433875195103255,0.011525566980316398
val,2019-09-18,10:00:00,15,quadratic_c0_etf,-0.019833836169652924,-0.005791764612597006
val,2019-09-18,10:00:00,15,quadratic_c0_single,0.09625597699284397,0.07033563011128044
val,2019-09-18,10:00:00,30,quadratic_c0,0.07441000426216098,0.0805898008209508
val,2019-09-18,10:00:00,30,independent_ou,0.0060269907511900506,0.01684691837585197
val,2019-09-18,10:00:00,30,flexible_moments,0.01037480957110333,0.01017289426616378
val,2019-09-18,10:00:00,30,heterogeneous,0.10359789434482912,0.06943150651655203
val,2019-09-18,10:00:00,30,time_of_day,0.032317178833226795,0.04717168624277727
val,2019-09-18,10:00:00,30,factor_spy,0.09788183495690221,0.08890745217135876
val,2019-09-18,10:00:00,30,quadratic_c0_etf,0.4847093554230318,0.4473643605063874
val,2019-09-18,10:00:00,30,quadratic_c0_single,0.07977467658065253,0.0853473678088921
val,2019-09-18,10:15:00,1,quadratic_c0,0.1566804502396433,0.15996868496096128
val,2019-09-18,10:15:00,1,independent_ou,0.015877156543331855,0.0035036117277328915
val,2019-09-18,10:15:00,1,flexible_moments,0.04364893265600814,0.06704121381718395
val,2019-09-18,10:15:00,1,heterogeneous,0.0378539209982878,0.03450459447703022
val,2019-09-18,10:15:00,1,time_of_day,-0.03617626360461715,-0.02691533781449304
val,2019-09-18,10:15:00,1,factor_spy,0.013651662308785173,0.027896366687525515
val,2019-09-18,10:15:00,1,quadratic_c0_etf,0.14106193157584454,0.13086794338767016
val,2019-09-18,10:15:00,1,quadratic_c0_single,0.28730753049566793,0.30526121966817604
val,2019-09-18,10:15:00,5,quadratic_c0,-0.0029142681231418277,0.009745236061560109
val,2019-09-18,10:15:00,5,independent_ou,0.13371966206317049,0.14515985505988685
val,2019-09-18,10:15:00,5,flexible_moments,0.03174677790487107,0.04419621660940867
val,2019-09-18,10:15:00,5,heterogeneous,-0.11763123930461206,-0.10258549710281897
val,2019-09-18,10:15:00,5,time_of_day,-0.11080428966835992,-0.10410923160410956
val,2019-09-18,10:15:00,5,factor_spy,-0.07820264079744874,-0.08388090935279291
val,2019-09-18,10:15:00,5,quadratic_c0_etf,0.08060387413662456,0.08576303693594742
val,2019-09-18,10:15:00,5,quadratic_c0_single,-0.013073515019348836,-0.005258746432078132
val,2019-09-18,10:15:00,15,quadratic_c0,-0.053694144172473535,-0.04049235199910865
val,2019-09-18,10:15:00,15,independent_ou,-0.008152439601749828,-0.006381778112023784
val,2019-09-18,10:15:00,15,flexible_moments,-0.011812369378798787,-0.019564086805772013
val,2019-09-18,10:15:00,15,heterogeneous,-0.013719223279775594,-0.022940784260140595
val,2019-09-18,10:15:00,15,time_of_day,-0.06132606142818324,-0.04483371880141716
val,2019-09-18,10:15:00,15,factor_spy,0.08334674799957012,0.03335974025886293
val,2019-09-18,10:15:00,15,quadratic_c0_etf,0.07191123783735873,0.05300541247494797
val,2019-09-18,10:15:00,15,quadratic_c0_single,0.036355326367104895,0.030643660761723396
val,2019-09-18,10:15:00,30,quadratic_c0,0.09077229204533031,0.08701787116787722
val,2019-09-18,10:15:00,30,independent_ou,0.0914254448335393,0.07105421765762802
val,2019-09-18,10:15:00,30,flexible_moments,0.12586513425170404,0.11986103211462894
val,2019-09-18,10:15:00,30,heterogeneous,0.08431263568025542,0.09117361322215785
val,2019-09-18,10:15:00,30,time_of_day,-0.01057190914567041,-0.003106396719677537
val,2019-09-18,10:15:00,30,factor_spy,0.063480498696814,0.06512183165690595
val,2019-09-18,10:15:00,30,quadratic_c0_etf,0.42285700563052375,0.33825283344103757
val,2019-09-18,10:15:00,30,quadratic_c0_single,0.15884027997928646,0.13731998812014456
val,2019-09-18,10:30:00,1,quadratic_c0,0.019811337167465,0.0007237611120353704
val,2019-09-18,10:30:00,1,independent_ou,-0.06358823914580489,-0.06848663017046598
val,2019-09-18,10:30:00,1,flexible_moments,-0.01095747910044989,-0.021792130393519293
val,2019-09-18,10:30:00,1,heterogeneous,-0.026351766068365284,-0.047209268627279075
val,2019-09-18,10:30:00,1,time_of_day,-0.029285093843760268,-0.03559193608520203
val,2019-09-18,10:30:00,1,factor_spy,-0.05028176650622923,-0.05898887003703843
val,2019-09-18,10:30:00,1,quadratic_c0_etf,0.2463338711521086,0.19746512033777922
val,2019-09-18,10:30:00,1,quadratic_c0_single,0.00844087714173225,-0.0077150800127473995
val,2019-09-18,10:30:00,5,quadratic_c0,0.10409619501395495,0.10485650680291977
val,2019-09-18,10:30:00,5,independent_ou,0.00904528764573273,-0.0015177657859543336
val,2019-09-18,10:30:00,5,flexible_moments,-0.08755159706985408,-0.09365178490450905
val,2019-09-18,10:30:00,5,heterogeneous,-0.02176662411548974,-0.017427600896426754
val,2019-09-18,10:30:00,5,time_of_day,-0.02369169941494323,-0.03589550978780515
val,2019-09-18,10:30:00,5,factor_spy,0.008334923330380412,-0.013656542857952536
val,2019-09-18,10:30:00,5,quadratic_c0_etf,0.016709797570768903,0.020707622163157607
val,2019-09-18,10:30:00,5,quadratic_c0_single,0.1367372695364032,0.13046703691067343
val,2019-09-18,10:30:00,15,quadratic_c0,-0.06277438979503619,-0.06130253023094796
val,2019-09-18,10:30:00,15,independent_ou,0.02295996116165222,0.006516726062552408
val,2019-09-18,10:30:00,15,flexible_moments,0.06566129880197955,0.0337710375299729
val,2019-09-18,10:30:00,15,heterogeneous,0.21058947012996923,0.164575114976386
val,2019-09-18,10:30:00,15,time_of_day,-0.07412846386509388,-0.07528439310932494
val,2019-09-18,10:30:00,15,factor_spy,0.06903751713739756,0.04676700028834008
val,2019-09-18,10:30:00,15,quadratic_c0_etf,0.12647521557214322,0.07747761356593366
val,2019-09-18,10:30:00,15,quadratic_c0_single,-0.035240578966750674,-0.03810238559311835
val,2019-09-18,10:30:00,30,quadratic_c0,0.08280953199747937,0.058767068826297175
val,2019-09-18,10:30:00,30,independent_ou,-0.07964065604174317,-0.07052430224600342
val,2019-09-18,10:30:00,30,flexible_moments,-0.04346157720172367,-0.04560854592704838
val,2019-09-18,10:30:00,30,heterogeneous,-0.07517959207737046,-0.0827589442068485
val,2019-09-18,10:30:00,30,time_of_day,-0.08705691635262772,-0.08501424773594528
val,2019-09-18,10:30:00,30,factor_spy,0.002266121092960871,0.007095622002043861
val,2019-09-18,10:30:00,30,quadratic_c0_etf,-0.08832040559581472,-0.06276520659025248
val,2019-09-18,10:30:00,30,quadratic_c0_single,0.1492568690945817,0.1207539838077214
val,2019-09-18,10:45:00,1,quadratic_c0,0.09585711858690679,0.10314095383730876
val,2019-09-18,10:45:00,1,independent_ou,0.09438431511317716,0.08728565679494227
val,2019-09-18,10:45:00,1,flexible_moments,0.004542165855882435,0.015515342725408332
val,2019-09-18,10:45:00,1,heterogeneous,0.117363345261918,0.10554741797904618
val,2019-09-18,10:45:00,1,time_of_day,0.025598080751937147,0.03091015115175272
val,2019-09-18,10:45:00,1,factor_spy,0.053953951259888916,0.07029124592645164
val,2019-09-18,10:45:00,1,quadratic_c0_etf,0.032731657710422996,0.041945181584993024
val,2019-09-18,10:45:00,1,quadratic_c0_single,0.13845583364190228,0.13821820436989865
val,2019-09-18,10:45:00,5,quadratic_c0,0.05383083830050167,0.0651421858477493
val,2019-09-18,10:45:00,5,independent_ou,0.10353848223825685,0.10875915093193878
val,2019-09-18,10:45:00,5,flexible_moments,-0.023364676727291922,-0.02261093654369163
val,2019-09-18,10:45:00,5,heterogeneous,0.02205996862045498,0.021498680958203148
val,2019-09-18,10:45:00,5,time_of_day,-0.04036086559080028,-0.024660489213254783
val,2019-09-18,10:45:00,5,factor_spy,0.02603673797843853,0.02128105303875988
val,2019-09-18,10:45:00,5,quadratic_c0_etf,0.17972289293459043,0.1992441852834275
val,2019-09-18,10:45:00,5,quadratic_c0_single,0.03438517938012048,0.04902512960237457
val,2019-09-18,10:45:00,15,quadratic_c0,0.144158619947992,0.13949149737114064
val,2019-09-18,10:45:00,15,independent_ou,0.16373048080941327,0.11241843959776195
val,2019-09-18,10:45:00,15,flexible_moments,0.027857960478817473,0.0283853421804688
val,2019-09-18,10:45:00,15,heterogeneous,0.09386023230413396,0.07720092799877552
val,2019-09-18,10:45:00,15,time_of_day,0.01240308091945233,0.01988283832766241
val,2019-09-18,10:45:00,15,factor_spy,0.06892244931742353,0.07238538718746608
val,2019-09-18,10:45:00,15,quadratic_c0_etf,0.07075336067424132,0.07895994954632114
val,2019-09-18,10:45:00,15,quadratic_c0_single,0.26829676564019095,0.23774961935296562
val,2019-09-18,10:45:00,30,quadratic_c0,-0.11042736736919212,-0.11786644335588978
val,2019-09-18,10:45:00,30,independent_ou,-0.004750914592116351,-0.04204095167510838
val,2019-09-18,10:45:00,30,flexible_moments,0.05147823201617058,0.03811811915876023
val,2019-09-18,10:45:00,30,heterogeneous,-0.039102174143709756,-0.06387091603365913
val,2019-09-18,10:45:00,30,time_of_day,-0.060399200765284294,-0.06264489538946971
val,2019-09-18,10:45:00,30,factor_spy,-0.10906075146951935,-0.11593301169978587
val,2019-09-18,10:45:00,30,quadratic_c0_etf,0.08928580041688605,0.05733517298536217
val,2019-09-18,10:45:00,30,quadratic_c0_single,-0.09813954771811584,-0.10812623529349313
val,2019-09-18,11:00:00,1,quadratic_c0,0.044097135521865505,0.04444130935638249
val,2019-09-18,11:00:00,1,independent_ou,-0.07689591109444546,-0.07683017449502783
val,2019-09-18,11:00:00,1,flexible_moments,0.006775231928309811,-0.008797746281537205
val,2019-09-18,11:00:00,1,heterogeneous,-0.050079805587990744,-0.05631339620304959
val,2019-09-18,11:00:00,1,time_of_day,-0.11541289621213374,-0.1016843118956763
val,2019-09-18,11:00:00,1,factor_spy,0.0535433889324311,0.04461368714870109
val,2019-09-18,11:00:00,1,quadratic_c0_etf,0.11881856676905056,0.10284948675397734
val,2019-09-18,11:00:00,1,quadratic_c0_single,0.05120053836660926,0.03923749124662923
val,2019-09-18,11:00:00,5,quadratic_c0,-0.03430220669075704,-0.013653570323717279
val,2019-09-18,11:00:00,5,independent_ou,-0.10313832103263829,-0.09240455325622582
val,2019-09-18,11:00:00,5,flexible_moments,-0.14879477125120322,-0.1332436923574925
val,2019-09-18,11:00:00,5,heterogeneous,-0.10007572709852636,-0.10048374552219125
val,2019-09-18,11:00:00,5,time_of_day,-0.16014194636863505,-0.14264091543213314
val,2019-09-18,11:00:00,5,factor_spy,-0.09992005434158352,-0.10546342393099467
val,2019-09-18,11:00:00,5,quadratic_c0_etf,-0.1173447568225644,-0.10937729622553181
val,2019-09-18,11:00:00,5,quadratic_c0_single,0.024375502676409477,0.04782490988470897
val,2019-09-18,11:00:00,15,quadratic_c0,-0.08824998660139657,-0.08927464885000289
val,2019-09-18,11:00:00,15,independent_ou,-0.17591258683094615,-0.17029067229788497
val,2019-09-18,11:00:00,15,flexible_moments,-0.016737571147553865,-0.01948604889899297
val,2019-09-18,11:00:00,15,heterogeneous,-0.004662427873799446,-0.0026322279108269564
val,2019-09-18,11:00:00,15,time_of_day,-0.12836469830902905,-0.12352517821603942
val,2019-09-18,11:00:00,15,factor_spy,-0.13711895773465302,-0.13612775964115462
val,2019-09-18,11:00:00,15,quadratic_c0_etf,0.01980548772527485,0.016527589862852576
val,2019-09-18,11:00:00,15,quadratic_c0_single,-0.08362544641191283,-0.08654709807745403
val,2019-09-18,11:00:00,30,quadratic_c0,-0.01254753063019265,-0.008813523885716379
val,2019-09-18,11:00:00,30,independent_ou,0.05803722895281929,0.03970399169852715
val,2019-09-18,11:00:00,30,flexible_moments,-0.02490289294782469,-0.006566022411924999
val,2019-09-18,11:00:00,30,heterogeneous,-0.05507207774550832,-0.024509245170334648
val,2019-09-18,11:00:00,30,time_of_day,-0.1015904610330735,-0.0755932446188096
val,2019-09-18,11:00:00,30,factor_spy,0.003715484706904748,0.022221504474484455
val,2019-09-18,11:00:00,30,quadratic_c0_etf,0.03299550130495632,0.06419851395283135
val,2019-09-18,11:00:00,30,quadratic_c0_single,0.02198252378450205,0.02183625075768944
val,2019-09-18,11:15:00,1,quadratic_c0,-0.09763176159927547,-0.1087990405868337
val,2019-09-18,11:15:00,1,independent_ou,-0.03734715333964733,-0.046212470338221734
val,2019-09-18,11:15:00,1,flexible_moments,-0.0027817119989663186,-0.03412009175404668
val,2019-09-18,11:15:00,1,heterogeneous,-0.06595638638306678,-0.1008120389038405
val,2019-09-18,11:15:00,1,time_of_day,-0.16970186604952137,-0.18227934557824904
val,2019-09-18,11:15:00,1,factor_spy,-0.03599390595679064,-0.04062862452953775
val,2019-09-18,11:15:00,1,quadratic_c0_etf,0.17718763173145502,0.12869941532616208
val,2019-09-18,11:15:00,1,quadratic_c0_single,-0.17030148193824307,-0.1807952936899189
val,2019-09-18,11:15:00,5,quadratic_c0,0.026220016894669573,-0.017313355811058723
val,2019-09-18,11:15:00,5,independent_ou,-0.15230963106093662,-0.15577004614470716
val,2019-09-18,11:15:00,5,flexible_moments,-0.05782745262346797,-0.07293251725924188
val,2019-09-18,11:15:00,5,heterogeneous,0.022385706636673885,-0.025651156353372978
val,2019-09-18,11:15:00,5,time_of_day,-0.10971815824238149,-0.13838866665834207
val,2019-09-18,11:15:00,5,factor_spy,-0.029730772950599282,-0.077486958581341
val,2019-09-18,11:15:00,5,quadratic_c0_etf,0.35880860459037917,0.23688976535897494
val,2019-09-18,11:15:00,5,quadratic_c0_single,0.049685875900769505,0.031961542055711
val,2019-09-18,11:15:00,15,quadratic_c0,0.05196171993985038,0.03820442297534757
val,2019-09-18,11:15:00,15,independent_ou,-0.05796351607120931,-0.059852638583822865
val,2019-09-18,11:15:00,15,flexible_moments,-0.044382163242450284,-0.04552907901912412
val,2019-09-18,11:15:00,15,heterogeneous,-0.051062571072395396,-0.05216980921510894
val,2019-09-18,11:15:00,15,time_of_day,-0.12210936963495035,-0.11360113222518879
val,2019-09-18,11:15:00,15,factor_spy,-0.019079678536469358,-0.030071720287550008
val,2019-09-18,11:15:00,15,quadratic_c0_etf,0.21255712047130731,0.13965972157517362
val,2019-09-18,11:15:00,15,quadratic_c0_single,0.08922657366991232,0.0675541083647141
val,2019-09-18,11:15:00,30,quadratic_c0,-0.0743188356513218,-0.118117056960368
val,2019-09-18,11:15:00,30,independent_ou,-0.19836881926812422,-0.2146985573716548
val,2019-09-18,11:15:00,30,flexible_moments,-0.12715249639622161,-0.10312147860401699
val,2019-09-18,11:15:00,30,heterogeneous,-0.19704539841473076,-0.19211461676340574
val,2019-09-18,11:15:00,30,time_of_day,-0.17398253883442982,-0.16574611695420213
val,2019-09-18,11:15:00,30,factor_spy,-0.1604322577387025,-0.16551429822303068
val,2019-09-18,11:15:00,30,quadratic_c0_etf,0.2895217266818516,0.13442735637923098
val,2019-09-18,11:15:00,30,quadratic_c0_single,-0.13188851819515585,-0.17469656691508795
val,2019-09-18,11:30:00,1,quadratic_c0,-0.015463900996461305,-0.023332580577164558
val,2019-09-18,11:30:00,1,independent_ou,-0.032756365676139904,-0.0154332918730897
val,2019-09-18,11:30:00,1,flexible_moments,-0.04331291791057171,-0.025317810351698
val,2019-09-18,11:30:00,1,heterogeneous,0.04112188545774037,0.036738456418936305
val,2019-09-18,11:30:00,1,time_of_day,-0.06739795649888985,-0.07063174970162059
val,2019-09-18,11:30:00,1,factor_spy,-0.03682698594208514,-0.052408800300534145
val,2019-09-18,11:30:00,1,quadratic_c0_etf,-0.017457512614528714,-0.06702559777121284
val,2019-09-18,11:30:00,1,quadratic_c0_single,0.013712212434317694,0.0043808839532510635
val,2019-09-18,11:30:00,5,quadratic_c0,0.0507798403449769,0.03591679001889189
val,2019-09-18,11:30:00,5,independent_ou,-0.061463048373815,-0.062089513171165955
val,2019-09-18,11:30:00,5,flexible_moments,-0.03202288091494798,-0.019704226494216964
val,2019-09-18,11:30:00,5,heterogeneous,-0.07039830881397002,-0.05493468204678531
val,2019-09-18,11:30:00,5,time_of_day,-0.0799515683049438,-0.07434918310959124
val,2019-09-18,11:30:00,5,factor_spy,-0.020285541512021193,-0.05078411185137832
val,2019-09-18,11:30:00,5,quadratic_c0_etf,0.2864088185852018,0.19950996733548074
val,2019-09-18,11:30:00,5,quadratic_c0_single,-0.013819180990530616,0.0054041764255991775
val,2019-09-18,11:30:00,15,quadratic_c0,-0.15986048587676982,-0.0924527729072863
val,2019-09-18,11:30:00,15,independent_ou,0.07204268989243168,0.07862614833602186
val,2019-09-18,11:30:00,15,flexible_moments,0.04956286287051881,0.035364296655049005
val,2019-09-18,11:30:00,15,heterogeneous,0.07239774369118751,0.031619147540507986
val,2019-09-18,11:30:00,15,time_of_day,-0.052913887991006436,-0.011160689226613674
val,2019-09-18,11:30:00,15,factor_spy,-0.09733600881724658,-0.045696268659766615
val,2019-09-18,11:30:00,15,quadratic_c0_etf,0.18219433236123067,0.24705420049272472
val,2019-09-18,11:30:00,15,quadratic_c0_single,-0.1955174412503749,-0.13993350525667975
val,2019-09-18,11:30:00,30,quadratic_c0,0.026186521783901406,0.027556687943904465
val,2019-09-18,11:30:00,30,independent_ou,0.025540719334267437,0.041335488429391956
val,2019-09-18,11:30:00,30,flexible_moments,0.12500398936967877,0.12653020450625052
val,2019-09-18,11:30:00,30,heterogeneous,0.08973242732475895,0.0929056743942883
val,2019-09-18,11:30:00,30,time_of_day,-0.05632626807844553,-0.030679433705618223
val,2019-09-18,11:30:00,30,factor_spy,0.052599867129759226,0.05622608283334711
val,2019-09-18,11:30:00,30,quadratic_c0_etf,0.026326589277105156,0.057142778255776586
val,2019-09-18,11:30:00,30,quadratic_c0_single,0.06933934145606582,0.07129720766538321
val,2019-09-18,11:45:00,1,quadratic_c0,-0.05663918015307387,-0.05674325150017148
val,2019-09-18,11:45:00,1,independent_ou,-0.04754885536682732,-0.03153921890767347
val,2019-09-18,11:45:00,1,flexible_moments,-0.0226454970729012,-0.02763282988355309
val,2019-09-18,11:45:00,1,heterogeneous,-0.1894299871421467,-0.17763948636998983
val,2019-09-18,11:45:00,1,time_of_day,-0.1839162515074126,-0.1706468349333105
val,2019-09-18,11:45:00,1,factor_spy,-0.033176266419497225,-0.026692820076617663
val,2019-09-18,11:45:00,1,quadratic_c0_etf,0.2309143090713166,0.21185486058166209
val,2019-09-18,11:45:00,1,quadratic_c0_single,-0.1226386643834606,-0.12007720304420294
val,2019-09-18,11:45:00,5,quadratic_c0,-0.045675755841938365,-0.03167092450030029
val,2019-09-18,11:45:00,5,independent_ou,-0.0666961199241306,-0.04136515322101415
val,2019-09-18,11:45:00,5,flexible_moments,-0.06040085868807932,-0.028363455328981713
val,2019-09-18,11:45:00,5,heterogeneous,0.007283337365170672,0.022786426438171636
val,2019-09-18,11:45:00,5,time_of_day,-0.08068147849565854,-0.055747682267418774
val,2019-09-18,11:45:00,5,factor_spy,-0.07165630830103789,-0.04456943181447848
val,2019-09-18,11:45:00,5,quadratic_c0_etf,0.0954965216442987,0.08827440311522194
val,2019-09-18,11:45:00,5,quadratic_c0_single,-0.0560987556376015,-0.03148257857177694
val,2019-09-18,11:45:00,15,quadratic_c0,-0.043330856162345915,-0.01617017546861102
val,2019-09-18,11:45:00,15,independent_ou,-0.10030106032482147,-0.05718450266523209
val,2019-09-18,11:45:00,15,flexible_moments,-0.07316812871982248,-0.03710431906120201
val,2019-09-18,11:45:00,15,heterogeneous,-0.03028257423673339,-0.010153530848788644
val,2019-09-18,11:45:00,15,time_of_day,-0.12035925461384041,-0.07957919815627315
val,2019-09-18,11:45:00,15,factor_spy,0.03330713499634316,0.02174071237627906
val,2019-09-18,11:45:00,15,quadratic_c0_etf,0.10816447508959035,0.15183721185268856
val,2019-09-18,11:45:00,15,quadratic_c0_single,0.07832595414397617,0.10301723334898799
val,2019-09-18,11:45:00,30,quadratic_c0,-0.09940122725133704,-0.09037493192490828
val,2019-09-18,11:45:00,30,independent_ou,-0.1455476699151793,-0.1422255870918773
val,2019-09-18,11:45:00,30,flexible_moments,-0.003601962283307447,0.015055365109512275
val,2019-09-18,11:45:00,30,heterogeneous,-0.14172868713384906,-0.12191510872092692
val,2019-09-18,11:45:00,30,time_of_day,-0.19680713669383473,-0.1783715534775535
val,2019-09-18,11:45:00,30,factor_spy,-0.10938727564116935,-0.12496986748309205
val,2019-09-18,11:45:00,30,quadratic_c0_etf,0.15758507537528665,0.14437376960072063
val,2019-09-18,11:45:00,30,quadratic_c0_single,-0.14103952493928182,-0.13186140188925544
val,2019-09-18,12:00:00,1,quadratic_c0,0.06580656131313434,0.09809349576467744
val,2019-09-18,12:00:00,1,independent_ou,0.07888171361972418,0.10854270035752137
val,2019-09-18,12:00:00,1,flexible_moments,0.06646259558876877,0.10676931118598657
val,2019-09-18,12:00:00,1,heterogeneous,0.0007035209662828168,0.029507826640603474
val,2019-09-18,12:00:00,1,time_of_day,0.0010479440591925626,0.04424856914029804
val,2019-09-18,12:00:00,1,factor_spy,0.06089750611766248,0.10432600284682916
val,2019-09-18,12:00:00,1,quadratic_c0_etf,0.4633997074159953,0.49628769616542956
val,2019-09-18,12:00:00,1,quadratic_c0_single,0.08489592785660738,0.07429864738288255
val,2019-09-18,12:00:00,5,quadratic_c0,-0.027346089340809177,-0.03191404836176773
val,2019-09-18,12:00:00,5,independent_ou,-0.020716502826313626,-0.009647374336670483
val,2019-09-18,12:00:00,5,flexible_moments,-0.009530231395522254,0.005482570856426228
val,2019-09-18,12:00:00,5,heterogeneous,-0.0421577766756957,-0.038014095652143864
val,2019-09-18,12:00:00,5,time_of_day,-0.06462624511227646,-0.06319935805725635
val,2019-09-18,12:00:00,5,factor_spy,-0.04532225155355915,-0.03950334814137679
val,2019-09-18,12:00:00,5,quadratic_c0_etf,0.039087409713411125,0.04260002309275435
val,2019-09-18,12:00:00,5,quadratic_c0_single,-0.0022243770245355676,-0.001937921303407697
val,2019-09-18,12:00:00,15,quadratic_c0,-0.0031072152720363344,-0.04433793822913393
val,2019-09-18,12:00:00,15,independent_ou,-0.016315113767837564,-0.014649123427111554
val,2019-09-18,12:00:00,15,flexible_moments,-0.015191261836315056,-0.015313728602972643
val,2019-09-18,12:00:00,15,heterogeneous,-0.09663812773915258,-0.08952844839399779
val,2019-09-18,12:00:00,15,time_of_day,-0.09490015334972521,-0.08702880024164801
val,2019-09-18,12:00:00,15,factor_spy,-0.05400658101862765,-0.04285383845350493
val,2019-09-18,12:00:00,15,quadratic_c0_etf,0.3533717822124084,0.30808160077120417
val,2019-09-18,12:00:00,15,quadratic_c0_single,0.07607491272428879,0.04325982364137618
val,2019-09-18,12:00:00,30,quadratic_c0,0.03771701821475992,0.04764913908181562
val,2019-09-18,12:00:00,30,independent_ou,0.11614663588050125,0.11814686513638495
val,2019-09-18,12:00:00,30,flexible_moments,-0.002091337037389049,0.01210192504284796
val,2019-09-18,12:00:00,30,heterogeneous,0.08858515690864,0.06996780474856581
val,2019-09-18,12:00:00,30,time_of_day,-0.01145003760946893,-0.007275277906621802
val,2019-09-18,12:00:00,30,factor_spy,0.06720846005092737,0.07491226397773862
val,2019-09-18,12:00:00,30,quadratic_c0_etf,-6.555805160805839e-05,0.017463901262773987
val,2019-09-18,12:00:00,30,quadratic_c0_single,0.06955282904270238,0.0686299452163586
val,2019-09-18,12:15:00,1,quadratic_c0,-0.027347921633167876,-0.025544304013088145
val,2019-09-18,12:15:00,1,independent_ou,-0.030511692255540374,-0.03893656722646552
val,2019-09-18,12:15:00,1,flexible_moments,0.030283362753125792,0.01877718707867468
val,2019-09-18,12:15:00,1,heterogeneous,0.03923107171080381,0.047922119130464125
val,2019-09-18,12:15:00,1,time_of_day,-0.09903678313244091,-0.0861334672105469
val,2019-09-18,12:15:00,1,factor_spy,-0.05111678422019854,-0.056508036081923924
val,2019-09-18,12:15:00,1,quadratic_c0_etf,0.11665989829026183,0.0801396514892328
val,2019-09-18,12:15:00,1,quadratic_c0_single,-0.003177775236233582,0.0009970209641252115
val,2019-09-18,12:15:00,5,quadratic_c0,0.13702401695658906,0.14117739560482062
val,2019-09-18,12:15:00,5,independent_ou,0.04013641695003113,0.041305665193420826
val,2019-09-18,12:15:00,5,flexible_moments,0.11358645474172514,0.08560814769021483
val,2019-09-18,12:15:00,5,heterogeneous,0.03994391973059759,0.02492372088052139
val,2019-09-18,12:15:00,5,time_of_day,0.0075796250967302,0.00845081295496855
val,2019-09-18,12:15:00,5,factor_spy,0.03210023785206097,0.028201115958291195
val,2019-09-18,12:15:00,5,quadratic_c0_etf,0.09923339495905693,0.09734714408880135
val,2019-09-18,12:15:00,5,quadratic_c0_single,0.15850380215996712,0.16474953146144697
val,2019-09-18,12:15:00,15,quadratic_c0,-0.030779533575200954,-0.03739224160799055
val,2019-09-18,12:15:00,15,independent_ou,-0.000143729760347322,-0.020888527725664713
val,2019-09-18,12:15:00,15,flexible_moments,-0.04570842174444906,-0.04826359813915228
val,2019-09-18,12:15:00,15,heterogeneous,0.1173962296392862,0.08653066058251474
val,2019-09-18,12:15:00,15,time_of_day,-0.03926842445019972,-0.05509922362011718
val,2019-09-18,12:15:00,15,factor_spy,-0.01779520943990373,-0.022085776300464655
val,2019-09-18,12:15:00,15,quadratic_c0_etf,0.23968839867507757,0.2474361663217705
val,2019-09-18,12:15:00,15,quadratic_c0_single,-0.039605879955031745,-0.04390971968125998
val,2019-09-18,12:15:00,30,quadratic_c0,0.0694229598872873,0.08048949108234427
val,2019-09-18,12:15:00,30,independent_ou,-0.04807133703628383,-0.0442097201814681
val,2019-09-18,12:15:00,30,flexible_moments,0.023838902541630458,0.029111756163777647
val,2019-09-18,12:15:00,30,heterogeneous,-0.05378022652722983,-0.04865009285952773
val,2019-09-18,12:15:00,30,time_of_day,-0.14562425496002104,-0.1428929946685282
val,2019-09-18,12:15:00,30,factor_spy,0.009806191361584227,0.0006729131835102042
val,2019-09-18,12:15:00,30,quadratic_c0_etf,0.20620367985011645,0.19099156385154725
val,2019-09-18,12:15:00,30,quadratic_c0_single,0.05574180814712293,0.05776706401418741
val,2019-09-18,12:30:00,1,quadratic_c0,0.025921440004041604,0.0241804344292436
val,2019-09-18,12:30:00,1,independent_ou,0.1167384566388063,0.1130871589679997
val,2019-09-18,12:30:00,1,flexible_moments,0.13628964581160105,0.08689395898936889
val,2019-09-18,12:30:00,1,heterogeneous,0.07096906086592084,0.0335686693697867
val,2019-09-18,12:30:00,1,time_of_day,0.015561103329269424,0.02652412578314907
val,2019-09-18,12:30:00,1,factor_spy,0.002868889600050009,0.01130723400892851
val,2019-09-18,12:30:00,1,quadratic_c0_etf,0.25779783704772885,0.24881809999475143
val,2019-09-18,12:30:00,1,quadratic_c0_single,0.01631449114066727,0.016999629807982544
val,2019-09-18,12:30:00,5,quadratic_c0,-0.013011479130573572,-0.010429898257523301
val,2019-09-18,12:30:00,5,independent_ou,-0.0729112311865999,-0.06305327042931572
val,2019-09-18,12:30:00,5,flexible_moments,-0.036567928725702525,-0.07300302607879945
val,2019-09-18,12:30:00,5,heterogeneous,0.002435270461692285,-0.0005683915554609287
val,2019-09-18,12:30:00,5,time_of_day,-0.04402042076698573,-0.03294578821192684
val,2019-09-18,12:30:00,5,factor_spy,-0.01123039162583836,-0.05362388016978356
val,2019-09-18,12:30:00,5,quadratic_c0_etf,0.005325649966716028,0.004381748677657421
val,2019-09-18,12:30:00,5,quadratic_c0_single,0.0893157982380659,0.09163981358637799
val,2019-09-18,12:30:00,15,quadratic_c0,0.021646845532445835,0.011354266280984779
val,2019-09-18,12:30:00,15,independent_ou,-0.009159500661923087,-0.009445133734662575
val,2019-09-18,12:30:00,15,flexible_moments,0.005857254702250625,-0.007722667133707187
val,2019-09-18,12:30:00,15,heterogeneous,0.1303414519027558,0.1216109742503347
val,2019-09-18,12:30:00,15,time_of_day,-0.026695075869911294,-0.030010820688709153
val,2019-09-18,12:30:00,15,factor_spy,0.15696133917212718,0.14958201567137525
val,2019-09-18,12:30:00,15,quadratic_c0_etf,0.0741427683629616,0.06430857548237655
val,2019-09-18,12:30:00,15,quadratic_c0_single,0.05852176763594377,0.056685202170284124
val,2019-09-18,12:30:00,30,quadratic_c0,0.0015773885626170214,-0.0004038471344948169
val,2019-09-18,12:30:00,30,independent_ou,0.01353455412783705,-0.006997983707729527
val,2019-09-18,12:30:00,30,flexible_moments,-0.13282262624052776,-0.12051053923211705
val,2019-09-18,12:30:00,30,heterogeneous,-0.038171081986864336,-0.026081026726854528
val,2019-09-18,12:30:00,30,time_of_day,-0.030008382987541354,-0.0361899850549173
val,2019-09-18,12:30:00,30,factor_spy,-0.06839752571142929,-0.04787604548367863
val,2019-09-18,12:30:00,30,quadratic_c0_etf,0.06267648843379348,0.03521562913534432
val,2019-09-18,12:30:00,30,quadratic_c0_single,0.023775759499269966,0.014573886291497556
val,2019-09-18,12:45:00,1,quadratic_c0,-0.05760010811565108,-0.06568569612484992
val,2019-09-18,12:45:00,1,independent_ou,0.009003876490755403,0.007738495491649067
val,2019-09-18,12:45:00,1,flexible_moments,-0.0135148859358446,-0.000840172266285244
val,2019-09-18,12:45:00,1,heterogeneous,-0.20316907795155872,-0.1876424548081031
val,2019-09-18,12:45:00,1,time_of_day,-0.12375703380495817,-0.10744228341029557
val,2019-09-18,12:45:00,1,factor_spy,-0.04467517009944599,-0.03051169923326774
val,2019-09-18,12:45:00,1,quadratic_c0_etf,0.1580441740566637,0.158742855550924
val,2019-09-18,12:45:00,1,quadratic_c0_single,-0.11113327402586654,-0.12241082490649335
val,2019-09-18,12:45:00,5,quadratic_c0,0.1497467745715773,0.13273517318431577
val,2019-09-18,12:45:00,5,independent_ou,0.06690227985129939,0.06319401144593258
val,2019-09-18,12:45:00,5,flexible_moments,0.14471002834509372,0.13305924238344208
val,2019-09-18,12:45:00,5,heterogeneous,0.07690553899704015,0.06952681393818129
val,2019-09-18,12:45:00,5,time_of_day,0.05609827654263737,0.06683571291233271
val,2019-09-18,12:45:00,5,factor_spy,0.17770044971195875,0.16600748719980907
val,2019-09-18,12:45:00,5,quadratic_c0_etf,0.034455939549879175,0.045144367891128814
val,2019-09-18,12:45:00,5,quadratic_c0_single,0.2185063236975333,0.17512773878829208
val,2019-09-18,12:45:00,15,quadratic_c0,-0.049766509078478294,-0.05335451287698709
val,2019-09-18,12:45:00,15,independent_ou,-0.1075331308819972,-0.09653218027202404
val,2019-09-18,12:45:00,15,flexible_moments,-0.10212678200385578,-0.08919151187187035
val,2019-09-18,12:45:00,15,heterogeneous,-0.07205341029800477,-0.056966080640883016
val,2019-09-18,12:45:00,15,time_of_day,-0.12999216745643852,-0.13445852143901954
val,2019-09-18,12:45:00,15,factor_spy,-0.09569515689020122,-0.11322313396923597
val,2019-09-18,12:45:00,15,quadratic_c0_etf,-0.006623560727036182,-0.06126390795221137
val,2019-09-18,12:45:00,15,quadratic_c0_single,0.034104239622209154,0.03354426827894025
val,2019-09-18,12:45:00,30,quadratic_c0,-0.012303403652842715,-0.04318561167228553
val,2019-09-18,12:45:00,30,independent_ou,-0.07014925109153962,-0.06338532693511356
val,2019-09-18,12:45:00,30,flexible_moments,-0.035729203613164895,-0.04353517093303037
val,2019-09-18,12:45:00,30,heterogeneous,-0.07195665547103448,-0.05540194398133921
val,2019-09-18,12:45:00,30,time_of_day,-0.12146041254006781,-0.10384316656663742
val,2019-09-18,12:45:00,30,factor_spy,0.05405997685346431,0.009112772097741889
val,2019-09-18,12:45:00,30,quadratic_c0_etf,0.18422047659721147,0.12984936179247875
val,2019-09-18,12:45:00,30,quadratic_c0_single,0.02857973880704287,-9.604794353293422e-05
val,2019-09-18,13:00:00,1,quadratic_c0,-0.06418641407352077,-0.04495274358039886
val,2019-09-18,13:00:00,1,independent_ou,0.005027330877186986,0.030427008966846414
val,2019-09-18,13:00:00,1,flexible_moments,-0.02579178816653649,-0.020587304155208763
val,2019-09-18,13:00:00,1,heterogeneous,0.06024917115697018,0.07038021992985305
val,2019-09-18,13:00:00,1,time_of_day,-0.04882319373768762,-0.016074162059380448
val,2019-09-18,13:00:00,1,factor_spy,-0.05518964036503976,-0.04443667036917462
val,2019-09-18,13:00:00,1,quadratic_c0_etf,0.03675496148762056,0.050484290699016277
val,2019-09-18,13:00:00,1,quadratic_c0_single,-0.07457829670141247,-0.06081582003070099
val,2019-09-18,13:00:00,5,quadratic_c0,0.016591218026100488,0.01994087766083777
val,2019-09-18,13:00:00,5,independent_ou,0.0043068182957311935,0.006593574090809878
val,2019-09-18,13:00:00,5,flexible_moments,0.14400792032070048,0.09567729502983421
val,2019-09-18,13:00:00,5,heterogeneous,0.2224342118686464,0.22676331302555872
val,2019-09-18,13:00:00,5,time_of_day,0.07300348181183211,0.05338474152376714
val,2019-09-18,13:00:00,5,factor_spy,0.032491400723127756,0.014820796825567459
val,2019-09-18,13:00:00,5,quadratic_c0_etf,0.06114464914627321,0.05146922241233175
val,2019-09-18,13:00:00,5,quadratic_c0_single,0.03988719984843936,0.04128667552143399
val,2019-09-18,13:00:00,15,quadratic_c0,-0.04484719982043692,-0.040366944426140694
val,2019-09-18,13:00:00,15,independent_ou,0.08160291503132011,-0.01074959211712509
val,2019-09-18,13:00:00,15,flexible_moments,-0.046437480569172324,-0.03949928679933963
val,2019-09-18,13:00:00,15,heterogeneous,0.0148008456614106,-0.015731574010463406
val,2019-09-18,13:00:00,15,time_of_day,-0.1075009758486408,-0.09098333415507842
val,2019-09-18,13:00:00,15,factor_spy,-0.002858864947606732,0.006386068255871236
val,2019-09-18,13:00:00,15,quadratic_c0_etf,0.19461410218551184,0.18106550537825003
val,2019-09-18,13:00:00,15,quadratic_c0_single,-0.0709730628607367,-0.06464211850692915
val,2019-09-18,13:00:00,30,quadratic_c0,-0.10193237352327805,-0.0944080566161567
val,2019-09-18,13:00:00,30,independent_ou,-0.009927498498852105,0.0007222755947603743
val,2019-09-18,13:00:00,30,flexible_moments,-0.037411401978705766,-0.007462713025606804
val,2019-09-18,13:00:00,30,heterogeneous,0.12172466878930416,0.10724415986661961
val,2019-09-18,13:00:00,30,time_of_day,-0.10380815460002371,-0.07728625899856843
val,2019-09-18,13:00:00,30,factor_spy,-0.05427291637020035,-0.043837811404543264
val,2019-09-18,13:00:00,30,quadratic_c0_etf,0.24031336823899058,0.26247829829916447
val,2019-09-18,13:00:00,30,quadratic_c0_single,0.005430331537870259,-0.00039797567181482085
val,2019-09-18,13:15:00,1,quadratic_c0,0.05897928940748001,0.04770528462839166
val,2019-09-18,13:15:00,1,independent_ou,0.058938326757748266,0.055399128144995397
val,2019-09-18,13:15:00,1,flexible_moments,0.028466141449537657,0.03741668777418766
val,2019-09-18,13:15:00,1,heterogeneous,0.16705799608942826,0.1835214611611098
val,2019-09-18,13:15:00,1,time_of_day,-0.0312958091249155,-0.026523472101026402
val,2019-09-18,13:15:00,1,factor_spy,0.08385255723601828,0.07606998762836256
val,2019-09-18,13:15:00,1,quadratic_c0_etf,0.05428539228856044,0.020647109653775753
val,2019-09-18,13:15:00,1,quadratic_c0_single,0.09585827224686874,0.0779939534161688
val,2019-09-18,13:15:00,5,quadratic_c0,0.048383988930374947,0.0499547230652605
val,2019-09-18,13:15:00,5,independent_ou,0.08496479720135276,0.055693023848576884
val,2019-09-18,13:15:00,5,flexible_moments,-0.001408170802031497,0.002031155269912266
val,2019-09-18,13:15:00,5,heterogeneous,0.031302450416787767,0.02291394702771153
val,2019-09-18,13:15:00,5,time_of_day,-0.0015592128650912251,-0.0004249835103764671
val,2019-09-18,13:15:00,5,factor_spy,0.05193577277346177,0.0594213372064783
val,2019-09-18,13:15:00,5,quadratic_c0_etf,0.13258477860968698,0.10252166661042517
val,2019-09-18,13:15:00,5,quadratic_c0_single,0.032895031941212446,0.03743568807172784
val,2019-09-18,13:15:00,15,quadratic_c0,0.02499267002135014,0.03586547175464522
val,2019-09-18,13:15:00,15,independent_ou,0.004489687679105486,-0.01364665720560898
val,2019-09-18,13:15:00,15,flexible_moments,-0.010038948793912539,-0.013498847224666016
val,2019-09-18,13:15:00,15,heterogeneous,0.030935162648029785,0.029740856756899248
val,2019-09-18,13:15:00,15,time_of_day,-0.056813954602115024,-0.05342268523469969
val,2019-09-18,13:15:00,15,factor_spy,-0.04347411260505207,-0.056649579197925556
val,2019-09-18,13:15:00,15,quadratic_c0_etf,0.1497924339953616,0.14944028981224564
val,2019-09-18,13:15:00,15,quadratic_c0_single,0.03241691803529803,0.0265981069001211
val,2019-09-18,13:15:00,30,quadratic_c0,0.13056650770092512,0.14580715088140203
val,2019-09-18,13:15:00,30,independent_ou,0.08958851465479692,0.08708212952008554
val,2019-09-18,13:15:00,30,flexible_moments,-0.006371750315145364,0.005581350616632702
val,2019-09-18,13:15:00,30,heterogeneous,0.09818628807388274,0.1065903525821493
val,2019-09-18,13:15:00,30,time_of_day,-0.05380711941091637,-0.03721005454149556
val,2019-09-18,13:15:00,30,factor_spy,0.01806595488189508,0.030505063400663363
val,2019-09-18,13:15:00,30,quadratic_c0_etf,0.3881486261724518,0.31922333892198096
val,2019-09-18,13:15:00,30,quadratic_c0_single,0.07840225028670203,0.09302831104296497
val,2019-09-18,13:30:00,1,quadratic_c0,-0.034018587920625454,-0.0839214964936841
val,2019-09-18,13:30:00,1,independent_ou,-0.10471223771797705,-0.09166900767970494
val,2019-09-18,13:30:00,1,flexible_moments,-0.04168122218775053,-0.05364808810967084
val,2019-09-18,13:30:00,1,heterogeneous,0.04090698396803283,0.027295659036327413
val,2019-09-18,13:30:00,1,time_of_day,0.005549784720388917,0.01108864782684113
val,2019-09-18,13:30:00,1,factor_spy,-0.08872432508305675,-0.06226862444190459
val,2019-09-18,13:30:00,1,quadratic_c0_etf,-0.19666557420319977,-0.16274940661639825
val,2019-09-18,13:30:00,1,quadratic_c0_single,0.012941371988036354,-0.04473949207788738
val,2019-09-18,13:30:00,5,quadratic_c0,-0.055363788729957036,-0.056951982511482105
val,2019-09-18,13:30:00,5,independent_ou,-0.09327326733294491,-0.08972909403957169
val,2019-09-18,13:30:00,5,flexible_moments,-0.017572393114864637,-0.05902876786353814
val,2019-09-18,13:30:00,5,heterogeneous,-0.018267120586992952,-0.023750432820773743
val,2019-09-18,13:30:00,5,time_of_day,-0.08819767151273954,-0.09277892188193636
val,2019-09-18,13:30:00,5,factor_spy,-0.00632413098538373,-0.035870758438043576
val,2019-09-18,13:30:00,5,quadratic_c0_etf,0.5353776846784258,0.45685730457400653
val,2019-09-18,13:30:00,5,quadratic_c0_single,0.04714761948545443,0.02424341102919708
val,2019-09-18,13:30:00,15,quadratic_c0,0.11046999223307669,0.0781201435656879
val,2019-09-18,13:30:00,15,independent_ou,0.004424595684792365,0.003417075888661525
val,2019-09-18,13:30:00,15,flexible_moments,0.06206778110761291,0.05568890334286565
val,2019-09-18,13:30:00,15,heterogeneous,0.06145146749522978,0.06902325520776016
val,2019-09-18,13:30:00,15,time_of_day,-0.06061716003279946,-0.04547789968442405
val,2019-09-18,13:30:00,15,factor_spy,0.06260916644417319,0.06487463772591144
val,2019-09-18,13:30:00,15,quadratic_c0_etf,0.08528663506745701,0.06547652605735942
val,2019-09-18,13:30:00,15,quadratic_c0_single,0.14135659101561077,0.10161810860007157
val,2019-09-18,13:30:00,30,quadratic_c0,0.14616928139859983,0.14458113483175675
val,2019-09-18,13:30:00,30,independent_ou,0.10874735213788891,0.10967444580896082
val,2019-09-18,13:30:00,30,flexible_moments,0.01962939680072312,0.012285828604185298
val,2019-09-18,13:30:00,30,heterogeneous,-0.011320317329483978,-0.022380508249091796
val,2019-09-18,13:30:00,30,time_of_day,-0.011912107229091612,-0.009304529012053628
val,2019-09-18,13:30:00,30,factor_spy,0.10432458494886379,0.08143716093055442
val,2019-09-18,13:30:00,30,quadratic_c0_etf,0.19381165895103533,0.15052651338385456
val,2019-09-18,13:30:00,30,quadratic_c0_single,0.1915091589844993,0.18348538148430996
val,2019-09-18,13:45:00,1,quadratic_c0,-0.017244727473935698,-0.019718867282082927
val,2019-09-18,13:45:00,1,independent_ou,-0.033477120395872154,-0.0232921588146211
val,2019-09-18,13:45:00,1,flexible_moments,0.04479515943353905,0.03125655821736355
val,2019-09-18,13:45:00,1,heterogeneous,0.10687187656642676,0.08219064340933516
val,2019-09-18,13:45:00,1,time_of_day,-0.015523413062701635,-0.012936054209868195
val,2019-09-18,13:45:00,1,factor_spy,0.023859248513327866,0.01553613090830358
val,2019-09-18,13:45:00,1,quadratic_c0_etf,0.08642779935427437,0.09499995299139355
val,2019-09-18,13:45:00,1,quadratic_c0_single,-0.012213343286781225,-0.013339387582701645
val,2019-09-18,13:45:00,5,quadratic_c0,-0.029676227207371536,-0.014861615796939037
val,2019-09-18,13:45:00,5,independent_ou,-0.03267436585495348,-0.03415453266815388
val,2019-09-18,13:45:00,5,flexible_moments,-0.049146034620237394,-0.028848541603568312
val,2019-09-18,13:45:00,5,heterogeneous,-0.0164799326759186,-0.039251116366586375
val,2019-09-18,13:45:00,5,time_of_day,-0.10097529618539058,-0.09570159261945688
val,2019-09-18,13:45:00,5,factor_spy,-0.07595398396123065,-0.05782308062473382
val,2019-09-18,13:45:00,5,quadratic_c0_etf,0.2556273859476547,0.2277536934861575
val,2019-09-18,13:45:00,5,quadratic_c0_single,-0.036238649678454776,-0.02814668813548482
val,2019-09-18,13:45:00,15,quadratic_c0,0.010527250465587834,-0.003728351407866551
val,2019-09-18,13:45:00,15,independent_ou,0.007173072694444532,0.007036212208667028
val,2019-09-18,13:45:00,15,flexible_moments,0.012641784405337891,0.015256634509791131
val,2019-09-18,13:45:00,15,heterogeneous,0.04224709446746577,0.03854583140377006
val,2019-09-18,13:45:00,15,time_of_day,-0.01342621537342309,-0.007218799392546632
val,2019-09-18,13:45:00,15,factor_spy,0.006214544202336497,0.006728065008972162
val,2019-09-18,13:45:00,15,quadratic_c0_etf,0.1961560578127019,0.14696165277102458
val,2019-09-18,13:45:00,15,quadratic_c0_single,0.026948514362534065,0.01658614599234076
val,2019-09-18,13:45:00,30,quadratic_c0,-0.031641110147417884,-0.053558684261119927
val,2019-09-18,13:45:00,30,independent_ou,0.0023946655942389816,-0.030564854803947994
val,2019-09-18,13:45:00,30,flexible_moments,0.004076216310560377,-0.00798787617372232
val,2019-09-18,13:45:00,30,heterogeneous,-0.06976968008729031,-0.07479963531550313
val,2019-09-18,13:45:00,30,time_of_day,-0.07263743429324634,-0.08075566975705004
val,2019-09-18,13:45:00,30,factor_spy,0.11432918324626301,0.0828562820470776
val,2019-09-18,13:45:00,30,quadratic_c0_etf,-0.03987502787310282,-0.06619741737563511
val,2019-09-18,13:45:00,30,quadratic_c0_single,-0.004987989463842352,-0.02792587202116173
val,2019-09-18,14:00:00,1,quadratic_c0,0.07302597457312796,0.08310753719567074
val,2019-09-18,14:00:00,1,independent_ou,0.09331061141732841,0.10147880478449328
val,2019-09-18,14:00:00,1,flexible_moments,-0.017785624807536954,0.012272584943923248
val,2019-09-18,14:00:00,1,heterogeneous,0.11512156599839565,0.13010984823859345
val,2019-09-18,14:00:00,1,time_of_day,-0.05388698291094424,-0.026855683802188696
val,2019-09-18,14:00:00,1,factor_spy,-0.038230259573437814,0.011660056931563884
val,2019-09-18,14:00:00,1,quadratic_c0_etf,0.01799459967458869,0.010063237098882655
val,2019-09-18,14:00:00,1,quadratic_c0_single,0.16105850771250577,0.16539432319000108
val,2019-09-18,14:00:00,5,quadratic_c0,0.08551820531075609,0.08604292996725404
val,2019-09-18,14:00:00,5,independent_ou,0.09698794903923848,0.09604312908997606
val,2019-09-18,14:00:00,5,flexible_moments,0.14646281355305002,0.11835729310558987
val,2019-09-18,14:00:00,5,heterogeneous,0.019932352130898404,0.00855396753802408
val,2019-09-18,14:00:00,5,time_of_day,0.058382975379006066,0.062273236605026844
val,2019-09-18,14:00:00,5,factor_spy,0.07678797403100728,0.07531585735491106
val,2019-09-18,14:00:00,5,quadratic_c0_etf,0.30117708164641827,0.28297926643328575
val,2019-09-18,14:00:00,5,quadratic_c0_single,0.033460809177090226,0.027323781236878578
val,2019-09-18,14:00:00,15,quadratic_c0,-0.059826075938330864,-0.05437911243708285
val,2019-09-18,14:00:00,15,independent_ou,-0.006317178646990551,-0.014082841874609786
val,2019-09-18,14:00:00,15,flexible_moments,0.03129207697071246,0.0560955919639243
val,2019-09-18,14:00:00,15,heterogeneous,-0.07879370415212528,-0.07086626231992682
val,2019-09-18,14:00:00,15,time_of_day,-0.04262547337472647,-0.028934988524205896
val,2019-09-18,14:00:00,15,factor_spy,-0.016565695614264214,0.0019392594231140425
val,2019-09-18,14:00:00,15,quadratic_c0_etf,0.09401288603879326,0.11203739174260524
val,2019-09-18,14:00:00,15,quadratic_c0_single,-0.066142573578092,-0.05793684168995998
val,2019-09-18,14:15:00,1,quadratic_c0,0.05350176515587424,0.045428230667438785
val,2019-09-18,14:15:00,1,independent_ou,-0.04643762826789191,-0.061235465792551194
val,2019-09-18,14:15:00,1,flexible_moments,0.024726911158220233,0.03783454816909426
val,2019-09-18,14:15:00,1,heterogeneous,0.10791159360035393,0.11190827313966228
val,2019-09-18,14:15:00,1,time_of_day,0.047508345139031155,0.05001055987311878
val,2019-09-18,14:15:00,1,factor_spy,0.0687792730297404,0.03907951874537949
val,2019-09-18,14:15:00,1,quadratic_c0_etf,0.27831275028019553,0.2703350044767217
val,2019-09-18,14:15:00,1,quadratic_c0_single,0.025820076642463274,-0.0004227023090312698
val,2019-09-19,09:45:00,1,quadratic_c0,0.008310955314427881,0.00205738140385979
val,2019-09-19,09:45:00,1,independent_ou,0.00811981386774209,0.017389010243780326
val,2019-09-19,09:45:00,1,flexible_moments,-0.025145712669238207,-0.019793605882271956
val,2019-09-19,09:45:00,1,heterogeneous,0.0921310163802107,0.09800036655419644
val,2019-09-19,09:45:00,1,time_of_day,-0.005813951448248769,-0.004712481359670978
val,2019-09-19,09:45:00,1,factor_spy,0.05473417430359995,0.03858574921929023
val,2019-09-19,09:45:00,1,quadratic_c0_etf,0.08811037440669783,0.08039804530306721
val,2019-09-19,09:45:00,1,quadratic_c0_single,0.04919331088621576,0.04339186963988295
val,2019-09-19,09:45:00,5,quadratic_c0,-0.017767574511850487,-0.011805260668461909
val,2019-09-19,09:45:00,5,independent_ou,-0.020768503620673368,-0.007329053541967279
val,2019-09-19,09:45:00,5,flexible_moments,-0.10239818956724632,-0.07506698851577655
val,2019-09-19,09:45:00,5,heterogeneous,-0.018801652242963596,-0.01638845800942962
val,2019-09-19,09:45:00,5,time_of_day,-0.039193124096963544,-0.022480128521372128
val,2019-09-19,09:45:00,5,factor_spy,-0.0024847311200407174,0.0019084523164005496
val,2019-09-19,09:45:00,5,quadratic_c0_etf,0.2327064855078976,0.25010702996620604
val,2019-09-19,09:45:00,5,quadratic_c0_single,0.011891440973229833,0.02885004303791927
val,2019-09-19,09:45:00,15,quadratic_c0,0.05650976360831844,0.06381842686708297
val,2019-09-19,09:45:00,15,independent_ou,-0.05521627095047085,-0.04568546020794351
val,2019-09-19,09:45:00,15,flexible_moments,-0.05078349710038285,-0.049990683559344634
val,2019-09-19,09:45:00,15,heterogeneous,-0.07279807220452811,-0.06295721026340603
val,2019-09-19,09:45:00,15,time_of_day,-0.0518622441291349,-0.037329545717811
val,2019-09-19,09:45:00,15,factor_spy,0.059033529788155736,0.04440571594064921
val,2019-09-19,09:45:00,15,quadratic_c0_etf,-0.09296499776392601,-0.06746795287889147
val,2019-09-19,09:45:00,15,quadratic_c0_single,0.09994080578721148,0.10632694144781951
val,2019-09-19,09:45:00,30,quadratic_c0,0.02461429666723744,0.04531418942445431
val,2019-09-19,09:45:00,30,independent_ou,-0.03765034632599101,-0.010234002407515139
val,2019-09-19,09:45:00,30,flexible_moments,-0.004455954908461401,0.009598961406327267
val,2019-09-19,09:45:00,30,heterogeneous,-0.03760175747977931,-0.018547666921136616
val,2019-09-19,09:45:00,30,time_of_day,-0.06803947717875242,-0.05322807546991795
val,2019-09-19,09:45:00,30,factor_spy,-0.006781757085215445,0.02034331166547479
val,2019-09-19,09:45:00,30,quadratic_c0_etf,-0.017687520730919226,0.005291975258842674
val,2019-09-19,09:45:00,30,quadratic_c0_single,0.09897901704014936,0.10709169862230544
val,2019-09-19,10:00:00,1,quadratic_c0,-0.05058972260197997,-0.0323192005124491
val,2019-09-19,10:00:00,1,independent_ou,-0.06622392666912508,-0.07455594757021944
val,2019-09-19,10:00:00,1,flexible_moments,-0.016910815022715298,-0.002231265942217786
val,2019-09-19,10:00:00,1,heterogeneous,-0.006462741484896728,-0.019320400983575736
val,2019-09-19,10:00:00,1,time_of_day,-0.09358022335658783,-0.08159725043904831
val,2019-09-19,10:00:00,1,factor_spy,-0.07087411176911715,-0.06869029099438564
val,2019-09-19,10:00:00,1,quadratic_c0_etf,-0.009169514602709428,-0.01111926389972051
val,2019-09-19,10:00:00,1,quadratic_c0_single,-0.028867461610581346,-0.01732692362538968
val,2019-09-19,10:00:00,5,quadratic_c0,-0.030978444408614803,-0.04420817208823423
val,2019-09-19,10:00:00,5,independent_ou,0.005975591681538134,-0.004449175107443165
val,2019-09-19,10:00:00,5,flexible_moments,-0.016941004176839608,-0.014168548437689915
val,2019-09-19,10:00:00,5,heterogeneous,-0.015031280390351454,-0.02464289429268618
val,2019-09-19,10:00:00,5,time_of_day,-0.12639759892912897,-0.11420509042190949
val,2019-09-19,10:00:00,5,factor_spy,0.005450827754400728,0.005990378027152826
val,2019-09-19,10:00:00,5,quadratic_c0_etf,0.3345203346546235,0.27578515075497334
val,2019-09-19,10:00:00,5,quadratic_c0_single,0.016291404251261965,0.016767099146959424
val,2019-09-19,10:00:00,15,quadratic_c0,0.06407468690461554,0.04580902344212906
val,2019-09-19,10:00:00,15,independent_ou,-0.036738248293614134,-0.02910112751844575
val,2019-09-19,10:00:00,15,flexible_moments,0.011086208533974407,-0.03278244290987581
val,2019-09-19,10:00:00,15,heterogeneous,-0.06287228481053944,-0.06553313213437223
val,2019-09-19,10:00:00,15,time_of_day,-0.0615528497026504,-0.0677353215618974
val,2019-09-19,10:00:00,15,factor_spy,-0.010209960879988655,-0.00998251159000657
val,2019-09-19,10:00:00,15,quadratic_c0_etf,0.30404240070969446,0.2973722683608361
val,2019-09-19,10:00:00,15,quadratic_c0_single,0.07180288116190811,0.024821667032181943
val,2019-09-19,10:00:00,30,quadratic_c0,-0.0157652537817555,-4.6713527953101686e-05
val,2019-09-19,10:00:00,30,independent_ou,0.055000093674618805,0.056790998797130315
val,2019-09-19,10:00:00,30,flexible_moments,0.04869291474357493,0.023262773332509507
val,2019-09-19,10:00:00,30,heterogeneous,0.008375462536750422,-0.0001671984446889735
val,2019-09-19,10:00:00,30,time_of_day,-0.03402346854212439,-0.029905152409430105
val,2019-09-19,10:00:00,30,factor_spy,0.07514263887938438,0.07729403541722213
val,2019-09-19,10:00:00,30,quadratic_c0_etf,0.13298324513378254,0.12537443352657104
val,2019-09-19,10:00:00,30,quadratic_c0_single,0.0710050121909224,0.06661512842655276
val,2019-09-19,10:15:00,1,quadratic_c0,0.002402210405382549,0.0039545156120878305
val,2019-09-19,10:15:00,1,independent_ou,0.08652872641327597,0.05343847444729634
val,2019-09-19,10:15:00,1,flexible_moments,0.025985935582162528,0.015685150021781086
val,2019-09-19,10:15:00,1,heterogeneous,0.03028247178994825,0.011402950275511733
val,2019-09-19,10:15:00,1,time_of_day,-0.03091382662516068,-0.026681221970468696
val,2019-09-19,10:15:00,1,factor_spy,0.025730762133274798,0.009626717555486122
val,2019-09-19,10:15:00,1,quadratic_c0_etf,0.14287706479291903,0.14236015586051443
val,2019-09-19,10:15:00,1,quadratic_c0_single,0.008719921103860162,0.0018167887851080061
val,2019-09-19,10:15:00,5,quadratic_c0,0.033058363122053014,0.026128383860070437
val,2019-09-19,10:15:00,5,independent_ou,-0.04664462767185951,-0.01654341135430923
val,2019-09-19,10:15:00,5,flexible_moments,0.0006402815992242739,0.032052048670254824
val,2019-09-19,10:15:00,5,heterogeneous,-0.012237082339113997,0.004931503091882478
val,2019-09-19,10:15:00,5,time_of_day,-0.0300450297286651,-0.007804562157762512
val,2019-09-19,10:15:00,5,factor_spy,-0.023044191350782284,-0.020622416292949364
val,2019-09-19,10:15:00,5,quadratic_c0_etf,0.21501942083352538,0.23121208257832584
val,2019-09-19,10:15:00,5,quadratic_c0_single,0.1023878008459343,0.044717752724534515
val,2019-09-19,10:15:00,15,quadratic_c0,0.019428572392466745,0.023351124524344957
val,2019-09-19,10:15:00,15,independent_ou,0.06374512996418334,0.06216201428483596
val,2019-09-19,10:15:00,15,flexible_moments,0.12383054187795937,0.11573537987562911
val,2019-09-19,10:15:00,15,heterogeneous,0.10239098979092677,0.10836667038968308
val,2019-09-19,10:15:00,15,time_of_day,-0.006161440678021518,-0.004256655625661049
val,2019-09-19,10:15:00,15,factor_spy,0.1960227370502563,0.17766154880441953
val,2019-09-19,10:15:00,15,quadratic_c0_etf,0.13777770394307431,0.1441210527078045
val,2019-09-19,10:15:00,15,quadratic_c0_single,0.046210625884591475,0.054285878323455536
val,2019-09-19,10:15:00,30,quadratic_c0,-0.059969340026005624,-0.016684037387399625
val,2019-09-19,10:15:00,30,independent_ou,0.025432903143590174,0.03287906082044423
val,2019-09-19,10:15:00,30,flexible_moments,-0.07764740556431377,-0.02977722463345686
val,2019-09-19,10:15:00,30,heterogeneous,0.014538743801259274,0.030775688927559913
val,2019-09-19,10:15:00,30,time_of_day,-0.036573725022786774,-0.007819450711626375
val,2019-09-19,10:15:00,30,factor_spy,0.04816023015324472,0.05013938179565791
val,2019-09-19,10:15:00,30,quadratic_c0_etf,-0.06703977183194074,-0.024175460856548675
val,2019-09-19,10:15:00,30,quadratic_c0_single,-0.0012731365384833493,0.03384742198745516
val,2019-09-19,10:30:00,1,quadratic_c0,0.015340333523586575,0.02007771602246182
val,2019-09-19,10:30:00,1,independent_ou,0.05045777992125283,0.027148512521887783
val,2019-09-19,10:30:00,1,flexible_moments,-0.017010418492587526,-0.014724033284388677
val,2019-09-19,10:30:00,1,heterogeneous,-0.052067642866777036,-0.04924029468441887
val,2019-09-19,10:30:00,1,time_of_day,-0.027584812838166536,-0.024073252506814954
val,2019-09-19,10:30:00,1,factor_spy,-0.04929505446304379,-0.05252952166325037
val,2019-09-19,10:30:00,1,quadratic_c0_etf,0.13122597085215074,0.0833834594619544
val,2019-09-19,10:30:00,1,quadratic_c0_single,0.022691005777156298,0.023417048483612188
val,2019-09-19,10:30:00,5,quadratic_c0,-0.045350741436908676,-0.05689351403445972
val,2019-09-19,10:30:00,5,independent_ou,0.10454395647113643,0.10643038048250461
val,2019-09-19,10:30:00,5,flexible_moments,0.04675196248178373,0.02071555778387385
val,2019-09-19,10:30:00,5,heterogeneous,0.14023968506403564,0.14209264925028922
val,2019-09-19,10:30:00,5,time_of_day,-0.0338925209029215,-0.01794301109297189
val,2019-09-19,10:30:00,5,factor_spy,-0.03783833301393286,-0.03123065172410719
val,2019-09-19,10:30:00,5,quadratic_c0_etf,-0.011314524324220532,-0.015665398319359397
val,2019-09-19,10:30:00,5,quadratic_c0_single,0.0021751392231778854,-0.011207737004737178
val,2019-09-19,10:30:00,15,quadratic_c0,0.055575574679907425,0.06778995485722109
val,2019-09-19,10:30:00,15,independent_ou,-0.046551016399366374,-0.008102839900744022
val,2019-09-19,10:30:00,15,flexible_moments,0.01799761554941573,0.043307499753572926
val,2019-09-19,10:30:00,15,heterogeneous,-0.007402381515567741,0.004935549957993307
val,2019-09-19,10:30:00,15,time_of_day,-0.009292430701872412,0.0177262964244686
val,2019-09-19,10:30:00,15,factor_spy,0.02442381853713016,0.004855797943579598
val,2019-09-19,10:30:00,15,quadratic_c0_etf,-0.0016689772537278047,0.03615855891065492
val,2019-09-19,10:30:00,15,quadratic_c0_single,0.12548249698629949,0.12359467697091578
val,2019-09-19,10:30:00,30,quadratic_c0,0.1309104636461448,0.10859296917846674
val,2019-09-19,10:30:00,30,independent_ou,0.12709661988925855,0.11320715599206697
val,2019-09-19,10:30:00,30,flexible_moments,0.09245972755646914,0.0890159516546375
val,2019-09-19,10:30:00,30,heterogeneous,0.012044910208876158,0.005450937414141058
val,2019-09-19,10:30:00,30,time_of_day,0.022139736176660346,0.030168210773194634
val,2019-09-19,10:30:00,30,factor_spy,0.028643676159310294,0.015114555012891398
val,2019-09-19,10:30:00,30,quadratic_c0_etf,0.18406030917388308,0.15757934844000554
val,2019-09-19,10:30:00,30,quadratic_c0_single,0.13180485129732092,0.10677415384158441
val,2019-09-19,10:45:00,1,quadratic_c0,0.06481241924810854,0.06799152120915783
val,2019-09-19,10:45:00,1,independent_ou,-0.058495093273305016,-0.036694145546649404
val,2019-09-19,10:45:00,1,flexible_moments,0.05963091606526008,0.057834966420187484
val,2019-09-19,10:45:00,1,heterogeneous,-0.0590597794202771,-0.03526874499166455
val,2019-09-19,10:45:00,1,time_of_day,-0.10781042487901221,-0.07090696011553332
val,2019-09-19,10:45:00,1,factor_spy,-0.05716913000658026,-0.03583224481643969
val,2019-09-19,10:45:00,1,quadratic_c0_etf,0.04319042959092417,0.03473725760322913
val,2019-09-19,10:45:00,1,quadratic_c0_single,0.17610628019105853,0.1577988035674217
val,2019-09-19,10:45:00,5,quadratic_c0,0.03955592990670018,0.02080349885188279
val,2019-09-19,10:45:00,5,independent_ou,0.0076938041451080075,0.012548355344582679
val,2019-09-19,10:45:00,5,flexible_moments,-0.09137320061446567,-0.08667134260268243
val,2019-09-19,10:45:00,5,heterogeneous,0.0013348988408500573,-0.011602237795526521
val,2019-09-19,10:45:00,5,time_of_day,-0.044296165857222736,-0.05129477268657537
val,2019-09-19,10:45:00,5,factor_spy,-0.03578412767494943,-0.03175892862329349
val,2019-09-19,10:45:00,5,quadratic_c0_etf,0.2589572423033971,0.2517445209785343
val,2019-09-19,10:45:00,5,quadratic_c0_single,0.011622947691580982,-0.008597442909997893
val,2019-09-19,10:45:00,15,quadratic_c0,0.08785786758368358,0.07409683781415385
val,2019-09-19,10:45:00,15,independent_ou,0.03747215144758273,0.014065641733152834
val,2019-09-19,10:45:00,15,flexible_moments,0.07602817094342468,0.06558533062840247
val,2019-09-19,10:45:00,15,heterogeneous,-0.06761650807681671,-0.06117650803795538
val,2019-09-19,10:45:00,15,time_of_day,0.010134468220944187,0.006170369352251154
val,2019-09-19,10:45:00,15,factor_spy,-0.018902329618697006,-0.034195033052126345
val,2019-09-19,10:45:00,15,quadratic_c0_etf,0.16999407703830396,0.13121501321162207
val,2019-09-19,10:45:00,15,quadratic_c0_single,0.09082441869756103,0.06487736976031491
val,2019-09-19,10:45:00,30,quadratic_c0,-0.0692876821265564,-0.05833422026241114
val,2019-09-19,10:45:00,30,independent_ou,-0.06850855519318647,-0.06823077682828461
val,2019-09-19,10:45:00,30,flexible_moments,-0.0743216518837842,-0.05827289864101434
val,2019-09-19,10:45:00,30,heterogeneous,-0.019141917043556195,-0.017438173761091053
val,2019-09-19,10:45:00,30,time_of_day,-0.12789281853128764,-0.11682769854280596
val,2019-09-19,10:45:00,30,factor_spy,-0.018279314447247674,-0.024630719385989736
val,2019-09-19,10:45:00,30,quadratic_c0_etf,0.16649117605390318,0.1519367804657977
val,2019-09-19,10:45:00,30,quadratic_c0_single,-0.04982835711426514,-0.03738472784048266
val,2019-09-19,11:00:00,1,quadratic_c0,0.04339848874573554,0.04506596886838543
val,2019-09-19,11:00:00,1,independent_ou,0.05952846181704205,0.06721627284290077
val,2019-09-19,11:00:00,1,flexible_moments,0.01532494235114537,0.017362950982863945
val,2019-09-19,11:00:00,1,heterogeneous,0.028393844677490176,0.02754620066208542
val,2019-09-19,11:00:00,1,time_of_day,-0.06524944641464966,-0.04889573571797538
val,2019-09-19,11:00:00,1,factor_spy,-0.027502191373980175,-0.02304557394226823
val,2019-09-19,11:00:00,1,quadratic_c0_etf,0.2994636582802468,0.27871073709607075
val,2019-09-19,11:00:00,1,quadratic_c0_single,0.05572516310556594,0.04292182358539921
val,2019-09-19,11:00:00,5,quadratic_c0,0.0027568911969874377,0.0036231767891750644
val,2019-09-19,11:00:00,5,independent_ou,-0.05997532372463857,-0.053223908306032866
val,2019-09-19,11:00:00,5,flexible_moments,-0.03919011457303201,-0.04868039787908966
val,2019-09-19,11:00:00,5,heterogeneous,0.037053001922824486,0.02059686225097951
val,2019-09-19,11:00:00,5,time_of_day,-0.10126925697286593,-0.08907652721605328
val,2019-09-19,11:00:00,5,factor_spy,-0.03476975285454792,-0.033357118485803264
val,2019-09-19,11:00:00,5,quadratic_c0_etf,-0.011878627873287917,-0.01744168147705971
val,2019-09-19,11:00:00,5,quadratic_c0_single,0.022531919792185967,0.019264319125741197
val,2019-09-19,11:00:00,15,quadratic_c0,-0.019928558600370683,0.0036426693088423556
val,2019-09-19,11:00:00,15,independent_ou,0.11918587505098541,0.11758348325515011
val,2019-09-19,11:00:00,15,flexible_moments,-0.0021184189300154643,0.025345815139925343
val,2019-09-19,11:00:00,15,heterogeneous,0.005610183448132577,0.004211141683251415
val,2019-09-19,11:00:00,15,time_of_day,-0.04818560383038266,-0.0313138161776471
val,2019-09-19,11:00:00,15,factor_spy,0.02545878279202335,0.04082398688304925
val,2019-09-19,11:00:00,15,quadratic_c0_etf,0.04924962154507925,0.07937850059469317
val,2019-09-19,11:00:00,15,quadratic_c0_single,0.06555548832805455,0.08593246871355778
val,2019-09-19,11:00:00,30,quadratic_c0,0.015811580093595456,-0.016486462432836996
val,2019-09-19,11:00:00,30,independent_ou,0.049040567533423673,0.03458160631452892
val,2019-09-19,11:00:00,30,flexible_moments,0.022814144800953617,0.028550927583125357
val,2019-09-19,11:00:00,30,heterogeneous,0.10352013868464177,0.09293950926361896
val,2019-09-19,11:00:00,30,time_of_day,-0.016363850062807356,-0.030955036645149703
val,2019-09-19,11:00:00,30,factor_spy,-0.030772599917560095,-0.02642781494448282
val,2019-09-19,11:00:00,30,quadratic_c0_etf,0.23091868164231683,0.21197093889730953
val,2019-09-19,11:00:00,30,quadratic_c0_single,0.06957737906510597,0.0393784829377726
val,2019-09-19,11:15:00,1,quadratic_c0,-0.005462368946693913,0.004961235635201858
val,2019-09-19,11:15:00,1,independent_ou,0.047065113017719096,0.038661712641322954
val,2019-09-19,11:15:00,1,flexible_moments,0.02385850870177461,0.01948550469957258
val,2019-09-19,11:15:00,1,heterogeneous,0.16445913333062523,0.1319534459677587
val,2019-09-19,11:15:00,1,time_of_day,0.026909339637785357,0.033487388022915815
val,2019-09-19,11:15:00,1,factor_spy,0.08667451844899976,0.10054543137096553
val,2019-09-19,11:15:00,1,quadratic_c0_etf,0.09921407145540759,0.10032473248919935
val,2019-09-19,11:15:00,1,quadratic_c0_single,0.03148630535681668,0.033192555348670216
val,2019-09-19,11:15:00,5,quadratic_c0,0.11146442382900054,0.09587787175448434
val,2019-09-19,11:15:00,5,independent_ou,0.01907747685190364,0.014823849410566192
val,2019-09-19,11:15:00,5,flexible_moments,0.04116440504292851,0.051843463133510403
val,2019-09-19,11:15:00,5,heterogeneous,0.022131808165343658,0.01600702907748086
val,2019-09-19,11:15:00,5,time_of_day,-0.024563705604103148,-0.025469257413242602
val,2019-09-19,11:15:00,5,factor_spy,0.022015293250327195,0.019157889736661382
val,2019-09-19,11:15:00,5,quadratic_c0_etf,0.30808819164646495,0.2987314902200503
val,2019-09-19,11:15:00,5,quadratic_c0_single,0.08419247881806463,0.053410898009633195
val,2019-09-19,11:15:00,15,quadratic_c0,0.04042452013101561,0.04189421111846403
val,2019-09-19,11:15:00,15,independent_ou,0.07156790720803327,0.06373309731690532
val,2019-09-19,11:15:00,15,flexible_moments,0.08063826155913656,0.08140538042126061
val,2019-09-19,11:15:00,15,heterogeneous,0.191738228164722,0.15683493137089335
val,2019-09-19,11:15:00,15,time_of_day,0.02635119707276118,0.017747572175209503
val,2019-09-19,11:15:00,15,factor_spy,0.041640151976648415,0.04928993436906273
val,2019-09-19,11:15:00,15,quadratic_c0_etf,0.30679477836419733,0.2816566148296178
val,2019-09-19,11:15:00,15,quadratic_c0_single,0.07074154310196243,0.06493967756540989
val,2019-09-19,11:15:00,30,quadratic_c0,0.06724593119320754,0.07039672980412855
val,2019-09-19,11:15:00,30,independent_ou,0.2920340001483871,0.29480668028706214
val,2019-09-19,11:15:00,30,flexible_moments,0.1490101066350928,0.13907986464516509
val,2019-09-19,11:15:00,30,heterogeneous,0.12614625580898803,0.1194123701507364
val,2019-09-19,11:15:00,30,time_of_day,0.053857771801562676,0.05029376909209986
val,2019-09-19,11:15:00,30,factor_spy,0.16664563743703387,0.1358163820827482
val,2019-09-19,11:15:00,30,quadratic_c0_etf,0.08525154246491146,0.05957234554810999
val,2019-09-19,11:15:00,30,quadratic_c0_single,0.16397522794284974,0.14682947623496417
val,2019-09-19,11:30:00,1,quadratic_c0,-0.037612582912375736,-0.0063119656857112405
val,2019-09-19,11:30:00,1,independent_ou,0.023634200105332737,0.02507983637847927
val,2019-09-19,11:30:00,1,flexible_moments,-0.07187585987355377,-0.07539512463221895
val,2019-09-19,11:30:00,1,heterogeneous,-0.18634475515542004,-0.15948930396893687
val,2019-09-19,11:30:00,1,time_of_day,-0.20272138042445198,-0.17516168932090279
val,2019-09-19,11:30:00,1,factor_spy,-0.0424517022902709,-0.02022121508484187
val,2019-09-19,11:30:00,1,quadratic_c0_etf,0.28305274468147446,0.19258961650054435
val,2019-09-19,11:30:00,1,quadratic_c0_single,-0.058706613544172115,-0.0485447953270817
val,2019-09-19,11:30:00,5,quadratic_c0,-0.049478759425646696,-0.09499916463712836
val,2019-09-19,11:30:00,5,independent_ou,-0.06534569407134347,-0.06838669408316854
val,2019-09-19,11:30:00,5,flexible_moments,-0.031375728633910915,-0.030911257205616632
val,2019-09-19,11:30:00,5,heterogeneous,-0.030574016975093682,-0.010639259731055783
val,2019-09-19,11:30:00,5,time_of_day,-0.11434576635082384,-0.10000319832454971
val,2019-09-19,11:30:00,5,factor_spy,0.0017582751040566003,0.0004934443250076415
val,2019-09-19,11:30:00,5,quadratic_c0_etf,0.2009463873240243,0.12255020722975027
val,2019-09-19,11:30:00,5,quadratic_c0_single,-0.1500129598669236,-0.12302285077777875
val,2019-09-19,11:30:00,15,quadratic_c0,0.1635227077456754,0.16310881981264663
val,2019-09-19,11:30:00,15,independent_ou,0.0819160416774227,0.06957151779893722
val,2019-09-19,11:30:00,15,flexible_moments,0.07818251855007186,0.07255049027905638
val,2019-09-19,11:30:00,15,heterogeneous,0.11423252137622852,0.11762086877151554
val,2019-09-19,11:30:00,15,time_of_day,0.0911163735588699,0.09010161183545651
val,2019-09-19,11:30:00,15,factor_spy,0.07912793216997996,0.07970401412337602
val,2019-09-19,11:30:00,15,quadratic_c0_etf,0.3071617299986953,0.2676285396733764
val,2019-09-19,11:30:00,15,quadratic_c0_single,0.13188826501422135,0.13391844219282584
val,2019-09-19,11:30:00,30,quadratic_c0,-0.17536632469350344,-0.15805177866699488
val,2019-09-19,11:30:00,30,independent_ou,-0.10024411095650976,-0.09714784911395821
val,2019-09-19,11:30:00,30,flexible_moments,-0.1512565767161859,-0.14093359617261797
val,2019-09-19,11:30:00,30,heterogeneous,-0.11917742479200982,-0.10790933438094494
val,2019-09-19,11:30:00,30,time_of_day,-0.16519364810674061,-0.1537213839863773
val,2019-09-19,11:30:00,30,factor_spy,-0.1082742200894238,-0.10943181686548428
val,2019-09-19,11:30:00,30,quadratic_c0_etf,0.09680374089065374,0.11897315244259848
val,2019-09-19,11:30:00,30,quadratic_c0_single,-0.1846078522732419,-0.17010141611569732
val,2019-09-19,11:45:00,1,quadratic_c0,0.022072995514482663,0.033014065041999385
val,2019-09-19,11:45:00,1,independent_ou,0.031753922683658176,0.016351978254563276
val,2019-09-19,11:45:00,1,flexible_moments,-0.09949788043314267,-0.09454142121557185
val,2019-09-19,11:45:00,1,heterogeneous,-0.07272603067269223,-0.08080115386353046
val,2019-09-19,11:45:00,1,time_of_day,-0.03909565573227086,-0.0648812742656798
val,2019-09-19,11:45:00,1,factor_spy,-0.020819202178962243,-0.03454708452937233
val,2019-09-19,11:45:00,1,quadratic_c0_etf,0.25115692341907264,0.2278722961599755
val,2019-09-19,11:45:00,1,quadratic_c0_single,-0.009867810073308059,-0.008331487497924117
val,2019-09-19,11:45:00,5,quadratic_c0,-0.047020726835697496,-0.054585944426769395
val,2019-09-19,11:45:00,5,independent_ou,-0.10117873275689054,-0.09371154619017291
val,2019-09-19,11:45:00,5,flexible_moments,-0.07735570585526211,-0.10099365362872006
val,2019-09-19,11:45:00,5,heterogeneous,-0.0648294150159435,-0.09784701579926092
val,2019-09-19,11:45:00,5,time_of_day,-0.14387513587512932,-0.1423691485268433
val,2019-09-19,11:45:00,5,factor_spy,0.07477472601403878,0.05608557840800432
val,2019-09-19,11:45:00,5,quadratic_c0_etf,-0.07570772454092672,-0.10396454697236904
val,2019-09-19,11:45:00,5,quadratic_c0_single,0.05069085413072133,0.03187820388137358
val,2019-09-19,11:45:00,15,quadratic_c0,-0.0901863892237928,-0.07428288543287992
val,2019-09-19,11:45:00,15,independent_ou,-0.10269272380755903,-0.07449993682892411
val,2019-09-19,11:45:00,15,flexible_moments,-0.04741402729300076,-0.0203409704785453
val,2019-09-19,11:45:00,15,heterogeneous,-0.10515421806047145,-0.09389727504451505
val,2019-09-19,11:45:00,15,time_of_day,-0.12603989124122292,-0.10215560796757425
val,2019-09-19,11:45:00,15,factor_spy,-0.06514473736848514,-0.039127403232977476
val,2019-09-19,11:45:00,15,quadratic_c0_etf,0.1284933400081762,0.08897843610495418
val,2019-09-19,11:45:00,15,quadratic_c0_single,-0.1134489271943134,-0.09077251035799662
val,2019-09-19,11:45:00,30,quadratic_c0,-0.08211648611202745,-0.06718404241612115
val,2019-09-19,11:45:00,30,independent_ou,0.13543893735365967,0.127737894177596
val,2019-09-19,11:45:00,30,flexible_moments,-0.01095265186650729,0.0006981066234155453
val,2019-09-19,11:45:00,30,heterogeneous,0.14542404766763425,0.13733027665905662
val,2019-09-19,11:45:00,30,time_of_day,-0.05198940355103163,-0.03422286181908332
val,2019-09-19,11:45:00,30,factor_spy,-0.07646680492644557,-0.05371042365548406
val,2019-09-19,11:45:00,30,quadratic_c0_etf,0.390641853794097,0.3653399388389963
val,2019-09-19,11:45:00,30,quadratic_c0_single,0.021656302179852427,0.01201597563331655
val,2019-09-19,12:00:00,1,quadratic_c0,0.019774335858997766,0.03750554788820637
val,2019-09-19,12:00:00,1,independent_ou,-0.007454937313695842,0.001019630883396072
val,2019-09-19,12:00:00,1,flexible_moments,-0.036936017327538706,-0.013235580876819142
val,2019-09-19,12:00:00,1,heterogeneous,0.052001281639889096,0.045504583641808816
val,2019-09-19,12:00:00,1,time_of_day,-0.08259075530791747,-0.057959065965927384
val,2019-09-19,12:00:00,1,factor_spy,0.018586524760400763,0.033233274305213306
val,2019-09-19,12:00:00,1,quadratic_c0_etf,0.06647204379954647,0.06742210051469877
val,2019-09-19,12:00:00,1,quadratic_c0_single,0.062405385399253166,0.08189585421111506
val,2019-09-19,12:00:00,5,quadratic_c0,0.11159440899118356,0.10806609641431236
val,2019-09-19,12:00:00,5,independent_ou,0.01031016582179245,-0.008961953506235076
val,2019-09-19,12:00:00,5,flexible_moments,0.06973728752708996,0.06254485980766017
val,2019-09-19,12:00:00,5,heterogeneous,0.059235945576711524,0.06774603996746292
val,2019-09-19,12:00:00,5,time_of_day,-0.005422404754010013,-0.006265007986780757
val,2019-09-19,12:00:00,5,factor_spy,0.0677078567624198,0.06106512734445191
val,2019-09-19,12:00:00,5,quadratic_c0_etf,0.12995442757940845,0.13357592859599243
val,2019-09-19,12:00:00,5,quadratic_c0_single,0.10708184552420147,0.10030223444597502
val,2019-09-19,12:00:00,15,quadratic_c0,0.05923996906821413,0.06261499525700429
val,2019-09-19,12:00:00,15,independent_ou,0.041250716681283356,0.0389735896704381
val,2019-09-19,12:00:00,15,flexible_moments,0.00372890122768077,-0.009700337942421255
val,2019-09-19,12:00:00,15,heterogeneous,0.030833312337634755,0.031157913294786344
val,2019-09-19,12:00:00,15,time_of_day,-0.0533713821035279,-0.0488057283772273
val,2019-09-19,12:00:00,15,factor_spy,0.002641446471624037,-0.013028945150833332
val,2019-09-19,12:00:00,15,quadratic_c0_etf,0.24213049917208865,0.163697647316941
val,2019-09-19,12:00:00,15,quadratic_c0_single,0.2165967963275436,0.2271462528962737
val,2019-09-19,12:00:00,30,quadratic_c0,0.11624565395072943,0.08055622696988142
val,2019-09-19,12:00:00,30,independent_ou,0.07696654930953785,0.0710855249811606
val,2019-09-19,12:00:00,30,flexible_moments,-0.01756874026709676,-0.008991391913066082
val,2019-09-19,12:00:00,30,heterogeneous,0.045109038647503666,0.03718633904769003
val,2019-09-19,12:00:00,30,time_of_day,0.026850604003921807,0.015096157033854793
val,2019-09-19,12:00:00,30,factor_spy,0.06866035775656311,0.07678447633755077
val,2019-09-19,12:00:00,30,quadratic_c0_etf,0.0876293584436952,0.07854716461347273
val,2019-09-19,12:00:00,30,quadratic_c0_single,0.13560700712527246,0.0905313868239049
val,2019-09-19,12:15:00,1,quadratic_c0,-0.03431217077918422,-0.0404261457937934
val,2019-09-19,12:15:00,1,independent_ou,-0.018449503062953676,-0.036806353764719996
val,2019-09-19,12:15:00,1,flexible_moments,-0.04680375297205258,-0.04706142763378772
val,2019-09-19,12:15:00,1,heterogeneous,0.03144833154339355,0.04249431455961228
val,2019-09-19,12:15:00,1,time_of_day,-0.06701391622942224,-0.050859713058850786
val,2019-09-19,12:15:00,1,factor_spy,-0.04580493253014711,-0.027502672989892563
val,2019-09-19,12:15:00,1,quadratic_c0_etf,0.1041962306897393,0.09672353909902584
val,2019-09-19,12:15:00,1,quadratic_c0_single,-0.02897195519689133,-0.03667807668034723
val,2019-09-19,12:15:00,5,quadratic_c0,-0.07252394418755417,-0.04353068896583405
val,2019-09-19,12:15:00,5,independent_ou,0.012885523555532824,0.04514488171162831
val,2019-09-19,12:15:00,5,flexible_moments,-0.024591913175337876,0.006330934713562136
val,2019-09-19,12:15:00,5,heterogeneous,-0.0804309003766735,-0.047472334570676386
val,2019-09-19,12:15:00,5,time_of_day,-0.03522945217804144,-0.0010427112646260173
val,2019-09-19,12:15:00,5,factor_spy,0.04612682337695992,0.06016829337283669
val,2019-09-19,12:15:00,5,quadratic_c0_etf,0.05460778439239569,0.08280764647562175
val,2019-09-19,12:15:00,5,quadratic_c0_single,-0.03985339338786656,-0.0017319317033002157
val,2019-09-19,12:15:00,15,quadratic_c0,-0.05673880556937744,-0.0469250510123978
val,2019-09-19,12:15:00,15,independent_ou,-0.10611281302744031,-0.07712342801505387
val,2019-09-19,12:15:00,15,flexible_moments,-0.06915553900301172,-0.06760560957652202
val,2019-09-19,12:15:00,15,heterogeneous,0.03147452324935754,-0.0038405483588700717
val,2019-09-19,12:15:00,15,time_of_day,-0.08871617153673304,-0.08084579377839746
val,2019-09-19,12:15:00,15,factor_spy,-0.13578167038403943,-0.10753602184078585
val,2019-09-19,12:15:00,15,quadratic_c0_etf,0.015205195175955366,0.005737884092387319
val,2019-09-19,12:15:00,15,quadratic_c0_single,-0.05526146410706978,-0.04820814770712571
val,2019-09-19,12:15:00,30,quadratic_c0,0.12439315724884736,0.13473746119268737
val,2019-09-19,12:15:00,30,independent_ou,-0.02868378700456084,-0.01576834549699299
val,2019-09-19,12:15:00,30,flexible_moments,0.041256695343227984,0.037095616302969356
val,2019-09-19,12:15:00,30,heterogeneous,0.05415408767933794,0.05910410170205242
val,2019-09-19,12:15:00,30,time_of_day,0.11043068361204489,0.09922859286135728
val,2019-09-19,12:15:00,30,factor_spy,0.12236635174036159,0.08762655270027343
val,2019-09-19,12:15:00,30,quadratic_c0_etf,0.4203039202587648,0.39465151681620897
val,2019-09-19,12:15:00,30,quadratic_c0_single,0.07274637220041905,0.08135095413063699
val,2019-09-19,12:30:00,1,quadratic_c0,0.03760194828493793,0.009634507311477483
val,2019-09-19,12:30:00,1,independent_ou,0.013490908277135671,0.017605954252994285
val,2019-09-19,12:30:00,1,flexible_moments,-0.005773535761688264,-0.003294004534957498
val,2019-09-19,12:30:00,1,heterogeneous,0.00610193984568877,0.012911824344886025
val,2019-09-19,12:30:00,1,time_of_day,-0.03957918417660264,-0.024838468940489355
val,2019-09-19,12:30:00,1,factor_spy,-0.005319659174644303,0.006426337962155651
val,2019-09-19,12:30:00,1,quadratic_c0_etf,0.12998251388625923,0.12593395647034217
val,2019-09-19,12:30:00,1,quadratic_c0_single,0.07923392476002403,0.06806290435522565
val,2019-09-19,12:30:00,5,quadratic_c0,0.019413369819564374,0.01957860568330866
val,2019-09-19,12:30:00,5,independent_ou,0.021270121705346506,0.025564423466779174
val,2019-09-19,12:30:00,5,flexible_moments,-0.021998065015257445,-0.01698383961451301
val,2019-09-19,12:30:00,5,heterogeneous,0.12032184776218152,0.0926961968363168
val,2019-09-19,12:30:00,5,time_of_day,-0.054604884972250564,-0.045677311858286745
val,2019-09-19,12:30:00,5,factor_spy,0.011696566778594736,0.0013037577597788674
val,2019-09-19,12:30:00,5,quadratic_c0_etf,0.2448763587270224,0.21660227074248234
val,2019-09-19,12:30:00,5,quadratic_c0_single,0.024786848867636685,0.024607345685808496
val,2019-09-19,12:30:00,15,quadratic_c0,-0.05669782062205597,-0.0801505400244747
val,2019-09-19,12:30:00,15,independent_ou,-0.020042650589883332,-0.062153983170709595
val,2019-09-19,12:30:00,15,flexible_moments,-0.050042941855995504,-0.07581533809118923
val,2019-09-19,12:30:00,15,heterogeneous,0.15310627657911158,0.1579121149873053
val,2019-09-19,12:30:00,15,time_of_day,0.04744906935610815,0.032834128734617496
val,2019-09-19,12:30:00,15,factor_spy,-0.1030806146736953,-0.0958331481448621
val,2019-09-19,12:30:00,15,quadratic_c0_etf,0.18380362213376256,0.15714824493241505
val,2019-09-19,12:30:00,15,quadratic_c0_single,0.005107359789475463,-0.02725894078193239
val,2019-09-19,12:30:00,30,quadratic_c0,-0.01650258158919457,-0.02195181144315443
val,2019-09-19,12:30:00,30,independent_ou,0.0271513884982445,0.021469347305401232
val,2019-09-19,12:30:00,30,flexible_moments,-0.03390156703780131,-0.034098133161210006
val,2019-09-19,12:30:00,30,heterogeneous,0.031723194456180326,0.020731462215762914
val,2019-09-19,12:30:00,30,time_of_day,-0.027011965711856267,-0.018112009653061464
val,2019-09-19,12:30:00,30,factor_spy,0.0781129311616984,0.07040298007876211
val,2019-09-19,12:30:00,30,quadratic_c0_etf,0.02601937586073022,0.03994161645983535
val,2019-09-19,12:30:00,30,quadratic_c0_single,0.024410180399030368,0.003532432270717395
val,2019-09-19,12:45:00,1,quadratic_c0,0.033591248763862436,0.04267633848228178
val,2019-09-19,12:45:00,1,independent_ou,0.0002696711363147919,-0.008765190400893963
val,2019-09-19,12:45:00,1,flexible_moments,0.0011103042813147834,0.014023151483647356
val,2019-09-19,12:45:00,1,heterogeneous,0.07615131428229799,0.07252836374565258
val,2019-09-19,12:45:00,1,time_of_day,-0.0619462957927846,-0.0526248092399601
val,2019-09-19,12:45:00,1,factor_spy,-0.03391033327984161,-0.021558976510996558
val,2019-09-19,12:45:00,1,quadratic_c0_etf,0.12778952455310216,0.11256214974230216
val,2019-09-19,12:45:00,1,quadratic_c0_single,0.03130168085510965,0.04129567226711367
val,2019-09-19,12:45:00,5,quadratic_c0,0.003090565235670223,-0.006635935918908015
val,2019-09-19,12:45:00,5,independent_ou,0.0499245703858352,0.03163319657150218
val,2019-09-19,12:45:00,5,flexible_moments,-0.030577529025645284,-0.022565063296764193
val,2019-09-19,12:45:00,5,heterogeneous,0.06159255952759135,0.04742429120390895
val,2019-09-19,12:45:00,5,time_of_day,-0.0776483838187081,-0.06915185085457634
val,2019-09-19,12:45:00,5,factor_spy,-0.050857351331674905,-0.0470845085870254
val,2019-09-19,12:45:00,5,quadratic_c0_etf,0.07884926483118099,0.07172247836782697
val,2019-09-19,12:45:00,5,quadratic_c0_single,0.010843629930792825,-0.013286512694377361
val,2019-09-19,12:45:00,15,quadratic_c0,0.09268556470151688,0.09199931504468704
val,2019-09-19,12:45:00,15,independent_ou,0.030949214348567414,0.02079542583579186
val,2019-09-19,12:45:00,15,flexible_moments,0.03897091572115095,0.035830446384439454
val,2019-09-19,12:45:00,15,heterogeneous,0.15665834154354735,0.15251013215089232
val,2019-09-19,12:45:00,15,time_of_day,0.020604042960380445,0.023607578559402292
val,2019-09-19,12:45:00,15,factor_spy,0.06145789425966934,0.02926857033003992
val,2019-09-19,12:45:00,15,quadratic_c0_etf,0.17782017747643397,0.18232784648281464
val,2019-09-19,12:45:00,15,quadratic_c0_single,0.09856440980016228,0.09788090170965723
val,2019-09-19,12:45:00,30,quadratic_c0,0.004491807547358326,0.0065570713766427285
val,2019-09-19,12:45:00,30,independent_ou,0.12298887704131059,0.0571847405412866
val,2019-09-19,12:45:00,30,flexible_moments,0.0637893619245436,0.06789265103285992
val,2019-09-19,12:45:00,30,heterogeneous,0.17766194049415893,0.1478364987998591
val,2019-09-19,12:45:00,30,time_of_day,0.025032416122931445,0.029037668439186107
val,2019-09-19,12:45:00,30,factor_spy,0.17810349535958078,0.15555362523319255
val,2019-09-19,12:45:00,30,quadratic_c0_etf,0.1794461905448204,0.13630861335490602
val,2019-09-19,12:45:00,30,quadratic_c0_single,0.044503004795173357,0.04056718032774252
val,2019-09-19,13:00:00,1,quadratic_c0,0.027435149082494725,0.020037378617612858
val,2019-09-19,13:00:00,1,independent_ou,-0.018694508812893168,-0.009304065180286869
val,2019-09-19,13:00:00,1,flexible_moments,0.09291084960478191,0.07741241860971378
val,2019-09-19,13:00:00,1,heterogeneous,0.06590127929292211,0.023428681235753326
val,2019-09-19,13:00:00,1,time_of_day,0.004193173424897778,0.0008721103057358348
val,2019-09-19,13:00:00,1,factor_spy,0.10102963307908425,0.09699079542632773
val,2019-09-19,13:00:00,1,quadratic_c0_etf,0.26287860299470134,0.19088001577951308
val,2019-09-19,13:00:00,1,quadratic_c0_single,-0.029283402367948616,-0.019334214012918946
val,2019-09-19,13:00:00,5,quadratic_c0,-0.0036940187462990437,-0.014300426977641473
val,2019-09-19,13:00:00,5,independent_ou,-0.04861178277708836,-0.05325035642001111
val,2019-09-19,13:00:00,5,flexible_moments,0.006555196230071947,0.0022526721715015463
val,2019-09-19,13:00:00,5,heterogeneous,0.06877729266466431,0.06776912363897428
val,2019-09-19,13:00:00,5,time_of_day,-0.12101226002224974,-0.11131349321789313
val,2019-09-19,13:00:00,5,factor_spy,-0.06493929816106726,-0.060450143945016785
val,2019-09-19,13:00:00,5,quadratic_c0_etf,0.09930378630777881,0.07860229246530903
val,2019-09-19,13:00:00,5,quadratic_c0_single,-0.02132127872431064,-0.0268398152209674
val,2019-09-19,13:00:00,15,quadratic_c0,0.11167151116652058,0.10383382757446133
val,2019-09-19,13:00:00,15,independent_ou,0.026659762556941413,-0.008310213995030652
val,2019-09-19,13:00:00,15,flexible_moments,0.08589405650473617,0.07704765587338688
val,2019-09-19,13:00:00,15,heterogeneous,0.059516168537252556,0.03293840352719611
val,2019-09-19,13:00:00,15,time_of_day,0.041726158545702025,0.039334900971544184
val,2019-09-19,13:00:00,15,factor_spy,0.06909313185916943,0.05816164340057495
val,2019-09-19,13:00:00,15,quadratic_c0_etf,0.10450491379977697,0.08395243298857596
val,2019-09-19,13:00:00,15,quadratic_c0_single,0.13817227614121586,0.11535356758914048
val,2019-09-19,13:00:00,30,quadratic_c0,0.047015060979564455,0.05169517811744964
val,2019-09-19,13:00:00,30,independent_ou,0.169050218764545,0.1629191905774447
val,2019-09-19,13:00:00,30,flexible_moments,-0.010313426350725435,-0.010314385217101069
val,2019-09-19,13:00:00,30,heterogeneous,0.045271029733687906,0.03689099290813075
val,2019-09-19,13:00:00,30,time_of_day,0.02474604911188552,0.02754732790413464
val,2019-09-19,13:00:00,30,factor_spy,0.07883900739148703,0.07393627685853685
val,2019-09-19,13:00:00,30,quadratic_c0_etf,0.11981600348363891,0.058369234958018046
val,2019-09-19,13:00:00,30,quadratic_c0_single,0.1736732623901286,0.17449756467378602
val,2019-09-19,13:15:00,1,quadratic_c0,0.03494793953917043,0.021492507877505507
val,2019-09-19,13:15:00,1,independent_ou,0.02569588228938642,0.01962825422137497
val,2019-09-19,13:15:00,1,flexible_moments,0.08122448424139457,0.07602348534400068
val,2019-09-19,13:15:00,1,heterogeneous,0.01384338594436714,0.0004142885898575782
val,2019-09-19,13:15:00,1,time_of_day,-0.00902287429382416,-0.005661201663037171
val,2019-09-19,13:15:00,1,factor_spy,-0.004501296619397008,-0.002826625019972634
val,2019-09-19,13:15:00,1,quadratic_c0_etf,0.11722538339522652,0.09571301316743781
val,2019-09-19,13:15:00,1,quadratic_c0_single,0.03689612984010633,0.015139403344882951
val,2019-09-19,13:15:00,5,quadratic_c0,0.10725732675510638,0.08078404519558194
val,2019-09-19,13:15:00,5,independent_ou,-0.06956683826524948,-0.07028034376629774
val,2019-09-19,13:15:00,5,flexible_moments,0.07622975448872085,0.0710859133841705
val,2019-09-19,13:15:00,5,heterogeneous,-0.07650826688869897,-0.08590036289350489
val,2019-09-19,13:15:00,5,time_of_day,-0.11060066615482299,-0.10710107868868413
val,2019-09-19,13:15:00,5,factor_spy,0.027606238944969747,0.007106359737970858
val,2019-09-19,13:15:00,5,quadratic_c0_etf,-0.07276871042835856,-0.0815431789160118
val,2019-09-19,13:15:00,5,quadratic_c0_single,0.17103800999165988,0.13407476878145927
val,2019-09-19,13:15:00,15,quadratic_c0,0.12925752716158492,0.12385540870064662
val,2019-09-19,13:15:00,15,independent_ou,0.1956154779097655,0.1694735265912977
val,2019-09-19,13:15:00,15,flexible_moments,-0.0005240362891456851,-0.009040898528205749
val,2019-09-19,13:15:00,15,heterogeneous,-0.001105343709729284,-0.0028894170365560967
val,2019-09-19,13:15:00,15,time_of_day,0.05944071003881174,0.054621983929378004
val,2019-09-19,13:15:00,15,factor_spy,0.106777025788072,0.10900902692835165
val,2019-09-19,13:15:00,15,quadratic_c0_etf,0.23963715568179586,0.18785011079733763
val,2019-09-19,13:15:00,15,quadratic_c0_single,0.18000269851283193,0.18291481033503884
val,2019-09-19,13:15:00,30,quadratic_c0,-0.05486228051090547,-0.04537880815507775
val,2019-09-19,13:15:00,30,independent_ou,0.031241929411197578,0.01988891882631283
val,2019-09-19,13:15:00,30,flexible_moments,-0.005407594092327522,-0.005388351298489469
val,2019-09-19,13:15:00,30,heterogeneous,0.07595312578448665,0.05557232854541466
val,2019-09-19,13:15:00,30,time_of_day,-0.04493247109193163,-0.040295589265589085
val,2019-09-19,13:15:00,30,factor_spy,-0.03954348923570286,-0.028018068520465927
val,2019-09-19,13:15:00,30,quadratic_c0_etf,0.141564573500505,0.10051527232375113
val,2019-09-19,13:15:00,30,quadratic_c0_single,-0.029323609551800495,-0.032785474750954904
val,2019-09-19,13:30:00,1,quadratic_c0,0.08522481271249016,0.06608996430528881
val,2019-09-19,13:30:00,1,independent_ou,-6.111385945298253e-05,0.021810050633946407
val,2019-09-19,13:30:00,1,flexible_moments,0.05398974498858802,0.06927580368493781
val,2019-09-19,13:30:00,1,heterogeneous,0.1616335436365453,0.10344115174053185
val,2019-09-19,13:30:00,1,time_of_day,0.215778989391045,0.23397825992781363
val,2019-09-19,13:30:00,1,factor_spy,0.0863686357437572,0.0818176968472736
val,2019-09-19,13:30:00,1,quadratic_c0_etf,0.3419630923258482,0.32140152196299226
val,2019-09-19,13:30:00,1,quadratic_c0_single,0.1365041954540827,0.13022149244931747
val,2019-09-19,13:30:00,5,quadratic_c0,-0.09469635023087719,-0.09728967176034478
val,2019-09-19,13:30:00,5,independent_ou,-0.10142077244587405,-0.08475909027799966
val,2019-09-19,13:30:00,5,flexible_moments,-0.12896225990299826,-0.12352908984245245
val,2019-09-19,13:30:00,5,heterogeneous,-0.1306537594392997,-0.1287240382426955
val,2019-09-19,13:30:00,5,time_of_day,-0.18169729536753998,-0.1762532986039112
val,2019-09-19,13:30:00,5,factor_spy,-0.09219817905749758,-0.08483370132740664
val,2019-09-19,13:30:00,5,quadratic_c0_etf,0.07532561889259543,0.051811701722838666
val,2019-09-19,13:30:00,5,quadratic_c0_single,0.022074327578593067,0.021532633613806806
val,2019-09-19,13:30:00,15,quadratic_c0,-0.126052926805706,-0.11646118079533574
val,2019-09-19,13:30:00,15,independent_ou,-0.0940646316373121,-0.08229146308968432
val,2019-09-19,13:30:00,15,flexible_moments,-0.16451739950530672,-0.14557749471287848
val,2019-09-19,13:30:00,15,heterogeneous,-0.14359100630835533,-0.12082454112627083
val,2019-09-19,13:30:00,15,time_of_day,-0.17448401959610124,-0.15023391946924575
val,2019-09-19,13:30:00,15,factor_spy,-0.052143815628311,-0.049838756922748945
val,2019-09-19,13:30:00,15,quadratic_c0_etf,0.06424992413890729,0.05249225028861537
val,2019-09-19,13:30:00,15,quadratic_c0_single,-0.05174172933172472,-0.08663304126649274
val,2019-09-19,13:30:00,30,quadratic_c0,-0.11475554441726896,-0.09037288404074496
val,2019-09-19,13:30:00,30,independent_ou,-0.13170303699870572,-0.12337008707758249
val,2019-09-19,13:30:00,30,flexible_moments,-0.08157384671952389,-0.06358759223324448
val,2019-09-19,13:30:00,30,heterogeneous,-0.006288374855195178,-0.008466604965252755
val,2019-09-19,13:30:00,30,time_of_day,-0.12093309203275857,-0.1180122814220301
val,2019-09-19,13:30:00,30,factor_spy,0.02040774726822997,0.01846304182171149
val,2019-09-19,13:30:00,30,quadratic_c0_etf,0.21250708301404203,0.20312242818364112
val,2019-09-19,13:30:00,30,quadratic_c0_single,-0.05746461006746359,-0.03521770252650014
val,2019-09-19,13:45:00,1,quadratic_c0,0.026888487972176883,0.018490783927249316
val,2019-09-19,13:45:00,1,independent_ou,-0.0402505685371239,-0.03238109861274477
val,2019-09-19,13:45:00,1,flexible_moments,0.09702793007625662,0.1008735626712011
val,2019-09-19,13:45:00,1,heterogeneous,0.04489047593756229,0.05858382123756731
val,2019-09-19,13:45:00,1,time_of_day,0.03056655803304817,0.04204138342032812
val,2019-09-19,13:45:00,1,factor_spy,-0.03150310348421895,-0.015610466666190967
val,2019-09-19,13:45:00,1,quadratic_c0_etf,0.08228484630921529,0.10731122195554704
val,2019-09-19,13:45:00,1,quadratic_c0_single,0.07035109828883185,0.05350104951965384
val,2019-09-19,13:45:00,5,quadratic_c0,-0.01844045667339697,-0.022239736952184064
val,2019-09-19,13:45:00,5,independent_ou,-0.007656578059494962,-0.023642763087036972
val,2019-09-19,13:45:00,5,flexible_moments,-0.08723968040211029,-0.077728791072351
val,2019-09-19,13:45:00,5,heterogeneous,-0.06334447357907322,-0.05672631617329106
val,2019-09-19,13:45:00,5,time_of_day,-0.04695011290100326,-0.049992949201344006
val,2019-09-19,13:45:00,5,factor_spy,0.022899751841603422,-0.022176814823295865
val,2019-09-19,13:45:00,5,quadratic_c0_etf,0.10020607832575823,0.07765023219627262
val,2019-09-19,13:45:00,5,quadratic_c0_single,-0.044980782268828984,-0.04672314854612386
val,2019-09-19,13:45:00,15,quadratic_c0,-0.0015877687264009566,-0.020601411070610268
val,2019-09-19,13:45:00,15,independent_ou,0.1075148365490049,0.07800285281657732
val,2019-09-19,13:45:00,15,flexible_moments,0.04666347450360539,0.02851489071594776
val,2019-09-19,13:45:00,15,heterogeneous,-0.01882722042078469,-0.020415441111702196
val,2019-09-19,13:45:00,15,time_of_day,-0.002836358048525167,-0.016883161736810537
val,2019-09-19,13:45:00,15,factor_spy,0.10827399991444311,0.06897102851275974
val,2019-09-19,13:45:00,15,quadratic_c0_etf,0.000614065722079643,0.0012496012299507697
val,2019-09-19,13:45:00,15,quadratic_c0_single,0.046320038281504466,0.02816024957596508
val,2019-09-19,13:45:00,30,quadratic_c0,-0.030969075609292462,-0.02040096657416171
val,2019-09-19,13:45:00,30,independent_ou,0.021197017887735453,0.02529383253944023
val,2019-09-19,13:45:00,30,flexible_moments,-0.05727917256241935,-0.0652594425029274
val,2019-09-19,13:45:00,30,heterogeneous,0.018097761421152242,0.029183692137661726
val,2019-09-19,13:45:00,30,time_of_day,-0.06327441773276238,-0.0468117122900272
val,2019-09-19,13:45:00,30,factor_spy,0.23437191649903658,0.24853225206234572
val,2019-09-19,13:45:00,30,quadratic_c0_etf,-0.10047454215918972,-0.09054311804941362
val,2019-09-19,13:45:00,30,quadratic_c0_single,0.03754093256698074,0.052139010190977025
val,2019-09-19,14:00:00,1,quadratic_c0,0.024293859850878424,-4.243281588964254e-05
val,2019-09-19,14:00:00,1,independent_ou,0.0034403750688222767,0.01017078161706289
val,2019-09-19,14:00:00,1,flexible_moments,0.0022497830439413558,0.0038755090244209645
val,2019-09-19,14:00:00,1,heterogeneous,0.04280272391379039,0.040185182870150576
val,2019-09-19,14:00:00,1,time_of_day,-0.021250105649785037,-0.02078933681267507
val,2019-09-19,14:00:00,1,factor_spy,0.124552350706953,0.11621757220889076
val,2019-09-19,14:00:00,1,quadratic_c0_etf,0.18504982154166155,0.12970062486370773
val,2019-09-19,14:00:00,1,quadratic_c0_single,0.046484084929991315,0.025423271555920085
val,2019-09-19,14:00:00,5,quadratic_c0,-0.015070129910979752,-0.012229165998103614
val,2019-09-19,14:00:00,5,independent_ou,0.05858514106795826,0.058750421442591405
val,2019-09-19,14:00:00,5,flexible_moments,-0.002716381660011924,0.02332674814699459
val,2019-09-19,14:00:00,5,heterogeneous,-0.009283312485285494,0.02368042053022615
val,2019-09-19,14:00:00,5,time_of_day,-0.09928723689077168,-0.07088009309203584
val,2019-09-19,14:00:00,5,factor_spy,-0.06462360511254517,-0.04132264592722604
val,2019-09-19,14:00:00,5,quadratic_c0_etf,0.0909798544305796,0.11245067203568179
val,2019-09-19,14:00:00,5,quadratic_c0_single,0.025835940826253512,0.019611067221419948
val,2019-09-19,14:00:00,15,quadratic_c0,-0.007789481866712827,-0.015742459363591615
val,2019-09-19,14:00:00,15,independent_ou,0.02487017079902082,0.032467834168157544
val,2019-09-19,14:00:00,15,flexible_moments,0.10168223718387742,0.08427454857022218
val,2019-09-19,14:00:00,15,heterogeneous,0.21206514571718438,0.20330723418581564
val,2019-09-19,14:00:00,15,time_of_day,0.003620817116959524,0.01618290770560532
val,2019-09-19,14:00:00,15,factor_spy,0.002377247365769497,0.001809085956712253
val,2019-09-19,14:00:00,15,quadratic_c0_etf,0.3140595197862145,0.21956311923663308
val,2019-09-19,14:00:00,15,quadratic_c0_single,0.0491276318263314,0.04030566300366964
val,2019-09-19,14:00:00,30,quadratic_c0,0.03298508843150327,0.05392958165844042
val,2019-09-19,14:00:00,30,independent_ou,-0.03777437184444185,-0.0017327508465352637
val,2019-09-19,14:00:00,30,flexible_moments,0.17814220001924597,0.13670037727740952
val,2019-09-19,14:00:00,30,heterogeneous,-0.04996296852602719,-0.047525144191048016
val,2019-09-19,14:00:00,30,time_of_day,-0.0391335576405234,-0.0308382222664106
val,2019-09-19,14:00:00,30,factor_spy,-0.021861949838492406,-0.018994708255442777
val,2019-09-19,14:00:00,30,quadratic_c0_etf,0.3097923534761417,0.304321717591012
val,2019-09-19,14:00:00,30,quadratic_c0_single,0.028311209019538208,0.04175647933821869
val,2019-09-19,14:15:00,1,quadratic_c0,0.001927991426161041,-0.004565281257697562
val,2019-09-19,14:15:00,1,independent_ou,0.00756019894235635,-0.011630216052967657
val,2019-09-19,14:15:00,1,flexible_moments,0.03332985533974983,0.006523236486066869
val,2019-09-19,14:15:00,1,heterogeneous,-0.05155013888742205,-0.06887943816750988
val,2019-09-19,14:15:00,1,time_of_day,-0.10335281014411397,-0.10459565970397298
val,2019-09-19,14:15:00,1,factor_spy,-0.0554079750907607,-0.07216810663119191
val,2019-09-19,14:15:00,1,quadratic_c0_etf,0.05233941833261546,0.007939075876104984
val,2019-09-19,14:15:00,1,quadratic_c0_single,0.005211314334194889,0.00398916116769138
val,2019-09-19,14:15:00,5,quadratic_c0,-0.1318925552648591,-0.13705345260647034
val,2019-09-19,14:15:00,5,independent_ou,-0.06184404502579843,-0.08253818396658369
val,2019-09-19,14:15:00,5,flexible_moments,0.07096309226319195,0.06745266004439443
val,2019-09-19,14:15:00,5,heterogeneous,-0.09130155973503673,-0.09547570933250338
val,2019-09-19,14:15:00,5,time_of_day,-0.1782480269743305,-0.17454613824919687
val,2019-09-19,14:15:00,5,factor_spy,0.04209859467615848,0.045338381386023696
val,2019-09-19,14:15:00,5,quadratic_c0_etf,0.07128306204277055,0.01957899062800844
val,2019-09-19,14:15:00,5,quadratic_c0_single,-0.03954390824162579,-0.04102072178212263
val,2019-09-19,14:15:00,15,quadratic_c0,-0.0021875746181732048,0.007777177836017668
val,2019-09-19,14:15:00,15,independent_ou,-0.05147089778993219,-0.049879311371867796
val,2019-09-19,14:15:00,15,flexible_moments,-0.1733677037421776,-0.16314200438911858
val,2019-09-19,14:15:00,15,heterogeneous,-0.1334401341378624,-0.11811035235861339
val,2019-09-19,14:15:00,15,time_of_day,-0.15235080922038352,-0.16246321726044527
val,2019-09-19,14:15:00,15,factor_spy,-0.12578722197427772,-0.12092820856685346
val,2019-09-19,14:15:00,15,quadratic_c0_etf,0.11574695055514311,0.042656804083840205
val,2019-09-19,14:15:00,15,quadratic_c0_single,0.05474577206376635,0.05098269753424156
val,2019-09-19,14:15:00,30,quadratic_c0,-0.01487443336086322,-0.04730500796560337
val,2019-09-19,14:15:00,30,independent_ou,0.020384014361535058,0.013853425805038594
val,2019-09-19,14:15:00,30,flexible_moments,0.02233372697469055,0.005066383502512289
val,2019-09-19,14:15:00,30,heterogeneous,-0.031999361507582424,-0.04000070691263094
val,2019-09-19,14:15:00,30,time_of_day,-0.10168965020708759,-0.10162290840808774
val,2019-09-19,14:15:00,30,factor_spy,-0.02974206303351304,-0.057247060327513685
val,2019-09-19,14:15:00,30,quadratic_c0_etf,0.23170035650573587,0.21581247667210995
val,2019-09-19,14:15:00,30,quadratic_c0_single,-0.04794918299702708,-0.06688210175332603
val,2019-09-19,14:30:00,1,quadratic_c0,0.02647780106921875,0.025402881690141682
val,2019-09-19,14:30:00,1,independent_ou,0.0565481723257894,0.03670155912210765
val,2019-09-19,14:30:00,1,flexible_moments,0.14073499618703264,0.12969199185261662
val,2019-09-19,14:30:00,1,heterogeneous,0.06232214796589672,0.062249000961022705
val,2019-09-19,14:30:00,1,time_of_day,-0.028956167950741643,-0.02063220871905007
val,2019-09-19,14:30:00,1,factor_spy,0.050148225248054484,0.04171089730025497
val,2019-09-19,14:30:00,1,quadratic_c0_etf,0.27425076903380846,0.2720493220767247
val,2019-09-19,14:30:00,1,quadratic_c0_single,0.004167155167033809,0.004250685840829535
val,2019-09-19,14:30:00,5,quadratic_c0,-0.047949861409888966,-0.05176606669604425
val,2019-09-19,14:30:00,5,independent_ou,0.010026558588253853,0.01078094421540901
val,2019-09-19,14:30:00,5,flexible_moments,0.022244653143790927,0.02490035575130936
val,2019-09-19,14:30:00,5,heterogeneous,-0.0048824900820040595,-0.013125272770095203
val,2019-09-19,14:30:00,5,time_of_day,0.009899356961166395,-0.006590940708830817
val,2019-09-19,14:30:00,5,factor_spy,-0.049517045498794876,-0.05925457697512103
val,2019-09-19,14:30:00,5,quadratic_c0_etf,-0.05690149422082011,-0.058870870567906616
val,2019-09-19,14:30:00,5,quadratic_c0_single,0.008207326284577071,-0.012721324862235817
val,2019-09-19,14:30:00,15,quadratic_c0,0.012463190895126902,-0.008640257743337487
val,2019-09-19,14:30:00,15,independent_ou,-0.03652737021643554,-0.039333551302938655
val,2019-09-19,14:30:00,15,flexible_moments,0.01058884607062599,-0.005032614366691529
val,2019-09-19,14:30:00,15,heterogeneous,0.048673888990609315,0.01847076836873293
val,2019-09-19,14:30:00,15,time_of_day,-0.07023315724278476,-0.06931702919080915
val,2019-09-19,14:30:00,15,factor_spy,-0.025468322591538042,-0.03242083470585058
val,2019-09-19,14:30:00,15,quadratic_c0_etf,0.039762072231357054,-0.0022192559680873636
val,2019-09-19,14:30:00,15,quadratic_c0_single,0.048444278802850765,0.026308687025248356
val,2019-09-19,14:30:00,30,quadratic_c0,0.2901289511399784,0.29044757626016243
val,2019-09-19,14:30:00,30,independent_ou,0.105960575236629,0.08051594098233512
val,2019-09-19,14:30:00,30,flexible_moments,-0.02570837144856271,-0.01168685003641666
val,2019-09-19,14:30:00,30,heterogeneous,0.09749261261001432,0.10560299685384884
val,2019-09-19,14:30:00,30,time_of_day,0.015883903232149776,0.025312997746948118
val,2019-09-19,14:30:00,30,factor_spy,0.03419208152929534,0.02464508826766161
val,2019-09-19,14:30:00,30,quadratic_c0_etf,0.5580490552575734,0.5870870533600198
val,2019-09-19,14:30:00,30,quadratic_c0_single,0.2167605737703376,0.22191733264181263
val,2019-09-19,14:45:00,1,quadratic_c0,0.03780455524407597,0.03676114100813879
val,2019-09-19,14:45:00,1,independent_ou,0.06099339074358717,0.07035502469739394
val,2019-09-19,14:45:00,1,flexible_moments,0.026613877421069104,0.011184424675220489
val,2019-09-19,14:45:00,1,heterogeneous,0.032569210394488596,0.029414202529255862
val,2019-09-19,14:45:00,1,time_of_day,-0.0582211049411919,-0.051493205765899816
val,2019-09-19,14:45:00,1,factor_spy,0.07051541590866267,0.06226568742149172
val,2019-09-19,14:45:00,1,quadratic_c0_etf,0.08698545092011656,-0.002196751583617096
val,2019-09-19,14:45:00,1,quadratic_c0_single,0.10913445659631021,0.0768693312044767
val,2019-09-19,14:45:00,5,quadratic_c0,0.03069785676147449,0.020742574937536548
val,2019-09-19,14:45:00,5,independent_ou,0.05674261787523405,0.05070689836454982
val,2019-09-19,14:45:00,5,flexible_moments,-0.014772177296757644,0.0008036856051393398
val,2019-09-19,14:45:00,5,heterogeneous,0.08011355222810973,0.07614148006526449
val,2019-09-19,14:45:00,5,time_of_day,-0.055685926153053567,-0.04545976796956462
val,2019-09-19,14:45:00,5,factor_spy,0.0657857742103734,0.08625705686229705
val,2019-09-19,14:45:00,5,quadratic_c0_etf,0.2093223446978513,0.2212125492637564
val,2019-09-19,14:45:00,5,quadratic_c0_single,0.04673144020132183,0.04780984904480677
val,2019-09-19,14:45:00,15,quadratic_c0,0.12498123698570171,0.11028545636170764
val,2019-09-19,14:45:00,15,independent_ou,0.09218522690859768,0.08609300508909867
val,2019-09-19,14:45:00,15,flexible_moments,0.018358537903633843,-0.0018813229124095832
val,2019-09-19,14:45:00,15,heterogeneous,-0.00716271482220926,-0.007539622142704205
val,2019-09-19,14:45:00,15,time_of_day,-0.03507842746421064,-0.035096161824841
val,2019-09-19,14:45:00,15,factor_spy,-0.05403164787211054,-0.07261672329136172
val,2019-09-19,14:45:00,15,quadratic_c0_etf,0.3811859186794532,0.38169267475579594
val,2019-09-19,14:45:00,15,quadratic_c0_single,0.12246348382094671,0.11037140143989962
val,2019-09-19,14:45:00,30,quadratic_c0,0.07026223212616163,0.04149806030618759
val,2019-09-19,14:45:00,30,independent_ou,0.033583806978547834,0.03852395854979922
val,2019-09-19,14:45:00,30,flexible_moments,0.053191074139931585,0.06843086342822732
val,2019-09-19,14:45:00,30,heterogeneous,0.08027182162680895,0.07640990936765979
val,2019-09-19,14:45:00,30,time_of_day,-0.023652256179233375,-0.01195692966211015
val,2019-09-19,14:45:00,30,factor_spy,0.10508212753522693,0.06526219088081975
val,2019-09-19,14:45:00,30,quadratic_c0_etf,0.09680880188641176,0.11387270461435417
val,2019-09-19,14:45:00,30,quadratic_c0_single,0.09508731534284674,0.06591482869257798
val,2019-09-19,15:00:00,1,quadratic_c0,-0.0582990580808746,-0.05778425659174985
val,2019-09-19,15:00:00,1,independent_ou,-0.04898939103328326,-0.044173230789822715
val,2019-09-19,15:00:00,1,flexible_moments,-0.0734638828476698,-0.05966476388730001
val,2019-09-19,15:00:00,1,heterogeneous,-0.026374743868847528,-0.009163833496004414
val,2019-09-19,15:00:00,1,time_of_day,-0.11254637846735029,-0.08918009033594013
val,2019-09-19,15:00:00,1,factor_spy,0.007462267473733436,0.00935964278073309
val,2019-09-19,15:00:00,1,quadratic_c0_etf,-0.010625868770330393,0.005761005919865336
val,2019-09-19,15:00:00,1,quadratic_c0_single,-0.04956003291144062,-0.05326416319146329
val,2019-09-19,15:00:00,5,quadratic_c0,-0.03965142046977921,-0.059802609753017016
val,2019-09-19,15:00:00,5,independent_ou,-0.01625165312171603,-0.026741359820299904
val,2019-09-19,15:00:00,5,flexible_moments,-0.10382675986568628,-0.09909700308210295
val,2019-09-19,15:00:00,5,heterogeneous,0.06682934378950894,0.04565141049919416
val,2019-09-19,15:00:00,5,time_of_day,-0.08071001598611416,-0.08544042431065066
val,2019-09-19,15:00:00,5,factor_spy,-0.0874883959402786,-0.08226352171532289
val,2019-09-19,15:00:00,5,quadratic_c0_etf,0.026480968225031487,0.030255340114493684
val,2019-09-19,15:00:00,5,quadratic_c0_single,-0.026843799799477847,-0.042201224893335026
val,2019-09-19,15:00:00,15,quadratic_c0,-0.013861353160789763,-0.041789998583682667
val,2019-09-19,15:00:00,15,independent_ou,-0.05220841278963563,-0.038323509793812216
val,2019-09-19,15:00:00,15,flexible_moments,-0.020207085789705287,-0.009956362152566636
val,2019-09-19,15:00:00,15,heterogeneous,-0.010974762688217315,-0.0016089636712975919
val,2019-09-19,15:00:00,15,time_of_day,-0.07841945520067231,-0.06453221215030025
val,2019-09-19,15:00:00,15,factor_spy,-0.054382393447587024,-0.049215281601130326
val,2019-09-19,15:00:00,15,quadratic_c0_etf,0.19068990630539462,0.1037840793596303
val,2019-09-19,15:00:00,15,quadratic_c0_single,-0.010142432491369924,-0.023438485597123054
val,2019-09-19,15:00:00,30,quadratic_c0,0.09040038915726567,0.010339178349911216
val,2019-09-19,15:00:00,30,independent_ou,0.0283413262392139,-0.00034166970079280157
val,2019-09-19,15:00:00,30,flexible_moments,-0.032712777954986366,-0.04442086612169434
val,2019-09-19,15:00:00,30,heterogeneous,0.00839285170623813,0.015826012100167042
val,2019-09-19,15:00:00,30,time_of_day,-0.08964764181064866,-0.07409109824121676
val,2019-09-19,15:00:00,30,factor_spy,-0.08275147544713249,-0.06585833547684149
val,2019-09-19,15:00:00,30,quadratic_c0_etf,0.5210430630500472,0.3986009406903145
val,2019-09-19,15:00:00,30,quadratic_c0_single,0.10478914311145215,0.047591386552284926
val,2019-09-19,15:15:00,1,quadratic_c0,0.12470380727464345,0.1190472815348386
val,2019-09-19,15:15:00,1,independent_ou,-0.013316967136475885,-0.01310689335239832
val,2019-09-19,15:15:00,1,flexible_moments,0.039934013259993725,0.03282473858706411
val,2019-09-19,15:15:00,1,heterogeneous,0.03801597866780368,0.025984118626597566
val,2019-09-19,15:15:00,1,time_of_day,-0.02263960288192996,-0.01930819317176352
val,2019-09-19,15:15:00,1,factor_spy,0.04484541226656763,0.021626208665563237
val,2019-09-19,15:15:00,1,quadratic_c0_etf,0.37747372509355426,0.3078466181163527
val,2019-09-19,15:15:00,1,quadratic_c0_single,0.07712136100991199,0.07002795939062045
val,2019-09-19,15:15:00,5,quadratic_c0,-0.02911891332674202,-0.025643356408900614
val,2019-09-19,15:15:00,5,independent_ou,0.05365119947097524,0.03501614307282683
val,2019-09-19,15:15:00,5,flexible_moments,0.25743554369162475,0.17109231655472915
val,2019-09-19,15:15:00,5,heterogeneous,-0.02006754821386067,-0.016349098442660318
val,2019-09-19,15:15:00,5,time_of_day,0.008515692318386003,0.011769455954638408
val,2019-09-19,15:15:00,5,factor_spy,0.026553606417181325,0.018212368788135203
val,2019-09-19,15:15:00,5,quadratic_c0_etf,0.09779922269942559,0.08067558802939612
val,2019-09-19,15:15:00,5,quadratic_c0_single,0.041156624405614434,0.043303533968116176
val,2019-09-19,15:15:00,15,quadratic_c0,-0.019886739601881434,-0.010087699970654854
val,2019-09-19,15:15:00,15,independent_ou,0.05293912630911915,0.04084813012486324
val,2019-09-19,15:15:00,15,flexible_moments,0.07046236471591635,0.04704099328739024
val,2019-09-19,15:15:00,15,heterogeneous,0.06692105420189012,0.046080240672237524
val,2019-09-19,15:15:00,15,time_of_day,-0.039487106692874474,-0.024599971073709072
val,2019-09-19,15:15:00,15,factor_spy,0.05027936912350503,0.05165460205404916
val,2019-09-19,15:15:00,15,quadratic_c0_etf,0.44132173573506006,0.45874821886232725
val,2019-09-19,15:15:00,15,quadratic_c0_single,0.11369053943762386,0.11277484209748918
val,2019-09-19,15:15:00,30,quadratic_c0,0.06679061547526527,0.06313115194352141
val,2019-09-19,15:15:00,30,independent_ou,0.005044555973588535,-0.007920995882083559
val,2019-09-19,15:15:00,30,flexible_moments,0.013217800732768695,0.011603160458082643
val,2019-09-19,15:15:00,30,heterogeneous,0.15251228457950555,0.12733895847332966
val,2019-09-19,15:15:00,30,time_of_day,-0.011359713350983888,-0.006016746715841084
val,2019-09-19,15:15:00,30,factor_spy,0.016895056010654635,0.011151552754397137
val,2019-09-19,15:15:00,30,quadratic_c0_etf,0.18104310561241221,0.15430942116381463
val,2019-09-19,15:15:00,30,quadratic_c0_single,0.0978817506399369,0.07562048051502675
val,2019-09-19,15:30:00,1,quadratic_c0,0.07222582251482693,0.06580272412442484
val,2019-09-19,15:30:00,1,independent_ou,0.017139393983781642,0.021902600453936882
val,2019-09-19,15:30:00,1,flexible_moments,0.042260296211378195,0.040358039259325684
val,2019-09-19,15:30:00,1,heterogeneous,0.07596108411466843,0.05483918485208261
val,2019-09-19,15:30:00,1,time_of_day,-0.016581504932058427,-0.026765766526443246
val,2019-09-19,15:30:00,1,factor_spy,0.014138455678551154,0.01362439501787946
val,2019-09-19,15:30:00,1,quadratic_c0_etf,0.02746978147404841,0.018629110318543113
val,2019-09-19,15:30:00,1,quadratic_c0_single,0.0867079337310501,0.08175616767643368
val,2019-09-19,15:30:00,5,quadratic_c0,0.06850091564333491,0.06459754205001336
val,2019-09-19,15:30:00,5,independent_ou,-0.0947883327256764,-0.08269738679272218
val,2019-09-19,15:30:00,5,flexible_moments,-0.037988576366035504,-0.023678556725307137
val,2019-09-19,15:30:00,5,heterogeneous,-0.06625088318627864,-0.05134730016467684
val,2019-09-19,15:30:00,5,time_of_day,-0.060821782449445444,-0.048744711350761166
val,2019-09-19,15:30:00,5,factor_spy,0.06225439391164847,0.04056443691380271
val,2019-09-19,15:30:00,5,quadratic_c0_etf,0.2627270693582543,0.19842703051020164
val,2019-09-19,15:30:00,5,quadratic_c0_single,0.11592026936666391,0.12513594425025068
val,2019-09-19,15:30:00,15,quadratic_c0,0.17189097095609912,0.17662826653045305
val,2019-09-19,15:30:00,15,independent_ou,0.09514124571546038,0.06840734081901613
val,2019-09-19,15:30:00,15,flexible_moments,0.10038235092615215,0.06267129643930176
val,2019-09-19,15:30:00,15,heterogeneous,0.060187586925006184,0.04279895222056461
val,2019-09-19,15:30:00,15,time_of_day,0.008216210253780443,0.014783046628563237
val,2019-09-19,15:30:00,15,factor_spy,0.1434061883541244,0.14838268540107702
val,2019-09-19,15:30:00,15,quadratic_c0_etf,0.345559476408331,0.33285259119659155
val,2019-09-19,15:30:00,15,quadratic_c0_single,0.13911913349396765,0.13018480956321166
val,2019-09-19,15:45:00,1,quadratic_c0,0.12136188452865754,0.12698770045122856
val,2019-09-19,15:45:00,1,independent_ou,0.00919111257853722,0.007379043716311595
val,2019-09-19,15:45:00,1,flexible_moments,0.028351750199563985,0.04612072217801583
val,2019-09-19,15:45:00,1,heterogeneous,-0.06062576949649698,-0.06396344296187946
val,2019-09-19,15:45:00,1,time_of_day,-0.09358976179053494,-0.07643942341457403
val,2019-09-19,15:45:00,1,factor_spy,0.025817252359359527,0.04196077131847084
val,2019-09-19,15:45:00,1,quadratic_c0_etf,0.30357688405812333,0.313469210916992
val,2019-09-19,15:45:00,1,quadratic_c0_single,0.09915490315232117,0.10556891107030744
val,2019-09-19,15:45:00,5,quadratic_c0,0.13361288716568637,0.10070297490122265
val,2019-09-19,15:45:00,5,independent_ou,0.07027293881614032,0.06387976831645323
val,2019-09-19,15:45:00,5,flexible_moments,0.05478278799004456,0.050713962645632084
val,2019-09-19,15:45:00,5,heterogeneous,0.11724847078106705,0.07696794407897195
val,2019-09-19,15:45:00,5,time_of_day,0.023542656103941018,0.022568730954590548
val,2019-09-19,15:45:00,5,factor_spy,0.003781434621127011,0.008537893119476482
val,2019-09-19,15:45:00,5,quadratic_c0_etf,0.13168867328688355,0.11913063476440819
val,2019-09-19,15:45:00,5,quadratic_c0_single,0.15579816923197737,0.11672204345323453
val_fixed_am_pm,2019-09-19,10:00:00,300,quadratic_c0,-0.055150861837497595,-0.027716920682403945
val_fixed_am_pm,2019-09-19,10:00:00,300,independent_ou,-0.12231531145069491,-0.10287048914484552
val,2019-09-20,09:45:00,1,quadratic_c0,-0.032888116088005265,-0.038391462965499196
val,2019-09-20,09:45:00,1,independent_ou,0.013960899993266107,-0.008056215943875622
val,2019-09-20,09:45:00,1,flexible_moments,-0.023586145203856185,-0.02430866270135834
val,2019-09-20,09:45:00,1,heterogeneous,-0.03622465606632627,-0.05456829528746551
val,2019-09-20,09:45:00,1,time_of_day,-0.052138519278798395,-0.07289272369809704
val,2019-09-20,09:45:00,1,factor_spy,-0.03248023107107115,-0.047149275654936526
val,2019-09-20,09:45:00,1,quadratic_c0_etf,-0.01249160582820541,-0.023293431863252834
val,2019-09-20,09:45:00,1,quadratic_c0_single,-0.03353283889861877,-0.04118945677173699
val,2019-09-20,09:45:00,5,quadratic_c0,0.011787896401070502,0.006730698741430258
val,2019-09-20,09:45:00,5,independent_ou,-0.04968961980965561,-0.03939791733880914
val,2019-09-20,09:45:00,5,flexible_moments,-0.03233648749635104,-0.034544245782868854
val,2019-09-20,09:45:00,5,heterogeneous,-0.016116711470840872,-0.012648743736881823
val,2019-09-20,09:45:00,5,time_of_day,-0.09516358675431638,-0.07871146062437047
val,2019-09-20,09:45:00,5,factor_spy,-0.03752950969269506,-0.034936592550657036
val,2019-09-20,09:45:00,5,quadratic_c0_etf,0.3533272434023157,0.36558438310419067
val,2019-09-20,09:45:00,5,quadratic_c0_single,0.06882629599462889,0.052238595451877284
val,2019-09-20,09:45:00,15,quadratic_c0,0.07921628182395729,0.050511802094431124
val,2019-09-20,09:45:00,15,independent_ou,0.11050105001458072,0.09220126194544317
val,2019-09-20,09:45:00,15,flexible_moments,0.09704867488889007,0.06739973430623217
val,2019-09-20,09:45:00,15,heterogeneous,0.04209587153034608,0.019969756206094702
val,2019-09-20,09:45:00,15,time_of_day,0.016662382563990497,0.011442406989667253
val,2019-09-20,09:45:00,15,factor_spy,0.10198592451153682,0.082634172011772
val,2019-09-20,09:45:00,15,quadratic_c0_etf,-0.003977721131016632,-0.0028986002658326626
val,2019-09-20,09:45:00,15,quadratic_c0_single,0.10561862251094262,0.06676714194320713
val,2019-09-20,09:45:00,30,quadratic_c0,-0.06742561675457046,-0.029209431953005904
val,2019-09-20,09:45:00,30,independent_ou,-0.026707992560995958,-0.007503116203991078
val,2019-09-20,09:45:00,30,flexible_moments,-0.07281158817337424,-0.04828882630993614
val,2019-09-20,09:45:00,30,heterogeneous,-0.07935870469672446,-0.06023363090005793
val,2019-09-20,09:45:00,30,time_of_day,-0.10544478094320772,-0.07582785051176501
val,2019-09-20,09:45:00,30,factor_spy,0.17417589486548843,0.09719471301413765
val,2019-09-20,09:45:00,30,quadratic_c0_etf,0.08224324085590165,0.10698391154396206
val,2019-09-20,09:45:00,30,quadratic_c0_single,-0.08009606789312118,-0.044204170457325664
val,2019-09-20,10:00:00,1,quadratic_c0,-0.06503700288403162,-0.06456858222649174
val,2019-09-20,10:00:00,1,independent_ou,0.005307075286925728,-0.008605844788071942
val,2019-09-20,10:00:00,1,flexible_moments,-0.05055237034688667,-0.057371552665168135
val,2019-09-20,10:00:00,1,heterogeneous,0.03789352870717311,-0.02465742633852344
val,2019-09-20,10:00:00,1,time_of_day,-0.11743614620926283,-0.09851302461683893
val,2019-09-20,10:00:00,1,factor_spy,-0.0300174987419235,-0.04820108227966703
val,2019-09-20,10:00:00,1,quadratic_c0_etf,0.23696262046786798,0.21832136381197834
val,2019-09-20,10:00:00,1,quadratic_c0_single,-0.0599647290001528,-0.05670950689687919
val,2019-09-20,10:00:00,5,quadratic_c0,-0.009291292686611247,-0.024077074984710567
val,2019-09-20,10:00:00,5,independent_ou,-0.08637128515834108,-0.06549040619923938
val,2019-09-20,10:00:00,5,flexible_moments,-0.016475259857984648,-0.015545025662030781
val,2019-09-20,10:00:00,5,heterogeneous,-0.04835650698311464,-0.033071463428309605
val,2019-09-20,10:00:00,5,time_of_day,-0.08414741526443836,-0.054586842027556454
val,2019-09-20,10:00:00,5,factor_spy,-0.01717539208210417,0.0003750184303860926
val,2019-09-20,10:00:00,5,quadratic_c0_etf,-0.006064572175070698,-0.001708919459797953
val,2019-09-20,10:00:00,5,quadratic_c0_single,0.013199973095152667,-0.010998291529118298
val,2019-09-20,10:00:00,15,quadratic_c0,-0.04221969328876429,-0.039887110497429656
val,2019-09-20,10:00:00,15,independent_ou,-0.02070731022900496,-0.022542036738310983
val,2019-09-20,10:00:00,15,flexible_moments,-0.10574059448851411,-0.10218844870567337
val,2019-09-20,10:00:00,15,heterogeneous,-0.08959845423365628,-0.10573837204810768
val,2019-09-20,10:00:00,15,time_of_day,-0.11727822907308694,-0.11363047465259497
val,2019-09-20,10:00:00,15,factor_spy,-0.0626362066385566,-0.06449533364033683
val,2019-09-20,10:00:00,15,quadratic_c0_etf,0.16487922236695318,0.15588629971241566
val,2019-09-20,10:00:00,15,quadratic_c0_single,-0.09904601061825921,-0.09947032230042607
val,2019-09-20,10:00:00,30,quadratic_c0,0.06592027443505191,0.06908958419189265
val,2019-09-20,10:00:00,30,independent_ou,0.11126934118994977,0.09498873572101563
val,2019-09-20,10:00:00,30,flexible_moments,-0.05447700061291286,-0.04681744665289775
val,2019-09-20,10:00:00,30,heterogeneous,-0.025804532895808557,-0.02145993076473872
val,2019-09-20,10:00:00,30,time_of_day,-0.054521627671724,-0.04218411986369984
val,2019-09-20,10:00:00,30,factor_spy,-0.029325012540391937,-0.023063760799240843
val,2019-09-20,10:00:00,30,quadratic_c0_etf,0.18032926256492035,0.1674735069431797
val,2019-09-20,10:00:00,30,quadratic_c0_single,0.032683095826936626,0.03914665118063132
val,2019-09-20,10:15:00,1,quadratic_c0,-0.07072232317077654,-0.04181447196839527
val,2019-09-20,10:15:00,1,independent_ou,-0.1455508952043416,-0.10621220087139173
val,2019-09-20,10:15:00,1,flexible_moments,0.029567080557599656,0.06745393857409154
val,2019-09-20,10:15:00,1,heterogeneous,-0.08925380650431228,-0.05881872931214979
val,2019-09-20,10:15:00,1,time_of_day,-0.1371888756331345,-0.09972071917511859
val,2019-09-20,10:15:00,1,factor_spy,0.014393870712103074,0.026397917581050506
val,2019-09-20,10:15:00,1,quadratic_c0_etf,0.25029686954300007,0.2911251480225556
val,2019-09-20,10:15:00,1,quadratic_c0_single,-0.10836972341328066,-0.06429740559910424
val,2019-09-20,10:15:00,5,quadratic_c0,-0.03876092618088858,-0.0575976268186163
val,2019-09-20,10:15:00,5,independent_ou,0.002922941013909275,-0.01789479353216139
val,2019-09-20,10:15:00,5,flexible_moments,-0.04920288885679569,-0.05780193397543468
val,2019-09-20,10:15:00,5,heterogeneous,-0.03359821680271374,-0.036027447291468645
val,2019-09-20,10:15:00,5,time_of_day,-0.016958522828192907,-0.028211208909620172
val,2019-09-20,10:15:00,5,factor_spy,0.11248670424027962,0.10645083609293032
val,2019-09-20,10:15:00,5,quadratic_c0_etf,0.19390094359188242,0.17466949097818713
val,2019-09-20,10:15:00,5,quadratic_c0_single,-0.03899400373920278,-0.05565999898437393
val,2019-09-20,10:15:00,15,quadratic_c0,-0.05441579217446982,-0.045588650278549886
val,2019-09-20,10:15:00,15,independent_ou,-0.09309554834159245,-0.0757334024482428
val,2019-09-20,10:15:00,15,flexible_moments,-0.12058056437208675,-0.09027416276767618
val,2019-09-20,10:15:00,15,heterogeneous,-0.020081869737197305,0.0008064800582073539
val,2019-09-20,10:15:00,15,time_of_day,-0.11580775500169635,-0.08296753998644403
val,2019-09-20,10:15:00,15,factor_spy,-0.055916186132166174,-0.05202078671821883
val,2019-09-20,10:15:00,15,quadratic_c0_etf,-0.06989130800590454,-0.05838946982721166
val,2019-09-20,10:15:00,15,quadratic_c0_single,-0.009175520595720466,-0.0016590856050877067
val,2019-09-20,10:15:00,30,quadratic_c0,0.0042672012412937055,0.026680680151030867
val,2019-09-20,10:15:00,30,independent_ou,-0.04935847913555308,-0.03159561174164033
val,2019-09-20,10:15:00,30,flexible_moments,-0.04187543931364057,-0.0039549965996663605
val,2019-09-20,10:15:00,30,heterogeneous,-0.032214553988840045,-0.03058628918251305
val,2019-09-20,10:15:00,30,time_of_day,-0.09605457547923779,-0.06712416559262954
val,2019-09-20,10:15:00,30,factor_spy,-0.02312997356947427,0.02392555242536354
val,2019-09-20,10:15:00,30,quadratic_c0_etf,0.14815647069629057,0.07659734303733717
val,2019-09-20,10:15:00,30,quadratic_c0_single,0.004955637416442171,0.04852226372643831
val,2019-09-20,10:30:00,1,quadratic_c0,0.02918764230990209,0.024098479898357256
val,2019-09-20,10:30:00,1,independent_ou,0.023599055809487346,-0.017289579466997593
val,2019-09-20,10:30:00,1,flexible_moments,0.08961091731726645,0.06939464929177588
val,2019-09-20,10:30:00,1,heterogeneous,0.03368814382548774,0.008552923993295602
val,2019-09-20,10:30:00,1,time_of_day,-0.05282173853388743,-0.05986354254193477
val,2019-09-20,10:30:00,1,factor_spy,-0.008826018871385677,-0.021738867203753065
val,2019-09-20,10:30:00,1,quadratic_c0_etf,0.33035804949811753,0.3382021591228459
val,2019-09-20,10:30:00,1,quadratic_c0_single,0.020508806006307334,0.0072129303184868265
val,2019-09-20,10:30:00,5,quadratic_c0,0.11202094629472795,0.10940616293773182
val,2019-09-20,10:30:00,5,independent_ou,0.19030874018770733,0.1991921570980159
val,2019-09-20,10:30:00,5,flexible_moments,0.09897859499604372,0.08040445708625103
val,2019-09-20,10:30:00,5,heterogeneous,0.010501755770171678,0.021863267762559604
val,2019-09-20,10:30:00,5,time_of_day,0.08694486348558764,0.10001930679162489
val,2019-09-20,10:30:00,5,factor_spy,0.08517951992644071,0.05518522752746828
val,2019-09-20,10:30:00,5,quadratic_c0_etf,0.42013940521593196,0.37052344080095184
val,2019-09-20,10:30:00,5,quadratic_c0_single,0.09655585437310585,0.08125218427868479
val,2019-09-20,10:30:00,15,quadratic_c0,0.07203539924595831,0.05651903929226576
val,2019-09-20,10:30:00,15,independent_ou,0.07466203651254202,0.08372212189196965
val,2019-09-20,10:30:00,15,flexible_moments,0.17244069615921423,0.17224290247950966
val,2019-09-20,10:30:00,15,heterogeneous,0.0675362818040407,0.06890351518054125
val,2019-09-20,10:30:00,15,time_of_day,0.10704639228196025,0.0876047564924145
val,2019-09-20,10:30:00,15,factor_spy,0.052180412623682865,0.03832628979459238
val,2019-09-20,10:30:00,15,quadratic_c0_etf,0.32942711144514836,0.27182684413771596
val,2019-09-20,10:30:00,15,quadratic_c0_single,0.05248549817297027,0.04754846110750194
val,2019-09-20,10:30:00,30,quadratic_c0,-0.010477413136631225,-0.015901913677750734
val,2019-09-20,10:30:00,30,independent_ou,0.022666762347742675,-0.011350369478079214
val,2019-09-20,10:30:00,30,flexible_moments,0.08051404895290176,0.06767626818206843
val,2019-09-20,10:30:00,30,heterogeneous,0.028766345167343832,0.011240176780635935
val,2019-09-20,10:30:00,30,time_of_day,-0.05881398168818874,-0.06558576980434389
val,2019-09-20,10:30:00,30,factor_spy,0.010338110125598321,0.01871625557514886
val,2019-09-20,10:30:00,30,quadratic_c0_etf,0.2022197710954104,0.2153961477978844
val,2019-09-20,10:30:00,30,quadratic_c0_single,-0.012004055590416285,-0.014237468083162369
val,2019-09-20,10:45:00,1,quadratic_c0,0.0832745798170264,0.08295472373572887
val,2019-09-20,10:45:00,1,independent_ou,-0.13793606997375646,-0.1476960746717313
val,2019-09-20,10:45:00,1,flexible_moments,0.01263025319728156,0.01978606538730987
val,2019-09-20,10:45:00,1,heterogeneous,0.04443409292072775,0.05167500426638366
val,2019-09-20,10:45:00,1,time_of_day,-0.13287293473453587,-0.136012564316399
val,2019-09-20,10:45:00,1,factor_spy,-0.014676831975754756,-0.014717165557412981
val,2019-09-20,10:45:00,1,quadratic_c0_etf,0.17405504126012378,0.10855460552181428
val,2019-09-20,10:45:00,1,quadratic_c0_single,0.07140349145027558,0.07516345536605079
val,2019-09-20,10:45:00,5,quadratic_c0,-0.05163301660902028,-0.03445877456835489
val,2019-09-20,10:45:00,5,independent_ou,0.009351488941055724,0.010085729007464711
val,2019-09-20,10:45:00,5,flexible_moments,-0.0006397438774577435,0.021805242756532006
val,2019-09-20,10:45:00,5,heterogeneous,0.01691675401153081,0.018868510278904238
val,2019-09-20,10:45:00,5,time_of_day,-0.05524040554662274,-0.02886359558789736
val,2019-09-20,10:45:00,5,factor_spy,-0.02028847856724228,-0.0008263193882637743
val,2019-09-20,10:45:00,5,quadratic_c0_etf,0.07696657646193517,0.06928167532291712
val,2019-09-20,10:45:00,5,quadratic_c0_single,0.0025017699159353146,0.009412599675714284
val,2019-09-20,10:45:00,15,quadratic_c0,-0.06702734118918818,-0.07254578835272957
val,2019-09-20,10:45:00,15,independent_ou,-0.04073833826558601,-0.050688219154344516
val,2019-09-20,10:45:00,15,flexible_moments,-0.06975413267737399,-0.0722788860659821
val,2019-09-20,10:45:00,15,heterogeneous,-0.045290804874146356,-0.05362525520733652
val,2019-09-20,10:45:00,15,time_of_day,-0.1024810118186108,-0.10871059729730972
val,2019-09-20,10:45:00,15,factor_spy,-0.11473665791778775,-0.108236750497391
val,2019-09-20,10:45:00,15,quadratic_c0_etf,0.2705912850636328,0.28811159264120956
val,2019-09-20,10:45:00,15,quadratic_c0_single,0.05476196848883802,0.04680210202945492
val,2019-09-20,10:45:00,30,quadratic_c0,-0.16453350226202546,-0.1888660267829635
val,2019-09-20,10:45:00,30,independent_ou,-0.11090218237614338,-0.1547708237397902
val,2019-09-20,10:45:00,30,flexible_moments,-0.1525158468783905,-0.17583457790615445
val,2019-09-20,10:45:00,30,heterogeneous,-0.1137705225239399,-0.12055648543436503
val,2019-09-20,10:45:00,30,time_of_day,-0.18477966407874077,-0.1833825370020868
val,2019-09-20,10:45:00,30,factor_spy,-0.07061516317735383,-0.0682510496680116
val,2019-09-20,10:45:00,30,quadratic_c0_etf,0.07723511807845868,0.01955838165429924
val,2019-09-20,10:45:00,30,quadratic_c0_single,-0.17973724891002568,-0.19055886231291075
val,2019-09-20,11:00:00,1,quadratic_c0,-0.00637050139928097,0.022831037999075154
val,2019-09-20,11:00:00,1,independent_ou,-0.007609357227310071,-0.0006687563878012004
val,2019-09-20,11:00:00,1,flexible_moments,-0.005467156561347081,0.019318139467948664
val,2019-09-20,11:00:00,1,heterogeneous,0.060063117172253544,0.0301014655207357
val,2019-09-20,11:00:00,1,time_of_day,-0.1503852419241951,-0.11870599054715052
val,2019-09-20,11:00:00,1,factor_spy,-0.006450744870267894,0.014038369365861475
val,2019-09-20,11:00:00,1,quadratic_c0_etf,-0.06263378063554909,-0.038386414825023474
val,2019-09-20,11:00:00,1,quadratic_c0_single,0.013184853829236592,0.046524610265592514
val,2019-09-20,11:00:00,5,quadratic_c0,0.03292403552053641,0.042793701847574986
val,2019-09-20,11:00:00,5,independent_ou,0.04480942862546747,0.032371438119745896
val,2019-09-20,11:00:00,5,flexible_moments,0.019790585921336368,0.0021914612283170237
val,2019-09-20,11:00:00,5,heterogeneous,0.04475054100270007,0.048192709891077976
val,2019-09-20,11:00:00,5,time_of_day,-0.07046409887099632,-0.04795513482567365
val,2019-09-20,11:00:00,5,factor_spy,0.15064141760112926,0.1328273952480254
val,2019-09-20,11:00:00,5,quadratic_c0_etf,0.23264267968077418,0.2311099837747156
val,2019-09-20,11:00:00,5,quadratic_c0_single,-0.01862847394963557,-0.007766124606353772
val,2019-09-20,11:00:00,15,quadratic_c0,-0.06647853727670461,-0.05207974438430704
val,2019-09-20,11:00:00,15,independent_ou,-0.0956408720267892,-0.05973024719629355
val,2019-09-20,11:00:00,15,flexible_moments,0.06277588370921827,0.12112233227712055
val,2019-09-20,11:00:00,15,heterogeneous,-0.04273441582725135,0.012621614272540466
val,2019-09-20,11:00:00,15,time_of_day,-0.11166515143049735,-0.06487786207193508
val,2019-09-20,11:00:00,15,factor_spy,-0.04300348980800145,-0.010314778129676405
val,2019-09-20,11:00:00,15,quadratic_c0_etf,0.5143041821891667,0.5234698870109575
val,2019-09-20,11:00:00,15,quadratic_c0_single,-0.1117618787997752,-0.060287380892147885
val,2019-09-20,11:00:00,30,quadratic_c0,0.10753958188046947,0.11776643002167592
val,2019-09-20,11:00:00,30,independent_ou,-0.16279460998246253,-0.13495262486254225
val,2019-09-20,11:00:00,30,flexible_moments,-0.045005807288206856,-0.052904959612137314
val,2019-09-20,11:00:00,30,heterogeneous,-0.08607350456310148,-0.060467086694175665
val,2019-09-20,11:00:00,30,time_of_day,-0.1136698407907352,-0.08546006351926769
val,2019-09-20,11:00:00,30,factor_spy,-0.006495220227506371,-0.024637428118779392
val,2019-09-20,11:00:00,30,quadratic_c0_etf,0.44679249386591663,0.4225160598837218
val,2019-09-20,11:00:00,30,quadratic_c0_single,0.015709008866074126,0.025413080390772946
val,2019-09-20,11:15:00,1,quadratic_c0,-0.07540653224462049,-0.060952455857167714
val,2019-09-20,11:15:00,1,independent_ou,-0.06321271469637318,-0.03744956104417352
val,2019-09-20,11:15:00,1,flexible_moments,0.07561113337657802,0.050268382783333454
val,2019-09-20,11:15:00,1,heterogeneous,-0.08514891169416153,-0.0627016249826233
val,2019-09-20,11:15:00,1,time_of_day,-0.12552651603971243,-0.1041146608908053
val,2019-09-20,11:15:00,1,factor_spy,-0.019835925968351154,0.004125067695155221
val,2019-09-20,11:15:00,1,quadratic_c0_etf,-0.10375014547312897,-0.11073502336960278
val,2019-09-20,11:15:00,1,quadratic_c0_single,-0.05939261121579828,-0.03730525206511698
val,2019-09-20,11:15:00,5,quadratic_c0,0.013495682521987268,0.020218558815278745
val,2019-09-20,11:15:00,5,independent_ou,0.07096137102226949,0.05348555643129306
val,2019-09-20,11:15:00,5,flexible_moments,0.09963457520051744,0.07067080191859963
val,2019-09-20,11:15:00,5,heterogeneous,0.10177688140591193,0.09831474823943427
val,2019-09-20,11:15:00,5,time_of_day,-0.043633432127644464,-0.03023676795389367
val,2019-09-20,11:15:00,5,factor_spy,0.03331689330840262,0.028795078728173523
val,2019-09-20,11:15:00,5,quadratic_c0_etf,0.16331557916517753,0.15889432685920712
val,2019-09-20,11:15:00,5,quadratic_c0_single,0.0844383357904076,0.07384476109865364
val,2019-09-20,11:15:00,15,quadratic_c0,0.1480656671528319,0.14112490598581962
val,2019-09-20,11:15:00,15,independent_ou,0.03055666014249328,0.04267985238204028
val,2019-09-20,11:15:00,15,flexible_moments,0.13400717535685944,0.15091893198326062
val,2019-09-20,11:15:00,15,heterogeneous,0.14943220478022975,0.14370384990353224
val,2019-09-20,11:15:00,15,time_of_day,0.0641157146208487,0.0818642077820548
val,2019-09-20,11:15:00,15,factor_spy,0.13382149810913643,0.1521026897538053
val,2019-09-20,11:15:00,15,quadratic_c0_etf,0.015624385814907132,0.021743225674521333
val,2019-09-20,11:15:00,15,quadratic_c0_single,0.21618009414418068,0.20519512867663459
val,2019-09-20,11:15:00,30,quadratic_c0,-0.05936185248951936,-0.048784436200687065
val,2019-09-20,11:15:00,30,independent_ou,-0.11628549599311983,-0.12393267808609496
val,2019-09-20,11:15:00,30,flexible_moments,-0.08900982998185206,-0.09153170337106145
val,2019-09-20,11:15:00,30,heterogeneous,-0.03144992107872652,-0.05427840636813683
val,2019-09-20,11:15:00,30,time_of_day,-0.10498114231967551,-0.09975784991036135
val,2019-09-20,11:15:00,30,factor_spy,-0.07009429894436928,-0.07701935337228635
val,2019-09-20,11:15:00,30,quadratic_c0_etf,-0.014967261789232855,-0.035287536533007646
val,2019-09-20,11:15:00,30,quadratic_c0_single,-0.03124567330645789,-0.04545462942499073
val,2019-09-20,11:30:00,1,quadratic_c0,0.05275477303507056,0.0665123009101218
val,2019-09-20,11:30:00,1,independent_ou,-0.009181802428593691,-0.002787903557241775
val,2019-09-20,11:30:00,1,flexible_moments,-0.00685247863280096,-0.0017092768948935577
val,2019-09-20,11:30:00,1,heterogeneous,0.0050277924387825135,0.021994321890350957
val,2019-09-20,11:30:00,1,time_of_day,0.06751277782647025,0.08115662129417837
val,2019-09-20,11:30:00,1,factor_spy,0.011350557599548589,0.01834449397929673
val,2019-09-20,11:30:00,1,quadratic_c0_etf,0.16642573481862838,0.15438859583030795
val,2019-09-20,11:30:00,1,quadratic_c0_single,0.1418394507055068,0.1434203585428171
val,2019-09-20,11:30:00,5,quadratic_c0,-0.04945058409257491,-0.03911611850459783
val,2019-09-20,11:30:00,5,independent_ou,-0.012520939285257632,-0.009277199827314814
val,2019-09-20,11:30:00,5,flexible_moments,-0.0007869273263871601,-0.006558904882099703
val,2019-09-20,11:30:00,5,heterogeneous,-0.026300365073143844,-0.04143897988785496
val,2019-09-20,11:30:00,5,time_of_day,-0.02776359660317182,-0.031555723774902206
val,2019-09-20,11:30:00,5,factor_spy,-0.01488710590561948,-0.023754479944650797
val,2019-09-20,11:30:00,5,quadratic_c0_etf,0.45447792591513686,0.45328727744569797
val,2019-09-20,11:30:00,5,quadratic_c0_single,-0.0020955881665076226,-0.019591087158029957
val,2019-09-20,11:30:00,15,quadratic_c0,-0.09565503174363099,-0.10613078395688336
val,2019-09-20,11:30:00,15,independent_ou,-0.08585986178479771,-0.08757584126512113
val,2019-09-20,11:30:00,15,flexible_moments,-0.15618973489464094,-0.15275619864017312
val,2019-09-20,11:30:00,15,heterogeneous,-0.025083694994600447,-0.03569747982764826
val,2019-09-20,11:30:00,15,time_of_day,-0.19465865325616208,-0.18792859012780355
val,2019-09-20,11:30:00,15,factor_spy,-0.10745537626384916,-0.11448439129035576
val,2019-09-20,11:30:00,15,quadratic_c0_etf,0.1151911193687542,0.10541946487300996
val,2019-09-20,11:30:00,15,quadratic_c0_single,-0.11177236014025976,-0.11385433687483584
val,2019-09-20,11:30:00,30,quadratic_c0,-0.21206642724732586,-0.19117782615291237
val,2019-09-20,11:30:00,30,independent_ou,-0.0492969210719687,-0.031040462880237096
val,2019-09-20,11:30:00,30,flexible_moments,-0.16757704351682293,-0.17850881449784603
val,2019-09-20,11:30:00,30,heterogeneous,-0.12521900699808364,-0.1390764351446233
val,2019-09-20,11:30:00,30,time_of_day,-0.23661261887911744,-0.226221506223519
val,2019-09-20,11:30:00,30,factor_spy,-0.22783508084442877,-0.2068714452653483
val,2019-09-20,11:30:00,30,quadratic_c0_etf,-0.14287910067291196,-0.13281424922699794
val,2019-09-20,11:30:00,30,quadratic_c0_single,-0.16309730599630656,-0.15799412059741716
val,2019-09-20,11:45:00,1,quadratic_c0,0.005786197660336584,0.0021583554905548197
val,2019-09-20,11:45:00,1,independent_ou,0.02240361533489385,0.009548324075010495
val,2019-09-20,11:45:00,1,flexible_moments,0.08190703393470361,0.07180112475914346
val,2019-09-20,11:45:00,1,heterogeneous,0.044568264362584514,0.02804005318558364
val,2019-09-20,11:45:00,1,time_of_day,-0.025610672724283107,-0.017141411496488707
val,2019-09-20,11:45:00,1,factor_spy,-0.016617203750626197,-0.015039115118384572
val,2019-09-20,11:45:00,1,quadratic_c0_etf,0.1563633660706839,0.1614634890160794
val,2019-09-20,11:45:00,1,quadratic_c0_single,0.008070401489378265,0.002088528640608378
val,2019-09-20,11:45:00,5,quadratic_c0,-0.047442077120075504,-0.023398575380142436
val,2019-09-20,11:45:00,5,independent_ou,0.09183324975796348,0.10915658945357126
val,2019-09-20,11:45:00,5,flexible_moments,-0.05940766020357714,-0.03551885752496878
val,2019-09-20,11:45:00,5,heterogeneous,-0.04392170275519067,-0.022911291467814926
val,2019-09-20,11:45:00,5,time_of_day,0.011127191867822489,0.015956338789694574
val,2019-09-20,11:45:00,5,factor_spy,0.0056926755777508276,0.013648676809944638
val,2019-09-20,11:45:00,5,quadratic_c0_etf,0.05271779942343613,0.06611884456818332
val,2019-09-20,11:45:00,5,quadratic_c0_single,-0.04324652423742428,-0.019495586464606626
val,2019-09-20,11:45:00,15,quadratic_c0,0.017454559078467602,0.019624018686542594
val,2019-09-20,11:45:00,15,independent_ou,-0.008352485941819185,-0.006887221084762293
val,2019-09-20,11:45:00,15,flexible_moments,0.23510942080711383,0.23441695679098584
val,2019-09-20,11:45:00,15,heterogeneous,0.054189404860540524,0.0205739852698323
val,2019-09-20,11:45:00,15,time_of_day,0.02838851500739009,0.02760216829731077
val,2019-09-20,11:45:00,15,factor_spy,0.01889003535475381,0.018727438800001633
val,2019-09-20,11:45:00,15,quadratic_c0_etf,0.029029688871247628,0.02166725991965432
val,2019-09-20,11:45:00,15,quadratic_c0_single,0.06854869674813047,0.06598304694152889
val,2019-09-20,11:45:00,30,quadratic_c0,0.09035482751865254,0.09202969960984188
val,2019-09-20,11:45:00,30,independent_ou,0.13184544066709872,0.12637669320519296
val,2019-09-20,11:45:00,30,flexible_moments,0.07540001303337304,0.07674611425603993
val,2019-09-20,11:45:00,30,heterogeneous,0.23767716079925882,0.21911968261941012
val,2019-09-20,11:45:00,30,time_of_day,0.11495474154480359,0.10832527866236714
val,2019-09-20,11:45:00,30,factor_spy,0.07453045832076288,0.06677214194249269
val,2019-09-20,11:45:00,30,quadratic_c0_etf,0.3285506215741167,0.24365957822316564
val,2019-09-20,11:45:00,30,quadratic_c0_single,0.14401153361653046,0.1388081973999895
val,2019-09-20,12:00:00,1,quadratic_c0,0.031049692481222954,0.0297609865700596
val,2019-09-20,12:00:00,1,independent_ou,0.06846134804196234,0.05931272953983198
val,2019-09-20,12:00:00,1,flexible_moments,0.1345708202934171,0.10768160572281497
val,2019-09-20,12:00:00,1,heterogeneous,0.15400560262652635,0.10218545077678569
val,2019-09-20,12:00:00,1,time_of_day,0.07295317638550915,0.07226565106678444
val,2019-09-20,12:00:00,1,factor_spy,-0.007414392950010021,-0.009553782811502279
val,2019-09-20,12:00:00,1,quadratic_c0_etf,0.10552502483082936,0.08131809288141721
val,2019-09-20,12:00:00,1,quadratic_c0_single,0.023642487242944724,0.015881088504162214
val,2019-09-20,12:00:00,5,quadratic_c0,0.04956419707366762,0.019266760055499668
val,2019-09-20,12:00:00,5,independent_ou,0.028293960635607365,-0.006778751253531168
val,2019-09-20,12:00:00,5,flexible_moments,0.11361623924148152,0.10498005197132233
val,2019-09-20,12:00:00,5,heterogeneous,0.06887961421169174,0.05356051904257793
val,2019-09-20,12:00:00,5,time_of_day,-0.013304051090683167,-0.012131249528039581
val,2019-09-20,12:00:00,5,factor_spy,0.03672902295198803,0.018350797797591092
val,2019-09-20,12:00:00,5,quadratic_c0_etf,0.2902640187230979,0.23126201981991312
val,2019-09-20,12:00:00,5,quadratic_c0_single,0.028825253702662465,0.007292796416710962
val,2019-09-20,12:00:00,15,quadratic_c0,0.06599948009476504,0.03837138079634547
val,2019-09-20,12:00:00,15,independent_ou,0.10619329657019196,0.08435200444901328
val,2019-09-20,12:00:00,15,flexible_moments,0.1638726076491132,0.16573809119277322
val,2019-09-20,12:00:00,15,heterogeneous,0.06358954985573835,0.05696209547803743
val,2019-09-20,12:00:00,15,time_of_day,0.12865205251499057,0.12188933906199836
val,2019-09-20,12:00:00,15,factor_spy,0.11576466487209137,0.10691241159844955
val,2019-09-20,12:00:00,15,quadratic_c0_etf,0.321045051984682,0.27241950065247567
val,2019-09-20,12:00:00,15,quadratic_c0_single,0.13226987949540314,0.11894082770241052
val,2019-09-20,12:00:00,30,quadratic_c0,0.006085059081532507,0.024407204259095955
val,2019-09-20,12:00:00,30,independent_ou,0.09733923989515886,0.11548225646060131
val,2019-09-20,12:00:00,30,flexible_moments,0.11021218651178827,0.1079052730621595
val,2019-09-20,12:00:00,30,heterogeneous,0.15704232865824305,0.12442037025339925
val,2019-09-20,12:00:00,30,time_of_day,0.0002829786719377725,0.014908106822316136
val,2019-09-20,12:00:00,30,factor_spy,0.05761736248659172,0.04531859317403292
val,2019-09-20,12:00:00,30,quadratic_c0_etf,0.08039427102282146,0.0731586293883405
val,2019-09-20,12:00:00,30,quadratic_c0_single,0.04277454199596087,0.04944469012488739
val,2019-09-20,12:15:00,1,quadratic_c0,0.16121271274543414,0.07567685777831813
val,2019-09-20,12:15:00,1,independent_ou,-0.010768666078445802,-0.005615205354591771
val,2019-09-20,12:15:00,1,flexible_moments,0.07410458736330472,0.05900163562873363
val,2019-09-20,12:15:00,1,heterogeneous,0.15167499289238312,0.142066689865882
val,2019-09-20,12:15:00,1,time_of_day,0.03219049093632895,0.03002328605996725
val,2019-09-20,12:15:00,1,factor_spy,0.018746476623074187,0.022206372802883845
val,2019-09-20,12:15:00,1,quadratic_c0_etf,0.25528232717729243,0.18877997385786677
val,2019-09-20,12:15:00,1,quadratic_c0_single,0.1744438426675224,0.07373059181745394
val,2019-09-20,12:15:00,5,quadratic_c0,0.0909589911303922,0.05159850769181025
val,2019-09-20,12:15:00,5,independent_ou,0.05178673515951,0.04819211491387647
val,2019-09-20,12:15:00,5,flexible_moments,0.02914566710662593,0.037001765216082685
val,2019-09-20,12:15:00,5,heterogeneous,0.09100692338268783,0.08728235004132913
val,2019-09-20,12:15:00,5,time_of_day,0.029104632243870318,0.030668387179833237
val,2019-09-20,12:15:00,5,factor_spy,0.07264878674393012,0.04732598992577701
val,2019-09-20,12:15:00,5,quadratic_c0_etf,0.014505974177077871,0.024844661209560068
val,2019-09-20,12:15:00,5,quadratic_c0_single,0.14347528666883713,0.10748544375845888
val,2019-09-20,12:15:00,15,quadratic_c0,-0.02045918979262218,-0.007599128862588261
val,2019-09-20,12:15:00,15,independent_ou,0.049036189862661894,0.042826695399059186
val,2019-09-20,12:15:00,15,flexible_moments,0.009172641728423858,0.03209540407623042
val,2019-09-20,12:15:00,15,heterogeneous,-0.008862692914078735,0.012304667664947408
val,2019-09-20,12:15:00,15,time_of_day,-0.035849297641453226,-0.009495125288379772
val,2019-09-20,12:15:00,15,factor_spy,0.02495921337628504,0.03838553653469996
val,2019-09-20,12:15:00,15,quadratic_c0_etf,0.034580279690765575,0.058993756161471136
val,2019-09-20,12:15:00,15,quadratic_c0_single,0.056695961423518376,0.05428599251565085
val,2019-09-20,12:15:00,30,quadratic_c0,-0.03389509904136942,-0.026030476169540656
val,2019-09-20,12:15:00,30,independent_ou,-0.07547218825164928,-0.06708171018541453
val,2019-09-20,12:15:00,30,flexible_moments,-0.05946190472376464,-0.055655556636143466
val,2019-09-20,12:15:00,30,heterogeneous,-0.04074925106378394,-0.03938118374055022
val,2019-09-20,12:15:00,30,time_of_day,-0.12532221093390947,-0.11435624416580967
val,2019-09-20,12:15:00,30,factor_spy,-0.04998433142233047,-0.06500558252485836
val,2019-09-20,12:15:00,30,quadratic_c0_etf,-0.018311473657953353,-0.03509048742918777
val,2019-09-20,12:15:00,30,quadratic_c0_single,0.027492722018159943,0.03656097650334161
val,2019-09-20,12:30:00,1,quadratic_c0,0.03473689258756965,0.027946899116145202
val,2019-09-20,12:30:00,1,independent_ou,0.04969317579748983,0.04784459345191115
val,2019-09-20,12:30:00,1,flexible_moments,0.06983200780543203,0.06836118563830558
val,2019-09-20,12:30:00,1,heterogeneous,0.05989572339705179,0.02550269245340067
val,2019-09-20,12:30:00,1,time_of_day,0.0003448471912469858,-0.0023724851207216763
val,2019-09-20,12:30:00,1,factor_spy,0.08177980599532209,0.06769668096224842
val,2019-09-20,12:30:00,1,quadratic_c0_etf,0.4774042069384198,0.48914254591019624
val,2019-09-20,12:30:00,1,quadratic_c0_single,0.16257040900468359,0.1346990934372756
val,2019-09-20,12:30:00,5,quadratic_c0,0.14876896799030606,0.13219741283014957
val,2019-09-20,12:30:00,5,independent_ou,0.08012669041134587,0.05697081472939304
val,2019-09-20,12:30:00,5,flexible_moments,0.08677716414674153,0.0931767237739657
val,2019-09-20,12:30:00,5,heterogeneous,0.0687477790649001,0.026853188495643596
val,2019-09-20,12:30:00,5,time_of_day,-0.02262875656677056,-0.02166589108590246
val,2019-09-20,12:30:00,5,factor_spy,0.10385129444826097,0.09731549906419047
val,2019-09-20,12:30:00,5,quadratic_c0_etf,0.195725310523491,0.11032265048601413
val,2019-09-20,12:30:00,5,quadratic_c0_single,0.19336558940161816,0.17019190669445172
val,2019-09-20,12:30:00,15,quadratic_c0,0.18002702455647498,0.19728550367656894
val,2019-09-20,12:30:00,15,independent_ou,0.018722236482243526,0.021898039333311234
val,2019-09-20,12:30:00,15,flexible_moments,0.06423666658919813,0.06609983276733293
val,2019-09-20,12:30:00,15,heterogeneous,-0.0053620858743031186,-0.004135445104232333
val,2019-09-20,12:30:00,15,time_of_day,-0.02323065585943329,-0.016569550532314667
val,2019-09-20,12:30:00,15,factor_spy,0.04291110951931246,0.0545128936282641
val,2019-09-20,12:30:00,15,quadratic_c0_etf,0.20626727164943756,0.2085896668403745
val,2019-09-20,12:30:00,15,quadratic_c0_single,0.20389601800458626,0.21138596758885103
val,2019-09-20,12:30:00,30,quadratic_c0,-0.025586046355161457,-0.04737116604248
val,2019-09-20,12:30:00,30,independent_ou,0.026608534809692858,-0.011351139039434743
val,2019-09-20,12:30:00,30,flexible_moments,0.019301709686805973,-0.004824908027324326
val,2019-09-20,12:30:00,30,heterogeneous,-0.0964728391781075,-0.10021146743568052
val,2019-09-20,12:30:00,30,time_of_day,-0.06567353249794895,-0.0692622574459693
val,2019-09-20,12:30:00,30,factor_spy,-0.015824573852768226,-0.021178829759348677
val,2019-09-20,12:30:00,30,quadratic_c0_etf,0.2824283460935583,0.2486936210282732
val,2019-09-20,12:30:00,30,quadratic_c0_single,0.09701268309246158,0.07097061162374299
val,2019-09-20,12:45:00,1,quadratic_c0,0.021667689571994886,0.015251734934146999
val,2019-09-20,12:45:00,1,independent_ou,0.05798250020276313,0.06453844646462156
val,2019-09-20,12:45:00,1,flexible_moments,0.058957323603832434,0.06788111257555487
val,2019-09-20,12:45:00,1,heterogeneous,0.03431295906325649,0.018751698849464704
val,2019-09-20,12:45:00,1,time_of_day,-0.06628310666835657,-0.06153298569928592
val,2019-09-20,12:45:00,1,factor_spy,0.037920726670868876,0.04017437001718982
val,2019-09-20,12:45:00,1,quadratic_c0_etf,0.15451529950858894,0.15137896861008385
val,2019-09-20,12:45:00,1,quadratic_c0_single,0.019398174743195995,0.00831072703284122
val,2019-09-20,12:45:00,5,quadratic_c0,0.061059492575331525,0.06728183537755271
val,2019-09-20,12:45:00,5,independent_ou,0.0221333811887508,-0.0030688431101198316
val,2019-09-20,12:45:00,5,flexible_moments,0.08863317989388708,0.04806096004112721
val,2019-09-20,12:45:00,5,heterogeneous,0.014088810712909766,0.01273943982382908
val,2019-09-20,12:45:00,5,time_of_day,0.0025532325172547554,0.001428640898341632
val,2019-09-20,12:45:00,5,factor_spy,0.031106960591075317,0.022940499359805397
val,2019-09-20,12:45:00,5,quadratic_c0_etf,0.5402347943577721,0.548227580549674
val,2019-09-20,12:45:00,5,quadratic_c0_single,0.03666447468697287,0.01572680280413309
val,2019-09-20,12:45:00,15,quadratic_c0,0.0780997335901763,0.06600777002151191
val,2019-09-20,12:45:00,15,independent_ou,0.10690894086526179,0.10592461419715803
val,2019-09-20,12:45:00,15,flexible_moments,0.14297171445872064,0.1253623919582998
val,2019-09-20,12:45:00,15,heterogeneous,0.12559426159386217,0.10344275844436303
val,2019-09-20,12:45:00,15,time_of_day,-0.011882512800561254,-0.0029107646616022
val,2019-09-20,12:45:00,15,factor_spy,0.10959828803644173,0.10391411350816497
val,2019-09-20,12:45:00,15,quadratic_c0_etf,0.16905005466293377,0.1892054842827844
val,2019-09-20,12:45:00,15,quadratic_c0_single,0.10255933095126518,0.10389026709069114
val,2019-09-20,12:45:00,30,quadratic_c0,0.02327544019544825,0.03218354762522635
val,2019-09-20,12:45:00,30,independent_ou,0.1520376103882027,0.11825010235892208
val,2019-09-20,12:45:00,30,flexible_moments,0.11662536656610484,0.10763353093254732
val,2019-09-20,12:45:00,30,heterogeneous,0.09750078265695625,0.020833911332748686
val,2019-09-20,12:45:00,30,time_of_day,0.015876349420730018,0.011379656327479629
val,2019-09-20,12:45:00,30,factor_spy,0.06780779938378936,0.07031868901223731
val,2019-09-20,12:45:00,30,quadratic_c0_etf,0.12712258389120926,0.12111426271920525
val,2019-09-20,12:45:00,30,quadratic_c0_single,0.0951995618443695,0.10223121800009011
val,2019-09-20,13:00:00,1,quadratic_c0,-0.028848277568592207,-0.0162694867939768
val,2019-09-20,13:00:00,1,independent_ou,0.028957350168066498,0.030627834346052957
val,2019-09-20,13:00:00,1,flexible_moments,0.14018363083110733,0.11087004990510876
val,2019-09-20,13:00:00,1,heterogeneous,0.08849088138376765,0.0950163030728918
val,2019-09-20,13:00:00,1,time_of_day,-0.041999641104010874,-0.025937928292218623
val,2019-09-20,13:00:00,1,factor_spy,-0.020371204709838914,-0.010858082947923953
val,2019-09-20,13:00:00,1,quadratic_c0_etf,0.47767955245738036,0.503036231709832
val,2019-09-20,13:00:00,1,quadratic_c0_single,0.07226147249989082,0.08475070020577471
val,2019-09-20,13:00:00,5,quadratic_c0,-0.06018579263508081,-0.052591516795225
val,2019-09-20,13:00:00,5,independent_ou,-0.00851182007361101,-0.004069357685166586
val,2019-09-20,13:00:00,5,flexible_moments,0.07697514824631863,0.018392544160962837
val,2019-09-20,13:00:00,5,heterogeneous,-0.005850411365410424,0.012771954086873372
val,2019-09-20,13:00:00,5,time_of_day,-0.01799887167159034,-0.02795212626998514
val,2019-09-20,13:00:00,5,factor_spy,-0.05557820023008424,-0.04996381563930484
val,2019-09-20,13:00:00,5,quadratic_c0_etf,0.3963685435850475,0.323494861738404
val,2019-09-20,13:00:00,5,quadratic_c0_single,0.08068148569594508,0.07781953889086757
val,2019-09-20,13:00:00,15,quadratic_c0,0.11988828707752414,0.11506487457816891
val,2019-09-20,13:00:00,15,independent_ou,0.2653624506928267,0.23359922880759956
val,2019-09-20,13:00:00,15,flexible_moments,0.1838377078243719,0.17674672804489552
val,2019-09-20,13:00:00,15,heterogeneous,0.09102233544602673,0.08903035589958311
val,2019-09-20,13:00:00,15,time_of_day,0.05799055907357098,0.04385835048183452
val,2019-09-20,13:00:00,15,factor_spy,0.1268708689420774,0.08988802930589226
val,2019-09-20,13:00:00,15,quadratic_c0_etf,0.12988992591581205,0.09604489526950977
val,2019-09-20,13:00:00,15,quadratic_c0_single,0.19794326888944638,0.17546265114811818
val,2019-09-20,13:00:00,30,quadratic_c0,0.13443322035822924,0.1532452961779573
val,2019-09-20,13:00:00,30,independent_ou,-0.029255103296083773,-0.01863846263364896
val,2019-09-20,13:00:00,30,flexible_moments,-0.10581172168153738,-0.09708139911267319
val,2019-09-20,13:00:00,30,heterogeneous,-0.03402422579225664,-0.01562567406022483
val,2019-09-20,13:00:00,30,time_of_day,-0.058152148130827724,-0.04929143597524388
val,2019-09-20,13:00:00,30,factor_spy,-0.09058271693692807,-0.07068844780178365
val,2019-09-20,13:00:00,30,quadratic_c0_etf,0.2623486542619451,0.2701242570440879
val,2019-09-20,13:00:00,30,quadratic_c0_single,0.10715297676710589,0.11767343852304801
val,2019-09-20,13:15:00,1,quadratic_c0,0.06250892541115957,0.05299604320725827
val,2019-09-20,13:15:00,1,independent_ou,-0.028471196253895936,-0.025436531130290457
val,2019-09-20,13:15:00,1,flexible_moments,-0.016392258736268567,-0.013630307184573545
val,2019-09-20,13:15:00,1,heterogeneous,0.1291476865397852,0.12616223363639506
val,2019-09-20,13:15:00,1,time_of_day,0.06525656278326819,0.07153240875199217
val,2019-09-20,13:15:00,1,factor_spy,-0.005534364792265531,-0.012169473893814647
val,2019-09-20,13:15:00,1,quadratic_c0_etf,0.3225752733712949,0.2781978496119491
val,2019-09-20,13:15:00,1,quadratic_c0_single,0.005230433518743749,0.007759362450407772
val,2019-09-20,13:15:00,5,quadratic_c0,-0.06817223580463466,-0.08017540717224755
val,2019-09-20,13:15:00,5,independent_ou,-0.008808595211900028,-0.024042740982990557
val,2019-09-20,13:15:00,5,flexible_moments,-0.05902086897350162,-0.06768022656579095
val,2019-09-20,13:15:00,5,heterogeneous,-0.08327961458619834,-0.08349136905419777
val,2019-09-20,13:15:00,5,time_of_day,-0.11187557022509517,-0.10663057586871091
val,2019-09-20,13:15:00,5,factor_spy,-0.029113245198965715,-0.05388375473562809
val,2019-09-20,13:15:00,5,quadratic_c0_etf,0.07062894133432707,0.0033102563756358394
val,2019-09-20,13:15:00,5,quadratic_c0_single,-0.003986260281782283,-0.01784022480628747
val,2019-09-20,13:15:00,15,quadratic_c0,-0.04495849052761264,-0.05440761997857804
val,2019-09-20,13:15:00,15,independent_ou,-0.05172836971509284,-0.052778648446367094
val,2019-09-20,13:15:00,15,flexible_moments,0.03456736835799157,0.029245079814144592
val,2019-09-20,13:15:00,15,heterogeneous,-0.101946351065373,-0.11779051632023263
val,2019-09-20,13:15:00,15,time_of_day,-0.07683952541111336,-0.06948827361634186
val,2019-09-20,13:15:00,15,factor_spy,-0.07359662485995291,-0.053932211234591076
val,2019-09-20,13:15:00,15,quadratic_c0_etf,0.12887062717865194,0.10697458336744231
val,2019-09-20,13:15:00,15,quadratic_c0_single,-0.06623333717756236,-0.0981657063612921
val,2019-09-20,13:15:00,30,quadratic_c0,0.03653963073599695,0.04422056366563082
val,2019-09-20,13:15:00,30,independent_ou,0.05752764364092322,0.05903729875803537
val,2019-09-20,13:15:00,30,flexible_moments,0.1270283433762401,0.10761184741929827
val,2019-09-20,13:15:00,30,heterogeneous,0.12938497097760918,0.13060839629623086
val,2019-09-20,13:15:00,30,time_of_day,0.007572840560602728,-0.00431098178113315
val,2019-09-20,13:15:00,30,factor_spy,0.049093608106198394,0.05029534993627796
val,2019-09-20,13:15:00,30,quadratic_c0_etf,0.03464351352115089,0.022352193570922413
val,2019-09-20,13:15:00,30,quadratic_c0_single,0.07274193057422204,0.07890613333295393
val,2019-09-20,13:30:00,1,quadratic_c0,0.11278354690657641,0.09256478145898642
val,2019-09-20,13:30:00,1,independent_ou,0.003597547279355656,0.006582836248371388
val,2019-09-20,13:30:00,1,flexible_moments,0.056165712209971325,0.05318556273885289
val,2019-09-20,13:30:00,1,heterogeneous,0.09764935835407523,0.08302251776278133
val,2019-09-20,13:30:00,1,time_of_day,-0.07741923581241068,-0.0672765259717504
val,2019-09-20,13:30:00,1,factor_spy,-0.01733016140959029,-0.024517824507919048
val,2019-09-20,13:30:00,1,quadratic_c0_etf,0.6860728495341137,0.6893107248075082
val,2019-09-20,13:30:00,1,quadratic_c0_single,0.06801011228750825,0.04667896961574938
val,2019-09-20,13:30:00,5,quadratic_c0,-0.032872515539656255,-0.0034048951164776797
val,2019-09-20,13:30:00,5,independent_ou,-0.029272887027667394,-0.02713571039458469
val,2019-09-20,13:30:00,5,flexible_moments,-0.03327519084755681,-0.015415760547149132
val,2019-09-20,13:30:00,5,heterogeneous,-0.025202588891436256,-0.02082382066085696
val,2019-09-20,13:30:00,5,time_of_day,-0.027184693206825677,-0.015329243979533058
val,2019-09-20,13:30:00,5,factor_spy,0.16348917447228142,0.1627880056995955
val,2019-09-20,13:30:00,5,quadratic_c0_etf,0.30237195276174766,0.34161398736841625
val,2019-09-20,13:30:00,5,quadratic_c0_single,-0.01592472117420135,-0.031201553793053463
val,2019-09-20,13:30:00,15,quadratic_c0,0.03742653284279179,0.021557715656090104
val,2019-09-20,13:30:00,15,independent_ou,0.004027051271165677,0.020892627456020996
val,2019-09-20,13:30:00,15,flexible_moments,-0.06361922562574451,-0.0452517899289287
val,2019-09-20,13:30:00,15,heterogeneous,0.02416436623759552,0.03274422942079419
val,2019-09-20,13:30:00,15,time_of_day,-0.014803489884484877,-0.01892731070537712
val,2019-09-20,13:30:00,15,factor_spy,0.10392995774927172,0.10100867039070224
val,2019-09-20,13:30:00,15,quadratic_c0_etf,-0.07128625021393722,-0.06495535422812057
val,2019-09-20,13:30:00,15,quadratic_c0_single,0.0992462253701577,0.07227423692943966
val,2019-09-20,13:30:00,30,quadratic_c0,0.05029844277667406,0.06253612566850911
val,2019-09-20,13:30:00,30,independent_ou,0.09285325494376762,0.09995734618636806
val,2019-09-20,13:30:00,30,flexible_moments,-0.007399632554654617,-0.004009148400872575
val,2019-09-20,13:30:00,30,heterogeneous,0.010210005449122178,0.0021697210115235455
val,2019-09-20,13:30:00,30,time_of_day,-0.11066336887129917,-0.08355120824420521
val,2019-09-20,13:30:00,30,factor_spy,-0.021647077031050593,-0.00814409130973709
val,2019-09-20,13:30:00,30,quadratic_c0_etf,0.16537834317421107,0.18471515946324596
val,2019-09-20,13:30:00,30,quadratic_c0_single,0.04545108430761624,0.05430587779666046
val,2019-09-20,13:45:00,1,quadratic_c0,0.1276165766341313,0.09082910119495048
val,2019-09-20,13:45:00,1,independent_ou,-0.04225745104772613,-0.03068771225634112
val,2019-09-20,13:45:00,1,flexible_moments,0.06469975912259071,0.04664981620624918
val,2019-09-20,13:45:00,1,heterogeneous,0.07103029977677142,0.07319968135753872
val,2019-09-20,13:45:00,1,time_of_day,-0.05150790591229998,-0.040729036441875754
val,2019-09-20,13:45:00,1,factor_spy,-0.01095183113185283,-0.006432755171952992
val,2019-09-20,13:45:00,1,quadratic_c0_etf,0.19529487929373082,0.18009218946501915
val,2019-09-20,13:45:00,1,quadratic_c0_single,0.1432254856396499,0.09608098601349334
val,2019-09-20,13:45:00,5,quadratic_c0,0.049039702572650334,0.04898482816906345
val,2019-09-20,13:45:00,5,independent_ou,0.07712760543201158,0.0641063207213544
val,2019-09-20,13:45:00,5,flexible_moments,0.018211883857531863,0.02089699354094758
val,2019-09-20,13:45:00,5,heterogeneous,0.1875311573508625,0.17601853933204714
val,2019-09-20,13:45:00,5,time_of_day,-0.006389392817894232,-0.005656271393410586
val,2019-09-20,13:45:00,5,factor_spy,0.004579491861233798,-8.833029765183131e-05
val,2019-09-20,13:45:00,5,quadratic_c0_etf,0.31757775288921897,0.29443308452124906
val,2019-09-20,13:45:00,5,quadratic_c0_single,0.0343670833462032,0.032710575269031886
val,2019-09-20,13:45:00,15,quadratic_c0,0.009597692239031563,0.02172108776748033
val,2019-09-20,13:45:00,15,independent_ou,-0.012226481252474303,-0.007747835076737888
val,2019-09-20,13:45:00,15,flexible_moments,0.016486831172004418,0.009278311583480747
val,2019-09-20,13:45:00,15,heterogeneous,0.056812429914656126,0.04315999547301577
val,2019-09-20,13:45:00,15,time_of_day,-0.08119622934751443,-0.06416113072896738
val,2019-09-20,13:45:00,15,factor_spy,0.09475211026759461,0.09672674320811989
val,2019-09-20,13:45:00,15,quadratic_c0_etf,0.010461672622243845,0.010662502902519577
val,2019-09-20,13:45:00,15,quadratic_c0_single,0.0418605719509578,0.04669419523659449
val,2019-09-20,13:45:00,30,quadratic_c0,0.04144464136209891,0.035870529316816946
val,2019-09-20,13:45:00,30,independent_ou,0.0005140533628441024,-0.004240271891160663
val,2019-09-20,13:45:00,30,flexible_moments,0.016745767860961824,0.03472716848184068
val,2019-09-20,13:45:00,30,heterogeneous,0.07257664146998119,0.09578638322906144
val,2019-09-20,13:45:00,30,time_of_day,-0.07219159342781659,-0.04223024858438906
val,2019-09-20,13:45:00,30,factor_spy,0.1185846065916111,0.1369729450015059
val,2019-09-20,13:45:00,30,quadratic_c0_etf,0.31610110785512946,0.3404772480828825
val,2019-09-20,13:45:00,30,quadratic_c0_single,0.012418828159675571,0.022338741405456386
val,2019-09-20,14:00:00,1,quadratic_c0,-0.0007439398842261635,0.01922699420608169
val,2019-09-20,14:00:00,1,independent_ou,0.022115250875218373,0.03397620562188762
val,2019-09-20,14:00:00,1,flexible_moments,0.03997479400887652,0.05442045171346689
val,2019-09-20,14:00:00,1,heterogeneous,0.15080480776033578,0.14012011015367792
val,2019-09-20,14:00:00,1,time_of_day,-0.021314953333341075,-0.015606645793228735
val,2019-09-20,14:00:00,1,factor_spy,0.0029327745539485806,0.008812302630320804
val,2019-09-20,14:00:00,1,quadratic_c0_etf,0.08959821985625871,0.09766138481499446
val,2019-09-20,14:00:00,1,quadratic_c0_single,0.05047723024000675,0.0626734918337883
val,2019-09-20,14:00:00,5,quadratic_c0,0.07783706339919597,0.04598847841263873
val,2019-09-20,14:00:00,5,independent_ou,-0.007754683641971877,0.007836813072700816
val,2019-09-20,14:00:00,5,flexible_moments,0.09683763706471846,0.05840944704982756
val,2019-09-20,14:00:00,5,heterogeneous,0.11324007431868718,0.11459278561233688
val,2019-09-20,14:00:00,5,time_of_day,-0.05526657580964095,-0.047864900309010514
val,2019-09-20,14:00:00,5,factor_spy,0.04734554242320821,0.05166100126688683
val,2019-09-20,14:00:00,5,quadratic_c0_etf,0.028477344324767423,0.04513262908333937
val,2019-09-20,14:00:00,5,quadratic_c0_single,0.12481414984735931,0.09992417621456581
val,2019-09-20,14:00:00,15,quadratic_c0,-0.025823452589404577,-0.04971283505246914
val,2019-09-20,14:00:00,15,independent_ou,-0.0792446883715355,-0.07145485636203637
val,2019-09-20,14:00:00,15,flexible_moments,0.0035516521730325767,0.002848444365898678
val,2019-09-20,14:00:00,15,heterogeneous,0.01841865888569358,0.014948701744126713
val,2019-09-20,14:00:00,15,time_of_day,-0.05795450283180284,-0.03725563339718296
val,2019-09-20,14:00:00,15,factor_spy,0.022671477220170155,-0.013024941567108622
val,2019-09-20,14:00:00,15,quadratic_c0_etf,0.4876029195549759,0.46498308095276
val,2019-09-20,14:00:00,15,quadratic_c0_single,0.08781933019536578,0.08127858291291296
val,2019-09-20,14:00:00,30,quadratic_c0,0.0019170388663362903,0.01621381123685625
val,2019-09-20,14:00:00,30,independent_ou,-0.011503872129296072,-0.008340614186561943
val,2019-09-20,14:00:00,30,flexible_moments,0.022312941070004894,0.028503098939318947
val,2019-09-20,14:00:00,30,heterogeneous,0.03042263163634798,0.029867006492050777
val,2019-09-20,14:00:00,30,time_of_day,-0.03496627852342807,-0.024048378011757007
val,2019-09-20,14:00:00,30,factor_spy,0.07493482079462727,0.07233932131908445
val,2019-09-20,14:00:00,30,quadratic_c0_etf,0.1282595322184259,0.13636662294958624
val,2019-09-20,14:00:00,30,quadratic_c0_single,0.011596808213860083,0.02193646392015801
val,2019-09-20,14:15:00,1,quadratic_c0,0.09696580995916235,0.10339419214493181
val,2019-09-20,14:15:00,1,independent_ou,0.03998245947702336,0.0385863513809529
val,2019-09-20,14:15:00,1,flexible_moments,-0.016006461912985243,-0.008382816587062358
val,2019-09-20,14:15:00,1,heterogeneous,0.03546240800798739,0.03817588263562885
val,2019-09-20,14:15:00,1,time_of_day,-0.07578760564074552,-0.055910932680268796
val,2019-09-20,14:15:00,1,factor_spy,-0.03355653871281236,-0.018794679092552363
val,2019-09-20,14:15:00,1,quadratic_c0_etf,0.11316594032668184,0.12765871777079557
val,2019-09-20,14:15:00,1,quadratic_c0_single,0.10571299214796634,0.10529776911606314
val,2019-09-20,14:15:00,5,quadratic_c0,0.022279765083193903,0.013305033977132244
val,2019-09-20,14:15:00,5,independent_ou,0.08432210026434958,0.062030312131300586
val,2019-09-20,14:15:00,5,flexible_moments,0.10687867074242124,0.0975466256854777
val,2019-09-20,14:15:00,5,heterogeneous,-0.011488359252214184,-0.011074968083400208
val,2019-09-20,14:15:00,5,time_of_day,-0.03310092654752288,-0.039867798429083334
val,2019-09-20,14:15:00,5,factor_spy,0.009776487264218564,0.00516011199842023
val,2019-09-20,14:15:00,5,quadratic_c0_etf,0.22443428177670993,0.20484382337120324
val,2019-09-20,14:15:00,5,quadratic_c0_single,0.08491317553408143,0.08676161074433295
val,2019-09-20,14:15:00,15,quadratic_c0,-0.00022640940764748207,-0.02794516955463891
val,2019-09-20,14:15:00,15,independent_ou,-0.07762460180529843,-0.08073817035172907
val,2019-09-20,14:15:00,15,flexible_moments,-0.00755855933710442,-0.003527145249648783
val,2019-09-20,14:15:00,15,heterogeneous,-0.06844154688347781,-0.07013822710023111
val,2019-09-20,14:15:00,15,time_of_day,-0.11456417114202028,-0.10859294625069804
val,2019-09-20,14:15:00,15,factor_spy,0.08009254048758593,0.06842097975737246
val,2019-09-20,14:15:00,15,quadratic_c0_etf,0.5207461190464834,0.4981468113212806
val,2019-09-20,14:15:00,15,quadratic_c0_single,0.02488371825817748,0.00037799128641205493
val,2019-09-20,14:15:00,30,quadratic_c0,0.1738353858562119,0.14049584623540112
val,2019-09-20,14:15:00,30,independent_ou,0.08591211779076088,0.060620615511069065
val,2019-09-20,14:15:00,30,flexible_moments,-0.018110461381028287,-0.033662295236483564
val,2019-09-20,14:15:00,30,heterogeneous,-0.0009569626453020952,-0.01753958338777531
val,2019-09-20,14:15:00,30,time_of_day,-0.058576837567744094,-0.06406133306275472
val,2019-09-20,14:15:00,30,factor_spy,0.018268951492263708,0.009535319781156626
val,2019-09-20,14:15:00,30,quadratic_c0_etf,0.17478688330329456,0.12223629894306143
val,2019-09-20,14:15:00,30,quadratic_c0_single,0.1976334305848571,0.14818974696171544
val,2019-09-20,14:30:00,1,quadratic_c0,0.032154854228798144,0.017550803633463896
val,2019-09-20,14:30:00,1,independent_ou,0.017216140309484138,0.018706433644268425
val,2019-09-20,14:30:00,1,flexible_moments,-0.01632570469762916,-0.009293372202591174
val,2019-09-20,14:30:00,1,heterogeneous,0.04502702998500689,0.04105070844273574
val,2019-09-20,14:30:00,1,time_of_day,0.009906620218131074,0.010858919051758786
val,2019-09-20,14:30:00,1,factor_spy,0.004073879807816205,0.0018785416561743623
val,2019-09-20,14:30:00,1,quadratic_c0_etf,0.3074795003779568,0.2984021435147948
val,2019-09-20,14:30:00,1,quadratic_c0_single,0.057922535448875864,0.030884620057719858
val,2019-09-20,14:30:00,5,quadratic_c0,0.06541137070530577,0.061964245760515874
val,2019-09-20,14:30:00,5,independent_ou,0.07146970389347997,0.03720079938969406
val,2019-09-20,14:30:00,5,flexible_moments,0.03404589891169589,0.025195557033995952
val,2019-09-20,14:30:00,5,heterogeneous,0.06319224043080625,0.06974847523396682
val,2019-09-20,14:30:00,5,time_of_day,-0.006282036363822491,-0.005734755581059958
val,2019-09-20,14:30:00,5,factor_spy,0.10429992359235431,0.09486420014695901
val,2019-09-20,14:30:00,5,quadratic_c0_etf,0.40390570698813216,0.3492199164939057
val,2019-09-20,14:30:00,5,quadratic_c0_single,0.1483760254314923,0.12857821963050062
val,2019-09-20,14:30:00,15,quadratic_c0,0.002658147952350226,-0.010791918718310145
val,2019-09-20,14:30:00,15,independent_ou,0.123210007860627,0.10272815507496366
val,2019-09-20,14:30:00,15,flexible_moments,-0.09641182194871323,-0.07953135548947296
val,2019-09-20,14:30:00,15,heterogeneous,0.11103767241348314,0.08069900596816676
val,2019-09-20,14:30:00,15,time_of_day,-0.08940109772661742,-0.07886893511044685
val,2019-09-20,14:30:00,15,factor_spy,-0.06221548279920833,-0.045657761290248566
val,2019-09-20,14:30:00,15,quadratic_c0_etf,0.027886928382792053,0.030467650222909703
val,2019-09-20,14:30:00,15,quadratic_c0_single,0.05670527915927254,0.04586470771728998
val,2019-09-20,14:30:00,30,quadratic_c0,0.011592455841029137,0.02073489680006503
val,2019-09-20,14:30:00,30,independent_ou,0.09664579579038823,0.08653221463282688
val,2019-09-20,14:30:00,30,flexible_moments,-0.034860528570908475,-0.02611190733736697
val,2019-09-20,14:30:00,30,heterogeneous,0.046198055989014136,0.01938320133649961
val,2019-09-20,14:30:00,30,time_of_day,-0.021257875317835295,-0.013923293203853937
val,2019-09-20,14:30:00,30,factor_spy,0.05731941567241711,0.05839255289586397
val,2019-09-20,14:30:00,30,quadratic_c0_etf,0.058033110434290214,0.04172189457997773
val,2019-09-20,14:30:00,30,quadratic_c0_single,0.08608376052334824,0.09061138421937902
val,2019-09-20,14:45:00,1,quadratic_c0,0.029671361257784412,0.023973107610563107
val,2019-09-20,14:45:00,1,independent_ou,-0.025491794714586763,-0.010746543026820932
val,2019-09-20,14:45:00,1,flexible_moments,0.027644517307353705,0.004300720774720282
val,2019-09-20,14:45:00,1,heterogeneous,-0.011962954001499493,-0.007131570504195522
val,2019-09-20,14:45:00,1,time_of_day,-0.06489652033638722,-0.04942104857538808
val,2019-09-20,14:45:00,1,factor_spy,0.005167489709152345,0.010989404203935724
val,2019-09-20,14:45:00,1,quadratic_c0_etf,0.04372876075287188,0.034413296704210575
val,2019-09-20,14:45:00,1,quadratic_c0_single,0.05268109467696694,0.05012003858582979
val,2019-09-20,14:45:00,5,quadratic_c0,0.13689796843583596,0.10619421636079238
val,2019-09-20,14:45:00,5,independent_ou,0.04438642822845279,0.040387305315602834
val,2019-09-20,14:45:00,5,flexible_moments,0.13015346042337167,0.1206748062807598
val,2019-09-20,14:45:00,5,heterogeneous,0.10762106857393589,0.10176596824531756
val,2019-09-20,14:45:00,5,time_of_day,-0.03358259445273812,-0.03524556288856412
val,2019-09-20,14:45:00,5,factor_spy,0.08758596890449882,0.09332561694255079
val,2019-09-20,14:45:00,5,quadratic_c0_etf,-0.002938113893844768,0.006450951196684346
val,2019-09-20,14:45:00,5,quadratic_c0_single,0.19229446291454838,0.16370398802571764
val,2019-09-20,14:45:00,15,quadratic_c0,-0.03891693721221556,-0.054816403430173744
val,2019-09-20,14:45:00,15,independent_ou,0.1451674381181833,0.12277416432405105
val,2019-09-20,14:45:00,15,flexible_moments,-0.040433181719061656,-0.0639175977482312
val,2019-09-20,14:45:00,15,heterogeneous,-0.014856630985860791,-0.054298902925751236
val,2019-09-20,14:45:00,15,time_of_day,-0.07211379496539105,-0.08309790596156892
val,2019-09-20,14:45:00,15,factor_spy,0.06960088987500598,0.05866003051359217
val,2019-09-20,14:45:00,15,quadratic_c0_etf,0.1586586633458861,0.1356147154665572
val,2019-09-20,14:45:00,15,quadratic_c0_single,-0.04769839387282479,-0.0752357699100264
val,2019-09-20,14:45:00,30,quadratic_c0,0.0550672611272342,0.05421514514354152
val,2019-09-20,14:45:00,30,independent_ou,-0.005292515402065434,0.006129929555620264
val,2019-09-20,14:45:00,30,flexible_moments,0.07273059436651624,0.05972207279083429
val,2019-09-20,14:45:00,30,heterogeneous,0.15480355866681456,0.17052566203787545
val,2019-09-20,14:45:00,30,time_of_day,-0.06301965788299277,-0.04559474989563301
val,2019-09-20,14:45:00,30,factor_spy,0.017204086958656967,0.027180678935268668
val,2019-09-20,14:45:00,30,quadratic_c0_etf,0.2793960516855587,0.258292478157596
val,2019-09-20,14:45:00,30,quadratic_c0_single,0.014652699535446484,0.04300711437225106
val,2019-09-20,15:00:00,1,quadratic_c0,0.035327708092739385,0.01355314326383239
val,2019-09-20,15:00:00,1,independent_ou,-0.03239097534167118,-0.021004239459151725
val,2019-09-20,15:00:00,1,flexible_moments,-0.027773058562646558,-0.0253976420661243
val,2019-09-20,15:00:00,1,heterogeneous,0.018167039307615512,0.00778204984966005
val,2019-09-20,15:00:00,1,time_of_day,-0.08306990663088469,-0.08023801395646984
val,2019-09-20,15:00:00,1,factor_spy,0.007829498285092856,0.01743201217559967
val,2019-09-20,15:00:00,1,quadratic_c0_etf,-0.0029884548331793326,-0.00899612633736449
val,2019-09-20,15:00:00,1,quadratic_c0_single,0.07558342257798592,0.047108704071141094
val,2019-09-20,15:00:00,5,quadratic_c0,0.16529903628328274,0.1579537609201198
val,2019-09-20,15:00:00,5,independent_ou,0.06991676070928503,0.060222505592928785
val,2019-09-20,15:00:00,5,flexible_moments,0.02591744643641984,0.029540545058038423
val,2019-09-20,15:00:00,5,heterogeneous,0.18752033096850962,0.17864453888840126
val,2019-09-20,15:00:00,5,time_of_day,0.003968352915273116,0.00437632798591274
val,2019-09-20,15:00:00,5,factor_spy,0.075017013410021,0.05562106701377208
val,2019-09-20,15:00:00,5,quadratic_c0_etf,0.2595562668916258,0.25215844237511637
val,2019-09-20,15:00:00,5,quadratic_c0_single,0.28140234008971765,0.24725320762944902
val,2019-09-20,15:00:00,15,quadratic_c0,0.029470621875684305,0.016009661227415012
val,2019-09-20,15:00:00,15,independent_ou,0.11577924771657369,0.08643413755713561
val,2019-09-20,15:00:00,15,flexible_moments,0.11004565057874036,0.09710079457410531
val,2019-09-20,15:00:00,15,heterogeneous,-0.02844517707752646,-0.03554653725387255
val,2019-09-20,15:00:00,15,time_of_day,-0.06968792496584392,-0.06794904708440716
val,2019-09-20,15:00:00,15,factor_spy,0.09570671699536298,0.07826210044528195
val,2019-09-20,15:00:00,15,quadratic_c0_etf,0.3005346997724738,0.3011560826188038
val,2019-09-20,15:00:00,15,quadratic_c0_single,0.16703373715281547,0.15162791052146465
val,2019-09-20,15:00:00,30,quadratic_c0,-0.04035181027436224,-0.036460523752593496
val,2019-09-20,15:00:00,30,independent_ou,0.14076264696741234,0.10801260369157742
val,2019-09-20,15:00:00,30,flexible_moments,-0.061584535355269976,-0.05947844085400275
val,2019-09-20,15:00:00,30,heterogeneous,-0.03976570724051495,-0.04064887103065938
val,2019-09-20,15:00:00,30,time_of_day,-0.023819904750409543,-0.024210201510980314
val,2019-09-20,15:00:00,30,factor_spy,-0.04298036385108278,-0.052944943931821295
val,2019-09-20,15:00:00,30,quadratic_c0_etf,0.08081029795254965,0.08984486658907376
val,2019-09-20,15:00:00,30,quadratic_c0_single,-0.03813946768034095,-0.03681059140571205
val,2019-09-20,15:15:00,1,quadratic_c0,0.08031054994354755,0.0885476182084019
val,2019-09-20,15:15:00,1,independent_ou,0.04981868640512119,0.045394404359112156
val,2019-09-20,15:15:00,1,flexible_moments,0.08641142153203316,0.08764939206701552
val,2019-09-20,15:15:00,1,heterogeneous,0.037028148770629266,0.03957264201935684
val,2019-09-20,15:15:00,1,time_of_day,0.0038708284750171296,0.007852554987892862
val,2019-09-20,15:15:00,1,factor_spy,0.03215528408977805,0.05616369087675366
val,2019-09-20,15:15:00,1,quadratic_c0_etf,0.1409786384475232,0.12021979281527262
val,2019-09-20,15:15:00,1,quadratic_c0_single,0.08473635948058997,0.09503887295543112
val,2019-09-20,15:15:00,5,quadratic_c0,0.07216652747119962,0.08167975201897022
val,2019-09-20,15:15:00,5,independent_ou,0.05680298682224777,0.061726002750338724
val,2019-09-20,15:15:00,5,flexible_moments,0.0828406733897567,0.06456078327172453
val,2019-09-20,15:15:00,5,heterogeneous,0.06514807434880249,0.03762432569595846
val,2019-09-20,15:15:00,5,time_of_day,-0.025062535408262365,-0.015271138074746442
val,2019-09-20,15:15:00,5,factor_spy,0.06816984349694119,0.05454047076832423
val,2019-09-20,15:15:00,5,quadratic_c0_etf,0.2036576343496871,0.20053810533747174
val,2019-09-20,15:15:00,5,quadratic_c0_single,0.0816364790026223,0.06576501314222712
val,2019-09-20,15:15:00,15,quadratic_c0,-0.04565929624719488,-0.03536174700548886
val,2019-09-20,15:15:00,15,independent_ou,0.02194064160784534,0.036316247364421364
val,2019-09-20,15:15:00,15,flexible_moments,-0.005788330918761658,-0.0018794696323482657
val,2019-09-20,15:15:00,15,heterogeneous,0.07659690455759521,0.08699928375327003
val,2019-09-20,15:15:00,15,time_of_day,-0.011037760996039092,-0.0008115905164966242
val,2019-09-20,15:15:00,15,factor_spy,0.07793952137474483,0.052841961756929165
val,2019-09-20,15:15:00,15,quadratic_c0_etf,-0.053776665050626685,-0.03669013663611187
val,2019-09-20,15:15:00,15,quadratic_c0_single,-0.02527350511790423,-0.02472306281365627
val,2019-09-20,15:15:00,30,quadratic_c0,0.16188042417518747,0.17188840690937443
val,2019-09-20,15:15:00,30,independent_ou,0.040315653044062205,0.04429724028896212
val,2019-09-20,15:15:00,30,flexible_moments,0.017146889350470318,0.018454824766423517
val,2019-09-20,15:15:00,30,heterogeneous,0.02722975149514764,-0.001117473617514228
val,2019-09-20,15:15:00,30,time_of_day,-0.01692968931154279,-0.0022281011024223862
val,2019-09-20,15:15:00,30,factor_spy,0.0755359880644253,0.04776087927577782
val,2019-09-20,15:15:00,30,quadratic_c0_etf,0.16681571417807076,0.15791553068076083
val,2019-09-20,15:15:00,30,quadratic_c0_single,0.21559035245461886,0.2203252304107888
val,2019-09-20,15:30:00,1,quadratic_c0,0.053531264159634065,0.05688798000784774
val,2019-09-20,15:30:00,1,independent_ou,0.0214460830449084,0.02921633369509155
val,2019-09-20,15:30:00,1,flexible_moments,-0.013077273001801809,-0.011404828235209594
val,2019-09-20,15:30:00,1,heterogeneous,0.11149901372201744,0.11209813174458001
val,2019-09-20,15:30:00,1,time_of_day,-0.03460546332535455,-0.02091549958823842
val,2019-09-20,15:30:00,1,factor_spy,0.028100019593666273,0.021818021804812626
val,2019-09-20,15:30:00,1,quadratic_c0_etf,0.5119621847818233,0.5189671794998918
val,2019-09-20,15:30:00,1,quadratic_c0_single,0.07971067835791039,0.09679608273100714
val,2019-09-20,15:30:00,5,quadratic_c0,-0.013938124361376147,-0.024553191853647446
val,2019-09-20,15:30:00,5,independent_ou,0.11316089764667953,0.12369750137976224
val,2019-09-20,15:30:00,5,flexible_moments,0.0015400986563521568,0.007842995292384164
val,2019-09-20,15:30:00,5,heterogeneous,0.07869514841595937,0.06155349284685169
val,2019-09-20,15:30:00,5,time_of_day,0.038843788435623805,0.056534789010912356
val,2019-09-20,15:30:00,5,factor_spy,0.13520392307166146,0.12299979110966533
val,2019-09-20,15:30:00,5,quadratic_c0_etf,0.12954929558656508,0.11576405723985053
val,2019-09-20,15:30:00,5,quadratic_c0_single,-0.006824635031908555,-0.015560394679770773
val,2019-09-20,15:30:00,15,quadratic_c0,0.004460418023580978,0.0011910122816041063
val,2019-09-20,15:30:00,15,independent_ou,0.11723399659017533,0.11538819703818722
val,2019-09-20,15:30:00,15,flexible_moments,0.052987728200335316,0.030665414365278684
val,2019-09-20,15:30:00,15,heterogeneous,0.0599156347364411,0.041638254910911957
val,2019-09-20,15:30:00,15,time_of_day,0.017914293617070254,0.02054961034793891
val,2019-09-20,15:30:00,15,factor_spy,0.15343259492776584,0.14260801577409477
val,2019-09-20,15:30:00,15,quadratic_c0_etf,0.18171506375178265,0.18828228452867923
val,2019-09-20,15:30:00,15,quadratic_c0_single,0.014509184625324315,0.01366541406029137
val,2019-09-20,15:45:00,1,quadratic_c0,-0.00423755998783687,-0.007818916526038056
val,2019-09-20,15:45:00,1,independent_ou,-0.023532432532239855,-0.01922143274343907
val,2019-09-20,15:45:00,1,flexible_moments,-0.035879002235505275,-0.04314579095544918
val,2019-09-20,15:45:00,1,heterogeneous,-0.09982100262276569,-0.08553938903189415
val,2019-09-20,15:45:00,1,time_of_day,-0.10409482532262032,-0.10325798914282011
val,2019-09-20,15:45:00,1,factor_spy,-0.0594506049592311,-0.06364067112667704
val,2019-09-20,15:45:00,1,quadratic_c0_etf,-0.13140133755500466,-0.12056844735321884
val,2019-09-20,15:45:00,1,quadratic_c0_single,0.03477473395014791,0.03004082309227446
val,2019-09-20,15:45:00,5,quadratic_c0,0.002056549051422746,-0.005696040401280855
val,2019-09-20,15:45:00,5,independent_ou,-0.012523636720318282,-0.018492296762511268
val,2019-09-20,15:45:00,5,flexible_moments,0.002610197479892884,-0.018666739899826243
val,2019-09-20,15:45:00,5,heterogeneous,0.03654453529527174,0.0349881786741974
val,2019-09-20,15:45:00,5,time_of_day,-0.07326048181169698,-0.05942736234333933
val,2019-09-20,15:45:00,5,factor_spy,0.0037838654077208544,-0.02590937860219368
val,2019-09-20,15:45:00,5,quadratic_c0_etf,0.08197760056339048,0.039192785387587664
val,2019-09-20,15:45:00,5,quadratic_c0_single,0.07932479315162755,0.08135261676735595
val_fixed_am_pm,2019-09-20,10:00:00,300,quadratic_c0,-0.0376941232857054,-0.05133177730747468
val_fixed_am_pm,2019-09-20,10:00:00,300,independent_ou,0.10255335717772424,0.10976171537469206
test,2019-09-23,09:45:00,1,quadratic_c0,-0.023221411444714873,-0.057519491895617
test,2019-09-23,09:45:00,1,independent_ou,-0.07821541712876276,-0.08762170641514408
test,2019-09-23,09:45:00,1,flexible_moments,-0.11613682343859708,-0.10771053567400438
test,2019-09-23,09:45:00,1,heterogeneous,-0.035500469105050975,-0.03199117599219439
test,2019-09-23,09:45:00,1,time_of_day,-0.04834765006636685,-0.05662297671433847
test,2019-09-23,09:45:00,1,factor_spy,-0.07137495410241332,-0.05769151631030456
test,2019-09-23,09:45:00,1,quadratic_c0_etf,0.28069359582253983,0.2974219715795876
test,2019-09-23,09:45:00,1,quadratic_c0_single,0.030438722966634135,0.02439091581356126
test,2019-09-23,09:45:00,5,quadratic_c0,-0.12263546519834242,-0.049574495900291754
test,2019-09-23,09:45:00,5,independent_ou,0.15809643517945104,0.22754275805442042
test,2019-09-23,09:45:00,5,flexible_moments,0.13040075823639236,0.19418061414894067
test,2019-09-23,09:45:00,5,heterogeneous,-0.015878384277441815,0.05288475037532486
test,2019-09-23,09:45:00,5,time_of_day,-0.04936539665841824,0.01877340595364166
test,2019-09-23,09:45:00,5,factor_spy,-0.10178221447280236,-0.04470738032899124
test,2019-09-23,09:45:00,5,quadratic_c0_etf,0.18465344278013662,0.24338700393365975
test,2019-09-23,09:45:00,5,quadratic_c0_single,-0.12461534114859271,-0.05391837868656145
test,2019-09-23,09:45:00,15,quadratic_c0,0.03138929697724657,0.017193308045328565
test,2019-09-23,09:45:00,15,independent_ou,-0.024955542848238976,-0.02618624277967159
test,2019-09-23,09:45:00,15,flexible_moments,-0.035328924614449975,-0.031754370861011585
test,2019-09-23,09:45:00,15,heterogeneous,0.08914794394151554,0.04960467379797362
test,2019-09-23,09:45:00,15,time_of_day,-0.05120343377347292,-0.03730199501338803
test,2019-09-23,09:45:00,15,factor_spy,0.02693094804642296,0.026391874872949278
test,2019-09-23,09:45:00,15,quadratic_c0_etf,0.35093757142291476,0.19775912975525248
test,2019-09-23,09:45:00,15,quadratic_c0_single,0.0519266782627712,0.037294861823743725
test,2019-09-23,09:45:00,30,quadratic_c0,0.048807234638519145,0.05572319187305705
test,2019-09-23,09:45:00,30,independent_ou,0.031346442388165266,0.021364555865802645
test,2019-09-23,09:45:00,30,flexible_moments,0.03100153624640585,0.020028787276714477
test,2019-09-23,09:45:00,30,heterogeneous,0.10489492582736805,0.08617667450488384
test,2019-09-23,09:45:00,30,time_of_day,-0.005748777895806398,-0.006701413627454772
test,2019-09-23,09:45:00,30,factor_spy,0.1160309469721159,0.12623087284708973
test,2019-09-23,09:45:00,30,quadratic_c0_etf,0.3740784303872822,0.35014923959071875
test,2019-09-23,09:45:00,30,quadratic_c0_single,0.025668135901399478,0.033887142423444316
test,2019-09-23,10:00:00,1,quadratic_c0,0.016261088321708625,0.0073158555951760434
test,2019-09-23,10:00:00,1,independent_ou,0.0760423586916884,0.056377595472346595
test,2019-09-23,10:00:00,1,flexible_moments,-0.012378937631346981,-0.01630005768315998
test,2019-09-23,10:00:00,1,heterogeneous,0.113671210803928,0.09670006349132114
test,2019-09-23,10:00:00,1,time_of_day,-0.0006494486281499179,0.0036915983598417995
test,2019-09-23,10:00:00,1,factor_spy,0.101510851191043,0.08640340737550271
test,2019-09-23,10:00:00,1,quadratic_c0_etf,0.1735724364460396,0.15185690177171773
test,2019-09-23,10:00:00,1,quadratic_c0_single,0.05121872837259511,0.045061630013429194
test,2019-09-23,10:00:00,5,quadratic_c0,0.12953254078317283,0.10060868023858123
test,2019-09-23,10:00:00,5,independent_ou,0.03931043700283943,0.03863477909567102
test,2019-09-23,10:00:00,5,flexible_moments,0.04729167454337194,0.0447960984327032
test,2019-09-23,10:00:00,5,heterogeneous,0.10356455200257855,0.0877989502341492
test,2019-09-23,10:00:00,5,time_of_day,0.007578785223400816,0.0037119688542296414
test,2019-09-23,10:00:00,5,factor_spy,0.0800919666600439,0.07033127738413418
test,2019-09-23,10:00:00,5,quadratic_c0_etf,0.12678263612902718,0.1009013739345211
test,2019-09-23,10:00:00,5,quadratic_c0_single,0.17229117734911845,0.14055370136137996
test,2019-09-23,10:00:00,15,quadratic_c0,-0.018481915805914295,-0.020944689852017376
test,2019-09-23,10:00:00,15,independent_ou,0.03136135772343196,0.01542948662348334
test,2019-09-23,10:00:00,15,flexible_moments,0.10418056616564991,0.08866437908808059
test,2019-09-23,10:00:00,15,heterogeneous,0.040824879662142655,0.03446020935108818
test,2019-09-23,10:00:00,15,time_of_day,-0.03918687297601389,-0.03724470176721015
test,2019-09-23,10:00:00,15,factor_spy,0.03474790436137121,0.037061574176464135
test,2019-09-23,10:00:00,15,quadratic_c0_etf,0.4049248302662778,0.24128057248375687
test,2019-09-23,10:00:00,15,quadratic_c0_single,0.02381065457446907,0.03169415341667056
test,2019-09-23,10:00:00,30,quadratic_c0,-0.07978043058723874,-0.06604244812306145
test,2019-09-23,10:00:00,30,independent_ou,0.031079666568573694,0.04803588805927894
test,2019-09-23,10:00:00,30,flexible_moments,-0.04077365901184982,-0.046306419801625115
test,2019-09-23,10:00:00,30,heterogeneous,0.0724038615426224,0.08274173936816276
test,2019-09-23,10:00:00,30,time_of_day,-0.11285427019131031,-0.10476939537200214
test,2019-09-23,10:00:00,30,factor_spy,-0.02113764636548371,-0.04229686703285562
test,2019-09-23,10:00:00,30,quadratic_c0_etf,-0.14725302825554182,-0.14430613344893042
test,2019-09-23,10:00:00,30,quadratic_c0_single,0.01693842785645544,0.028082628899931183
test,2019-09-23,10:15:00,1,quadratic_c0,-0.07268924060046814,-0.06930059100624342
test,2019-09-23,10:15:00,1,independent_ou,-0.026180637907433718,-0.024362619496230364
test,2019-09-23,10:15:00,1,flexible_moments,0.05020029899623618,0.0700635567814275
test,2019-09-23,10:15:00,1,heterogeneous,-0.029901104658743294,-0.029252069947410836
test,2019-09-23,10:15:00,1,time_of_day,0.040978111979993626,0.05228325331535344
test,2019-09-23,10:15:00,1,factor_spy,0.007636522582792515,0.010370268355971546
test,2019-09-23,10:15:00,1,quadratic_c0_etf,0.06697201243481238,0.04972939624113798
test,2019-09-23,10:15:00,1,quadratic_c0_single,-0.08551685047013508,-0.08744334818431718
test,2019-09-23,10:15:00,5,quadratic_c0,0.05792578403065868,0.04005451363437515
test,2019-09-23,10:15:00,5,independent_ou,0.1263198794646008,0.1151337163498063
test,2019-09-23,10:15:00,5,flexible_moments,0.06096526519261078,0.05645697081300778
test,2019-09-23,10:15:00,5,heterogeneous,0.07358244446738793,0.06726018600451066
test,2019-09-23,10:15:00,5,time_of_day,-0.004334512472242397,-0.006397673522388209
test,2019-09-23,10:15:00,5,factor_spy,0.1433254736743851,0.1242703761084432
test,2019-09-23,10:15:00,5,quadratic_c0_etf,0.1493860920229268,0.12259699403354672
test,2019-09-23,10:15:00,5,quadratic_c0_single,0.05337759182924315,0.02653216451100937
test,2019-09-23,10:15:00,15,quadratic_c0,-0.02902157368861563,-0.013311270096917543
test,2019-09-23,10:15:00,15,independent_ou,-0.0036838210879870936,0.025743667537816345
test,2019-09-23,10:15:00,15,flexible_moments,0.12263820106089413,0.14984204715465857
test,2019-09-23,10:15:00,15,heterogeneous,0.023939510173787926,0.06199701334931404
test,2019-09-23,10:15:00,15,time_of_day,-0.0860033939471598,-0.05768893465511729
test,2019-09-23,10:15:00,15,factor_spy,-0.01929073958098565,-0.019433895228771564
test,2019-09-23,10:15:00,15,quadratic_c0_etf,0.06983171730785137,0.10256322387053499
test,2019-09-23,10:15:00,15,quadratic_c0_single,-0.02611807892396928,0.0019587743422547488
test,2019-09-23,10:15:00,30,quadratic_c0,0.12264804133568866,0.06717462681972267
test,2019-09-23,10:15:00,30,independent_ou,0.1147003522873917,0.06514077710179189
test,2019-09-23,10:15:00,30,flexible_moments,0.04572047901800386,0.021869613914143382
test,2019-09-23,10:15:00,30,heterogeneous,0.10318089437911138,0.07508898771972361
test,2019-09-23,10:15:00,30,time_of_day,-0.04965184679580646,-0.043088725178568085
test,2019-09-23,10:15:00,30,factor_spy,0.12250330212789526,0.09039786691265622
test,2019-09-23,10:15:00,30,quadratic_c0_etf,0.3235694594854357,0.30549622611805094
test,2019-09-23,10:15:00,30,quadratic_c0_single,0.22104071298648773,0.19457718314846928
test,2019-09-23,10:30:00,1,quadratic_c0,0.07319289397557979,0.08934458641768118
test,2019-09-23,10:30:00,1,independent_ou,0.03322184574657974,0.049288947931930116
test,2019-09-23,10:30:00,1,flexible_moments,0.058724650885563084,0.07017841417786218
test,2019-09-23,10:30:00,1,heterogeneous,0.23965729625823204,0.20215201931407883
test,2019-09-23,10:30:00,1,time_of_day,0.19827303156051543,0.20675796315196066
test,2019-09-23,10:30:00,1,factor_spy,0.03449377792736158,0.049767240869527524
test,2019-09-23,10:30:00,1,quadratic_c0_etf,0.02607468140094768,0.03510139928802476
test,2019-09-23,10:30:00,1,quadratic_c0_single,0.12450641101759377,0.1452364863581873
test,2019-09-23,10:30:00,5,quadratic_c0,-0.07967641022084687,-0.07360355188803366
test,2019-09-23,10:30:00,5,independent_ou,-0.016960964188903416,-0.0537364581393055
test,2019-09-23,10:30:00,5,flexible_moments,-0.14406245146486404,-0.1269731007212981
test,2019-09-23,10:30:00,5,heterogeneous,-0.09041737280551912,-0.0789697458289356
test,2019-09-23,10:30:00,5,time_of_day,-0.15074963639817884,-0.14174306301324624
test,2019-09-23,10:30:00,5,factor_spy,-0.056342856434073774,-0.069240784897182
test,2019-09-23,10:30:00,5,quadratic_c0_etf,-0.09149635898098255,-0.09454690467526193
test,2019-09-23,10:30:00,5,quadratic_c0_single,-0.02423279440530307,-0.013200058556395472
test,2019-09-23,10:30:00,15,quadratic_c0,-0.05682642478958558,-0.048936529973279436
test,2019-09-23,10:30:00,15,independent_ou,-0.06993594358547461,-0.06831501125417708
test,2019-09-23,10:30:00,15,flexible_moments,-0.044966968363554655,-0.056530345478178395
test,2019-09-23,10:30:00,15,heterogeneous,-0.04260863057221925,-0.07015655494316356
test,2019-09-23,10:30:00,15,time_of_day,-0.16123517951849903,-0.15022823717347444
test,2019-09-23,10:30:00,15,factor_spy,0.02637393741667618,0.0015723632173239022
test,2019-09-23,10:30:00,15,quadratic_c0_etf,0.4955839662068652,0.4000678312106602
test,2019-09-23,10:30:00,15,quadratic_c0_single,-0.02720477397442575,-0.034135826320877444
test,2019-09-23,10:30:00,30,quadratic_c0,-0.1412978918875123,-0.10361774032760686
test,2019-09-23,10:30:00,30,independent_ou,-0.09231285823090937,-0.06077143117189837
test,2019-09-23,10:30:00,30,flexible_moments,-0.07365765559650614,-0.05667547011667548
test,2019-09-23,10:30:00,30,heterogeneous,-0.08699696727079642,-0.09931525350851314
test,2019-09-23,10:30:00,30,time_of_day,-0.1879328587805098,-0.1458862226923109
test,2019-09-23,10:30:00,30,factor_spy,-0.11149742064396925,-0.07775053274889267
test,2019-09-23,10:30:00,30,quadratic_c0_etf,-0.01692110478610845,-0.025109673846158836
test,2019-09-23,10:30:00,30,quadratic_c0_single,-0.11843767720283285,-0.08680178343812846
test,2019-09-23,10:45:00,1,quadratic_c0,0.041281175276987006,0.04591508943500268
test,2019-09-23,10:45:00,1,independent_ou,0.040460383893708304,0.041105868854979716
test,2019-09-23,10:45:00,1,flexible_moments,0.04547500160655586,0.05229459078346582
test,2019-09-23,10:45:00,1,heterogeneous,0.011715061753525186,0.012988033357538453
test,2019-09-23,10:45:00,1,time_of_day,0.04043809981491232,0.040731606505602314
test,2019-09-23,10:45:00,1,factor_spy,0.08323957313599849,0.07863204863145927
test,2019-09-23,10:45:00,1,quadratic_c0_etf,0.40653525425396647,0.3961219330223075
test,2019-09-23,10:45:00,1,quadratic_c0_single,0.12387318436301752,0.1058397261322181
test,2019-09-23,10:45:00,5,quadratic_c0,-0.062832278093327,-0.036583971473774485
test,2019-09-23,10:45:00,5,independent_ou,0.021934361213365505,0.027058410930236115
test,2019-09-23,10:45:00,5,flexible_moments,0.02974761542075935,0.02465547195873133
test,2019-09-23,10:45:00,5,heterogeneous,-0.03121194960573953,-0.023180894350229714
test,2019-09-23,10:45:00,5,time_of_day,-0.06954370368137425,-0.06016730325901491
test,2019-09-23,10:45:00,5,factor_spy,0.10880559616535612,0.128904439696493
test,2019-09-23,10:45:00,5,quadratic_c0_etf,0.13836053622880135,0.14912907101155787
test,2019-09-23,10:45:00,5,quadratic_c0_single,0.020267779580553896,0.048343774788755345
test,2019-09-23,10:45:00,15,quadratic_c0,0.007719452582105962,0.0064201223870485186
test,2019-09-23,10:45:00,15,independent_ou,0.02523711085242919,0.026874945630000383
test,2019-09-23,10:45:00,15,flexible_moments,0.045277998411366815,0.05213080085623127
test,2019-09-23,10:45:00,15,heterogeneous,0.03452219652964811,0.03291652560681009
test,2019-09-23,10:45:00,15,time_of_day,-0.06842403652296457,-0.049639552593395635
test,2019-09-23,10:45:00,15,factor_spy,-0.007504615967822148,-0.006992644691972472
test,2019-09-23,10:45:00,15,quadratic_c0_etf,-0.015898115111359634,0.0015071911586217318
test,2019-09-23,10:45:00,15,quadratic_c0_single,0.04228583666677391,0.045358767836512284
test,2019-09-23,10:45:00,30,quadratic_c0,0.06051241151705901,0.05835166232211597
test,2019-09-23,10:45:00,30,independent_ou,0.12071936361489559,0.08596447504149946
test,2019-09-23,10:45:00,30,flexible_moments,0.211527983400088,0.1736467588769825
test,2019-09-23,10:45:00,30,heterogeneous,0.08801391724359127,0.08488852002667019
test,2019-09-23,10:45:00,30,time_of_day,0.005843628500095371,0.007567558244135381
test,2019-09-23,10:45:00,30,factor_spy,0.10903316313198429,0.07561750802280312
test,2019-09-23,10:45:00,30,quadratic_c0_etf,0.4158233298349639,0.3588836784035658
test,2019-09-23,10:45:00,30,quadratic_c0_single,0.10293770049205199,0.09792731526136433
test,2019-09-23,11:00:00,1,quadratic_c0,0.14077329055121332,0.12313403005974391
test,2019-09-23,11:00:00,1,independent_ou,-9.463562765585354e-05,-0.008435773422138193
test,2019-09-23,11:00:00,1,flexible_moments,0.022001482219516588,0.023055699524415746
test,2019-09-23,11:00:00,1,heterogeneous,0.054390605840324874,0.061486050466836195
test,2019-09-23,11:00:00,1,time_of_day,-0.0787954869851926,-0.07353142299936902
test,2019-09-23,11:00:00,1,factor_spy,0.05751365803277578,0.05076412303062902
test,2019-09-23,11:00:00,1,quadratic_c0_etf,0.21359271361135815,0.22278245417049833
test,2019-09-23,11:00:00,1,quadratic_c0_single,0.14720192885230418,0.1269295089705418
test,2019-09-23,11:00:00,5,quadratic_c0,0.13972643174066146,0.1539912907383651
test,2019-09-23,11:00:00,5,independent_ou,0.07118666431746315,0.07059902733294614
test,2019-09-23,11:00:00,5,flexible_moments,0.0898090849207055,0.0884504995662853
test,2019-09-23,11:00:00,5,heterogeneous,0.07386395422192046,0.07584169119429564
test,2019-09-23,11:00:00,5,time_of_day,0.005046669393657166,0.011262126339847231
test,2019-09-23,11:00:00,5,factor_spy,0.10154914134180718,0.08404568117954118
test,2019-09-23,11:00:00,5,quadratic_c0_etf,0.11646768316282907,0.13274320253557154
test,2019-09-23,11:00:00,5,quadratic_c0_single,0.18682767105876574,0.18735240892184502
test,2019-09-23,11:00:00,15,quadratic_c0,-0.03896420848482379,-0.028617115877549323
test,2019-09-23,11:00:00,15,independent_ou,0.11809446183093622,0.13069139466179688
test,2019-09-23,11:00:00,15,flexible_moments,0.04722304965349089,0.05582878848272038
test,2019-09-23,11:00:00,15,heterogeneous,-0.029057468675420695,-0.015550614090696233
test,2019-09-23,11:00:00,15,time_of_day,-0.08196394522411533,-0.06425855756031379
test,2019-09-23,11:00:00,15,factor_spy,0.13497860060973146,0.08522967977903317
test,2019-09-23,11:00:00,15,quadratic_c0_etf,0.38559382369281636,0.3856995645458202
test,2019-09-23,11:00:00,15,quadratic_c0_single,0.0149919574831969,0.0051868975533284345
test,2019-09-23,11:00:00,30,quadratic_c0,0.004242891664919951,0.017497149121550315
test,2019-09-23,11:00:00,30,independent_ou,-0.005448658437906678,-5.8480693572088294e-05
test,2019-09-23,11:00:00,30,flexible_moments,0.000505336562557468,0.004152995570147686
test,2019-09-23,11:00:00,30,heterogeneous,0.011281841464603315,0.023531179337686683
test,2019-09-23,11:00:00,30,time_of_day,-0.05149918193673253,-0.04002737921081287
test,2019-09-23,11:00:00,30,factor_spy,-0.022476096480855134,-0.021327587051470337
test,2019-09-23,11:00:00,30,quadratic_c0_etf,0.1501728589653849,0.13148518989779223
test,2019-09-23,11:00:00,30,quadratic_c0_single,0.0529009842940352,0.07197390691229429
test,2019-09-23,11:15:00,1,quadratic_c0,-0.0573735577769639,-0.046728267017900116
test,2019-09-23,11:15:00,1,independent_ou,-0.014143107111551062,0.020385130516119593
test,2019-09-23,11:15:00,1,flexible_moments,-0.029029523758712983,-0.006250953504869455
test,2019-09-23,11:15:00,1,heterogeneous,-0.006584043434227249,-0.002946489693182286
test,2019-09-23,11:15:00,1,time_of_day,-0.05027529220625826,-0.0200892636876564
test,2019-09-23,11:15:00,1,factor_spy,-0.0037743178029941704,0.030508467633995617
test,2019-09-23,11:15:00,1,quadratic_c0_etf,0.31967819446733625,0.3300039109849138
test,2019-09-23,11:15:00,1,quadratic_c0_single,0.11436814923011537,0.13612230225876273
test,2019-09-23,11:15:00,5,quadratic_c0,0.06503241252727329,0.05940370552832794
test,2019-09-23,11:15:00,5,independent_ou,-0.05028739324668466,-0.06729252875842968
test,2019-09-23,11:15:00,5,flexible_moments,-0.028070960276087853,-0.058103181491168776
test,2019-09-23,11:15:00,5,heterogeneous,-0.08719338658655668,-0.08327632625254046
test,2019-09-23,11:15:00,5,time_of_day,-0.07908574866956222,-0.08623933297140521
test,2019-09-23,11:15:00,5,factor_spy,-0.039863533280252245,-0.04705721254986166
test,2019-09-23,11:15:00,5,quadratic_c0_etf,0.3865480811345018,0.3924759979036127
test,2019-09-23,11:15:00,5,quadratic_c0_single,-0.004979144217454018,-0.013644545849010925
test,2019-09-23,11:15:00,15,quadratic_c0,0.007456897208315605,0.0009390914965847902
test,2019-09-23,11:15:00,15,independent_ou,0.08086190490104983,0.06676406945838416
test,2019-09-23,11:15:00,15,flexible_moments,0.013665823973982805,0.027133235879821152
test,2019-09-23,11:15:00,15,heterogeneous,0.04342130722124979,0.03462102291164863
test,2019-09-23,11:15:00,15,time_of_day,-0.0422806233280027,-0.03899527920029336
test,2019-09-23,11:15:00,15,factor_spy,0.016647824629033747,0.01919370780580383
test,2019-09-23,11:15:00,15,quadratic_c0_etf,0.1194493813829865,0.058461010484977
test,2019-09-23,11:15:00,15,quadratic_c0_single,0.02836116875279518,0.024084614156672693
test,2019-09-23,11:15:00,30,quadratic_c0,0.009956286727015984,0.011803195251675336
test,2019-09-23,11:15:00,30,independent_ou,0.026368734005775385,0.03670510717510925
test,2019-09-23,11:15:00,30,flexible_moments,0.0028670750541482937,-0.0011279139828412332
test,2019-09-23,11:15:00,30,heterogeneous,0.019947992896866273,-0.02012828314693288
test,2019-09-23,11:15:00,30,time_of_day,-0.0030767335468896706,0.011951158542556184
test,2019-09-23,11:15:00,30,factor_spy,0.06342114161079115,0.06359614364761759
test,2019-09-23,11:15:00,30,quadratic_c0_etf,0.20348538323940338,0.15299618182384214
test,2019-09-23,11:15:00,30,quadratic_c0_single,0.029384049425743186,0.01897080704840798
test,2019-09-23,11:30:00,1,quadratic_c0,0.04528055862657873,0.04008141201728352
test,2019-09-23,11:30:00,1,independent_ou,0.025521506074724365,0.025409360280793297
test,2019-09-23,11:30:00,1,flexible_moments,0.0160141297616056,0.00994078231338899
test,2019-09-23,11:30:00,1,heterogeneous,0.11343836558060313,0.08033975143726488
test,2019-09-23,11:30:00,1,time_of_day,-0.0495828630712119,-0.03874177479295543
test,2019-09-23,11:30:00,1,factor_spy,-0.0033831167086219305,-0.003298394567768037
test,2019-09-23,11:30:00,1,quadratic_c0_etf,0.08321019347693062,0.09101028431499006
test,2019-09-23,11:30:00,1,quadratic_c0_single,0.1720139663650729,0.15732640006877907
test,2019-09-23,11:30:00,5,quadratic_c0,0.04522575105990245,0.05400818455534709
test,2019-09-23,11:30:00,5,independent_ou,0.039721820820113385,0.06779879871723121
test,2019-09-23,11:30:00,5,flexible_moments,0.01621468079776589,0.031995105207655805
test,2019-09-23,11:30:00,5,heterogeneous,0.0946662577469754,0.06992228218317689
test,2019-09-23,11:30:00,5,time_of_day,-0.04249809547070374,-0.020798553571994866
test,2019-09-23,11:30:00,5,factor_spy,-0.016944253934857573,-0.0095872912908338
test,2019-09-23,11:30:00,5,quadratic_c0_etf,0.32126029534645983,0.3282436357316676
test,2019-09-23,11:30:00,5,quadratic_c0_single,0.07065827023051724,0.08020634810249974
test,2019-09-23,11:30:00,15,quadratic_c0,0.0890061383287025,0.04937040216701799
test,2019-09-23,11:30:00,15,independent_ou,0.014373415122250405,0.01648140034256193
test,2019-09-23,11:30:00,15,flexible_moments,0.03790790995143664,0.014984565837968311
test,2019-09-23,11:30:00,15,heterogeneous,0.07718641846178267,0.07777993822899848
test,2019-09-23,11:30:00,15,time_of_day,-0.007426930743901244,-0.0018233105749185796
test,2019-09-23,11:30:00,15,factor_spy,0.07019520807917698,0.07258345477056219
test,2019-09-23,11:30:00,15,quadratic_c0_etf,0.03740692672333204,0.028035625512175227
test,2019-09-23,11:30:00,15,quadratic_c0_single,0.12960507258294615,0.08730726714284062
test,2019-09-23,11:30:00,30,quadratic_c0,-0.00829135838528558,-0.030984399266371906
test,2019-09-23,11:30:00,30,independent_ou,0.07704869356350388,0.03702699156129097
test,2019-09-23,11:30:00,30,flexible_moments,-0.025382526746920264,-0.022069814394898746
test,2019-09-23,11:30:00,30,heterogeneous,0.04400350418530252,0.03873989265281674
test,2019-09-23,11:30:00,30,time_of_day,-0.0014434257422404062,-0.006489879615253408
test,2019-09-23,11:30:00,30,factor_spy,0.03787213552126967,0.02511154078268285
test,2019-09-23,11:30:00,30,quadratic_c0_etf,0.0843094122401011,0.01152507624576568
test,2019-09-23,11:30:00,30,quadratic_c0_single,0.020365685571114428,-0.008473954684456358
test,2019-09-23,11:45:00,1,quadratic_c0,0.14712795814455473,0.13776811010296897
test,2019-09-23,11:45:00,1,independent_ou,-0.005919629960020267,-0.005463028203233328
test,2019-09-23,11:45:00,1,flexible_moments,0.0041721012783819955,0.020599157145255786
test,2019-09-23,11:45:00,1,heterogeneous,0.11362423511292499,0.11550952690703103
test,2019-09-23,11:45:00,1,time_of_day,-0.11422700152699457,-0.09187015151608782
test,2019-09-23,11:45:00,1,factor_spy,-0.03897667747918096,-0.03174920784882726
test,2019-09-23,11:45:00,1,quadratic_c0_etf,0.693893393290311,0.7204810850442989
test,2019-09-23,11:45:00,1,quadratic_c0_single,0.10786642125634763,0.06756702293369748
test,2019-09-23,11:45:00,5,quadratic_c0,0.10743248061280658,0.0990793747104656
test,2019-09-23,11:45:00,5,independent_ou,0.23914174075614758,0.24378974370888445
test,2019-09-23,11:45:00,5,flexible_moments,0.05737727443096485,0.06696944025331392
test,2019-09-23,11:45:00,5,heterogeneous,0.07475958716207351,0.07664801437769214
test,2019-09-23,11:45:00,5,time_of_day,0.08593572240450609,0.09725843414095897
test,2019-09-23,11:45:00,5,factor_spy,0.033354075300805724,0.0024003042918867845
test,2019-09-23,11:45:00,5,quadratic_c0_etf,0.1874689902555759,0.19507809938855747
test,2019-09-23,11:45:00,5,quadratic_c0_single,0.10705805332342316,0.09318911223416562
test,2019-09-23,11:45:00,15,quadratic_c0,0.09987681221267697,0.11399182843284418
test,2019-09-23,11:45:00,15,independent_ou,0.0850044891817128,0.0777093896855338
test,2019-09-23,11:45:00,15,flexible_moments,0.29795806058995544,0.3107918754402969
test,2019-09-23,11:45:00,15,heterogeneous,0.036231876489656256,0.034931337203633075
test,2019-09-23,11:45:00,15,time_of_day,0.0449239911595887,0.04670614466749777
test,2019-09-23,11:45:00,15,factor_spy,-0.00957205956314458,-0.0012553818355994506
test,2019-09-23,11:45:00,15,quadratic_c0_etf,0.045971200501441184,0.0686298847497376
test,2019-09-23,11:45:00,15,quadratic_c0_single,0.17600528636899102,0.1856518347885714
test,2019-09-23,11:45:00,30,quadratic_c0,-0.10154714695551688,-0.07358059809880427
test,2019-09-23,11:45:00,30,independent_ou,0.015930640214023573,0.0023936983676438317
test,2019-09-23,11:45:00,30,flexible_moments,-0.056422809950670866,-0.031995088953518824
test,2019-09-23,11:45:00,30,heterogeneous,0.10168360796658521,0.08374314165144556
test,2019-09-23,11:45:00,30,time_of_day,-0.05886413374583044,-0.03940988310402907
test,2019-09-23,11:45:00,30,factor_spy,0.02211217142308894,0.014215859259152669
test,2019-09-23,11:45:00,30,quadratic_c0_etf,-0.0123718115585702,0.0036271563659077966
test,2019-09-23,11:45:00,30,quadratic_c0_single,-0.09381075502171225,-0.08324908083944445
test,2019-09-23,12:00:00,1,quadratic_c0,0.041998371433286386,0.030581036346125967
test,2019-09-23,12:00:00,1,independent_ou,-0.08334334623919248,-0.08902217901800877
test,2019-09-23,12:00:00,1,flexible_moments,-0.10668997517080442,-0.0956575374873136
test,2019-09-23,12:00:00,1,heterogeneous,-0.1324946295808128,-0.11963617080988959
test,2019-09-23,12:00:00,1,time_of_day,-0.15140584284587533,-0.13501925344194254
test,2019-09-23,12:00:00,1,factor_spy,-0.06242299998274095,-0.05281300796454971
test,2019-09-23,12:00:00,1,quadratic_c0_etf,0.17964125465782593,0.17550706439587405
test,2019-09-23,12:00:00,1,quadratic_c0_single,0.00666165659020812,-0.013526885234232122
test,2019-09-23,12:00:00,5,quadratic_c0,0.04227726650243302,0.040405732138183215
test,2019-09-23,12:00:00,5,independent_ou,0.05400072408455739,0.0747246048399415
test,2019-09-23,12:00:00,5,flexible_moments,-0.010566432495115713,0.025559064199043524
test,2019-09-23,12:00:00,5,heterogeneous,0.16432272528195083,0.1764115569154451
test,2019-09-23,12:00:00,5,time_of_day,0.007190253615913883,0.02676245213300746
test,2019-09-23,12:00:00,5,factor_spy,0.14681290035658554,0.14971973271112723
test,2019-09-23,12:00:00,5,quadratic_c0_etf,0.1536372891036442,0.1614668337299898
test,2019-09-23,12:00:00,5,quadratic_c0_single,0.012030970021962545,0.01939017799405715
test,2019-09-23,12:00:00,15,quadratic_c0,-0.05520469822543708,-0.04717544678459293
test,2019-09-23,12:00:00,15,independent_ou,-0.05256642066923048,-0.02721523895473052
test,2019-09-23,12:00:00,15,flexible_moments,-0.07150636794617643,-0.04150737672513323
test,2019-09-23,12:00:00,15,heterogeneous,-0.05240527421580757,-0.048260717145097484
test,2019-09-23,12:00:00,15,time_of_day,-0.07577307649817222,-0.04835926422354553
test,2019-09-23,12:00:00,15,factor_spy,-0.07946733012676382,-0.07992684797304324
test,2019-09-23,12:00:00,15,quadratic_c0_etf,0.11705987432118725,0.13061741147676378
test,2019-09-23,12:00:00,15,quadratic_c0_single,-0.04190921166708428,-0.024956557359629483
test,2019-09-23,12:00:00,30,quadratic_c0,-0.16922750531166258,-0.17077987841623013
test,2019-09-23,12:00:00,30,independent_ou,-0.07699552691042977,-0.05026053882472323
test,2019-09-23,12:00:00,30,flexible_moments,-0.18151134633241214,-0.17544067632355081
test,2019-09-23,12:00:00,30,heterogeneous,-0.16969747795945392,-0.15934096613958626
test,2019-09-23,12:00:00,30,time_of_day,-0.1537841042796814,-0.14444458362781426
test,2019-09-23,12:00:00,30,factor_spy,-0.03711852633113316,-0.017539978489184316
test,2019-09-23,12:00:00,30,quadratic_c0_etf,-0.07907108756959716,-0.08216028946205028
test,2019-09-23,12:00:00,30,quadratic_c0_single,-0.1317745070129135,-0.1377477061383338
test,2019-09-23,12:15:00,1,quadratic_c0,0.01202591248254252,0.009919696931090502
test,2019-09-23,12:15:00,1,independent_ou,0.03750474811321759,0.041782791501782796
test,2019-09-23,12:15:00,1,flexible_moments,0.05757763373545759,0.04160328066465031
test,2019-09-23,12:15:00,1,heterogeneous,0.05430634141451997,0.0208200222589984
test,2019-09-23,12:15:00,1,time_of_day,-0.03591648603934039,-0.03409836169272411
test,2019-09-23,12:15:00,1,factor_spy,0.021039208797855924,0.012715796300358101
test,2019-09-23,12:15:00,1,quadratic_c0_etf,-0.018993316887923356,-0.0016332823913578487
test,2019-09-23,12:15:00,1,quadratic_c0_single,0.03588389852906147,0.02543607369967786
test,2019-09-23,12:15:00,5,quadratic_c0,-0.024661534850675015,-0.02401449877247408
test,2019-09-23,12:15:00,5,independent_ou,-0.11591004647826669,-0.09044338524507989
test,2019-09-23,12:15:00,5,flexible_moments,-0.03344792637417898,-0.017028789579368986
test,2019-09-23,12:15:00,5,heterogeneous,0.04539591157384326,0.04233049346660711
test,2019-09-23,12:15:00,5,time_of_day,-0.04189856022545191,-0.0450101559703992
test,2019-09-23,12:15:00,5,factor_spy,-0.017207681642167627,-0.011396204541876509
test,2019-09-23,12:15:00,5,quadratic_c0_etf,0.1561601457774614,0.10338333769268121
test,2019-09-23,12:15:00,5,quadratic_c0_single,-0.0017398137343824227,0.002237142893863897
test,2019-09-23,12:15:00,15,quadratic_c0,0.010377904782051889,-0.011669505349075543
test,2019-09-23,12:15:00,15,independent_ou,-0.03166879627112454,-0.06906030735602608
test,2019-09-23,12:15:00,15,flexible_moments,0.10095921044479783,0.0886134526475845
test,2019-09-23,12:15:00,15,heterogeneous,0.09051240057921922,0.07073784372162825
test,2019-09-23,12:15:00,15,time_of_day,-0.028702815263348863,-0.036233161158154975
test,2019-09-23,12:15:00,15,factor_spy,0.11339375760853476,0.09419425352534636
test,2019-09-23,12:15:00,15,quadratic_c0_etf,0.15495321807970452,0.09432466969609479
test,2019-09-23,12:15:00,15,quadratic_c0_single,0.14245946465462972,0.09374955353584788
test,2019-09-23,12:15:00,30,quadratic_c0,0.16451746300566483,0.14595577720019673
test,2019-09-23,12:15:00,30,independent_ou,0.11446946761202642,0.11604443872423784
test,2019-09-23,12:15:00,30,flexible_moments,0.31809695368133195,0.2928840502660508
test,2019-09-23,12:15:00,30,heterogeneous,0.034905078643617915,0.03268588428021982
test,2019-09-23,12:15:00,30,time_of_day,-0.018556899449560016,-0.04407448951028006
test,2019-09-23,12:15:00,30,factor_spy,-0.08683421681580808,-0.07528300630743784
test,2019-09-23,12:15:00,30,quadratic_c0_etf,0.4494839467891869,0.39968515001496474
test,2019-09-23,12:15:00,30,quadratic_c0_single,0.08121028612278064,0.07022217224497165
test,2019-09-23,12:30:00,1,quadratic_c0,0.04107897855149184,0.04721113950237525
test,2019-09-23,12:30:00,1,independent_ou,0.010112961768478451,0.010305119743232824
test,2019-09-23,12:30:00,1,flexible_moments,0.09927117841350011,0.10019368026717655
test,2019-09-23,12:30:00,1,heterogeneous,0.074770705866234,0.022947438360339634
test,2019-09-23,12:30:00,1,time_of_day,-0.04014806300356652,-0.01716353135769226
test,2019-09-23,12:30:00,1,factor_spy,0.08939471773932178,0.0760688009619014
test,2019-09-23,12:30:00,1,quadratic_c0_etf,0.22904666073264762,0.20156839533466814
test,2019-09-23,12:30:00,1,quadratic_c0_single,0.06719420344608826,0.05232315592579247
test,2019-09-23,12:30:00,5,quadratic_c0,0.02958382596117111,0.033653039168934265
test,2019-09-23,12:30:00,5,independent_ou,0.05183131214073032,0.04232990665795143
test,2019-09-23,12:30:00,5,flexible_moments,0.08338664839029909,0.07218615255903081
test,2019-09-23,12:30:00,5,heterogeneous,0.08620822697689694,0.08699561751510469
test,2019-09-23,12:30:00,5,time_of_day,0.005611198851231625,0.005910778656256818
test,2019-09-23,12:30:00,5,factor_spy,-0.0076807784329868956,0.003700569223003783
test,2019-09-23,12:30:00,5,quadratic_c0_etf,0.2221599148673068,0.23663152268781268
test,2019-09-23,12:30:00,5,quadratic_c0_single,0.0842563774787491,0.09141437951824642
test,2019-09-23,12:30:00,15,quadratic_c0,-0.09388601369475452,-0.1335456359464736
test,2019-09-23,12:30:00,15,independent_ou,-0.1569227081991776,-0.14686573690832125
test,2019-09-23,12:30:00,15,flexible_moments,0.02490829340477413,0.018688984610516213
test,2019-09-23,12:30:00,15,heterogeneous,-0.08557299470238594,-0.07619988373645792
test,2019-09-23,12:30:00,15,time_of_day,-0.15723622891823574,-0.1736112113863192
test,2019-09-23,12:30:00,15,factor_spy,-0.20588706877492632,-0.19983792222508015
test,2019-09-23,12:30:00,15,quadratic_c0_etf,0.10171960625033372,0.0768706037783875
test,2019-09-23,12:30:00,15,quadratic_c0_single,-0.12435723527197684,-0.15309891691004288
test,2019-09-23,12:30:00,30,quadratic_c0,-0.12230826026046818,-0.07875778772706919
test,2019-09-23,12:30:00,30,independent_ou,0.057023342308009595,0.02529928317746255
test,2019-09-23,12:30:00,30,flexible_moments,-0.027720418417943704,-0.01879334298887428
test,2019-09-23,12:30:00,30,heterogeneous,0.05060605082597874,0.06030518346302691
test,2019-09-23,12:30:00,30,time_of_day,-0.1517186200218493,-0.10953461675737487
test,2019-09-23,12:30:00,30,factor_spy,-0.029405749983847818,-0.01592694651171145
test,2019-09-23,12:30:00,30,quadratic_c0_etf,0.052995294604864795,0.053660578796524444
test,2019-09-23,12:30:00,30,quadratic_c0_single,-0.0989969432087198,-0.06252762551493284
test,2019-09-23,12:45:00,1,quadratic_c0,0.01507830175199737,0.022577568019067212
test,2019-09-23,12:45:00,1,independent_ou,-0.09344794275209936,-0.07147639502693329
test,2019-09-23,12:45:00,1,flexible_moments,-0.08632755878741769,-0.07845320575128986
test,2019-09-23,12:45:00,1,heterogeneous,-0.05159091675748159,-0.05335153184957994
test,2019-09-23,12:45:00,1,time_of_day,-0.18139497137280605,-0.16163594601661946
test,2019-09-23,12:45:00,1,factor_spy,-0.04280628144271398,-0.030702007348983873
test,2019-09-23,12:45:00,1,quadratic_c0_etf,0.5719504014893265,0.5682493306959526
test,2019-09-23,12:45:00,1,quadratic_c0_single,-0.10060870090122101,-0.10767835211461287
test,2019-09-23,12:45:00,5,quadratic_c0,-0.04164959415586414,-0.05121839437929236
test,2019-09-23,12:45:00,5,independent_ou,-0.07586445756081095,-0.0645811148030239
test,2019-09-23,12:45:00,5,flexible_moments,0.021829938414406058,-0.016663019162133863
test,2019-09-23,12:45:00,5,heterogeneous,0.05416207973041101,0.050619972724260665
test,2019-09-23,12:45:00,5,time_of_day,-0.025739508908668246,-0.028795347090734558
test,2019-09-23,12:45:00,5,factor_spy,-0.020583253354844427,-0.03186868153370667
test,2019-09-23,12:45:00,5,quadratic_c0_etf,0.3297465673377862,0.2947841489533519
test,2019-09-23,12:45:00,5,quadratic_c0_single,-0.04744135306646538,-0.053132249144495144
test,2019-09-23,12:45:00,15,quadratic_c0,-0.08044140015569964,-0.06840398199935752
test,2019-09-23,12:45:00,15,independent_ou,-0.0638087499228561,-0.04326113344054708
test,2019-09-23,12:45:00,15,flexible_moments,-0.08099607485329835,-0.0652693664162288
test,2019-09-23,12:45:00,15,heterogeneous,-0.032990032065268515,-0.05680954774547378
test,2019-09-23,12:45:00,15,time_of_day,-0.15625952269866364,-0.13687023558415357
test,2019-09-23,12:45:00,15,factor_spy,-0.07900340400304409,-0.06224595585600565
test,2019-09-23,12:45:00,15,quadratic_c0_etf,-0.06492032318905047,-0.08054793198399152
test,2019-09-23,12:45:00,15,quadratic_c0_single,-0.0584408828682714,-0.03442591211987925
test,2019-09-23,12:45:00,30,quadratic_c0,-0.11617758042034071,-0.08418275193926242
test,2019-09-23,12:45:00,30,independent_ou,-0.019380871976622693,0.00805969880737925
test,2019-09-23,12:45:00,30,flexible_moments,-0.12104543895142975,-0.11116792380230013
test,2019-09-23,12:45:00,30,heterogeneous,-0.14774106998737557,-0.10821293674881431
test,2019-09-23,12:45:00,30,time_of_day,-0.19966003923267198,-0.15961146540463006
test,2019-09-23,12:45:00,30,factor_spy,-0.10991220179463337,-0.06875256375803884
test,2019-09-23,12:45:00,30,quadratic_c0_etf,0.21611654968069105,0.1961257588185313
test,2019-09-23,12:45:00,30,quadratic_c0_single,-0.06056011466476627,-0.033461418174908164
test,2019-09-23,13:00:00,1,quadratic_c0,0.011771839630400543,0.01584161513002108
test,2019-09-23,13:00:00,1,independent_ou,0.014927093664832192,0.030873725050531264
test,2019-09-23,13:00:00,1,flexible_moments,0.061019588896601695,0.0634384222362597
test,2019-09-23,13:00:00,1,heterogeneous,0.11925603188480227,0.12834806089958464
test,2019-09-23,13:00:00,1,time_of_day,0.06762262728109433,0.08188698200771277
test,2019-09-23,13:00:00,1,factor_spy,0.05258492398272102,0.0546301112641813
test,2019-09-23,13:00:00,1,quadratic_c0_etf,0.24460494170017383,0.22546234490060615
test,2019-09-23,13:00:00,1,quadratic_c0_single,0.07878046759072388,0.058281995495022526
test,2019-09-23,13:00:00,5,quadratic_c0,0.036976379516993535,0.024584881992209456
test,2019-09-23,13:00:00,5,independent_ou,-0.06734960441132996,-0.04725306671720511
test,2019-09-23,13:00:00,5,flexible_moments,-0.02307645005253628,-0.014156228933493914
test,2019-09-23,13:00:00,5,heterogeneous,-0.017824587861677343,-0.014745431892668137
test,2019-09-23,13:00:00,5,time_of_day,-0.09104752935199276,-0.062073464549750296
test,2019-09-23,13:00:00,5,factor_spy,0.015406236422461861,0.035949200757546235
test,2019-09-23,13:00:00,5,quadratic_c0_etf,0.26645777412194543,0.2691100545003222
test,2019-09-23,13:00:00,5,quadratic_c0_single,0.1830270431329863,0.17641234426858787
test,2019-09-23,13:00:00,15,quadratic_c0,0.14325436692019228,0.13369107102505945
test,2019-09-23,13:00:00,15,independent_ou,0.050391603263034226,0.04758823572413981
test,2019-09-23,13:00:00,15,flexible_moments,0.03330431619474873,0.03050135175545439
test,2019-09-23,13:00:00,15,heterogeneous,0.020242474005631603,0.020211982944279755
test,2019-09-23,13:00:00,15,time_of_day,-0.009907119632082753,-0.009565107233130185
test,2019-09-23,13:00:00,15,factor_spy,0.11618419841955717,0.08365063943694515
test,2019-09-23,13:00:00,15,quadratic_c0_etf,0.054564376067431655,0.04902019581486494
test,2019-09-23,13:00:00,15,quadratic_c0_single,0.19335839056690435,0.18108589368815797
test,2019-09-23,13:00:00,30,quadratic_c0,-0.01921245571298194,0.012637883361740126
test,2019-09-23,13:00:00,30,independent_ou,0.06964955529734537,0.059200680210364565
test,2019-09-23,13:00:00,30,flexible_moments,0.02420995600328804,0.0495485390067322
test,2019-09-23,13:00:00,30,heterogeneous,0.07958295664669854,0.08058070284611757
test,2019-09-23,13:00:00,30,time_of_day,-0.03029887675071974,-0.0021646110364852422
test,2019-09-23,13:00:00,30,factor_spy,0.08126388304251633,0.06263541409162063
test,2019-09-23,13:00:00,30,quadratic_c0_etf,-0.06570119705884792,-0.03768987383332448
test,2019-09-23,13:00:00,30,quadratic_c0_single,0.021836571281973832,0.045859951299523194
test,2019-09-23,13:15:00,1,quadratic_c0,0.04435294895822539,0.050231707124471156
test,2019-09-23,13:15:00,1,independent_ou,0.025858057053849914,0.03938026493443904
test,2019-09-23,13:15:00,1,flexible_moments,0.05711660209043545,0.03398437641621556
test,2019-09-23,13:15:00,1,heterogeneous,0.021962799159497365,0.02894532290453082
test,2019-09-23,13:15:00,1,time_of_day,-0.022625133084131638,-0.016035141895538285
test,2019-09-23,13:15:00,1,factor_spy,-0.009728190310767576,0.0029430461206985947
test,2019-09-23,13:15:00,1,quadratic_c0_etf,0.07686821522682546,0.08777879447510016
test,2019-09-23,13:15:00,1,quadratic_c0_single,0.13540160976141377,0.1235031466980445
test,2019-09-23,13:15:00,5,quadratic_c0,-0.023992017352526096,-0.00771175251348441
test,2019-09-23,13:15:00,5,independent_ou,0.059595583634818594,0.0822925436734131
test,2019-09-23,13:15:00,5,flexible_moments,0.10232651794527328,0.11989383743533047
test,2019-09-23,13:15:00,5,heterogeneous,0.19084214194843788,0.20346919363724694
test,2019-09-23,13:15:00,5,time_of_day,-0.005996247893008261,0.006651148641364929
test,2019-09-23,13:15:00,5,factor_spy,0.004718382181432751,0.011305901053792422
test,2019-09-23,13:15:00,5,quadratic_c0_etf,0.11542812713438824,0.07561393580278153
test,2019-09-23,13:15:00,5,quadratic_c0_single,0.023896803622319246,0.02457418669263306
test,2019-09-23,13:15:00,15,quadratic_c0,0.017908821820700332,0.03369624492938367
test,2019-09-23,13:15:00,15,independent_ou,0.11229898620890902,0.11217454448701711
test,2019-09-23,13:15:00,15,flexible_moments,-0.007781099220925597,0.0029885534094379884
test,2019-09-23,13:15:00,15,heterogeneous,0.12185989316102733,0.14597321654182874
test,2019-09-23,13:15:00,15,time_of_day,-0.004589578723882659,0.018083168771812957
test,2019-09-23,13:15:00,15,factor_spy,0.04809531900090716,0.07370516516208153
test,2019-09-23,13:15:00,15,quadratic_c0_etf,0.23415075464923893,0.1488054004118903
test,2019-09-23,13:15:00,15,quadratic_c0_single,0.14629303300405824,0.17458191868822773
test,2019-09-23,13:15:00,30,quadratic_c0,0.13861452397171578,0.15102279462010254
test,2019-09-23,13:15:00,30,independent_ou,0.14787304611711047,0.14120800987108467
test,2019-09-23,13:15:00,30,flexible_moments,0.15825428238400965,0.1386252787657795
test,2019-09-23,13:15:00,30,heterogeneous,0.12373988711539316,0.10747251787570994
test,2019-09-23,13:15:00,30,time_of_day,0.09709890740099528,0.10318959200317623
test,2019-09-23,13:15:00,30,factor_spy,0.1298354590424132,0.12741291314670394
test,2019-09-23,13:15:00,30,quadratic_c0_etf,0.4736738230713512,0.45349354544757936
test,2019-09-23,13:15:00,30,quadratic_c0_single,0.09635232367623223,0.09800390297183967
test,2019-09-23,13:30:00,1,quadratic_c0,-0.09095341968434352,-0.09347024675601061
test,2019-09-23,13:30:00,1,independent_ou,-0.04024888723733641,-0.03277070870799778
test,2019-09-23,13:30:00,1,flexible_moments,-0.06414940689422571,-0.060850949712296196
test,2019-09-23,13:30:00,1,heterogeneous,-0.059137038947909726,-0.05979862675693738
test,2019-09-23,13:30:00,1,time_of_day,-0.06064345884105252,-0.05396883652557273
test,2019-09-23,13:30:00,1,factor_spy,-0.06675838712406659,-0.05942987178731958
test,2019-09-23,13:30:00,1,quadratic_c0_etf,-0.058362593256455875,-0.0615017550431813
test,2019-09-23,13:30:00,1,quadratic_c0_single,-0.07432473466409151,-0.07414050672018915
test,2019-09-23,13:30:00,5,quadratic_c0,0.02441785827198406,0.013893952831079442
test,2019-09-23,13:30:00,5,independent_ou,-0.03784980710648206,-0.024105371588539898
test,2019-09-23,13:30:00,5,flexible_moments,0.02378057322863686,0.026528819468066372
test,2019-09-23,13:30:00,5,heterogeneous,0.018690357801695978,0.028801739218283356
test,2019-09-23,13:30:00,5,time_of_day,-0.01452468212717517,-0.0039569674393235
test,2019-09-23,13:30:00,5,factor_spy,0.053579584362175,0.05440999151942935
test,2019-09-23,13:30:00,5,quadratic_c0_etf,0.09424751768036144,0.07131819420691718
test,2019-09-23,13:30:00,5,quadratic_c0_single,0.07040683983123527,0.05397721442367642
test,2019-09-23,13:30:00,15,quadratic_c0,-0.03143840471711823,-0.02705612127936194
test,2019-09-23,13:30:00,15,independent_ou,0.008521101474896209,0.07294702783388934
test,2019-09-23,13:30:00,15,flexible_moments,-0.022313424799117687,0.015937391534669887
test,2019-09-23,13:30:00,15,heterogeneous,-0.08868389673330931,-0.0644162907278267
test,2019-09-23,13:30:00,15,time_of_day,-0.03020371464575866,0.021967891128991113
test,2019-09-23,13:30:00,15,factor_spy,-0.10352180199326755,-0.05597589234520095
test,2019-09-23,13:30:00,15,quadratic_c0_etf,0.165268342663628,0.16155728169297984
test,2019-09-23,13:30:00,15,quadratic_c0_single,-0.01494113288885357,-0.017243385392978317
test,2019-09-23,13:30:00,30,quadratic_c0,-0.1927015952123331,-0.1262303424014935
test,2019-09-23,13:30:00,30,independent_ou,-0.13509687858804065,-0.05746987312690646
test,2019-09-23,13:30:00,30,flexible_moments,-0.18513615664020308,-0.11432911549518493
test,2019-09-23,13:30:00,30,heterogeneous,-0.1682259819383362,-0.09694624510083352
test,2019-09-23,13:30:00,30,time_of_day,-0.1590295862506419,-0.12229061703787461
test,2019-09-23,13:30:00,30,factor_spy,-0.12113692440543464,-0.06185002597066877
test,2019-09-23,13:30:00,30,quadratic_c0_etf,-0.006205037223441678,0.04953743919166964
test,2019-09-23,13:30:00,30,quadratic_c0_single,-0.0953810976241653,-0.03154508610883763
test,2019-09-23,13:45:00,1,quadratic_c0,0.05040792615975814,0.04735424430266563
test,2019-09-23,13:45:00,1,independent_ou,0.02145059972088323,0.005020359524006951
test,2019-09-23,13:45:00,1,flexible_moments,-0.009076402088838642,-0.031873972168797116
test,2019-09-23,13:45:00,1,heterogeneous,-0.06709061963588095,-0.06523922887445148
test,2019-09-23,13:45:00,1,time_of_day,-0.06699818038886389,-0.05988196779973219
test,2019-09-23,13:45:00,1,factor_spy,-0.05119711826658323,-0.056157304236207406
test,2019-09-23,13:45:00,1,quadratic_c0_etf,0.08843898976509867,0.0720645786826078
test,2019-09-23,13:45:00,1,quadratic_c0_single,0.07759442515614973,0.0783446296175769
test,2019-09-23,13:45:00,5,quadratic_c0,-0.02900968389881753,-0.03852079830892258
test,2019-09-23,13:45:00,5,independent_ou,-0.07034531988774526,-0.06386223662438854
test,2019-09-23,13:45:00,5,flexible_moments,-0.07421045254637296,-0.07357624821916187
test,2019-09-23,13:45:00,5,heterogeneous,-0.028172916699388623,-0.03668045966370248
test,2019-09-23,13:45:00,5,time_of_day,-0.1144717377509399,-0.10189610037843126
test,2019-09-23,13:45:00,5,factor_spy,0.08875297837843243,0.10132793006852867
test,2019-09-23,13:45:00,5,quadratic_c0_etf,0.2178224865816184,0.16722522851047836
test,2019-09-23,13:45:00,5,quadratic_c0_single,0.10681795467403915,0.07755913606875423
test,2019-09-23,13:45:00,15,quadratic_c0,0.17135039348745829,0.2176567974056797
test,2019-09-23,13:45:00,15,independent_ou,0.13705074832226832,0.19289374633704606
test,2019-09-23,13:45:00,15,flexible_moments,0.045444657302368796,0.006148322717113269
test,2019-09-23,13:45:00,15,heterogeneous,-0.1322471766420485,-0.08368630740047063
test,2019-09-23,13:45:00,15,time_of_day,-0.05805112463940215,-0.037931340485882536
test,2019-09-23,13:45:00,15,factor_spy,-0.025801702999386056,0.018563151266775046
test,2019-09-23,13:45:00,15,quadratic_c0_etf,0.2158562163219186,0.2234200095586105
test,2019-09-23,13:45:00,15,quadratic_c0_single,0.1857378664373196,0.21590277631565732
test,2019-09-23,13:45:00,30,quadratic_c0,-0.10619344646783233,-0.09405752855552127
test,2019-09-23,13:45:00,30,independent_ou,-0.11968594457556209,-0.09955133621843829
test,2019-09-23,13:45:00,30,flexible_moments,-0.06869612180953899,-0.06003885401795819
test,2019-09-23,13:45:00,30,heterogeneous,-0.13510572645064128,-0.11925159151187731
test,2019-09-23,13:45:00,30,time_of_day,-0.11125695148846185,-0.0988005024288986
test,2019-09-23,13:45:00,30,factor_spy,-0.10857268158575473,-0.10158002907654108
test,2019-09-23,13:45:00,30,quadratic_c0_etf,0.0703708524605374,0.08785419536900124
test,2019-09-23,13:45:00,30,quadratic_c0_single,-0.15185968364356045,-0.13639775632441206
test,2019-09-23,14:00:00,1,quadratic_c0,-0.11722263516643906,-0.11512888226138221
test,2019-09-23,14:00:00,1,independent_ou,0.036279585466259145,0.05923912459378097
test,2019-09-23,14:00:00,1,flexible_moments,-0.10232645627466713,-0.0836366594817956
test,2019-09-23,14:00:00,1,heterogeneous,-0.10168153512145063,-0.07867074563304967
test,2019-09-23,14:00:00,1,time_of_day,-0.13095137836000145,-0.11058272570247037
test,2019-09-23,14:00:00,1,factor_spy,-0.017407392274224998,0.006337918038154811
test,2019-09-23,14:00:00,1,quadratic_c0_etf,0.36191533212322013,0.3466232307791409
test,2019-09-23,14:00:00,1,quadratic_c0_single,0.01805100488270897,0.027835802517462094
test,2019-09-23,14:00:00,5,quadratic_c0,-0.08240767392647672,-0.09156479619026003
test,2019-09-23,14:00:00,5,independent_ou,-0.07965573852752322,-0.09038929397547785
test,2019-09-23,14:00:00,5,flexible_moments,-0.014326873730281492,-0.01671377463619861
test,2019-09-23,14:00:00,5,heterogeneous,-0.00643087876185694,-0.01827832362459772
test,2019-09-23,14:00:00,5,time_of_day,-0.09499674050016463,-0.10149112265010815
test,2019-09-23,14:00:00,5,factor_spy,-0.12468240487474727,-0.12825488200914853
test,2019-09-23,14:00:00,5,quadratic_c0_etf,0.26993534900340127,0.19337625422304813
test,2019-09-23,14:00:00,5,quadratic_c0_single,-0.15757249123940137,-0.15588858463723437
test,2019-09-23,14:00:00,15,quadratic_c0,-0.03911289279769806,-0.036548603415894595
test,2019-09-23,14:00:00,15,independent_ou,0.04346504397882622,0.033295095560234994
test,2019-09-23,14:00:00,15,flexible_moments,-0.019973754222620543,-0.02410765223959964
test,2019-09-23,14:00:00,15,heterogeneous,0.0025468209879422887,-0.017404852639630763
test,2019-09-23,14:00:00,15,time_of_day,-0.034916255423315556,-0.03227253702948332
test,2019-09-23,14:00:00,15,factor_spy,-0.060917429251468966,-0.05976011282861371
test,2019-09-23,14:00:00,15,quadratic_c0_etf,0.24675871701771895,0.2195767381102721
test,2019-09-23,14:00:00,15,quadratic_c0_single,-0.05120402131986032,-0.05344083343916933
test,2019-09-23,14:00:00,30,quadratic_c0,-0.09670314612308897,-0.08279182623401496
test,2019-09-23,14:00:00,30,independent_ou,-0.18362817663840386,-0.15689872455409742
test,2019-09-23,14:00:00,30,flexible_moments,-0.18425504067063764,-0.15846224678570958
test,2019-09-23,14:00:00,30,heterogeneous,-0.17888946435999104,-0.14986086696373654
test,2019-09-23,14:00:00,30,time_of_day,-0.20029028555069534,-0.1657426437491371
test,2019-09-23,14:00:00,30,factor_spy,-0.1034879029937869,-0.10555936455799375
test,2019-09-23,14:00:00,30,quadratic_c0_etf,0.09499562547808293,0.1021086340676372
test,2019-09-23,14:00:00,30,quadratic_c0_single,-0.06846815329649386,-0.06685067839797026
test,2019-09-23,14:15:00,1,quadratic_c0,-0.008520374559512961,-0.003288428676717775
test,2019-09-23,14:15:00,1,independent_ou,0.04748345435332818,0.05285035468657712
test,2019-09-23,14:15:00,1,flexible_moments,0.03961060597827304,0.05235170213886767
test,2019-09-23,14:15:00,1,heterogeneous,0.01871248850843868,0.02600186304970628
test,2019-09-23,14:15:00,1,time_of_day,-0.08691837651434275,-0.07374920051362455
test,2019-09-23,14:15:00,1,factor_spy,0.012023312607818387,0.02330167264515348
test,2019-09-23,14:15:00,1,quadratic_c0_etf,0.10649957371928098,0.07804957486379172
test,2019-09-23,14:15:00,1,quadratic_c0_single,0.014906272503584839,0.0054797987343501164
test,2019-09-23,14:15:00,5,quadratic_c0,-0.03862170470033509,-0.02865021599106915
test,2019-09-23,14:15:00,5,independent_ou,-0.022153557544895147,-0.009980708965269786
test,2019-09-23,14:15:00,5,flexible_moments,0.2541651725070615,0.25312428252199437
test,2019-09-23,14:15:00,5,heterogeneous,0.005192544338539634,0.02086551399026089
test,2019-09-23,14:15:00,5,time_of_day,-0.05663314693640256,-0.029369227933890407
test,2019-09-23,14:15:00,5,factor_spy,0.08295733434479327,0.09995578702638597
test,2019-09-23,14:15:00,5,quadratic_c0_etf,0.15303391667873792,0.16750937288769016
test,2019-09-23,14:15:00,5,quadratic_c0_single,0.029930119160549717,0.03305185960605017
test,2019-09-23,14:15:00,15,quadratic_c0,0.028404680046900832,0.04067870348225208
test,2019-09-23,14:15:00,15,independent_ou,-0.08935221948722868,-0.07398324888868461
test,2019-09-23,14:15:00,15,flexible_moments,-0.025021239117637373,-0.01955406299211268
test,2019-09-23,14:15:00,15,heterogeneous,0.03179261625502622,0.012940789167853184
test,2019-09-23,14:15:00,15,time_of_day,-0.10007814481111775,-0.08290330198458293
test,2019-09-23,14:15:00,15,factor_spy,-0.002632140074267958,0.008960047287005335
test,2019-09-23,14:15:00,15,quadratic_c0_etf,0.24954298260742844,0.21076961880384257
test,2019-09-23,14:15:00,15,quadratic_c0_single,-0.016504740834474035,-0.006419324869009341
test,2019-09-23,14:15:00,30,quadratic_c0,0.07351682320705324,0.02554735271548661
test,2019-09-23,14:15:00,30,independent_ou,-0.03022601290968821,-0.018110828608142518
test,2019-09-23,14:15:00,30,flexible_moments,0.022634879092840565,-0.0134256809198402
test,2019-09-23,14:15:00,30,heterogeneous,-0.024938960632883783,-0.019314348302501116
test,2019-09-23,14:15:00,30,time_of_day,-0.06031423933257943,-0.06067961525029847
test,2019-09-23,14:15:00,30,factor_spy,0.03809896790979092,-0.010966178326249756
test,2019-09-23,14:15:00,30,quadratic_c0_etf,0.16343863294573793,0.07197432445956026
test,2019-09-23,14:15:00,30,quadratic_c0_single,0.06812574231673349,0.03660966266737525
test,2019-09-23,14:30:00,1,quadratic_c0,-0.014688919348296442,0.0002086943658336643
test,2019-09-23,14:30:00,1,independent_ou,-0.03349390983731218,-0.006901002811787904
test,2019-09-23,14:30:00,1,flexible_moments,0.008264269288645903,0.014278059700763623
test,2019-09-23,14:30:00,1,heterogeneous,-0.01971294554298933,-0.01626958183968351
test,2019-09-23,14:30:00,1,time_of_day,-0.014567733981446118,-0.0005233862478702389
test,2019-09-23,14:30:00,1,factor_spy,0.05555216506099364,0.07018721751807774
test,2019-09-23,14:30:00,1,quadratic_c0_etf,0.08316063739734955,0.07317372816538786
test,2019-09-23,14:30:00,1,quadratic_c0_single,-0.0007673772841580995,0.01656955765238384
test,2019-09-23,14:30:00,5,quadratic_c0,0.02809836815763908,-0.004944466940896564
test,2019-09-23,14:30:00,5,independent_ou,0.009557312228303194,-0.004382910961356096
test,2019-09-23,14:30:00,5,flexible_moments,0.024159490456062055,0.008125113622336477
test,2019-09-23,14:30:00,5,heterogeneous,0.018804768548658424,-0.012139945552113632
test,2019-09-23,14:30:00,5,time_of_day,-0.060828488834534344,-0.05483267829131386
test,2019-09-23,14:30:00,5,factor_spy,0.05169141451812087,-0.004426139635337473
test,2019-09-23,14:30:00,5,quadratic_c0_etf,0.24337942668516135,0.20687408103596425
test,2019-09-23,14:30:00,5,quadratic_c0_single,-0.011455927210188843,-0.005310120567055543
test,2019-09-23,14:30:00,15,quadratic_c0,0.033944177227206745,0.022138459629418045
test,2019-09-23,14:30:00,15,independent_ou,0.05916292500429854,0.027279002702771754
test,2019-09-23,14:30:00,15,flexible_moments,0.027740693093994268,0.041952641541038754
test,2019-09-23,14:30:00,15,heterogeneous,0.11975720251637897,0.0849098045090278
test,2019-09-23,14:30:00,15,time_of_day,-0.045992295549972556,-0.03838800636236761
test,2019-09-23,14:30:00,15,factor_spy,0.026439923143294186,0.042069733614877175
test,2019-09-23,14:30:00,15,quadratic_c0_etf,0.023941540739231493,0.041480466439305946
test,2019-09-23,14:30:00,15,quadratic_c0_single,0.04528859966835566,0.027163333525019123
test,2019-09-23,14:30:00,30,quadratic_c0,-0.08064442190947363,-0.09389828307469161
test,2019-09-23,14:30:00,30,independent_ou,0.04703712881432143,0.06590248660481635
test,2019-09-23,14:30:00,30,flexible_moments,-0.17357097993713874,-0.1793533599223762
test,2019-09-23,14:30:00,30,heterogeneous,0.10367924463957706,0.1241942916076586
test,2019-09-23,14:30:00,30,time_of_day,-0.1601915323362924,-0.16049381034528984
test,2019-09-23,14:30:00,30,factor_spy,-0.16015460136838228,-0.14702178195423557
test,2019-09-23,14:30:00,30,quadratic_c0_etf,-0.09916654783219447,-0.14677110793364226
test,2019-09-23,14:30:00,30,quadratic_c0_single,-0.0222673032176271,-0.031012345396149943
test,2019-09-23,14:45:00,1,quadratic_c0,0.05832076566439781,0.05488725986173301
test,2019-09-23,14:45:00,1,independent_ou,0.06847206572628195,0.05177177063371144
test,2019-09-23,14:45:00,1,flexible_moments,0.03344168382201862,0.02605540963789507
test,2019-09-23,14:45:00,1,heterogeneous,0.1068141677891016,0.09329081415233786
test,2019-09-23,14:45:00,1,time_of_day,-0.02470920049231147,-0.024602293274953585
test,2019-09-23,14:45:00,1,factor_spy,0.03417612647046514,0.04154570096000314
test,2019-09-23,14:45:00,1,quadratic_c0_etf,0.029847057195846433,0.05677732012773573
test,2019-09-23,14:45:00,1,quadratic_c0_single,0.11454651195163226,0.11894346891375421
test,2019-09-23,14:45:00,5,quadratic_c0,0.0839962257874619,0.079040802259942
test,2019-09-23,14:45:00,5,independent_ou,0.040323543639142354,0.04307226712363184
test,2019-09-23,14:45:00,5,flexible_moments,0.1556163677904328,0.13864694143758335
test,2019-09-23,14:45:00,5,heterogeneous,0.10499468168868249,0.08613669721155864
test,2019-09-23,14:45:00,5,time_of_day,0.009147775404965794,0.013050932102172605
test,2019-09-23,14:45:00,5,factor_spy,0.02831567181116508,0.012636864792935937
test,2019-09-23,14:45:00,5,quadratic_c0_etf,0.21766079467022825,0.20933859485626352
test,2019-09-23,14:45:00,5,quadratic_c0_single,0.15719519904265733,0.14201320120499208
test,2019-09-23,14:45:00,15,quadratic_c0,0.06562127837363518,0.08514587859818146
test,2019-09-23,14:45:00,15,independent_ou,0.012562724189734753,0.02502956937078127
test,2019-09-23,14:45:00,15,flexible_moments,0.06405518105315783,0.030472223168524604
test,2019-09-23,14:45:00,15,heterogeneous,0.11989371108368946,0.03016177687517335
test,2019-09-23,14:45:00,15,time_of_day,-0.08336767791608346,-0.08819699609783202
test,2019-09-23,14:45:00,15,factor_spy,0.0974911417599778,0.08475183368340378
test,2019-09-23,14:45:00,15,quadratic_c0_etf,-0.02479612208313997,-0.014431733141326342
test,2019-09-23,14:45:00,15,quadratic_c0_single,0.09910073630527377,0.11545210825803165
test,2019-09-23,14:45:00,30,quadratic_c0,0.05883024391966574,0.06391129530258916
test,2019-09-23,14:45:00,30,independent_ou,0.16135738621235582,0.17517771608863902
test,2019-09-23,14:45:00,30,flexible_moments,0.09223445134187275,0.09260999303190862
test,2019-09-23,14:45:00,30,heterogeneous,0.10845090432096316,0.08727701082085873
test,2019-09-23,14:45:00,30,time_of_day,0.009286673155985942,0.01921692686026487
test,2019-09-23,14:45:00,30,factor_spy,0.057232703203018015,0.0355156856596712
test,2019-09-23,14:45:00,30,quadratic_c0_etf,0.05195997492320134,0.04841898227472943
test,2019-09-23,14:45:00,30,quadratic_c0_single,0.1641442269812309,0.14543323386243698
test,2019-09-23,15:00:00,1,quadratic_c0,0.14565255855614523,0.1515747690028631
test,2019-09-23,15:00:00,1,independent_ou,0.10566243264868079,0.10833343528267073
test,2019-09-23,15:00:00,1,flexible_moments,0.059298442878239946,0.06136523303188307
test,2019-09-23,15:00:00,1,heterogeneous,0.09924472510315253,0.060910184492969976
test,2019-09-23,15:00:00,1,time_of_day,0.21858502143555292,0.2164256036935048
test,2019-09-23,15:00:00,1,factor_spy,0.07976947291775459,0.07372056077111622
test,2019-09-23,15:00:00,1,quadratic_c0_etf,0.059034715592337236,0.020171697636624006
test,2019-09-23,15:00:00,1,quadratic_c0_single,0.23089787114715232,0.2286551084527069
test,2019-09-23,15:00:00,5,quadratic_c0,0.009317894758739648,-0.01754114895000264
test,2019-09-23,15:00:00,5,independent_ou,0.02536427285082027,0.035761204224196624
test,2019-09-23,15:00:00,5,flexible_moments,-0.09408786533517625,-0.078452309462167
test,2019-09-23,15:00:00,5,heterogeneous,0.0916094614793688,0.0980317670538699
test,2019-09-23,15:00:00,5,time_of_day,-0.10241507854234251,-0.09170310184862682
test,2019-09-23,15:00:00,5,factor_spy,-0.0484825564086821,-0.045342406924954226
test,2019-09-23,15:00:00,5,quadratic_c0_etf,0.24066614812364232,0.16117245708043543
test,2019-09-23,15:00:00,5,quadratic_c0_single,0.036791210661970136,0.008530606694247211
test,2019-09-23,15:00:00,15,quadratic_c0,-0.1403299857090945,-0.14693472326228826
test,2019-09-23,15:00:00,15,independent_ou,-0.10534652196382344,-0.07185867436942461
test,2019-09-23,15:00:00,15,flexible_moments,-0.18051244452943419,-0.193624209792533
test,2019-09-23,15:00:00,15,heterogeneous,-0.27451878366219395,-0.2512211020837517
test,2019-09-23,15:00:00,15,time_of_day,-0.24857791857791112,-0.22412121778155225
test,2019-09-23,15:00:00,15,factor_spy,-0.2906620169470835,-0.2656930501891977
test,2019-09-23,15:00:00,15,quadratic_c0_etf,-0.1370875632996983,-0.11712500433598894
test,2019-09-23,15:00:00,15,quadratic_c0_single,-0.0886069716089169,-0.12318151317670242
test,2019-09-23,15:00:00,30,quadratic_c0,-0.2034726370005101,-0.19926557310787674
test,2019-09-23,15:00:00,30,independent_ou,-0.21888524882674612,-0.21919094605903444
test,2019-09-23,15:00:00,30,flexible_moments,-0.2167815425416164,-0.21682103025016664
test,2019-09-23,15:00:00,30,heterogeneous,-0.15578100537775244,-0.17349411873729037
test,2019-09-23,15:00:00,30,time_of_day,-0.2013349854592065,-0.19570738379179198
test,2019-09-23,15:00:00,30,factor_spy,-0.1862726672140365,-0.18741682975615354
test,2019-09-23,15:00:00,30,quadratic_c0_etf,0.5033924089581263,0.48881421687852006
test,2019-09-23,15:00:00,30,quadratic_c0_single,-0.13092676402382583,-0.13356948365370586
test,2019-09-23,15:15:00,1,quadratic_c0,0.03831552224680643,0.0007042136176274028
test,2019-09-23,15:15:00,1,independent_ou,0.03805689178547603,0.051818250710700675
test,2019-09-23,15:15:00,1,flexible_moments,0.06965801960317625,0.07339598385130178
test,2019-09-23,15:15:00,1,heterogeneous,0.03798792785492311,0.013005864551109414
test,2019-09-23,15:15:00,1,time_of_day,0.0067643119787944295,0.020384769736845124
test,2019-09-23,15:15:00,1,factor_spy,-0.011763225346285378,-0.008864684589333469
test,2019-09-23,15:15:00,1,quadratic_c0_etf,0.021220410609277124,0.041809965175800795
test,2019-09-23,15:15:00,1,quadratic_c0_single,0.06230574092066163,0.023978112621476255
test,2019-09-23,15:15:00,5,quadratic_c0,0.01352270440542866,0.001518834614098366
test,2019-09-23,15:15:00,5,independent_ou,0.07900847922336043,0.06994852066130054
test,2019-09-23,15:15:00,5,flexible_moments,0.08027746700324523,0.07578677520988523
test,2019-09-23,15:15:00,5,heterogeneous,0.17379922393479544,0.17050591306025137
test,2019-09-23,15:15:00,5,time_of_day,0.052825923844703804,0.06617329013728064
test,2019-09-23,15:15:00,5,factor_spy,0.1743296082875148,0.17895627075078663
test,2019-09-23,15:15:00,5,quadratic_c0_etf,0.23277211086762953,0.2538099330299584
test,2019-09-23,15:15:00,5,quadratic_c0_single,0.023988899717666573,0.021174533628409778
test,2019-09-23,15:15:00,15,quadratic_c0,0.011860251978168007,0.018902329452583397
test,2019-09-23,15:15:00,15,independent_ou,0.02608864870060293,0.03415012004559291
test,2019-09-23,15:15:00,15,flexible_moments,-0.044719506681291654,-0.03339983015513448
test,2019-09-23,15:15:00,15,heterogeneous,0.10714672274540785,0.0784914804590013
test,2019-09-23,15:15:00,15,time_of_day,-0.007817630991892976,-0.001403785521832318
test,2019-09-23,15:15:00,15,factor_spy,0.01574914182360923,0.021668918599723724
test,2019-09-23,15:15:00,15,quadratic_c0_etf,0.24492467382964392,0.21788627900973812
test,2019-09-23,15:15:00,15,quadratic_c0_single,0.03066146085382121,0.03922382851879992
test,2019-09-23,15:15:00,30,quadratic_c0,0.04625418533146744,0.033417933896480956
test,2019-09-23,15:15:00,30,independent_ou,0.23298933525985674,0.24147283074324535
test,2019-09-23,15:15:00,30,flexible_moments,0.18891825692968675,0.19222984200083923
test,2019-09-23,15:15:00,30,heterogeneous,0.22766769072656032,0.22334085313302074
test,2019-09-23,15:15:00,30,time_of_day,0.027520298479029814,0.02540701679497348
test,2019-09-23,15:15:00,30,factor_spy,-0.08892762645450672,-0.08155029824437496
test,2019-09-23,15:15:00,30,quadratic_c0_etf,0.6851578336241627,0.5997218301141793
test,2019-09-23,15:15:00,30,quadratic_c0_single,0.00788539456491108,-0.0019367952642323771
test,2019-09-23,15:30:00,1,quadratic_c0,0.09185203189151342,0.07974163876986962
test,2019-09-23,15:30:00,1,independent_ou,0.003999536698087142,-0.021123464557791766
test,2019-09-23,15:30:00,1,flexible_moments,0.031724106184890494,0.03672383428163514
test,2019-09-23,15:30:00,1,heterogeneous,0.052749251275302944,0.05994340316066954
test,2019-09-23,15:30:00,1,time_of_day,-0.04720348751914405,-0.05638105779670437
test,2019-09-23,15:30:00,1,factor_spy,0.0828354223589638,0.08804164822021149
test,2019-09-23,15:30:00,1,quadratic_c0_etf,0.22401473645659725,0.1561085534187114
test,2019-09-23,15:30:00,1,quadratic_c0_single,0.15229867822679138,0.14988641097260944
test,2019-09-23,15:30:00,5,quadratic_c0,0.07759287327516762,0.0570532557186221
test,2019-09-23,15:30:00,5,independent_ou,0.08475215608800662,0.07887315243668383
test,2019-09-23,15:30:00,5,flexible_moments,0.08130140922315318,0.04967373690645312
test,2019-09-23,15:30:00,5,heterogeneous,0.12431962519675968,0.09334357011209266
test,2019-09-23,15:30:00,5,time_of_day,-0.03479793953479653,-0.031290958537919
test,2019-09-23,15:30:00,5,factor_spy,0.09746584856598722,0.0816222756715845
test,2019-09-23,15:30:00,5,quadratic_c0_etf,0.2636177914422344,0.22578115146477118
test,2019-09-23,15:30:00,5,quadratic_c0_single,0.033242817184737844,0.024437445478279113
test,2019-09-23,15:30:00,15,quadratic_c0,0.05332481150741064,0.029964396163252305
test,2019-09-23,15:30:00,15,independent_ou,0.14745737092270828,0.12876505045449008
test,2019-09-23,15:30:00,15,flexible_moments,-0.02215597171920239,-0.033232041520178335
test,2019-09-23,15:30:00,15,heterogeneous,0.1581290044455962,0.1548432880954074
test,2019-09-23,15:30:00,15,time_of_day,0.01067406067069207,-0.004021108772806148
test,2019-09-23,15:30:00,15,factor_spy,0.019533445350390977,0.006074589078819137
test,2019-09-23,15:30:00,15,quadratic_c0_etf,0.5049350677421258,0.4960703595017274
test,2019-09-23,15:30:00,15,quadratic_c0_single,-0.06327300971180252,-0.07978089958571036
test,2019-09-23,15:45:00,1,quadratic_c0,-0.021110962613693496,-0.028552337374428416
test,2019-09-23,15:45:00,1,independent_ou,-0.0945746055192449,-0.07438861076302727
test,2019-09-23,15:45:00,1,flexible_moments,-0.140861101891038,-0.1343483100042262
test,2019-09-23,15:45:00,1,heterogeneous,-0.09598970580177246,-0.1321000984776117
test,2019-09-23,15:45:00,1,time_of_day,-0.21511368799040814,-0.19558879120719383
test,2019-09-23,15:45:00,1,factor_spy,-0.0355988542701427,-0.011517278172790524
test,2019-09-23,15:45:00,1,quadratic_c0_etf,0.42117158168180424,0.41495441230788294
test,2019-09-23,15:45:00,1,quadratic_c0_single,-0.12639831332411028,-0.13666123785024953
test,2019-09-23,15:45:00,5,quadratic_c0,0.08077693799551308,0.06976115898615862
test,2019-09-23,15:45:00,5,independent_ou,-0.04577867957874299,-0.02963340883073695
test,2019-09-23,15:45:00,5,flexible_moments,-0.005447837540706574,0.012375081924440146
test,2019-09-23,15:45:00,5,heterogeneous,-0.030929188384376555,-0.03191056437823736
test,2019-09-23,15:45:00,5,time_of_day,-0.06703167146874575,-0.05078241415407872
test,2019-09-23,15:45:00,5,factor_spy,0.01800300648508177,0.030691524886438143
test,2019-09-23,15:45:00,5,quadratic_c0_etf,0.10928263653261458,0.11466982921827223
test,2019-09-23,15:45:00,5,quadratic_c0_single,0.19078610772964297,0.17681588327047154
test_fixed_am_pm,2019-09-23,10:00:00,300,quadratic_c0,-0.09473902787595062,-0.05828318664864568
test_fixed_am_pm,2019-09-23,10:00:00,300,independent_ou,-0.11581824975450838,-0.10444649798292299
test,2019-09-24,09:45:00,1,quadratic_c0,-0.016511163937538653,-0.05101587034190365
test,2019-09-24,09:45:00,1,independent_ou,0.010785716961892455,0.02007434689769655
test,2019-09-24,09:45:00,1,flexible_moments,0.021911045131631862,0.029135103251110295
test,2019-09-24,09:45:00,1,heterogeneous,0.08699521637910759,0.09528863141666649
test,2019-09-24,09:45:00,1,time_of_day,-0.008634793078618419,-0.0009905055356685122
test,2019-09-24,09:45:00,1,factor_spy,-0.02016638577453239,-0.007424208403439089
test,2019-09-24,09:45:00,1,quadratic_c0_etf,0.046579019026294854,0.007069766032028385
test,2019-09-24,09:45:00,1,quadratic_c0_single,0.04200453622546882,0.0005158012359066794
test,2019-09-24,09:45:00,5,quadratic_c0,0.11822023392071537,0.11127425225762765
test,2019-09-24,09:45:00,5,independent_ou,0.03544864028398878,0.041557735584885416
test,2019-09-24,09:45:00,5,flexible_moments,0.0797768042706169,0.0926594068840096
test,2019-09-24,09:45:00,5,heterogeneous,0.09221634012957525,0.07394946538224066
test,2019-09-24,09:45:00,5,time_of_day,0.010906664591092047,0.01666163644450304
test,2019-09-24,09:45:00,5,factor_spy,0.04044740588044157,0.061954492998284774
test,2019-09-24,09:45:00,5,quadratic_c0_etf,0.5697221679388564,0.5575995429313387
test,2019-09-24,09:45:00,5,quadratic_c0_single,0.000504787666566392,0.010761541887018528
test,2019-09-24,09:45:00,15,quadratic_c0,0.04872111589004964,0.042231914630074
test,2019-09-24,09:45:00,15,independent_ou,-0.003617530183927478,0.010948650523543407
test,2019-09-24,09:45:00,15,flexible_moments,0.006132229723826668,0.019771632102213568
test,2019-09-24,09:45:00,15,heterogeneous,0.018009062375635917,0.03232522651045018
test,2019-09-24,09:45:00,15,time_of_day,-0.05596197042905349,-0.030319953452042206
test,2019-09-24,09:45:00,15,factor_spy,-0.0021221821488381226,0.02188437239193404
test,2019-09-24,09:45:00,15,quadratic_c0_etf,0.21841432429358665,0.22755989079153913
test,2019-09-24,09:45:00,15,quadratic_c0_single,0.06051471561121395,0.043858092271021026
test,2019-09-24,09:45:00,30,quadratic_c0,-0.022358265650184755,-0.01573996855627252
test,2019-09-24,09:45:00,30,independent_ou,0.08537629758657872,0.08754279943474916
test,2019-09-24,09:45:00,30,flexible_moments,-0.051573988765266476,-0.047521349269269375
test,2019-09-24,09:45:00,30,heterogeneous,0.03817379424305706,0.02627102905238976
test,2019-09-24,09:45:00,30,time_of_day,-0.012991687033044264,-0.005910085502965068
test,2019-09-24,09:45:00,30,factor_spy,0.08553880688881543,0.07406030850403819
test,2019-09-24,09:45:00,30,quadratic_c0_etf,-0.011583912807219515,0.0007210944295373001
test,2019-09-24,09:45:00,30,quadratic_c0_single,-0.005269465299630988,-0.011584873093802073
test,2019-09-24,10:00:00,1,quadratic_c0,0.030876780682537713,0.06327079622351629
test,2019-09-24,10:00:00,1,independent_ou,-0.00796716247810128,0.014738692433077086
test,2019-09-24,10:00:00,1,flexible_moments,-0.034803916778652716,-0.0012497308337774266
test,2019-09-24,10:00:00,1,heterogeneous,0.11997455786485783,0.13669315145449684
test,2019-09-24,10:00:00,1,time_of_day,0.04166291384580248,0.06562981031510727
test,2019-09-24,10:00:00,1,factor_spy,0.0412339520216842,0.06229923025235727
test,2019-09-24,10:00:00,1,quadratic_c0_etf,0.29627839606685524,0.33613706499344703
test,2019-09-24,10:00:00,1,quadratic_c0_single,-0.04865676235432137,-0.016388186352949488
test,2019-09-24,10:00:00,5,quadratic_c0,0.24212514067941798,0.24693955360270625
test,2019-09-24,10:00:00,5,independent_ou,0.09785067402919523,0.0896250530343574
test,2019-09-24,10:00:00,5,flexible_moments,0.1291134535883428,0.12547267165410403
test,2019-09-24,10:00:00,5,heterogeneous,0.11500254416373235,0.0916306573987752
test,2019-09-24,10:00:00,5,time_of_day,0.014298235172605617,0.0152734276529614
test,2019-09-24,10:00:00,5,factor_spy,0.005072895542743691,0.00288016772843927
test,2019-09-24,10:00:00,5,quadratic_c0_etf,0.24294778569862918,0.21142729214688816
test,2019-09-24,10:00:00,5,quadratic_c0_single,0.2633249739390705,0.2577476331762162
test,2019-09-24,10:00:00,15,quadratic_c0,0.07215248183285314,0.06733314370264684
test,2019-09-24,10:00:00,15,independent_ou,-0.007185340147452174,0.0008465464882150275
test,2019-09-24,10:00:00,15,flexible_moments,0.0672761749687791,0.07275795056669679
test,2019-09-24,10:00:00,15,heterogeneous,0.20354847485983807,0.20431197677551224
test,2019-09-24,10:00:00,15,time_of_day,0.058639732185699456,0.045818368029831136
test,2019-09-24,10:00:00,15,factor_spy,0.14997861134123092,0.14572017875181845
test,2019-09-24,10:00:00,15,quadratic_c0_etf,0.13484856631439118,0.10727656562173962
test,2019-09-24,10:00:00,15,quadratic_c0_single,0.1339528917497516,0.10510469452155227
test,2019-09-24,10:00:00,30,quadratic_c0,0.10766468109130825,0.11353940838786493
test,2019-09-24,10:00:00,30,independent_ou,-0.006652686688523923,0.004641022489300872
test,2019-09-24,10:00:00,30,flexible_moments,0.001981293914342097,0.009558680863404986
test,2019-09-24,10:00:00,30,heterogeneous,0.0534560463530781,0.02923641652010063
test,2019-09-24,10:00:00,30,time_of_day,-0.0037543337800399756,-0.014141054470653183
test,2019-09-24,10:00:00,30,factor_spy,0.12272663559780331,0.131253403861059
test,2019-09-24,10:00:00,30,quadratic_c0_etf,0.07034087200203884,0.04713277287938984
test,2019-09-24,10:00:00,30,quadratic_c0_single,0.1492260926415879,0.1457522701221659
test,2019-09-24,10:15:00,1,quadratic_c0,0.09184569551506627,0.091697355087452
test,2019-09-24,10:15:00,1,independent_ou,0.06009506262967687,0.052453163562551336
test,2019-09-24,10:15:00,1,flexible_moments,0.14344296336783635,0.15763105677698167
test,2019-09-24,10:15:00,1,heterogeneous,0.2067610023437797,0.2017213861977222
test,2019-09-24,10:15:00,1,time_of_day,0.11925701093919672,0.12064717929709393
test,2019-09-24,10:15:00,1,factor_spy,0.19826222049960096,0.201707781132938
test,2019-09-24,10:15:00,1,quadratic_c0_etf,0.22547592062008465,0.22982470084765352
test,2019-09-24,10:15:00,1,quadratic_c0_single,0.07749037772569875,0.0696868757318187
test,2019-09-24,10:15:00,5,quadratic_c0,0.11586031860947824,0.10294185972528483
test,2019-09-24,10:15:00,5,independent_ou,0.17579905445274802,0.15046832823710782
test,2019-09-24,10:15:00,5,flexible_moments,0.222769802290873,0.16889125954925932
test,2019-09-24,10:15:00,5,heterogeneous,0.1716602811245428,0.1390646431298842
test,2019-09-24,10:15:00,5,time_of_day,0.14355228472379208,0.13299877837963067
test,2019-09-24,10:15:00,5,factor_spy,0.16031237369014206,0.11288513138752213
test,2019-09-24,10:15:00,5,quadratic_c0_etf,0.53262015209444,0.5073242710252279
test,2019-09-24,10:15:00,5,quadratic_c0_single,0.23587718812270891,0.18286025930923666
test,2019-09-24,10:15:00,15,quadratic_c0,-0.03686052094718037,-0.01568399383793717
test,2019-09-24,10:15:00,15,independent_ou,-0.09615030957358062,-0.09570377257158644
test,2019-09-24,10:15:00,15,flexible_moments,0.007639795499628621,0.021845122093315683
test,2019-09-24,10:15:00,15,heterogeneous,-0.07978173081331547,-0.06796279820914371
test,2019-09-24,10:15:00,15,time_of_day,-0.10067883340776956,-0.10389217056784325
test,2019-09-24,10:15:00,15,factor_spy,-0.08371017354518123,-0.07815532491924489
test,2019-09-24,10:15:00,15,quadratic_c0_etf,0.07166670281950074,0.0364486609809167
test,2019-09-24,10:15:00,15,quadratic_c0_single,0.004175915910965666,0.029089743385424027
test,2019-09-24,10:15:00,30,quadratic_c0,-0.05341434479480295,-0.06165644344080974
test,2019-09-24,10:15:00,30,independent_ou,-0.015493265012931107,-0.015428939319999668
test,2019-09-24,10:15:00,30,flexible_moments,-0.05600960987155604,-0.07093141098780704
test,2019-09-24,10:15:00,30,heterogeneous,-0.035287027399709014,-0.043358704865048864
test,2019-09-24,10:15:00,30,time_of_day,-0.14921745794607227,-0.13886757545552092
test,2019-09-24,10:15:00,30,factor_spy,0.012973829689430921,-0.02472400429072888
test,2019-09-24,10:15:00,30,quadratic_c0_etf,0.019326472703914965,0.01867864857444257
test,2019-09-24,10:15:00,30,quadratic_c0_single,-0.03334225438258617,-0.050366941683436334
test,2019-09-24,10:30:00,1,quadratic_c0,-0.009111860473068861,0.018967659469528136
test,2019-09-24,10:30:00,1,independent_ou,0.039867125502948575,0.05543204714283184
test,2019-09-24,10:30:00,1,flexible_moments,0.026848430945117185,0.04183611958788294
test,2019-09-24,10:30:00,1,heterogeneous,-0.05678292473537505,-0.04472432088858158
test,2019-09-24,10:30:00,1,time_of_day,-0.07391511026788841,-0.04734001974005925
test,2019-09-24,10:30:00,1,factor_spy,-0.007366314638709293,0.02391872811683135
test,2019-09-24,10:30:00,1,quadratic_c0_etf,-0.0032442165026363434,-0.014300508908975967
test,2019-09-24,10:30:00,1,quadratic_c0_single,0.02678342703573694,0.051039692486434945
test,2019-09-24,10:30:00,5,quadratic_c0,0.2375898972024068,0.23523069898995286
test,2019-09-24,10:30:00,5,independent_ou,0.003382659669507293,-0.03834891331585627
test,2019-09-24,10:30:00,5,flexible_moments,-0.08709180996772434,-0.08710239299411643
test,2019-09-24,10:30:00,5,heterogeneous,0.029882937021140588,0.015653755503627242
test,2019-09-24,10:30:00,5,time_of_day,0.02447054489370759,0.02171194788230202
test,2019-09-24,10:30:00,5,factor_spy,-0.00992317838255058,-0.015781138333702427
test,2019-09-24,10:30:00,5,quadratic_c0_etf,0.25808459890930063,0.26839415060451555
test,2019-09-24,10:30:00,5,quadratic_c0_single,0.24241785528826637,0.2251374745855207
test,2019-09-24,10:30:00,15,quadratic_c0,0.0349723440139765,0.05114225734834296
test,2019-09-24,10:30:00,15,independent_ou,0.052051210088494254,0.0668285671477391
test,2019-09-24,10:30:00,15,flexible_moments,-0.016151655741080462,-0.0001741598638314995
test,2019-09-24,10:30:00,15,heterogeneous,-0.04284605750651009,-0.03708043986926392
test,2019-09-24,10:30:00,15,time_of_day,-0.0857761542888954,-0.059568351049865895
test,2019-09-24,10:30:00,15,factor_spy,0.059373222138741966,0.06357621030908803
test,2019-09-24,10:30:00,15,quadratic_c0_etf,0.04497765315203378,0.03695435768085231
test,2019-09-24,10:30:00,15,quadratic_c0_single,0.05910049782745136,0.06611046071307922
test,2019-09-24,10:30:00,30,quadratic_c0,0.057328179184591876,0.05667416809058974
test,2019-09-24,10:30:00,30,independent_ou,0.1265640670361587,0.12069045617218914
test,2019-09-24,10:30:00,30,flexible_moments,0.16750296338441,0.14400699495537156
test,2019-09-24,10:30:00,30,heterogeneous,0.04187085988060185,0.025159726410399416
test,2019-09-24,10:30:00,30,time_of_day,0.007238176984582054,0.004708219207870928
test,2019-09-24,10:30:00,30,factor_spy,0.020738087135744876,0.027668842770470936
test,2019-09-24,10:30:00,30,quadratic_c0_etf,0.21420024192363118,0.17361687878389398
test,2019-09-24,10:30:00,30,quadratic_c0_single,0.036284947044065374,0.03058903172072118
test,2019-09-24,10:45:00,1,quadratic_c0,0.0634420426627717,0.057454516105196585
test,2019-09-24,10:45:00,1,independent_ou,0.12093474448329242,0.12136286908164479
test,2019-09-24,10:45:00,1,flexible_moments,-0.01787155663385198,-0.035430214380975614
test,2019-09-24,10:45:00,1,heterogeneous,0.010585296143204137,0.017280903779869267
test,2019-09-24,10:45:00,1,time_of_day,0.015434474340197513,0.023507586985707513
test,2019-09-24,10:45:00,1,factor_spy,-0.023466367867739313,-0.016905573514763378
test,2019-09-24,10:45:00,1,quadratic_c0_etf,0.1203332790833809,0.1186268054615306
test,2019-09-24,10:45:00,1,quadratic_c0_single,0.06402555292669948,0.0537287498599803
test,2019-09-24,10:45:00,5,quadratic_c0,0.08653243425931888,0.07157262424979091
test,2019-09-24,10:45:00,5,independent_ou,0.10364638125214841,0.08494145941609824
test,2019-09-24,10:45:00,5,flexible_moments,0.04967511387050251,0.0182010140793145
test,2019-09-24,10:45:00,5,heterogeneous,0.0407345564964615,0.03188547927460045
test,2019-09-24,10:45:00,5,time_of_day,0.03510943710305607,0.028556248888203656
test,2019-09-24,10:45:00,5,factor_spy,0.03322241962005777,0.04320193916406684
test,2019-09-24,10:45:00,5,quadratic_c0_etf,0.5451369328646026,0.5447374324993759
test,2019-09-24,10:45:00,5,quadratic_c0_single,0.19907314341028365,0.15329747871026897
test,2019-09-24,10:45:00,15,quadratic_c0,0.024401491461149116,0.012581444722913213
test,2019-09-24,10:45:00,15,independent_ou,-0.008464603787044653,-0.028037067953711636
test,2019-09-24,10:45:00,15,flexible_moments,-0.011026546852517749,-0.008548317697449445
test,2019-09-24,10:45:00,15,heterogeneous,0.005345287467198423,0.007071654935279198
test,2019-09-24,10:45:00,15,time_of_day,-0.012440148569375462,-0.019775173583943567
test,2019-09-24,10:45:00,15,factor_spy,0.1057234764585751,0.08449656768170928
test,2019-09-24,10:45:00,15,quadratic_c0_etf,0.07869373528081344,0.06618893043166889
test,2019-09-24,10:45:00,15,quadratic_c0_single,0.08529838538346618,0.08216931132105097
test,2019-09-24,10:45:00,30,quadratic_c0,0.09022939123761188,0.08094078082302518
test,2019-09-24,10:45:00,30,independent_ou,0.2136956125281797,0.21053884211667712
test,2019-09-24,10:45:00,30,flexible_moments,0.06073597759540751,0.054219197018480145
test,2019-09-24,10:45:00,30,heterogeneous,0.12502635079523616,0.09593688427331455
test,2019-09-24,10:45:00,30,time_of_day,-0.012314007434310104,-0.0025259583271326005
test,2019-09-24,10:45:00,30,factor_spy,0.09862525784014399,0.07565105291626444
test,2019-09-24,10:45:00,30,quadratic_c0_etf,0.24870693863824084,0.25568457991714744
test,2019-09-24,10:45:00,30,quadratic_c0_single,0.18946539429964548,0.1776816340315141
test,2019-09-24,11:00:00,1,quadratic_c0,-0.0635971136476915,-0.046258021275089864
test,2019-09-24,11:00:00,1,independent_ou,0.005302285762123493,0.015392858139202853
test,2019-09-24,11:00:00,1,flexible_moments,0.05150502195037612,0.03986371956231055
test,2019-09-24,11:00:00,1,heterogeneous,-0.01715108942445928,-0.016577487915724026
test,2019-09-24,11:00:00,1,time_of_day,-0.027321160250240034,-0.01599620084477571
test,2019-09-24,11:00:00,1,factor_spy,0.004585601735072331,0.028055266377000815
test,2019-09-24,11:00:00,1,quadratic_c0_etf,0.2933649034672186,0.29970165606081645
test,2019-09-24,11:00:00,1,quadratic_c0_single,0.008682771558646024,0.012587132698694131
test,2019-09-24,11:00:00,5,quadratic_c0,0.09010313233325634,0.08027622347100223
test,2019-09-24,11:00:00,5,independent_ou,0.10762038339953564,0.07731658338920287
test,2019-09-24,11:00:00,5,flexible_moments,0.004294392292004234,-0.013829457387852045
test,2019-09-24,11:00:00,5,heterogeneous,0.018380221260024282,0.008887687705756292
test,2019-09-24,11:00:00,5,time_of_day,-0.02878472495178616,-0.029976520577483998
test,2019-09-24,11:00:00,5,factor_spy,0.008881871243304168,0.0023033103361764506
test,2019-09-24,11:00:00,5,quadratic_c0_etf,0.11184941215235766,0.10277784072825817
test,2019-09-24,11:00:00,5,quadratic_c0_single,0.11237503517484934,0.09264699179371542
test,2019-09-24,11:00:00,15,quadratic_c0,0.12674728834723917,0.1010244187040005
test,2019-09-24,11:00:00,15,independent_ou,-0.02382878895924856,-0.026826737693445055
test,2019-09-24,11:00:00,15,flexible_moments,-0.0026075627818415437,-0.011119809785399212
test,2019-09-24,11:00:00,15,heterogeneous,-0.04344092282106253,-0.033628553899621993
test,2019-09-24,11:00:00,15,time_of_day,-0.07617771855457624,-0.0665171826015139
test,2019-09-24,11:00:00,15,factor_spy,0.08221002950317727,0.06001231531029483
test,2019-09-24,11:00:00,15,quadratic_c0_etf,0.3127973610745246,0.2735847069355205
test,2019-09-24,11:00:00,15,quadratic_c0_single,0.11888532205013638,0.06271576984710073
test,2019-09-24,11:00:00,30,quadratic_c0,-0.06310076895631236,-0.028500520942042723
test,2019-09-24,11:00:00,30,independent_ou,-0.045063813608422876,-0.021989048445371848
test,2019-09-24,11:00:00,30,flexible_moments,-0.10814063422037935,-0.06863752539829218
test,2019-09-24,11:00:00,30,heterogeneous,0.07816725754026804,0.08226414121340556
test,2019-09-24,11:00:00,30,time_of_day,-0.07329837848306951,-0.04111164273520143
test,2019-09-24,11:00:00,30,factor_spy,0.055874496715626054,0.061188464111355506
test,2019-09-24,11:00:00,30,quadratic_c0_etf,0.260351244556607,0.30342300910580017
test,2019-09-24,11:00:00,30,quadratic_c0_single,-0.003396728160305451,0.029708854030454007
test,2019-09-24,11:15:00,1,quadratic_c0,0.07153404408701511,0.030715036610376917
test,2019-09-24,11:15:00,1,independent_ou,0.06623602805346804,0.07722941192626645
test,2019-09-24,11:15:00,1,flexible_moments,-0.008001106516938916,-0.03375494852669943
test,2019-09-24,11:15:00,1,heterogeneous,0.08250388395510591,0.10546960223863311
test,2019-09-24,11:15:00,1,time_of_day,-0.03576891792090767,-0.021673678242772637
test,2019-09-24,11:15:00,1,factor_spy,-0.0058175439291097975,0.007265780734040078
test,2019-09-24,11:15:00,1,quadratic_c0_etf,0.059818132374725,-0.008906318711650207
test,2019-09-24,11:15:00,1,quadratic_c0_single,0.08194461695703717,0.05427917342350913
test,2019-09-24,11:15:00,5,quadratic_c0,0.030948891332789497,0.04579921778100596
test,2019-09-24,11:15:00,5,independent_ou,-0.017790538295223535,-0.026823048487402648
test,2019-09-24,11:15:00,5,flexible_moments,-0.026215844879296624,-0.014289504271824877
test,2019-09-24,11:15:00,5,heterogeneous,0.026265279113762974,0.028115075964793873
test,2019-09-24,11:15:00,5,time_of_day,-0.01955951072046347,-0.0097704390389384
test,2019-09-24,11:15:00,5,factor_spy,-0.012421718118904801,-0.012151227965815262
test,2019-09-24,11:15:00,5,quadratic_c0_etf,0.15757958064473063,0.15410721542758266
test,2019-09-24,11:15:00,5,quadratic_c0_single,0.0598471227226646,0.06528528615142234
test,2019-09-24,11:15:00,15,quadratic_c0,-0.01883297502265331,-0.007171472764427825
test,2019-09-24,11:15:00,15,independent_ou,0.10839845902107892,0.09688319631955244
test,2019-09-24,11:15:00,15,flexible_moments,0.02143394457137482,0.03576236105879452
test,2019-09-24,11:15:00,15,heterogeneous,0.03949781890577611,0.04795635214320659
test,2019-09-24,11:15:00,15,time_of_day,-0.03185420610892782,-0.019107378609415776
test,2019-09-24,11:15:00,15,factor_spy,0.08224486645009627,0.09201563392791848
test,2019-09-24,11:15:00,15,quadratic_c0_etf,0.23156628937573612,0.22892944452653724
test,2019-09-24,11:15:00,15,quadratic_c0_single,0.07615401468698599,0.08163917135897555
test,2019-09-24,11:15:00,30,quadratic_c0,0.07756805818064885,0.04475036211534682
test,2019-09-24,11:15:00,30,independent_ou,0.0999882977824687,0.10560637758729403
test,2019-09-24,11:15:00,30,flexible_moments,0.13467552498498686,0.12753899152087478
test,2019-09-24,11:15:00,30,heterogeneous,0.01195360101212864,0.010121870639766425
test,2019-09-24,11:15:00,30,time_of_day,-0.014410112139668446,-0.023599790041463495
test,2019-09-24,11:15:00,30,factor_spy,0.15250445357222747,0.15310911479353295
test,2019-09-24,11:15:00,30,quadratic_c0_etf,0.28245265762917526,0.13785349875050834
test,2019-09-24,11:15:00,30,quadratic_c0_single,0.14942253254563176,0.11174503288582753
test,2019-09-24,11:30:00,1,quadratic_c0,0.12834187608673725,0.09572621819846192
test,2019-09-24,11:30:00,1,independent_ou,0.01379423510142036,0.014119246300574775
test,2019-09-24,11:30:00,1,flexible_moments,0.032482067274511,0.03238410414999185
test,2019-09-24,11:30:00,1,heterogeneous,0.110824845568746,0.10995949068247257
test,2019-09-24,11:30:00,1,time_of_day,0.009761768682673533,0.0014065690751689092
test,2019-09-24,11:30:00,1,factor_spy,0.03881507152436775,0.02902848413466566
test,2019-09-24,11:30:00,1,quadratic_c0_etf,0.09571621432833771,0.0723908077845915
test,2019-09-24,11:30:00,1,quadratic_c0_single,0.14303184828391402,0.11899469485909975
test,2019-09-24,11:30:00,5,quadratic_c0,0.015414675488402585,0.02904404808691957
test,2019-09-24,11:30:00,5,independent_ou,0.01615910512942681,0.024673343401048514
test,2019-09-24,11:30:00,5,flexible_moments,0.0173493410784466,0.047066722411411716
test,2019-09-24,11:30:00,5,heterogeneous,0.07752145628618612,0.08509045746353872
test,2019-09-24,11:30:00,5,time_of_day,-0.01566201875083309,-0.013394010075549273
test,2019-09-24,11:30:00,5,factor_spy,0.008494366553633115,0.02650966578787467
test,2019-09-24,11:30:00,5,quadratic_c0_etf,-0.08587017923284407,-0.04858873447626649
test,2019-09-24,11:30:00,5,quadratic_c0_single,0.07529275842193184,0.07996304923825281
test,2019-09-24,11:30:00,15,quadratic_c0,0.05479777475637293,0.06046070245838783
test,2019-09-24,11:30:00,15,independent_ou,0.025834601948862557,0.018820585542332374
test,2019-09-24,11:30:00,15,flexible_moments,0.07412600485283319,0.07829046265045578
test,2019-09-24,11:30:00,15,heterogeneous,0.08569509176351578,0.06238753767258268
test,2019-09-24,11:30:00,15,time_of_day,-0.02927759811049524,-0.039447832247844705
test,2019-09-24,11:30:00,15,factor_spy,0.09130744605302285,0.06291052216384382
test,2019-09-24,11:30:00,15,quadratic_c0_etf,0.17029643168035172,0.13273449391624853
test,2019-09-24,11:30:00,15,quadratic_c0_single,0.06493365123628225,0.06610723088714346
test,2019-09-24,11:30:00,30,quadratic_c0,0.1613302733376079,0.16774531808129703
test,2019-09-24,11:30:00,30,independent_ou,0.06607618649944086,0.04470026678828504
test,2019-09-24,11:30:00,30,flexible_moments,0.029575526040467204,0.03623905300637875
test,2019-09-24,11:30:00,30,heterogeneous,-0.068878824650977,-0.06426226534727533
test,2019-09-24,11:30:00,30,time_of_day,0.018114949508805378,0.02686599833260206
test,2019-09-24,11:30:00,30,factor_spy,-0.04803286914711741,-0.03728427724031991
test,2019-09-24,11:30:00,30,quadratic_c0_etf,0.3702194616600624,0.3704750122125595
test,2019-09-24,11:30:00,30,quadratic_c0_single,0.1054846084285721,0.10604497638917379
test,2019-09-24,11:45:00,1,quadratic_c0,0.03293681755475725,0.0447851658411228
test,2019-09-24,11:45:00,1,independent_ou,-0.05563932317766357,-0.023319743144325583
test,2019-09-24,11:45:00,1,flexible_moments,0.051941429647083204,0.07544446798280774
test,2019-09-24,11:45:00,1,heterogeneous,-0.012998434570581197,0.019680168368235385
test,2019-09-24,11:45:00,1,time_of_day,-0.04757978784529027,-0.016515191060324258
test,2019-09-24,11:45:00,1,factor_spy,-0.03268122905326165,-0.013312766082915317
test,2019-09-24,11:45:00,1,quadratic_c0_etf,0.4301990818994535,0.43840328344317564
test,2019-09-24,11:45:00,1,quadratic_c0_single,-0.08484433208268588,-0.06928307380378021
test,2019-09-24,11:45:00,5,quadratic_c0,-0.05307652154131601,-0.043711879721820335
test,2019-09-24,11:45:00,5,independent_ou,-0.09138409627509973,-0.06658128326517976
test,2019-09-24,11:45:00,5,flexible_moments,-0.08082625653518817,-0.05867907235286608
test,2019-09-24,11:45:00,5,heterogeneous,-0.042362584455967855,-0.052600098573005155
test,2019-09-24,11:45:00,5,time_of_day,-0.1067068614845478,-0.0796824181613117
test,2019-09-24,11:45:00,5,factor_spy,0.11525530612566268,0.13341875081860002
test,2019-09-24,11:45:00,5,quadratic_c0_etf,0.024583754936025853,-0.010252119109786573
test,2019-09-24,11:45:00,5,quadratic_c0_single,-0.015824713482359892,-0.014689592534515378
test,2019-09-24,11:45:00,15,quadratic_c0,0.07322431792630346,0.10299300874191747
test,2019-09-24,11:45:00,15,independent_ou,-0.24828509843538943,-0.22362614943937748
test,2019-09-24,11:45:00,15,flexible_moments,-0.03144175999137111,0.0029116139770608562
test,2019-09-24,11:45:00,15,heterogeneous,0.07229454498841337,0.08413892002225193
test,2019-09-24,11:45:00,15,time_of_day,-0.1071861223144207,-0.08304130779777322
test,2019-09-24,11:45:00,15,factor_spy,-0.06739363658512099,-0.042488011870826514
test,2019-09-24,11:45:00,15,quadratic_c0_etf,0.2728869186573879,0.2710889908625314
test,2019-09-24,11:45:00,15,quadratic_c0_single,0.03456159493975558,0.051980829259538286
test,2019-09-24,11:45:00,30,quadratic_c0,0.08932827798799468,0.07024377490611272
test,2019-09-24,11:45:00,30,independent_ou,0.1205360627286516,0.0837954552652393
test,2019-09-24,11:45:00,30,flexible_moments,0.12687380591049535,0.10079033102397572
test,2019-09-24,11:45:00,30,heterogeneous,0.1381955543902582,0.1135756044928731
test,2019-09-24,11:45:00,30,time_of_day,0.006312541322467405,0.009053002649700076
test,2019-09-24,11:45:00,30,factor_spy,0.24792533539673933,0.2269458967180665
test,2019-09-24,11:45:00,30,quadratic_c0_etf,0.22563098570210866,0.17396135647962627
test,2019-09-24,11:45:00,30,quadratic_c0_single,0.05712506580711953,0.05225797905865853
test,2019-09-24,12:00:00,1,quadratic_c0,0.08918877607233963,0.08865942188070708
test,2019-09-24,12:00:00,1,independent_ou,-0.06581082845605837,-0.0568407443869471
test,2019-09-24,12:00:00,1,flexible_moments,-0.009448381081075347,-0.030078998276150806
test,2019-09-24,12:00:00,1,heterogeneous,0.010577112755997153,-0.008821150465685434
test,2019-09-24,12:00:00,1,time_of_day,-0.06584530996625261,-0.06043643649807624
test,2019-09-24,12:00:00,1,factor_spy,-0.03896158056793278,-0.05104424561674338
test,2019-09-24,12:00:00,1,quadratic_c0_etf,0.13719019752239967,0.12055377853586122
test,2019-09-24,12:00:00,1,quadratic_c0_single,0.09877807519489698,0.09063072716531054
test,2019-09-24,12:00:00,5,quadratic_c0,-0.08546202586632679,-0.08953433656231036
test,2019-09-24,12:00:00,5,independent_ou,-0.1081841367815943,-0.08879827696676196
test,2019-09-24,12:00:00,5,flexible_moments,-0.0868779908912711,-0.07772691903658191
test,2019-09-24,12:00:00,5,heterogeneous,-0.028140207890366142,-0.037405858906380346
test,2019-09-24,12:00:00,5,time_of_day,-0.15191808342423335,-0.12866358877130546
test,2019-09-24,12:00:00,5,factor_spy,-0.07517931195587182,-0.09542617646404586
test,2019-09-24,12:00:00,5,quadratic_c0_etf,-0.09138010074078509,-0.060881012772176474
test,2019-09-24,12:00:00,5,quadratic_c0_single,-0.07394126686808486,-0.08374265837541345
test,2019-09-24,12:00:00,15,quadratic_c0,-0.024771388147208695,0.006016942019934801
test,2019-09-24,12:00:00,15,independent_ou,-0.11567802946843589,-0.11195514889054536
test,2019-09-24,12:00:00,15,flexible_moments,-0.11124683080970885,-0.11165029713813149
test,2019-09-24,12:00:00,15,heterogeneous,-0.0840360343626356,-0.08618093664375306
test,2019-09-24,12:00:00,15,time_of_day,-0.1859041475052415,-0.16631181605090628
test,2019-09-24,12:00:00,15,factor_spy,-0.03902186928606488,-0.08696988336432518
test,2019-09-24,12:00:00,15,quadratic_c0_etf,0.04567240455777494,0.05702735951832544
test,2019-09-24,12:00:00,15,quadratic_c0_single,-0.018020149994393997,0.011057881295875371
test,2019-09-24,12:00:00,30,quadratic_c0,-0.1472152746618201,-0.1631201602147232
test,2019-09-24,12:00:00,30,independent_ou,-0.1363776830504439,-0.17496970914035295
test,2019-09-24,12:00:00,30,flexible_moments,-0.20949680477212188,-0.22240173377578884
test,2019-09-24,12:00:00,30,heterogeneous,-0.11237419889693101,-0.16551575417389672
test,2019-09-24,12:00:00,30,time_of_day,-0.26308552856444456,-0.25745095718429417
test,2019-09-24,12:00:00,30,factor_spy,-0.19246521744966436,-0.19198398275507417
test,2019-09-24,12:00:00,30,quadratic_c0_etf,-0.07327075258706617,-0.14602554982043206
test,2019-09-24,12:00:00,30,quadratic_c0_single,-0.08094267474666197,-0.08944848781777087
test,2019-09-24,12:15:00,1,quadratic_c0,-0.03698362129139515,-0.010177789093646195
test,2019-09-24,12:15:00,1,independent_ou,-0.023492193801557565,-0.02693594874804006
test,2019-09-24,12:15:00,1,flexible_moments,0.01974996174021515,0.0262009806277409
test,2019-09-24,12:15:00,1,heterogeneous,0.056340580227782655,0.056832680792438056
test,2019-09-24,12:15:00,1,time_of_day,0.022449581987005196,0.022791274175942372
test,2019-09-24,12:15:00,1,factor_spy,0.01947488590096519,0.04748910596215661
test,2019-09-24,12:15:00,1,quadratic_c0_etf,0.13368455883861863,0.09514650199370875
test,2019-09-24,12:15:00,1,quadratic_c0_single,-0.04040041812056244,-0.026884167345562204
test,2019-09-24,12:15:00,5,quadratic_c0,0.09400501525624291,0.09638592814239824
test,2019-09-24,12:15:00,5,independent_ou,0.02884649021854674,0.037587974161197746
test,2019-09-24,12:15:00,5,flexible_moments,0.03130121248331763,0.010361053925973335
test,2019-09-24,12:15:00,5,heterogeneous,0.020683575499749307,0.020410981889081192
test,2019-09-24,12:15:00,5,time_of_day,-0.054446965221734506,-0.047472039470941835
test,2019-09-24,12:15:00,5,factor_spy,0.029915780932060015,0.046970111012699156
test,2019-09-24,12:15:00,5,quadratic_c0_etf,0.226888262902301,0.22006174700977973
test,2019-09-24,12:15:00,5,quadratic_c0_single,0.06044170604742946,0.05874546153058635
test,2019-09-24,12:15:00,15,quadratic_c0,0.05326850597760158,0.04357593268919721
test,2019-09-24,12:15:00,15,independent_ou,0.06988495256840704,0.06612625969101563
test,2019-09-24,12:15:00,15,flexible_moments,0.03153536082273581,0.03034316773313947
test,2019-09-24,12:15:00,15,heterogeneous,-0.04099578275346727,-0.015919620430488043
test,2019-09-24,12:15:00,15,time_of_day,-0.09768797290061303,-0.06543115896806549
test,2019-09-24,12:15:00,15,factor_spy,-0.003924188335897222,-0.0022477735284471
test,2019-09-24,12:15:00,15,quadratic_c0_etf,0.4544546160684608,0.22824969815803808
test,2019-09-24,12:15:00,15,quadratic_c0_single,0.10252780416575971,0.126535961775254
test,2019-09-24,12:15:00,30,quadratic_c0,-0.03825994885189635,-0.006690097332664097
test,2019-09-24,12:15:00,30,independent_ou,-0.04499814830877892,-0.012829335499859082
test,2019-09-24,12:15:00,30,flexible_moments,0.02522388928235672,0.04006394558223174
test,2019-09-24,12:15:00,30,heterogeneous,0.1896097517887216,0.19479371235879417
test,2019-09-24,12:15:00,30,time_of_day,-0.07737027864932244,-0.044832455386451725
test,2019-09-24,12:15:00,30,factor_spy,0.12695294621134864,0.15281780862594074
test,2019-09-24,12:15:00,30,quadratic_c0_etf,0.1617806027436425,0.1673226250595416
test,2019-09-24,12:15:00,30,quadratic_c0_single,0.021500249551602957,0.050422494674574866
test,2019-09-24,12:30:00,1,quadratic_c0,0.017628294229370456,0.007465487575225832
test,2019-09-24,12:30:00,1,independent_ou,0.02564186504968005,0.030136475181148342
test,2019-09-24,12:30:00,1,flexible_moments,0.008465919639267294,0.017958049750785077
test,2019-09-24,12:30:00,1,heterogeneous,0.07312514738208067,0.0669313394756893
test,2019-09-24,12:30:00,1,time_of_day,0.02043936884378944,0.022653515647075156
test,2019-09-24,12:30:00,1,factor_spy,0.05354051364012613,0.05877397568767098
test,2019-09-24,12:30:00,1,quadratic_c0_etf,0.20954448492637934,0.15956343361427022
test,2019-09-24,12:30:00,1,quadratic_c0_single,0.12971499126435643,0.10422703421773594
test,2019-09-24,12:30:00,5,quadratic_c0,0.018698009245041336,0.020451601652666018
test,2019-09-24,12:30:00,5,independent_ou,0.059828812150882815,0.07210164250791767
test,2019-09-24,12:30:00,5,flexible_moments,0.09952894042624699,0.08527792789299632
test,2019-09-24,12:30:00,5,heterogeneous,-0.13639229530007183,-0.14563741454289703
test,2019-09-24,12:30:00,5,time_of_day,-0.06605913799122612,-0.05860934910178481
test,2019-09-24,12:30:00,5,factor_spy,-0.0471209616689702,-0.06907112572433727
test,2019-09-24,12:30:00,5,quadratic_c0_etf,0.3982618798706946,0.3155002911289253
test,2019-09-24,12:30:00,5,quadratic_c0_single,-0.050527249183110995,-0.05944409753454982
test,2019-09-24,12:30:00,15,quadratic_c0,-0.02965018623166074,-0.04337565354243389
test,2019-09-24,12:30:00,15,independent_ou,-0.048005246912150856,-0.03643657746097376
test,2019-09-24,12:30:00,15,flexible_moments,0.0966857661070685,0.07738415651528555
test,2019-09-24,12:30:00,15,heterogeneous,0.027548359789517474,0.023549526686235583
test,2019-09-24,12:30:00,15,time_of_day,-0.11355667293266619,-0.0973810150821446
test,2019-09-24,12:30:00,15,factor_spy,-0.06963042700780739,-0.08055793400199014
test,2019-09-24,12:30:00,15,quadratic_c0_etf,0.32919318197940173,0.28792300521076775
test,2019-09-24,12:30:00,15,quadratic_c0_single,-0.027193561555379192,-0.02195211844490194
test,2019-09-24,12:30:00,30,quadratic_c0,0.1526763898680667,0.12415125500030387
test,2019-09-24,12:30:00,30,independent_ou,0.04497229775487745,0.03929809695749739
test,2019-09-24,12:30:00,30,flexible_moments,0.1999256501339861,0.17531996867451038
test,2019-09-24,12:30:00,30,heterogeneous,0.08313251253671271,0.060384675903582194
test,2019-09-24,12:30:00,30,time_of_day,-0.0027550558644237194,-0.0042833426969453026
test,2019-09-24,12:30:00,30,factor_spy,0.08040741670109054,0.06997633547017905
test,2019-09-24,12:30:00,30,quadratic_c0_etf,0.2857894509911407,0.24485640592816899
test,2019-09-24,12:30:00,30,quadratic_c0_single,0.21129117226518634,0.17911033450916058
test,2019-09-24,12:45:00,1,quadratic_c0,-0.018688975631676735,-0.019517196095718253
test,2019-09-24,12:45:00,1,independent_ou,0.0842441058867252,0.05519649228571749
test,2019-09-24,12:45:00,1,flexible_moments,-0.03848381678368035,-0.03859417903509314
test,2019-09-24,12:45:00,1,heterogeneous,-0.020021341383438834,-0.019875616442589367
test,2019-09-24,12:45:00,1,time_of_day,-0.0745028694229624,-0.07324613184377395
test,2019-09-24,12:45:00,1,factor_spy,0.07598984970746608,0.048633866247431295
test,2019-09-24,12:45:00,1,quadratic_c0_etf,0.05338268651512257,0.045572640738498454
test,2019-09-24,12:45:00,1,quadratic_c0_single,0.011837728542696518,0.0010786207744912513
test,2019-09-24,12:45:00,5,quadratic_c0,-0.08816914840906312,-0.060806004897951016
test,2019-09-24,12:45:00,5,independent_ou,-0.06466372786534974,-0.05598506488626309
test,2019-09-24,12:45:00,5,flexible_moments,-0.09462327591080841,-0.08886179455861416
test,2019-09-24,12:45:00,5,heterogeneous,-0.02579438245849039,-0.014585121411008956
test,2019-09-24,12:45:00,5,time_of_day,-0.10576396125180074,-0.0897434475491929
test,2019-09-24,12:45:00,5,factor_spy,-0.017851425748554528,-0.040872287811067914
test,2019-09-24,12:45:00,5,quadratic_c0_etf,0.14847141898045096,0.05124320377940919
test,2019-09-24,12:45:00,5,quadratic_c0_single,-0.09815551379658402,-0.06846387022496367
test,2019-09-24,12:45:00,15,quadratic_c0,0.03894342144800336,0.01215727939056288
test,2019-09-24,12:45:00,15,independent_ou,-0.014315860408552594,-0.02507393236776166
test,2019-09-24,12:45:00,15,flexible_moments,-0.019779571786317174,-0.018361160335218063
test,2019-09-24,12:45:00,15,heterogeneous,0.17589057639377456,0.16957242734057842
test,2019-09-24,12:45:00,15,time_of_day,-0.07748570776091879,-0.06962006284435888
test,2019-09-24,12:45:00,15,factor_spy,0.03401129194041633,0.026199935315805778
test,2019-09-24,12:45:00,15,quadratic_c0_etf,0.3035085093175417,0.2633764125480247
test,2019-09-24,12:45:00,15,quadratic_c0_single,0.1034238502576966,0.08765791829459585
test,2019-09-24,12:45:00,30,quadratic_c0,-0.06069502634424945,-0.04787553077797446
test,2019-09-24,12:45:00,30,independent_ou,0.010809893367287993,0.02852460548320357
test,2019-09-24,12:45:00,30,flexible_moments,-0.02659234966548424,-0.02882170600644475
test,2019-09-24,12:45:00,30,heterogeneous,-0.019266492638863514,-0.0351519492874674
test,2019-09-24,12:45:00,30,time_of_day,-0.06613578477356286,-0.05522865090680526
test,2019-09-24,12:45:00,30,factor_spy,-0.013429333613534988,-0.017739693964445746
test,2019-09-24,12:45:00,30,quadratic_c0_etf,0.25132821008811085,0.2394302955181218
test,2019-09-24,12:45:00,30,quadratic_c0_single,-0.01580254053838223,-0.010348378762628452
test,2019-09-24,13:00:00,1,quadratic_c0,0.02079778250102335,0.00925533753097682
test,2019-09-24,13:00:00,1,independent_ou,-0.012726941017457222,-0.009254230393187679
test,2019-09-24,13:00:00,1,flexible_moments,0.06859070066308764,0.06690202328965679
test,2019-09-24,13:00:00,1,heterogeneous,0.03463208219718289,0.019656338690632838
test,2019-09-24,13:00:00,1,time_of_day,-0.008699294865528867,-0.0035582633416822718
test,2019-09-24,13:00:00,1,factor_spy,0.0735493032278707,0.05302980838005007
test,2019-09-24,13:00:00,1,quadratic_c0_etf,0.17441418090344707,0.15971403858564198
test,2019-09-24,13:00:00,1,quadratic_c0_single,0.027224507698461964,0.0138175848269671
test,2019-09-24,13:00:00,5,quadratic_c0,0.023852730077723983,0.027592767285948325
test,2019-09-24,13:00:00,5,independent_ou,0.054994402021477234,0.05716491584692383
test,2019-09-24,13:00:00,5,flexible_moments,0.038513701365543884,0.021993647296147667
test,2019-09-24,13:00:00,5,heterogeneous,0.021848747408764968,0.018477140543693926
test,2019-09-24,13:00:00,5,time_of_day,-0.02954680005514125,-0.026963693519503604
test,2019-09-24,13:00:00,5,factor_spy,-0.0014430673689507095,0.0007191179904788431
test,2019-09-24,13:00:00,5,quadratic_c0_etf,0.038982817480917614,0.038880480620590144
test,2019-09-24,13:00:00,5,quadratic_c0_single,0.043006977309963834,0.04710724245966623
test,2019-09-24,13:00:00,15,quadratic_c0,-0.03200241948739174,-0.013339786112081267
test,2019-09-24,13:00:00,15,independent_ou,0.10927836087061557,0.12662931988146298
test,2019-09-24,13:00:00,15,flexible_moments,0.02694332224894888,0.04059808584860368
test,2019-09-24,13:00:00,15,heterogeneous,-0.004981809043117347,-0.006845915590854068
test,2019-09-24,13:00:00,15,time_of_day,-0.05504307332797073,-0.03750478751868559
test,2019-09-24,13:00:00,15,factor_spy,0.032850937146370135,0.04259675355788074
test,2019-09-24,13:00:00,15,quadratic_c0_etf,0.14219245010176204,0.13478342397664222
test,2019-09-24,13:00:00,15,quadratic_c0_single,-0.019057742586099574,-0.008567565328095703
test,2019-09-24,13:00:00,30,quadratic_c0,0.044523240350437865,-0.009431239328794874
test,2019-09-24,13:00:00,30,independent_ou,-0.0469316405517156,-0.06390069862200284
test,2019-09-24,13:00:00,30,flexible_moments,0.1291633735182929,0.11345253252015086
test,2019-09-24,13:00:00,30,heterogeneous,0.05674230218030757,0.04101666233276707
test,2019-09-24,13:00:00,30,time_of_day,-0.06190732497217642,-0.06140327089774195
test,2019-09-24,13:00:00,30,factor_spy,0.04028893372577555,0.01267881286200151
test,2019-09-24,13:00:00,30,quadratic_c0_etf,0.1197895191713271,0.1272392690820058
test,2019-09-24,13:00:00,30,quadratic_c0_single,0.09772517392142213,0.04926098174138585
test,2019-09-24,13:15:00,1,quadratic_c0,0.03282017951083538,0.03791487341502166
test,2019-09-24,13:15:00,1,independent_ou,0.008161838024318191,0.007172875223509498
test,2019-09-24,13:15:00,1,flexible_moments,0.039186678182392326,0.05139434920572035
test,2019-09-24,13:15:00,1,heterogeneous,0.06684644930442471,0.06647440360020186
test,2019-09-24,13:15:00,1,time_of_day,-0.07241047824256899,-0.054091095344037124
test,2019-09-24,13:15:00,1,factor_spy,-0.046908596487072934,-0.034276919350513774
test,2019-09-24,13:15:00,1,quadratic_c0_etf,0.26827423276550516,0.16002820762560271
test,2019-09-24,13:15:00,1,quadratic_c0_single,0.021026903836215527,0.024558767154788566
test,2019-09-24,13:15:00,5,quadratic_c0,-0.040471883865594915,-0.015258414535463755
test,2019-09-24,13:15:00,5,independent_ou,-0.001444961369516412,0.00963612296371566
test,2019-09-24,13:15:00,5,flexible_moments,0.003166397903439755,0.003116141339596562
test,2019-09-24,13:15:00,5,heterogeneous,-0.0010782466150461578,-0.016700208446897014
test,2019-09-24,13:15:00,5,time_of_day,-0.04012565917664923,-0.0217804493404109
test,2019-09-24,13:15:00,5,factor_spy,0.08237848509314549,0.08389061090231961
test,2019-09-24,13:15:00,5,quadratic_c0_etf,0.2229913265386077,0.2652813913236206
test,2019-09-24,13:15:00,5,quadratic_c0_single,-0.011294245276593284,0.00733755638310829
test,2019-09-24,13:15:00,15,quadratic_c0,0.03238524833484105,0.014525957069703763
test,2019-09-24,13:15:00,15,independent_ou,0.068632370134147,0.06514781241044461
test,2019-09-24,13:15:00,15,flexible_moments,0.0014957510065932988,-0.03701863907748898
test,2019-09-24,13:15:00,15,heterogeneous,0.160114997767326,0.13874758802745646
test,2019-09-24,13:15:00,15,time_of_day,-0.06731923358718188,-0.052578419602898906
test,2019-09-24,13:15:00,15,factor_spy,0.03388189562788618,0.029660866624043367
test,2019-09-24,13:15:00,15,quadratic_c0_etf,0.3363663175465521,0.3426091054943015
test,2019-09-24,13:15:00,15,quadratic_c0_single,0.08748574230428274,0.07309626044894381
test,2019-09-24,13:15:00,30,quadratic_c0,0.1274033123302371,0.14999661600451347
test,2019-09-24,13:15:00,30,independent_ou,0.12678505344351687,0.12408877860350614
test,2019-09-24,13:15:00,30,flexible_moments,0.06493552105556338,0.06500606946419502
test,2019-09-24,13:15:00,30,heterogeneous,0.06720718730178665,0.05992093605069321
test,2019-09-24,13:15:00,30,time_of_day,0.09471208519616442,0.1092389801895674
test,2019-09-24,13:15:00,30,factor_spy,0.05954541229819771,0.06437043448077873
test,2019-09-24,13:15:00,30,quadratic_c0_etf,0.25556522203816645,0.27390137783439056
test,2019-09-24,13:15:00,30,quadratic_c0_single,0.0975702365098422,0.1146566313894547
test,2019-09-24,13:30:00,1,quadratic_c0,0.08094176442520068,0.07629353537393746
test,2019-09-24,13:30:00,1,independent_ou,0.02780000847878772,0.05946056748195783
test,2019-09-24,13:30:00,1,flexible_moments,0.05951706826197739,0.06637357553518664
test,2019-09-24,13:30:00,1,heterogeneous,-0.036588893852940785,-0.02307494590906356
test,2019-09-24,13:30:00,1,time_of_day,-0.08395637180511792,-0.057014022394806047
test,2019-09-24,13:30:00,1,factor_spy,0.02593011301638537,0.0484147419455736
test,2019-09-24,13:30:00,1,quadratic_c0_etf,0.19957150747775254,0.18138390198644716
test,2019-09-24,13:30:00,1,quadratic_c0_single,0.10797712921611596,0.08463655682158389
test,2019-09-24,13:30:00,5,quadratic_c0,0.10491464778776338,0.11128316271785943
test,2019-09-24,13:30:00,5,independent_ou,-0.06859492609325202,-0.05332706897228914
test,2019-09-24,13:30:00,5,flexible_moments,0.0537541624833181,0.04498001956181752
test,2019-09-24,13:30:00,5,heterogeneous,0.19941320557849257,0.16862714412653956
test,2019-09-24,13:30:00,5,time_of_day,0.05017066001064213,0.059637775535704485
test,2019-09-24,13:30:00,5,factor_spy,-0.03680916285669622,-0.02845927194789294
test,2019-09-24,13:30:00,5,quadratic_c0_etf,0.007737219561322339,0.011576130429425402
test,2019-09-24,13:30:00,5,quadratic_c0_single,0.16970945461935244,0.18413846896125857
test,2019-09-24,13:30:00,15,quadratic_c0,-0.028177796390598142,0.0019244916170418902
test,2019-09-24,13:30:00,15,independent_ou,0.08039950495149406,0.09420826782015707
test,2019-09-24,13:30:00,15,flexible_moments,-0.09114768026291648,-0.0768435878022517
test,2019-09-24,13:30:00,15,heterogeneous,0.09977491253211135,0.10052459018668347
test,2019-09-24,13:30:00,15,time_of_day,0.020424846941242802,0.04085370211930717
test,2019-09-24,13:30:00,15,factor_spy,0.05185772710238362,0.07609263683739431
test,2019-09-24,13:30:00,15,quadratic_c0_etf,0.1856873511312815,0.17418592268449856
test,2019-09-24,13:30:00,15,quadratic_c0_single,-0.05905273871312078,-0.04203269931275336
test,2019-09-24,13:30:00,30,quadratic_c0,0.04253629172680709,0.04991991082336014
test,2019-09-24,13:30:00,30,independent_ou,0.03945830947515139,0.03856777514788193
test,2019-09-24,13:30:00,30,flexible_moments,0.047480177171360355,0.04038812152302554
test,2019-09-24,13:30:00,30,heterogeneous,0.06672047305582363,0.060882120052095035
test,2019-09-24,13:30:00,30,time_of_day,0.0751622337263117,0.07241235584545469
test,2019-09-24,13:30:00,30,factor_spy,0.1596870697906301,0.15619597755493797
test,2019-09-24,13:30:00,30,quadratic_c0_etf,0.07442965634599258,0.0851177893918244
test,2019-09-24,13:30:00,30,quadratic_c0_single,0.08535951664839989,0.08095411900059468
test,2019-09-24,13:45:00,1,quadratic_c0,-0.03373539559891048,-0.004122983274684744
test,2019-09-24,13:45:00,1,independent_ou,-0.11540097364293006,-0.08446747044871242
test,2019-09-24,13:45:00,1,flexible_moments,0.024498467695789727,0.013055860479095072
test,2019-09-24,13:45:00,1,heterogeneous,-0.14795415626237163,-0.11988713315458188
test,2019-09-24,13:45:00,1,time_of_day,-0.14642034009513746,-0.11926729576354855
test,2019-09-24,13:45:00,1,factor_spy,-0.08668208267404073,-0.06758482003988098
test,2019-09-24,13:45:00,1,quadratic_c0_etf,0.16204512482848488,0.19535239742015392
test,2019-09-24,13:45:00,1,quadratic_c0_single,-0.07975055358249222,-0.0643916286151581
test,2019-09-24,13:45:00,5,quadratic_c0,-0.11894981855156667,-0.10883709826147626
test,2019-09-24,13:45:00,5,independent_ou,-0.13042649526803465,-0.10901341337618242
test,2019-09-24,13:45:00,5,flexible_moments,-0.01166169424981539,-0.01414334494361641
test,2019-09-24,13:45:00,5,heterogeneous,-0.07183805634830734,-0.05128359583168282
test,2019-09-24,13:45:00,5,time_of_day,-0.1563064958922481,-0.13042361979350153
test,2019-09-24,13:45:00,5,factor_spy,-0.14622002040397367,-0.12272717090751233
test,2019-09-24,13:45:00,5,quadratic_c0_etf,-0.11055976486458183,-0.09091459209935304
test,2019-09-24,13:45:00,5,quadratic_c0_single,-0.0817145478716769,-0.07342980730270726
test,2019-09-24,13:45:00,15,quadratic_c0,-0.30891866544961916,-0.29588220097332985
test,2019-09-24,13:45:00,15,independent_ou,-0.24482333450680735,-0.21869332101837646
test,2019-09-24,13:45:00,15,flexible_moments,-0.28169003438350365,-0.25331599509287095
test,2019-09-24,13:45:00,15,heterogeneous,-0.301502553335251,-0.27489266688817726
test,2019-09-24,13:45:00,15,time_of_day,-0.2339368626575654,-0.21252192622552235
test,2019-09-24,13:45:00,15,factor_spy,-0.12832171411632237,-0.1051189099252644
test,2019-09-24,13:45:00,15,quadratic_c0_etf,-0.28604385348470085,-0.24634974909036725
test,2019-09-24,13:45:00,15,quadratic_c0_single,-0.2569993141972596,-0.2561940087581821
test,2019-09-24,13:45:00,30,quadratic_c0,-0.19094375602354408,-0.16656112482945062
test,2019-09-24,13:45:00,30,independent_ou,-0.2660009480456331,-0.25067585636615275
test,2019-09-24,13:45:00,30,flexible_moments,-0.2386217709438125,-0.22521138674786634
test,2019-09-24,13:45:00,30,heterogeneous,-0.03731739035878928,-0.0404365551000872
test,2019-09-24,13:45:00,30,time_of_day,-0.275352117893287,-0.26547932454343903
test,2019-09-24,13:45:00,30,factor_spy,-0.25129170388253974,-0.228739281197685
test,2019-09-24,13:45:00,30,quadratic_c0_etf,-0.05060971075494941,-0.10237797652554614
test,2019-09-24,13:45:00,30,quadratic_c0_single,-0.18909718289380348,-0.16965508320988168
test,2019-09-24,14:00:00,1,quadratic_c0,-0.053604051153388566,-0.048031875267904645
test,2019-09-24,14:00:00,1,independent_ou,-0.0656134796436379,-0.10149621014556467
test,2019-09-24,14:00:00,1,flexible_moments,-0.09675452372301485,-0.06762742291465751
test,2019-09-24,14:00:00,1,heterogeneous,-0.1407647684385921,-0.14245102978762164
test,2019-09-24,14:00:00,1,time_of_day,-0.1505832176511715,-0.1497012868705349
test,2019-09-24,14:00:00,1,factor_spy,-0.03914816312842895,-0.0022828278244637623
test,2019-09-24,14:00:00,1,quadratic_c0_etf,-0.09152177903017505,-0.11106668573830314
test,2019-09-24,14:00:00,1,quadratic_c0_single,-0.02693563103698632,-0.023236570734046336
test,2019-09-24,14:00:00,5,quadratic_c0,0.16067474412999516,0.14533939736864743
test,2019-09-24,14:00:00,5,independent_ou,0.13280889064352383,0.10919582005459792
test,2019-09-24,14:00:00,5,flexible_moments,0.00860938528403661,-0.0008800064910554628
test,2019-09-24,14:00:00,5,heterogeneous,0.045751432571371986,0.0355671717342302
test,2019-09-24,14:00:00,5,time_of_day,0.1263442447016753,0.12074144035918456
test,2019-09-24,14:00:00,5,factor_spy,0.08967642782543006,0.07092858412114415
test,2019-09-24,14:00:00,5,quadratic_c0_etf,0.2675754567895303,0.21902783941935688
test,2019-09-24,14:00:00,5,quadratic_c0_single,0.15003293073496582,0.1427716714267938
test,2019-09-24,14:00:00,15,quadratic_c0,0.030967091177975845,0.024281725053506065
test,2019-09-24,14:00:00,15,independent_ou,0.0027715255385868526,0.011927669596878701
test,2019-09-24,14:00:00,15,flexible_moments,0.14625016818875936,0.1362327498548891
test,2019-09-24,14:00:00,15,heterogeneous,0.04208049651656427,0.030818482482611764
test,2019-09-24,14:00:00,15,time_of_day,0.006040116907238283,0.008528665933502363
test,2019-09-24,14:00:00,15,factor_spy,-0.007263870933446118,-0.0013641405447567118
test,2019-09-24,14:00:00,15,quadratic_c0_etf,0.4243738928160114,0.403578748685296
test,2019-09-24,14:00:00,15,quadratic_c0_single,0.1096058691525401,0.0902331549187546
test,2019-09-24,14:00:00,30,quadratic_c0,-0.06397539796338103,-0.07385677538165605
test,2019-09-24,14:00:00,30,independent_ou,-0.07861468693298443,-0.08422918117021164
test,2019-09-24,14:00:00,30,flexible_moments,-0.10627463799527861,-0.09099620856754537
test,2019-09-24,14:00:00,30,heterogeneous,-0.03473510261672366,-0.04180172397479681
test,2019-09-24,14:00:00,30,time_of_day,-0.1573083792390781,-0.1485803380790125
test,2019-09-24,14:00:00,30,factor_spy,-0.07100849918639729,-0.07196412259235266
test,2019-09-24,14:00:00,30,quadratic_c0_etf,-0.10353876058357003,-0.08485296769650899
test,2019-09-24,14:00:00,30,quadratic_c0_single,-0.01735307452351248,-0.03241499464910441
test,2019-09-24,14:15:00,1,quadratic_c0,-0.060498459733016374,-0.027040018070412675
test,2019-09-24,14:15:00,1,independent_ou,-0.08486932002652248,-0.04771732041463378
test,2019-09-24,14:15:00,1,flexible_moments,0.019555939180496196,0.02815504916168582
test,2019-09-24,14:15:00,1,heterogeneous,-0.02212610243521146,0.014990796384116767
test,2019-09-24,14:15:00,1,time_of_day,-0.08446017387751481,-0.05724578265203967
test,2019-09-24,14:15:00,1,factor_spy,-0.04632155392005233,-0.025893043421294448
test,2019-09-24,14:15:00,1,quadratic_c0_etf,0.20660822342289065,0.1769427523148081
test,2019-09-24,14:15:00,1,quadratic_c0_single,-0.047742188726295376,-0.01666983447376974
test,2019-09-24,14:15:00,5,quadratic_c0,0.1394878216550221,0.12216407092175001
test,2019-09-24,14:15:00,5,independent_ou,0.13814601472465565,0.1317420935910324
test,2019-09-24,14:15:00,5,flexible_moments,0.12519191506856225,0.12449772293363497
test,2019-09-24,14:15:00,5,heterogeneous,0.05435229213943478,0.04888613950416164
test,2019-09-24,14:15:00,5,time_of_day,0.006032788844113457,0.012204972751963139
test,2019-09-24,14:15:00,5,factor_spy,0.01805162947315754,0.0016204841797598374
test,2019-09-24,14:15:00,5,quadratic_c0_etf,0.5238047455930374,0.45175441416323053
test,2019-09-24,14:15:00,5,quadratic_c0_single,0.13638535412114977,0.1423529828966108
test,2019-09-24,14:15:00,15,quadratic_c0,-0.04476052282156828,-0.053204207568999934
test,2019-09-24,14:15:00,15,independent_ou,0.02815329679425624,-0.021017867647161376
test,2019-09-24,14:15:00,15,flexible_moments,-0.07708489195062809,-0.06692403995141036
test,2019-09-24,14:15:00,15,heterogeneous,-0.04017233159548436,-0.03541797958755419
test,2019-09-24,14:15:00,15,time_of_day,-0.09764178693386122,-0.09847684521644175
test,2019-09-24,14:15:00,15,factor_spy,0.010674694246691263,-0.014548460712493744
test,2019-09-24,14:15:00,15,quadratic_c0_etf,0.1408102251497863,0.1532161206196257
test,2019-09-24,14:15:00,15,quadratic_c0_single,0.030203715830819683,0.0048892815627581965
test,2019-09-24,14:15:00,30,quadratic_c0,0.09242254179404111,0.10563979761249685
test,2019-09-24,14:15:00,30,independent_ou,0.014788944340558885,0.033279347484510266
test,2019-09-24,14:15:00,30,flexible_moments,0.015830751714622893,0.03715805416087696
test,2019-09-24,14:15:00,30,heterogeneous,0.0005406780524652433,0.014912040902913273
test,2019-09-24,14:15:00,30,time_of_day,-0.024857629301110712,-0.007779909882195124
test,2019-09-24,14:15:00,30,factor_spy,0.07272476439294343,0.08566268248322532
test,2019-09-24,14:15:00,30,quadratic_c0_etf,0.016877144779577857,0.021139667614567495
test,2019-09-24,14:15:00,30,quadratic_c0_single,0.13143899913366128,0.15014845356093331
test,2019-09-24,14:30:00,1,quadratic_c0,0.12685994547006893,0.12031642055819466
test,2019-09-24,14:30:00,1,independent_ou,0.010173000950749217,0.03259595241583321
test,2019-09-24,14:30:00,1,flexible_moments,0.054286282907084454,0.07337442732165234
test,2019-09-24,14:30:00,1,heterogeneous,0.15515735988239324,0.18544567428446154
test,2019-09-24,14:30:00,1,time_of_day,0.011958321428819835,0.03700246936107898
test,2019-09-24,14:30:00,1,factor_spy,0.06309676962013946,0.05205390502100646
test,2019-09-24,14:30:00,1,quadratic_c0_etf,0.44914554153160546,0.36291071069177017
test,2019-09-24,14:30:00,1,quadratic_c0_single,0.05709208381893485,0.054285716908303444
test,2019-09-24,14:30:00,5,quadratic_c0,0.06545454572583329,0.07517888775801063
test,2019-09-24,14:30:00,5,independent_ou,-0.01043562943149215,-0.002493648938003079
test,2019-09-24,14:30:00,5,flexible_moments,-0.11684315210494803,-0.09981880085750178
test,2019-09-24,14:30:00,5,heterogeneous,0.004140548941392902,0.01811162825859733
test,2019-09-24,14:30:00,5,time_of_day,-0.09972238838377945,-0.09706497474254858
test,2019-09-24,14:30:00,5,factor_spy,0.012791963693722125,0.016850785925702993
test,2019-09-24,14:30:00,5,quadratic_c0_etf,0.30483915950038754,0.2605286679997169
test,2019-09-24,14:30:00,5,quadratic_c0_single,0.05591739179272895,0.06526192468094777
test,2019-09-24,14:30:00,15,quadratic_c0,0.08010326739221268,0.09387827181093926
test,2019-09-24,14:30:00,15,independent_ou,0.0799762990347423,0.03490796267449815
test,2019-09-24,14:30:00,15,flexible_moments,0.014265983739477406,-0.007182609187294825
test,2019-09-24,14:30:00,15,heterogeneous,0.04827073313035879,0.055830755352911696
test,2019-09-24,14:30:00,15,time_of_day,-0.010067300305824478,-0.001542667643761042
test,2019-09-24,14:30:00,15,factor_spy,0.05241280249246674,0.06101681861454851
test,2019-09-24,14:30:00,15,quadratic_c0_etf,0.2584690207759569,0.22120934185182972
test,2019-09-24,14:30:00,15,quadratic_c0_single,0.053854573838792164,0.06415722727093713
test,2019-09-24,14:30:00,30,quadratic_c0,0.013516336029242543,0.0225914702972944
test,2019-09-24,14:30:00,30,independent_ou,0.05138745151356802,0.03927620457483187
test,2019-09-24,14:30:00,30,flexible_moments,0.0034677003128864847,0.010849046880550953
test,2019-09-24,14:30:00,30,heterogeneous,0.021224605397114682,0.01624451024255945
test,2019-09-24,14:30:00,30,time_of_day,-0.05622970156380043,-0.03267479189912198
test,2019-09-24,14:30:00,30,factor_spy,0.004108087765765517,0.0210110486606757
test,2019-09-24,14:30:00,30,quadratic_c0_etf,0.17562398589993294,0.1514323075926559
test,2019-09-24,14:30:00,30,quadratic_c0_single,0.043515347162377954,0.039322264800982845
test,2019-09-24,14:45:00,1,quadratic_c0,0.061420191475474034,0.04224190666682365
test,2019-09-24,14:45:00,1,independent_ou,0.09662459909605192,0.07341960255139807
test,2019-09-24,14:45:00,1,flexible_moments,0.07815144806567598,0.07716407182735344
test,2019-09-24,14:45:00,1,heterogeneous,0.043324829880513116,0.0293580951980891
test,2019-09-24,14:45:00,1,time_of_day,-0.0168936415891926,-0.013568464982296163
test,2019-09-24,14:45:00,1,factor_spy,0.05834846852770495,0.03999708629915305
test,2019-09-24,14:45:00,1,quadratic_c0_etf,0.151641173610969,0.08622687429508633
test,2019-09-24,14:45:00,1,quadratic_c0_single,0.11425332553433806,0.09857949988064385
test,2019-09-24,14:45:00,5,quadratic_c0,-0.03746271586806624,-0.010158123918815487
test,2019-09-24,14:45:00,5,independent_ou,-0.0018321151909551914,-0.01516767548325823
test,2019-09-24,14:45:00,5,flexible_moments,-0.02847812062554894,-0.03381246832099341
test,2019-09-24,14:45:00,5,heterogeneous,0.06740596360245807,0.11146285338314427
test,2019-09-24,14:45:00,5,time_of_day,-0.08547974676618841,-0.05259079188259161
test,2019-09-24,14:45:00,5,factor_spy,-0.0508021276770286,-0.025488324965827786
test,2019-09-24,14:45:00,5,quadratic_c0_etf,-0.028780568401699708,0.02028365770495988
test,2019-09-24,14:45:00,5,quadratic_c0_single,0.011048764525967786,0.028894879018316777
test,2019-09-24,14:45:00,15,quadratic_c0,0.047642792135926204,0.05824998162155179
test,2019-09-24,14:45:00,15,independent_ou,-0.06737581589931191,-0.06987263429725388
test,2019-09-24,14:45:00,15,flexible_moments,-0.03842580065039494,-0.04704465977052491
test,2019-09-24,14:45:00,15,heterogeneous,0.024336471909957885,0.04431029104693904
test,2019-09-24,14:45:00,15,time_of_day,-0.07934204784380709,-0.06926692427480101
test,2019-09-24,14:45:00,15,factor_spy,-0.08781508538693136,-0.0797216975270854
test,2019-09-24,14:45:00,15,quadratic_c0_etf,0.20245380152034673,0.22379211838934981
test,2019-09-24,14:45:00,15,quadratic_c0_single,0.022951198023558855,0.011799438550261193
test,2019-09-24,14:45:00,30,quadratic_c0,0.010757539080354594,0.04708262212816863
test,2019-09-24,14:45:00,30,independent_ou,-0.09619977618749961,-0.049605429205981516
test,2019-09-24,14:45:00,30,flexible_moments,-0.07226630553220645,-0.019811602849435034
test,2019-09-24,14:45:00,30,heterogeneous,0.17281840708866833,0.21770262085243644
test,2019-09-24,14:45:00,30,time_of_day,-0.06160656728368824,-0.023111059868121175
test,2019-09-24,14:45:00,30,factor_spy,-0.01604119424928932,-0.008356680786742232
test,2019-09-24,14:45:00,30,quadratic_c0_etf,0.24585198264999356,0.26181446374106765
test,2019-09-24,14:45:00,30,quadratic_c0_single,-0.015060702835213408,0.016136629617167803
test,2019-09-24,15:00:00,1,quadratic_c0,0.04080801968651884,0.044708292192287946
test,2019-09-24,15:00:00,1,independent_ou,0.07899043693446214,0.07346405719634144
test,2019-09-24,15:00:00,1,flexible_moments,0.038779645787044764,0.0387542383796389
test,2019-09-24,15:00:00,1,heterogeneous,-0.0071685812232872015,-0.016951354637089522
test,2019-09-24,15:00:00,1,time_of_day,-0.05564385632604921,-0.057528242515132305
test,2019-09-24,15:00:00,1,factor_spy,-0.039926938787713306,-0.03448329255887264
test,2019-09-24,15:00:00,1,quadratic_c0_etf,0.19422512158528885,0.20581086871584978
test,2019-09-24,15:00:00,1,quadratic_c0_single,0.039440094516265095,0.029369732060360337
test,2019-09-24,15:00:00,5,quadratic_c0,-0.05899160192753741,-0.061363560366245073
test,2019-09-24,15:00:00,5,independent_ou,0.03492937482755479,0.02472357412545015
test,2019-09-24,15:00:00,5,flexible_moments,0.00468737047153911,0.0047941091089588606
test,2019-09-24,15:00:00,5,heterogeneous,-0.07252672672067026,-0.08320916440497125
test,2019-09-24,15:00:00,5,time_of_day,-0.030882682671302397,-0.038923279548825546
test,2019-09-24,15:00:00,5,factor_spy,-0.028407210112015358,-0.04396725561334036
test,2019-09-24,15:00:00,5,quadratic_c0_etf,0.30373623512866754,0.27036983204672116
test,2019-09-24,15:00:00,5,quadratic_c0_single,-0.0197570429733048,-0.04963325137122121
test,2019-09-24,15:00:00,15,quadratic_c0,0.07762469105679032,0.07081823277334252
test,2019-09-24,15:00:00,15,independent_ou,-0.019079692382837674,-0.020198081711919794
test,2019-09-24,15:00:00,15,flexible_moments,0.004918999135611946,0.0006066602241783792
test,2019-09-24,15:00:00,15,heterogeneous,-0.011448125776163276,-0.0094153386347096
test,2019-09-24,15:00:00,15,time_of_day,0.018413549955569042,0.02284723726957842
test,2019-09-24,15:00:00,15,factor_spy,0.09076324280217127,0.0883117258891525
test,2019-09-24,15:00:00,15,quadratic_c0_etf,0.2846660158778741,0.298620013495059
test,2019-09-24,15:00:00,15,quadratic_c0_single,0.020992213090260753,0.00671818237526646
test,2019-09-24,15:00:00,30,quadratic_c0,0.10077686285663762,0.09257199346316396
test,2019-09-24,15:00:00,30,independent_ou,0.08477621866842844,0.060508608405759404
test,2019-09-24,15:00:00,30,flexible_moments,0.1177049099209854,0.10565944365193576
test,2019-09-24,15:00:00,30,heterogeneous,0.10677064447382331,0.07319809794632513
test,2019-09-24,15:00:00,30,time_of_day,0.04259936175738818,0.03398642970081765
test,2019-09-24,15:00:00,30,factor_spy,0.10493035521177332,0.08442073333187954
test,2019-09-24,15:00:00,30,quadratic_c0_etf,0.22470459606775073,0.18659464230926964
test,2019-09-24,15:00:00,30,quadratic_c0_single,0.16942256170479802,0.135557109464922
test,2019-09-24,15:15:00,1,quadratic_c0,0.05792207279231201,0.05439153694352444
test,2019-09-24,15:15:00,1,independent_ou,-0.0017567225012139476,-0.006140455357111357
test,2019-09-24,15:15:00,1,flexible_moments,0.005488102029401171,0.0028962139735357606
test,2019-09-24,15:15:00,1,heterogeneous,0.061359843479869836,0.03972332389401689
test,2019-09-24,15:15:00,1,time_of_day,-0.09498771131958808,-0.0777797317557694
test,2019-09-24,15:15:00,1,factor_spy,-0.018068530422501866,-0.01246209981048732
test,2019-09-24,15:15:00,1,quadratic_c0_etf,0.0956891215025232,0.06162860667776801
test,2019-09-24,15:15:00,1,quadratic_c0_single,0.12539301938722178,0.1365313958757498
test,2019-09-24,15:15:00,5,quadratic_c0,-0.009089040084676314,-0.004215565389847076
test,2019-09-24,15:15:00,5,independent_ou,-0.02938179041077102,-0.017319305523107842
test,2019-09-24,15:15:00,5,flexible_moments,0.10379130886009694,0.09890996264532109
test,2019-09-24,15:15:00,5,heterogeneous,-0.056667956419481774,-0.05355123014923657
test,2019-09-24,15:15:00,5,time_of_day,-0.10374300754357668,-0.07686265142480886
test,2019-09-24,15:15:00,5,factor_spy,-0.033864464515928894,-0.0248473270482287
test,2019-09-24,15:15:00,5,quadratic_c0_etf,-0.01735358646196719,0.008418638718017457
test,2019-09-24,15:15:00,5,quadratic_c0_single,0.0799584238175238,0.09837588198856273
test,2019-09-24,15:15:00,15,quadratic_c0,-0.04453397812468138,-0.03613494650780315
test,2019-09-24,15:15:00,15,independent_ou,-0.017843344836733943,-0.024482540076966874
test,2019-09-24,15:15:00,15,flexible_moments,0.04759113215030722,0.020351394734603873
test,2019-09-24,15:15:00,15,heterogeneous,0.10446590615426124,0.11533390693182591
test,2019-09-24,15:15:00,15,time_of_day,-0.03485598099787407,-0.027001005966823338
test,2019-09-24,15:15:00,15,factor_spy,-0.039601559626991384,-0.025490233103474272
test,2019-09-24,15:15:00,15,quadratic_c0_etf,0.33104043797822436,0.3340104103483108
test,2019-09-24,15:15:00,15,quadratic_c0_single,0.00693391027689827,-0.0004814568151967069
test,2019-09-24,15:15:00,30,quadratic_c0,-0.04224251690640268,-0.03731154288569752
test,2019-09-24,15:15:00,30,independent_ou,-0.0013246873445217355,0.014308830083036211
test,2019-09-24,15:15:00,30,flexible_moments,0.060450245672885816,0.06826530690407631
test,2019-09-24,15:15:00,30,heterogeneous,-0.014805522146050937,-0.00713287236631116
test,2019-09-24,15:15:00,30,time_of_day,-0.0741234421042091,-0.06740174413518857
test,2019-09-24,15:15:00,30,factor_spy,-0.041036141055591835,-0.06776013813141368
test,2019-09-24,15:15:00,30,quadratic_c0_etf,0.043715269879196605,0.06079585411533958
test,2019-09-24,15:15:00,30,quadratic_c0_single,-0.04083587487388132,-0.03155798419195885
test,2019-09-24,15:30:00,1,quadratic_c0,0.036528130316570484,0.029127439756462925
test,2019-09-24,15:30:00,1,independent_ou,-0.016748943326362814,0.005257280599694825
test,2019-09-24,15:30:00,1,flexible_moments,0.13580012851267195,0.11374625853296441
test,2019-09-24,15:30:00,1,heterogeneous,-0.08750614580370054,-0.06049410323519594
test,2019-09-24,15:30:00,1,time_of_day,-0.03824243375713912,-0.025478715793600573
test,2019-09-24,15:30:00,1,factor_spy,-0.06000590226226013,-0.038228942294356985
test,2019-09-24,15:30:00,1,quadratic_c0_etf,0.06397836924384767,0.06977157896448571
test,2019-09-24,15:30:00,1,quadratic_c0_single,0.12107221707664087,0.11376293083975628
test,2019-09-24,15:30:00,5,quadratic_c0,-0.014147134603687217,0.003051144881349832
test,2019-09-24,15:30:00,5,independent_ou,0.06321274693222842,0.0641359834930898
test,2019-09-24,15:30:00,5,flexible_moments,0.06346490073567707,0.05272707217706282
test,2019-09-24,15:30:00,5,heterogeneous,0.011580154468209314,0.03479668436735628
test,2019-09-24,15:30:00,5,time_of_day,-0.0045310048284155635,0.009849489099639896
test,2019-09-24,15:30:00,5,factor_spy,0.022762248500448445,0.05550003038057408
test,2019-09-24,15:30:00,5,quadratic_c0_etf,0.06538134505240611,0.06742062748466426
test,2019-09-24,15:30:00,5,quadratic_c0_single,0.0345610133476891,0.0311959453239872
test,2019-09-24,15:30:00,15,quadratic_c0,0.17286850425327863,0.16732999808284785
test,2019-09-24,15:30:00,15,independent_ou,0.03400969700011458,0.00311921017081096
test,2019-09-24,15:30:00,15,flexible_moments,-0.03221344609239429,-0.0400909638380305
test,2019-09-24,15:30:00,15,heterogeneous,0.03210424811663365,0.0360795354267722
test,2019-09-24,15:30:00,15,time_of_day,0.015185161734843522,0.006307583639852066
test,2019-09-24,15:30:00,15,factor_spy,0.032657526445024426,0.007531575610581681
test,2019-09-24,15:30:00,15,quadratic_c0_etf,0.11568943398482714,0.08324439376065765
test,2019-09-24,15:30:00,15,quadratic_c0_single,0.2142900638902279,0.20095325330412653
test,2019-09-24,15:45:00,1,quadratic_c0,-0.0065198860070934395,0.003937471052383568
test,2019-09-24,15:45:00,1,independent_ou,-0.02907730954525714,0.0006713845776053495
test,2019-09-24,15:45:00,1,flexible_moments,-0.017591616875650112,0.006926454169883051
test,2019-09-24,15:45:00,1,heterogeneous,0.03777252508502402,0.07121638957293022
test,2019-09-24,15:45:00,1,time_of_day,-0.03131060370174221,-0.005288361178084178
test,2019-09-24,15:45:00,1,factor_spy,-0.02345293912225016,0.0030978736889940017
test,2019-09-24,15:45:00,1,quadratic_c0_etf,0.2544358577161242,0.26994168717109857
test,2019-09-24,15:45:00,1,quadratic_c0_single,0.007255976971926675,0.03898926018140059
test,2019-09-24,15:45:00,5,quadratic_c0,0.030204160346282635,0.04893254975211833
test,2019-09-24,15:45:00,5,independent_ou,0.03204258537917333,0.0318729149299478
test,2019-09-24,15:45:00,5,flexible_moments,-0.0023379226058777985,0.013135894157550052
test,2019-09-24,15:45:00,5,heterogeneous,0.03495045049705574,0.03398792606830939
test,2019-09-24,15:45:00,5,time_of_day,0.03937890218976241,0.0526756030241779
test,2019-09-24,15:45:00,5,factor_spy,-0.007246526341235557,-0.004711019026544638
test,2019-09-24,15:45:00,5,quadratic_c0_etf,0.3796531870312219,0.35319945673930414
test,2019-09-24,15:45:00,5,quadratic_c0_single,0.03290928057901908,0.024040356563463372
test_fixed_am_pm,2019-09-24,10:00:00,300,quadratic_c0,0.008348554883928966,0.002966560595352108
test_fixed_am_pm,2019-09-24,10:00:00,300,independent_ou,0.01481850045277383,0.006070190913661164
test,2019-09-25,09:45:00,1,quadratic_c0,-0.07588764352393423,-0.06936373071595997
test,2019-09-25,09:45:00,1,independent_ou,-0.05977485416343131,-0.05813311893028256
test,2019-09-25,09:45:00,1,flexible_moments,-0.008740889181185596,-0.0010847799846516182
test,2019-09-25,09:45:00,1,heterogeneous,-0.157603418918642,-0.1599414185673025
test,2019-09-25,09:45:00,1,time_of_day,-0.3023516422260566,-0.28981297255993466
test,2019-09-25,09:45:00,1,factor_spy,-0.04629002513692304,-0.05870223100666494
test,2019-09-25,09:45:00,1,quadratic_c0_etf,-0.18968310314543435,-0.17070993949323332
test,2019-09-25,09:45:00,1,quadratic_c0_single,-0.0020604128403388655,0.006691967091595308
test,2019-09-25,09:45:00,5,quadratic_c0,-0.15835155463289224,-0.16361795763182244
test,2019-09-25,09:45:00,5,independent_ou,-0.17290063087762864,-0.1715050744321636
test,2019-09-25,09:45:00,5,flexible_moments,-0.12592145760427548,-0.1371017351382146
test,2019-09-25,09:45:00,5,heterogeneous,-0.2458936407009289,-0.2749920408415688
test,2019-09-25,09:45:00,5,time_of_day,-0.24970420988908676,-0.2602989809458799
test,2019-09-25,09:45:00,5,factor_spy,-0.18823632990520597,-0.19731998493231026
test,2019-09-25,09:45:00,5,quadratic_c0_etf,-0.21561436341763937,-0.22075401495880773
test,2019-09-25,09:45:00,5,quadratic_c0_single,-0.10898951635569976,-0.10751307389781739
test,2019-09-25,09:45:00,15,quadratic_c0,-0.21016376735362244,-0.2355469791451726
test,2019-09-25,09:45:00,15,independent_ou,-0.22275911167571807,-0.23615624087535028
test,2019-09-25,09:45:00,15,flexible_moments,-0.15813155802543405,-0.14497008021005117
test,2019-09-25,09:45:00,15,heterogeneous,-0.24548483101761254,-0.2460211135143191
test,2019-09-25,09:45:00,15,time_of_day,-0.29356967901372233,-0.28549097487735486
test,2019-09-25,09:45:00,15,factor_spy,-0.17226478650395585,-0.16716569805430564
test,2019-09-25,09:45:00,15,quadratic_c0_etf,-0.10679214953381427,-0.18622825835651005
test,2019-09-25,09:45:00,15,quadratic_c0_single,-0.22648637630803342,-0.2231089276168941
test,2019-09-25,09:45:00,30,quadratic_c0,-0.07448939504638302,-0.048900149341274124
test,2019-09-25,09:45:00,30,independent_ou,-0.18223782585672177,-0.14689329683874272
test,2019-09-25,09:45:00,30,flexible_moments,-0.12353611249846588,-0.09545941962508708
test,2019-09-25,09:45:00,30,heterogeneous,-0.1144944287287234,-0.09001237226890904
test,2019-09-25,09:45:00,30,time_of_day,-0.16895722296443397,-0.13498635263774228
test,2019-09-25,09:45:00,30,factor_spy,-0.10156881377744204,-0.08394763373919745
test,2019-09-25,09:45:00,30,quadratic_c0_etf,-0.0022225395392809766,0.03904676121846512
test,2019-09-25,09:45:00,30,quadratic_c0_single,-0.06906352903876878,-0.049395642087852465
test,2019-09-25,10:00:00,1,quadratic_c0,0.03799650891894521,0.03955681566576394
test,2019-09-25,10:00:00,1,independent_ou,-0.011852766221058547,-0.005560708253799701
test,2019-09-25,10:00:00,1,flexible_moments,0.04261657353310064,0.05424802361744557
test,2019-09-25,10:00:00,1,heterogeneous,0.009468443778838737,0.01615695023480171
test,2019-09-25,10:00:00,1,time_of_day,-0.11398282341064525,-0.09195151189948379
test,2019-09-25,10:00:00,1,factor_spy,-0.02189523802685614,-0.01704654094436861
test,2019-09-25,10:00:00,1,quadratic_c0_etf,0.32056009090059523,0.32441620467980226
test,2019-09-25,10:00:00,1,quadratic_c0_single,-0.01307701089454627,-0.011945983428532092
test,2019-09-25,10:00:00,5,quadratic_c0,0.046942247309899265,0.03254126359029867
test,2019-09-25,10:00:00,5,independent_ou,0.040825024277459904,0.03606366553657049
test,2019-09-25,10:00:00,5,flexible_moments,0.14789122984567002,0.14579511959154678
test,2019-09-25,10:00:00,5,heterogeneous,-0.009483415463984957,-0.00759942319740238
test,2019-09-25,10:00:00,5,time_of_day,0.011922336055766897,3.494089493746855e-05
test,2019-09-25,10:00:00,5,factor_spy,0.07291589957221081,0.05727323457293827
test,2019-09-25,10:00:00,5,quadratic_c0_etf,0.17151314216321104,0.1611464206110348
test,2019-09-25,10:00:00,5,quadratic_c0_single,0.04022001427495592,0.016300147339766105
test,2019-09-25,10:00:00,15,quadratic_c0,0.10583912617083205,0.11101629021857085
test,2019-09-25,10:00:00,15,independent_ou,0.010259322991481107,0.029796980123325628
test,2019-09-25,10:00:00,15,flexible_moments,0.17031963365049377,0.11836145451478619
test,2019-09-25,10:00:00,15,heterogeneous,0.06823389700901825,0.07792624619706154
test,2019-09-25,10:00:00,15,time_of_day,0.0063287102353755675,0.01825523641509913
test,2019-09-25,10:00:00,15,factor_spy,0.06750134693507856,0.05116722800987175
test,2019-09-25,10:00:00,15,quadratic_c0_etf,0.32293041095740393,0.34068504576238395
test,2019-09-25,10:00:00,15,quadratic_c0_single,0.19018072410543238,0.18484557028522425
test,2019-09-25,10:00:00,30,quadratic_c0,0.006905337138418788,0.011078512330132378
test,2019-09-25,10:00:00,30,independent_ou,-0.06786084323831629,-0.0480225346483758
test,2019-09-25,10:00:00,30,flexible_moments,-0.019820659390670736,-0.015459515606148166
test,2019-09-25,10:00:00,30,heterogeneous,-0.0714190987831437,-0.09209668478617698
test,2019-09-25,10:00:00,30,time_of_day,-0.06386526014041607,-0.050450133647121365
test,2019-09-25,10:00:00,30,factor_spy,-0.046225303809882295,-0.0545041417808082
test,2019-09-25,10:00:00,30,quadratic_c0_etf,0.6442987703337215,0.6417744667694647
test,2019-09-25,10:00:00,30,quadratic_c0_single,-0.057419411514402746,-0.05405132758333689
test,2019-09-25,10:15:00,1,quadratic_c0,0.015148990582601912,0.020613129491889565
test,2019-09-25,10:15:00,1,independent_ou,-0.057763841429547824,-0.04551055837993068
test,2019-09-25,10:15:00,1,flexible_moments,0.019935920716914884,0.037389587241183325
test,2019-09-25,10:15:00,1,heterogeneous,0.1510147199094851,0.14823098576781804
test,2019-09-25,10:15:00,1,time_of_day,-0.03282462031666736,-0.009655638598843996
test,2019-09-25,10:15:00,1,factor_spy,-0.06267498346628089,-0.03763929960194562
test,2019-09-25,10:15:00,1,quadratic_c0_etf,0.3797386825517428,0.36631617299832997
test,2019-09-25,10:15:00,1,quadratic_c0_single,-0.003167867863161977,0.002335249000930406
test,2019-09-25,10:15:00,5,quadratic_c0,0.13710851903836913,0.0996052847451436
test,2019-09-25,10:15:00,5,independent_ou,0.12571636565246425,0.1070500303156916
test,2019-09-25,10:15:00,5,flexible_moments,0.15003712613555784,0.07487057768306948
test,2019-09-25,10:15:00,5,heterogeneous,0.01695651913725507,0.007497429722409049
test,2019-09-25,10:15:00,5,time_of_day,-0.022174330474349066,-0.02439627439678664
test,2019-09-25,10:15:00,5,factor_spy,0.06689390276441065,0.05255108868660063
test,2019-09-25,10:15:00,5,quadratic_c0_etf,0.22251599270074637,0.1941244100115158
test,2019-09-25,10:15:00,5,quadratic_c0_single,0.1556436554471717,0.1187012641956445
test,2019-09-25,10:15:00,15,quadratic_c0,-0.06340092858649485,-0.04443991611566364
test,2019-09-25,10:15:00,15,independent_ou,-0.013359250674410295,0.004274285225415897
test,2019-09-25,10:15:00,15,flexible_moments,-0.0907170450034013,-0.05584026754323025
test,2019-09-25,10:15:00,15,heterogeneous,-0.026143531888621285,-0.0024342087398958323
test,2019-09-25,10:15:00,15,time_of_day,-0.0780033365938485,-0.04467297954500046
test,2019-09-25,10:15:00,15,factor_spy,-0.00961308468684069,0.014146369712973728
test,2019-09-25,10:15:00,15,quadratic_c0_etf,0.09435322650487857,0.0706466462443541
test,2019-09-25,10:15:00,15,quadratic_c0_single,-0.04346688956590802,-0.023465383951505936
test,2019-09-25,10:15:00,30,quadratic_c0,-0.02915503077633097,-0.025191408435030288
test,2019-09-25,10:15:00,30,independent_ou,-0.04543334231761886,-0.060287360798918985
test,2019-09-25,10:15:00,30,flexible_moments,-0.01734139664614917,-0.02879826349752665
test,2019-09-25,10:15:00,30,heterogeneous,0.061049754926391336,-0.030428854859202797
test,2019-09-25,10:15:00,30,time_of_day,-0.08978598540728057,-0.08574088001341423
test,2019-09-25,10:15:00,30,factor_spy,0.008968592320610341,-0.01692499309968773
test,2019-09-25,10:15:00,30,quadratic_c0_etf,0.1593628972929149,0.1366502377054187
test,2019-09-25,10:15:00,30,quadratic_c0_single,-0.06175360033559668,-0.06656863960973819
test,2019-09-25,10:30:00,1,quadratic_c0,-0.0887368576707023,-0.07737032114646503
test,2019-09-25,10:30:00,1,independent_ou,0.12229055432530955,0.1156999850552915
test,2019-09-25,10:30:00,1,flexible_moments,0.11680352949007322,0.12084740186081028
test,2019-09-25,10:30:00,1,heterogeneous,0.0870094794284424,0.09887981698795234
test,2019-09-25,10:30:00,1,time_of_day,-0.04214030796548471,-0.033464042728559434
test,2019-09-25,10:30:00,1,factor_spy,-0.032543004844328066,-0.021910495830388482
test,2019-09-25,10:30:00,1,quadratic_c0_etf,0.12470473451428177,0.1322170016042215
test,2019-09-25,10:30:00,1,quadratic_c0_single,-0.11067926080961718,-0.11095547455396888
test,2019-09-25,10:30:00,5,quadratic_c0,0.06824379783951362,0.015483086623990894
test,2019-09-25,10:30:00,5,independent_ou,-0.027281241914185683,-0.00813806144182988
test,2019-09-25,10:30:00,5,flexible_moments,-0.012149946664832767,-0.02357848560888387
test,2019-09-25,10:30:00,5,heterogeneous,-0.01858596481669683,-0.03822326263083903
test,2019-09-25,10:30:00,5,time_of_day,-0.05930694426038513,-0.05559815895729442
test,2019-09-25,10:30:00,5,factor_spy,-0.011874578993035734,-0.004489824001185749
test,2019-09-25,10:30:00,5,quadratic_c0_etf,0.1919136627852056,0.12521445472590942
test,2019-09-25,10:30:00,5,quadratic_c0_single,0.05244446253048063,-0.004845923373954286
test,2019-09-25,10:30:00,15,quadratic_c0,-0.11721270217815234,-0.09632441090265076
test,2019-09-25,10:30:00,15,independent_ou,-0.034031742994899916,-0.018047941013793284
test,2019-09-25,10:30:00,15,flexible_moments,-0.048545746631271314,-0.04269344378192769
test,2019-09-25,10:30:00,15,heterogeneous,-0.06710204635903538,-0.05263063634215778
test,2019-09-25,10:30:00,15,time_of_day,-0.1102823324661709,-0.08839761573882973
test,2019-09-25,10:30:00,15,factor_spy,0.08780130018019411,0.08801058738143075
test,2019-09-25,10:30:00,15,quadratic_c0_etf,0.1841637590811312,0.13452759292836441
test,2019-09-25,10:30:00,15,quadratic_c0_single,-0.050455312144977754,-0.02956911669815107
test,2019-09-25,10:30:00,30,quadratic_c0,-0.09939811031052068,-0.08483719321640035
test,2019-09-25,10:30:00,30,independent_ou,0.033877346338334724,0.05294722302699212
test,2019-09-25,10:30:00,30,flexible_moments,-0.05396276054504326,-0.06290971500372533
test,2019-09-25,10:30:00,30,heterogeneous,-0.13669150725828552,-0.1061401433065675
test,2019-09-25,10:30:00,30,time_of_day,-0.12230094997373941,-0.10150766836415193
test,2019-09-25,10:30:00,30,factor_spy,-0.022847696367452458,-0.007548836146175936
test,2019-09-25,10:30:00,30,quadratic_c0_etf,0.13176574788460382,0.12860309978215856
test,2019-09-25,10:30:00,30,quadratic_c0_single,-0.09007119093681362,-0.07794856253133109
test,2019-09-25,10:45:00,1,quadratic_c0,0.04590086324913037,0.03830284111733209
test,2019-09-25,10:45:00,1,independent_ou,0.059269522310500755,0.04877349484207538
test,2019-09-25,10:45:00,1,flexible_moments,-0.014220179234469332,-0.012235458644419717
test,2019-09-25,10:45:00,1,heterogeneous,-0.028229568372847777,-0.03655553444612811
test,2019-09-25,10:45:00,1,time_of_day,-0.026017665347875835,-0.025666021643002093
test,2019-09-25,10:45:00,1,factor_spy,0.05148260599965784,0.04459328281190744
test,2019-09-25,10:45:00,1,quadratic_c0_etf,0.05296959938595619,0.05968779975914368
test,2019-09-25,10:45:00,1,quadratic_c0_single,0.09579798117161575,0.08353571733624054
test,2019-09-25,10:45:00,5,quadratic_c0,0.04005770445390705,0.03177675427651028
test,2019-09-25,10:45:00,5,independent_ou,0.052110495056787526,0.05242436208239096
test,2019-09-25,10:45:00,5,flexible_moments,-0.01918650472325123,-0.018180997754988312
test,2019-09-25,10:45:00,5,heterogeneous,0.008009448150376686,-0.005872000603460992
test,2019-09-25,10:45:00,5,time_of_day,-0.06332114522874326,-0.054036243418436866
test,2019-09-25,10:45:00,5,factor_spy,0.10473296915125943,0.09387585247897168
test,2019-09-25,10:45:00,5,quadratic_c0_etf,0.25247668167669957,0.08831733290339883
test,2019-09-25,10:45:00,5,quadratic_c0_single,0.07446172015871197,0.07031846713501971
test,2019-09-25,10:45:00,15,quadratic_c0,0.18404059443992166,0.1815294507461069
test,2019-09-25,10:45:00,15,independent_ou,0.20126437957288745,0.20217257641842332
test,2019-09-25,10:45:00,15,flexible_moments,-0.010969757353843007,-0.00045788826853866704
test,2019-09-25,10:45:00,15,heterogeneous,0.24141336733987317,0.2211007520998047
test,2019-09-25,10:45:00,15,time_of_day,0.03727999736365212,0.03532872337935014
test,2019-09-25,10:45:00,15,factor_spy,0.12903373348028715,0.12709770806164583
test,2019-09-25,10:45:00,15,quadratic_c0_etf,0.3826350972469749,0.3511382194998076
test,2019-09-25,10:45:00,15,quadratic_c0_single,0.14794281725085268,0.14999992921497307
test,2019-09-25,10:45:00,30,quadratic_c0,0.04436878900344893,0.036718308631752794
test,2019-09-25,10:45:00,30,independent_ou,-0.029996484685867825,-0.032194142132759784
test,2019-09-25,10:45:00,30,flexible_moments,-0.10295836787660156,-0.11013403724957083
test,2019-09-25,10:45:00,30,heterogeneous,-0.008478413117352368,-0.018199847580998685
test,2019-09-25,10:45:00,30,time_of_day,-0.056451706419952924,-0.0727370789478907
test,2019-09-25,10:45:00,30,factor_spy,-0.07164614744734815,-0.09686338476294348
test,2019-09-25,10:45:00,30,quadratic_c0_etf,0.12765862776929676,0.10550479698766341
test,2019-09-25,10:45:00,30,quadratic_c0_single,0.02665927714640809,0.015783290436475583
test,2019-09-25,11:00:00,1,quadratic_c0,0.0021196715521042964,-0.0012658750193564466
test,2019-09-25,11:00:00,1,independent_ou,-0.007819339416814092,-0.007889974521143275
test,2019-09-25,11:00:00,1,flexible_moments,0.014232715125709006,0.007415064109953962
test,2019-09-25,11:00:00,1,heterogeneous,0.1141290065741015,0.0662001429720877
test,2019-09-25,11:00:00,1,time_of_day,0.03631562351597442,0.04748395845633635
test,2019-09-25,11:00:00,1,factor_spy,0.07192396389434247,0.03724055638580118
test,2019-09-25,11:00:00,1,quadratic_c0_etf,0.19025783351137762,0.16696365799315133
test,2019-09-25,11:00:00,1,quadratic_c0_single,0.04711902455908759,0.029798676217237974
test,2019-09-25,11:00:00,5,quadratic_c0,0.0024576135482572703,-0.0011783332803789737
test,2019-09-25,11:00:00,5,independent_ou,-0.005250647912875772,0.00781864039551114
test,2019-09-25,11:00:00,5,flexible_moments,-0.0050213063109367795,-0.008378319843787063
test,2019-09-25,11:00:00,5,heterogeneous,-0.030138345052628232,-0.02196033777885581
test,2019-09-25,11:00:00,5,time_of_day,-0.04796563210503654,-0.0420797594436009
test,2019-09-25,11:00:00,5,factor_spy,0.02635831278695261,0.03558724135136604
test,2019-09-25,11:00:00,5,quadratic_c0_etf,0.0474853964983408,0.016126440956811844
test,2019-09-25,11:00:00,5,quadratic_c0_single,0.011641679819487216,0.0038878354116501646
test,2019-09-25,11:00:00,15,quadratic_c0,0.05922027284888226,0.06733318221473533
test,2019-09-25,11:00:00,15,independent_ou,-0.012667869961821288,-0.028655158501800088
test,2019-09-25,11:00:00,15,flexible_moments,-0.15796522453884443,-0.15868696498908086
test,2019-09-25,11:00:00,15,heterogeneous,0.046907992902291196,-0.01224135994666331
test,2019-09-25,11:00:00,15,time_of_day,-0.10097924254615445,-0.09982892400858415
test,2019-09-25,11:00:00,15,factor_spy,-0.057636363921737405,-0.061886710827006114
test,2019-09-25,11:00:00,15,quadratic_c0_etf,0.17668832001281864,0.11368727242038851
test,2019-09-25,11:00:00,15,quadratic_c0_single,0.03763777913618671,0.05322541563040617
test,2019-09-25,11:00:00,30,quadratic_c0,0.08498178600646059,0.010572067480041025
test,2019-09-25,11:00:00,30,independent_ou,0.005668490859378955,0.01349745157259577
test,2019-09-25,11:00:00,30,flexible_moments,-0.041792023959749194,-0.043073063836687936
test,2019-09-25,11:00:00,30,heterogeneous,-0.02929801511199323,-0.019339110242775584
test,2019-09-25,11:00:00,30,time_of_day,-0.0779120969285818,-0.07311475136315386
test,2019-09-25,11:00:00,30,factor_spy,0.06749049729008105,0.039697378515250376
test,2019-09-25,11:00:00,30,quadratic_c0_etf,0.055429446266280796,0.03206764671012122
test,2019-09-25,11:00:00,30,quadratic_c0_single,0.14006301231585974,0.07855369945937973
test,2019-09-25,11:15:00,1,quadratic_c0,-0.012714076807604432,-0.015901538846217547
test,2019-09-25,11:15:00,1,independent_ou,0.017976587385953022,0.013287256432787095
test,2019-09-25,11:15:00,1,flexible_moments,-0.0383985345849162,-0.038863946204184055
test,2019-09-25,11:15:00,1,heterogeneous,0.11633971202415284,0.11752959825017975
test,2019-09-25,11:15:00,1,time_of_day,-0.012595675789963776,-0.01929864407750566
test,2019-09-25,11:15:00,1,factor_spy,-0.011210447947493943,-0.01517235757327949
test,2019-09-25,11:15:00,1,quadratic_c0_etf,0.13940033753744369,0.13357812393192808
test,2019-09-25,11:15:00,1,quadratic_c0_single,0.030075925042589643,0.02201736298479444
test,2019-09-25,11:15:00,5,quadratic_c0,0.03122613410350003,0.027108731606725583
test,2019-09-25,11:15:00,5,independent_ou,-0.005456740697728918,0.0017472606550979763
test,2019-09-25,11:15:00,5,flexible_moments,0.10558929206788539,0.10531747506944097
test,2019-09-25,11:15:00,5,heterogeneous,0.05112410854785365,0.04396729935186949
test,2019-09-25,11:15:00,5,time_of_day,0.023740724583241335,0.01906787595904283
test,2019-09-25,11:15:00,5,factor_spy,0.0009948885057414897,8.664901955308946e-05
test,2019-09-25,11:15:00,5,quadratic_c0_etf,0.21183597165113907,0.12560601761517776
test,2019-09-25,11:15:00,5,quadratic_c0_single,0.026101955580335262,0.010553636068818817
test,2019-09-25,11:15:00,15,quadratic_c0,-0.09450584937089689,-0.10813127587969261
test,2019-09-25,11:15:00,15,independent_ou,0.029777974401495128,-0.0426344114523399
test,2019-09-25,11:15:00,15,flexible_moments,-0.05711105407794809,-0.06601187681367035
test,2019-09-25,11:15:00,15,heterogeneous,-0.04533357902432361,-0.05001845600254698
test,2019-09-25,11:15:00,15,time_of_day,-0.1366333275137,-0.13529364331558713
test,2019-09-25,11:15:00,15,factor_spy,-0.02636428135450919,-0.03699149137073063
test,2019-09-25,11:15:00,15,quadratic_c0_etf,0.07507589335503206,0.02270282520587069
test,2019-09-25,11:15:00,15,quadratic_c0_single,-0.05189331793808538,-0.07192806837449466
test,2019-09-25,11:15:00,30,quadratic_c0,0.06746983786866095,0.08658957363941684
test,2019-09-25,11:15:00,30,independent_ou,0.06337998167336989,0.06553289771224065
test,2019-09-25,11:15:00,30,flexible_moments,0.1334200218308871,0.13922935746006188
test,2019-09-25,11:15:00,30,heterogeneous,0.05602943640307062,0.05905742142938396
test,2019-09-25,11:15:00,30,time_of_day,0.03310595558450444,0.051712645067862203
test,2019-09-25,11:15:00,30,factor_spy,0.17899555695586164,0.185790625931134
test,2019-09-25,11:15:00,30,quadratic_c0_etf,0.2031028781588183,0.19322124767491994
test,2019-09-25,11:15:00,30,quadratic_c0_single,0.036564358778602896,0.054415659620464116
test,2019-09-25,11:30:00,1,quadratic_c0,0.0036981904216331907,0.009113904087908464
test,2019-09-25,11:30:00,1,independent_ou,0.017973257666695247,0.010340728633100149
test,2019-09-25,11:30:00,1,flexible_moments,0.055961291565656185,0.055264940394683826
test,2019-09-25,11:30:00,1,heterogeneous,0.035947895437702604,0.04234711976535935
test,2019-09-25,11:30:00,1,time_of_day,-0.01430672048323725,-0.006313671641237695
test,2019-09-25,11:30:00,1,factor_spy,0.05659003079182684,0.030998621469810195
test,2019-09-25,11:30:00,1,quadratic_c0_etf,0.17173805612962023,0.18700428382333042
test,2019-09-25,11:30:00,1,quadratic_c0_single,-0.006749374229484489,-0.0007679442296231742
test,2019-09-25,11:30:00,5,quadratic_c0,0.04372935939932994,0.02135198409753171
test,2019-09-25,11:30:00,5,independent_ou,0.03172808917452309,0.026197598857198634
test,2019-09-25,11:30:00,5,flexible_moments,0.018470335382659978,0.01222654434218301
test,2019-09-25,11:30:00,5,heterogeneous,0.07234957738445429,0.06644276885956966
test,2019-09-25,11:30:00,5,time_of_day,-0.034934806111297984,-0.025132671106456686
test,2019-09-25,11:30:00,5,factor_spy,0.07458387332481901,0.05875500404263169
test,2019-09-25,11:30:00,5,quadratic_c0_etf,0.0074627008845969955,0.01776980137166599
test,2019-09-25,11:30:00,5,quadratic_c0_single,0.059440848131510335,0.03648319974968313
test,2019-09-25,11:30:00,15,quadratic_c0,-0.03492974301670854,-0.05390816933158718
test,2019-09-25,11:30:00,15,independent_ou,0.06686578557919859,0.06587231959797896
test,2019-09-25,11:30:00,15,flexible_moments,0.07853570279008004,0.0846108748393915
test,2019-09-25,11:30:00,15,heterogeneous,0.028884937489055074,0.02971418193715189
test,2019-09-25,11:30:00,15,time_of_day,-0.04865620220027639,-0.04666659234805229
test,2019-09-25,11:30:00,15,factor_spy,0.16204230259056462,0.1585078940273686
test,2019-09-25,11:30:00,15,quadratic_c0_etf,0.018107958010908504,0.026139853973348476
test,2019-09-25,11:30:00,15,quadratic_c0_single,-0.0018032262218273531,-0.01627242754800981
test,2019-09-25,11:30:00,30,quadratic_c0,0.10153723180235215,0.08598921739851338
test,2019-09-25,11:30:00,30,independent_ou,0.022254157259505816,0.025097536239737067
test,2019-09-25,11:30:00,30,flexible_moments,0.10955931933439912,0.11231960551540991
test,2019-09-25,11:30:00,30,heterogeneous,0.05795806045575615,0.027345305598035066
test,2019-09-25,11:30:00,30,time_of_day,-0.035625083162843796,-0.02626601258198845
test,2019-09-25,11:30:00,30,factor_spy,-0.01042241114915704,0.001525440349698759
test,2019-09-25,11:30:00,30,quadratic_c0_etf,0.19161836118011777,0.15939423686888848
test,2019-09-25,11:30:00,30,quadratic_c0_single,0.1352320393749591,0.11253804977614372
test,2019-09-25,11:45:00,1,quadratic_c0,0.04593489323375702,0.04759425285044859
test,2019-09-25,11:45:00,1,independent_ou,-0.009345469864777634,-0.005600338688814183
test,2019-09-25,11:45:00,1,flexible_moments,0.0862255176305356,0.08262967358680821
test,2019-09-25,11:45:00,1,heterogeneous,0.059907024422115124,0.05597320679120825
test,2019-09-25,11:45:00,1,time_of_day,-0.05688313441943575,-0.049078514663759724
test,2019-09-25,11:45:00,1,factor_spy,0.024292723199344446,0.029839285096386933
test,2019-09-25,11:45:00,1,quadratic_c0_etf,0.2713999170298155,0.25378436822033495
test,2019-09-25,11:45:00,1,quadratic_c0_single,0.007825879080329112,0.006763221583066928
test,2019-09-25,11:45:00,5,quadratic_c0,0.08405957121470602,0.055643489935583185
test,2019-09-25,11:45:00,5,independent_ou,0.0341430387215806,0.032190506874681626
test,2019-09-25,11:45:00,5,flexible_moments,0.03250126030236765,0.027916494851416285
test,2019-09-25,11:45:00,5,heterogeneous,0.12466550470994613,0.07672855012156499
test,2019-09-25,11:45:00,5,time_of_day,0.012312838314369356,0.019505786910791856
test,2019-09-25,11:45:00,5,factor_spy,0.07481524699847332,0.07144508754188877
test,2019-09-25,11:45:00,5,quadratic_c0_etf,0.17880239280628024,0.15070459136567935
test,2019-09-25,11:45:00,5,quadratic_c0_single,0.10746314893510998,0.08916340217826177
test,2019-09-25,11:45:00,15,quadratic_c0,0.014917764628246177,0.006445543634111012
test,2019-09-25,11:45:00,15,independent_ou,-0.06530909231275339,-0.055460140510792
test,2019-09-25,11:45:00,15,flexible_moments,-0.04572518628488634,-0.05497557564906966
test,2019-09-25,11:45:00,15,heterogeneous,0.0033508202083953886,0.0245757858370467
test,2019-09-25,11:45:00,15,time_of_day,-0.11295745993771523,-0.09192687596812368
test,2019-09-25,11:45:00,15,factor_spy,-0.03555280306755523,-0.03814878817560022
test,2019-09-25,11:45:00,15,quadratic_c0_etf,0.02463664750346045,0.018806078922635555
test,2019-09-25,11:45:00,15,quadratic_c0_single,0.055758924591314096,0.050593232117011555
test,2019-09-25,11:45:00,30,quadratic_c0,0.19988359956464768,0.1942273114640128
test,2019-09-25,11:45:00,30,independent_ou,0.1940397420128966,0.1805090324670121
test,2019-09-25,11:45:00,30,flexible_moments,0.20908386474603358,0.1998907823110584
test,2019-09-25,11:45:00,30,heterogeneous,0.10431711290095401,0.09799431319211961
test,2019-09-25,11:45:00,30,time_of_day,0.12279108767478338,0.1185536503827158
test,2019-09-25,11:45:00,30,factor_spy,0.25361680611739995,0.22727499037998272
test,2019-09-25,11:45:00,30,quadratic_c0_etf,0.2136307540718334,0.2085212886069311
test,2019-09-25,11:45:00,30,quadratic_c0_single,0.2801299339221655,0.2692328084193151
test,2019-09-25,12:00:00,1,quadratic_c0,0.04522669300004084,0.04669506584899971
test,2019-09-25,12:00:00,1,independent_ou,0.04210666738139349,0.04275426986564462
test,2019-09-25,12:00:00,1,flexible_moments,0.005060453462901182,0.0011095621755670138
test,2019-09-25,12:00:00,1,heterogeneous,0.034517678498688004,0.03296432038406785
test,2019-09-25,12:00:00,1,time_of_day,-0.04164262143868175,-0.0394899826932197
test,2019-09-25,12:00:00,1,factor_spy,-0.0031775596333640244,-0.0069713995703341025
test,2019-09-25,12:00:00,1,quadratic_c0_etf,0.16666874702210827,0.14802367052435036
test,2019-09-25,12:00:00,1,quadratic_c0_single,0.1138794383000244,0.12057658657618411
test,2019-09-25,12:00:00,5,quadratic_c0,0.0008314149869949883,-0.0006130579853733387
test,2019-09-25,12:00:00,5,independent_ou,-0.0006806869687088768,-0.018004598120162363
test,2019-09-25,12:00:00,5,flexible_moments,-0.032790309228049416,-0.03164013414419804
test,2019-09-25,12:00:00,5,heterogeneous,0.07670021730990922,0.07920401480308117
test,2019-09-25,12:00:00,5,time_of_day,-0.038951332682911025,-0.03482244845612606
test,2019-09-25,12:00:00,5,factor_spy,0.042016649311516,0.046393091446109286
test,2019-09-25,12:00:00,5,quadratic_c0_etf,0.01166145414472236,0.023356319093071343
test,2019-09-25,12:00:00,5,quadratic_c0_single,0.031192567909743674,0.01926413804800331
test,2019-09-25,12:00:00,15,quadratic_c0,0.0336318329147631,0.043784916406432534
test,2019-09-25,12:00:00,15,independent_ou,0.07973917515062293,0.07478186663536679
test,2019-09-25,12:00:00,15,flexible_moments,0.137447019032252,0.12566757605888373
test,2019-09-25,12:00:00,15,heterogeneous,-0.10014478015319092,-0.08153043957404407
test,2019-09-25,12:00:00,15,time_of_day,-0.022803217856688845,-0.010287975437321045
test,2019-09-25,12:00:00,15,factor_spy,-0.015489449464841487,-0.016352367731629958
test,2019-09-25,12:00:00,15,quadratic_c0_etf,0.10074910104447063,0.102572781791049
test,2019-09-25,12:00:00,15,quadratic_c0_single,0.03567390926388306,0.03850411028122566
test,2019-09-25,12:00:00,30,quadratic_c0,0.12145259645478934,0.11919344848593731
test,2019-09-25,12:00:00,30,independent_ou,0.12633187644610022,0.13679599986481739
test,2019-09-25,12:00:00,30,flexible_moments,0.14635113084679902,0.15015743129496828
test,2019-09-25,12:00:00,30,heterogeneous,0.04874599919522346,0.0540940819667033
test,2019-09-25,12:00:00,30,time_of_day,-0.024744398827472328,-0.017393712486428334
test,2019-09-25,12:00:00,30,factor_spy,0.021285690882109187,0.02197481182143017
test,2019-09-25,12:00:00,30,quadratic_c0_etf,0.24602594319094773,0.2288842627352135
test,2019-09-25,12:00:00,30,quadratic_c0_single,0.23206617274357383,0.2410110569332406
test,2019-09-25,12:15:00,1,quadratic_c0,-0.09771702634676999,-0.09019656454427347
test,2019-09-25,12:15:00,1,independent_ou,-0.06351175230881326,-0.06978632011308006
test,2019-09-25,12:15:00,1,flexible_moments,-0.12469382623881387,-0.1126592936243306
test,2019-09-25,12:15:00,1,heterogeneous,-0.08673796433601885,-0.11112034892558373
test,2019-09-25,12:15:00,1,time_of_day,-0.1937492615968455,-0.18202061372722514
test,2019-09-25,12:15:00,1,factor_spy,-0.009697157711598986,-0.014365998408677916
test,2019-09-25,12:15:00,1,quadratic_c0_etf,0.055772134256543315,0.03377976930592183
test,2019-09-25,12:15:00,1,quadratic_c0_single,-0.12098853343534496,-0.11342347135668089
test,2019-09-25,12:15:00,5,quadratic_c0,-0.22512028749397023,-0.21034436060050804
test,2019-09-25,12:15:00,5,independent_ou,-0.21532201922356087,-0.20072482290228316
test,2019-09-25,12:15:00,5,flexible_moments,-0.20408724122265198,-0.20456075736611734
test,2019-09-25,12:15:00,5,heterogeneous,-0.16584894459393362,-0.1491699765687996
test,2019-09-25,12:15:00,5,time_of_day,-0.241183748328957,-0.2250637608568748
test,2019-09-25,12:15:00,5,factor_spy,-0.1763372794864414,-0.17328942524837526
test,2019-09-25,12:15:00,5,quadratic_c0_etf,-0.0075638101866305485,-0.07118680497316177
test,2019-09-25,12:15:00,5,quadratic_c0_single,-0.2616015500237383,-0.2423034641215191
test,2019-09-25,12:15:00,15,quadratic_c0,-0.060808898505277764,-0.04774262230718096
test,2019-09-25,12:15:00,15,independent_ou,-0.042316272287904855,-0.02526509088543344
test,2019-09-25,12:15:00,15,flexible_moments,-0.10452710680321348,-0.07926983595364703
test,2019-09-25,12:15:00,15,heterogeneous,-0.13110843315035858,-0.09242313305970173
test,2019-09-25,12:15:00,15,time_of_day,-0.17524912933946424,-0.14964520489752836
test,2019-09-25,12:15:00,15,factor_spy,-0.0486321051149492,-0.029948615984926236
test,2019-09-25,12:15:00,15,quadratic_c0_etf,0.365097141809111,0.3540523105311948
test,2019-09-25,12:15:00,15,quadratic_c0_single,-0.04663416539456339,-0.029686740986880733
test,2019-09-25,12:15:00,30,quadratic_c0,-0.09572351875668905,-0.0708504430929999
test,2019-09-25,12:15:00,30,independent_ou,-0.03217416532476203,-0.03629894593503069
test,2019-09-25,12:15:00,30,flexible_moments,0.03495391377378146,0.023923343722984824
test,2019-09-25,12:15:00,30,heterogeneous,-0.023221397006575245,-0.004757104157656261
test,2019-09-25,12:15:00,30,time_of_day,-0.11726919748951545,-0.0970908929892106
test,2019-09-25,12:15:00,30,factor_spy,0.02065401785442303,0.02712384808595497
test,2019-09-25,12:15:00,30,quadratic_c0_etf,0.014539216126807614,0.01351395186667348
test,2019-09-25,12:15:00,30,quadratic_c0_single,-0.0773678950207535,-0.05056236804626402
test,2019-09-25,12:30:00,1,quadratic_c0,0.005899496517253994,0.004047047254163411
test,2019-09-25,12:30:00,1,independent_ou,0.02268912984380464,0.022794432576401458
test,2019-09-25,12:30:00,1,flexible_moments,0.08845799750925665,0.08258507219760813
test,2019-09-25,12:30:00,1,heterogeneous,-0.00046163742211757786,-0.0076804592959645035
test,2019-09-25,12:30:00,1,time_of_day,-0.05604391209719707,-0.051425558592940526
test,2019-09-25,12:30:00,1,factor_spy,0.013753023842216633,0.024302186148212307
test,2019-09-25,12:30:00,1,quadratic_c0_etf,0.08491307776830576,0.09917795178741634
test,2019-09-25,12:30:00,1,quadratic_c0_single,0.0054862066675675225,-0.006931930106567924
test,2019-09-25,12:30:00,5,quadratic_c0,0.009360656415431684,-0.011616920145743476
test,2019-09-25,12:30:00,5,independent_ou,0.009205900685817059,0.015283145969137879
test,2019-09-25,12:30:00,5,flexible_moments,-0.03446681501621654,-0.03270922858800478
test,2019-09-25,12:30:00,5,heterogeneous,0.07515065227641804,0.06546031032854407
test,2019-09-25,12:30:00,5,time_of_day,-0.06351244048289044,-0.05794546985720318
test,2019-09-25,12:30:00,5,factor_spy,0.05187427671128042,-0.030405066896842192
test,2019-09-25,12:30:00,5,quadratic_c0_etf,0.19475514065654384,0.186314731398362
test,2019-09-25,12:30:00,5,quadratic_c0_single,0.02931821463394188,0.02085060114031642
test,2019-09-25,12:30:00,15,quadratic_c0,0.05578735913661592,0.0417938792762272
test,2019-09-25,12:30:00,15,independent_ou,0.10402333410202952,0.10563606185669212
test,2019-09-25,12:30:00,15,flexible_moments,-0.008972554684730683,-0.007843976802961977
test,2019-09-25,12:30:00,15,heterogeneous,0.06068205398146448,0.05641037523370228
test,2019-09-25,12:30:00,15,time_of_day,-0.015580722681695636,-0.012765845133537151
test,2019-09-25,12:30:00,15,factor_spy,0.194966247124638,0.16020108867501204
test,2019-09-25,12:30:00,15,quadratic_c0_etf,0.09834195115941563,0.08918193468075016
test,2019-09-25,12:30:00,15,quadratic_c0_single,0.06616863343107107,0.05243187362366698
test,2019-09-25,12:30:00,30,quadratic_c0,0.08846681877130344,0.07519620154431025
test,2019-09-25,12:30:00,30,independent_ou,0.13135663115084753,0.10253158985628727
test,2019-09-25,12:30:00,30,flexible_moments,0.13392488965032798,0.1137870740449751
test,2019-09-25,12:30:00,30,heterogeneous,0.05041990494241494,0.041065582694060465
test,2019-09-25,12:30:00,30,time_of_day,-0.012049883858935212,-0.0016532837210068846
test,2019-09-25,12:30:00,30,factor_spy,0.14785090588004254,0.11868985122116929
test,2019-09-25,12:30:00,30,quadratic_c0_etf,0.24623072920789454,0.23494753652613612
test,2019-09-25,12:30:00,30,quadratic_c0_single,0.12445353762570091,0.11358290688364231
test,2019-09-25,12:45:00,1,quadratic_c0,0.05225940790756689,0.039315186696023935
test,2019-09-25,12:45:00,1,independent_ou,0.08927558592070622,0.06421298329753267
test,2019-09-25,12:45:00,1,flexible_moments,0.10893338733268837,0.08505915358638871
test,2019-09-25,12:45:00,1,heterogeneous,0.11504150629305329,0.10020402732305586
test,2019-09-25,12:45:00,1,time_of_day,0.011353871743300117,0.011053082913822135
test,2019-09-25,12:45:00,1,factor_spy,0.07868845571171079,0.04723782281510085
test,2019-09-25,12:45:00,1,quadratic_c0_etf,0.24219181607722703,0.20032478533084577
test,2019-09-25,12:45:00,1,quadratic_c0_single,0.0512784962891894,0.04257895953419111
test,2019-09-25,12:45:00,5,quadratic_c0,0.04318280943938324,0.04986513846863619
test,2019-09-25,12:45:00,5,independent_ou,-0.00813945452555509,0.0028255198231560974
test,2019-09-25,12:45:00,5,flexible_moments,0.037790777644310686,0.052714385494662896
test,2019-09-25,12:45:00,5,heterogeneous,0.060024827467295094,0.048935477387337306
test,2019-09-25,12:45:00,5,time_of_day,0.008837337368445886,0.017507850018845195
test,2019-09-25,12:45:00,5,factor_spy,-0.017471501831190894,-0.01645631475054521
test,2019-09-25,12:45:00,5,quadratic_c0_etf,0.31368381900069625,0.2118661828348121
test,2019-09-25,12:45:00,5,quadratic_c0_single,0.1307209445237752,0.1410650856662886
test,2019-09-25,12:45:00,15,quadratic_c0,0.089666046042259,0.07124677863324741
test,2019-09-25,12:45:00,15,independent_ou,0.20024707946328327,0.1697661887200365
test,2019-09-25,12:45:00,15,flexible_moments,0.07447038000304634,0.05893478027643112
test,2019-09-25,12:45:00,15,heterogeneous,0.19729554823785686,0.16989434099484407
test,2019-09-25,12:45:00,15,time_of_day,0.027648657216090805,0.03606737979556933
test,2019-09-25,12:45:00,15,factor_spy,0.16486670446618243,0.15809912401272
test,2019-09-25,12:45:00,15,quadratic_c0_etf,0.3332923444448873,0.23162592451502964
test,2019-09-25,12:45:00,15,quadratic_c0_single,0.10063163861985494,0.05744600286462884
test,2019-09-25,12:45:00,30,quadratic_c0,-0.02207850924204377,0.002474129524648788
test,2019-09-25,12:45:00,30,independent_ou,0.11898156642621133,0.13195227586494787
test,2019-09-25,12:45:00,30,flexible_moments,0.04583189339190746,0.06943733108842512
test,2019-09-25,12:45:00,30,heterogeneous,0.08911200441659956,0.09898713474318768
test,2019-09-25,12:45:00,30,time_of_day,0.008884597013045448,0.02195346788220892
test,2019-09-25,12:45:00,30,factor_spy,-0.0020144035676755156,-0.0009301226739934221
test,2019-09-25,12:45:00,30,quadratic_c0_etf,0.045846550031676425,0.07711451350952012
test,2019-09-25,12:45:00,30,quadratic_c0_single,-0.024855344805225527,-0.01215909898452594
test,2019-09-25,13:00:00,1,quadratic_c0,0.10392956765451505,0.06867890159140069
test,2019-09-25,13:00:00,1,independent_ou,0.1134112642227153,0.021603091811848357
test,2019-09-25,13:00:00,1,flexible_moments,0.04283758384742628,0.031630617936887206
test,2019-09-25,13:00:00,1,heterogeneous,-0.005609537076882873,-0.016547093334528598
test,2019-09-25,13:00:00,1,time_of_day,-0.00484890857810992,-0.010127049332417856
test,2019-09-25,13:00:00,1,factor_spy,0.025894216732424036,0.025035330711784737
test,2019-09-25,13:00:00,1,quadratic_c0_etf,0.13787684139535225,0.1224299949470164
test,2019-09-25,13:00:00,1,quadratic_c0_single,0.17077616692593126,0.1464177357912538
test,2019-09-25,13:00:00,5,quadratic_c0,0.13023973554994667,0.11410026503804338
test,2019-09-25,13:00:00,5,independent_ou,0.011126627926860533,0.004794240445605835
test,2019-09-25,13:00:00,5,flexible_moments,-0.013819964564011744,-0.01432774744528402
test,2019-09-25,13:00:00,5,heterogeneous,-0.01656017671909199,-0.020074255122260826
test,2019-09-25,13:00:00,5,time_of_day,-0.08548396095703895,-0.07303500566598103
test,2019-09-25,13:00:00,5,factor_spy,0.04399238399574082,0.002308433893018047
test,2019-09-25,13:00:00,5,quadratic_c0_etf,0.19564889524628176,0.15867170028794217
test,2019-09-25,13:00:00,5,quadratic_c0_single,0.11717088117036906,0.10246216543424838
test,2019-09-25,13:00:00,15,quadratic_c0,0.03231141636405033,0.06954102428952422
test,2019-09-25,13:00:00,15,independent_ou,-0.08537752503245807,-0.05887431037946353
test,2019-09-25,13:00:00,15,flexible_moments,-0.00689794274371619,0.011150491448475491
test,2019-09-25,13:00:00,15,heterogeneous,-0.08566834873874932,-0.06427805766768674
test,2019-09-25,13:00:00,15,time_of_day,-0.03132159580372662,-0.00813566669257193
test,2019-09-25,13:00:00,15,factor_spy,0.029575386457442898,0.057598277192064534
test,2019-09-25,13:00:00,15,quadratic_c0_etf,0.20269551909201533,0.23424102027491026
test,2019-09-25,13:00:00,15,quadratic_c0_single,0.03447758284456798,0.052557448216707464
test,2019-09-25,13:00:00,30,quadratic_c0,0.03766368632133563,0.004315525141966384
test,2019-09-25,13:00:00,30,independent_ou,0.1411478670688251,0.07046597372683734
test,2019-09-25,13:00:00,30,flexible_moments,0.03720248504877963,0.020478921434690114
test,2019-09-25,13:00:00,30,heterogeneous,0.04650022579044538,0.05154623726036918
test,2019-09-25,13:00:00,30,time_of_day,-0.08253848040914634,-0.06797775816622176
test,2019-09-25,13:00:00,30,factor_spy,0.08027911856940745,0.06361929919532582
test,2019-09-25,13:00:00,30,quadratic_c0_etf,0.06340399277442235,0.05797513057198046
test,2019-09-25,13:00:00,30,quadratic_c0_single,0.08980328327528964,0.038252339334421584
test,2019-09-25,13:15:00,1,quadratic_c0,-0.11101762447334494,-0.11577141734149642
test,2019-09-25,13:15:00,1,independent_ou,-0.07044674653366237,-0.07766679369469673
test,2019-09-25,13:15:00,1,flexible_moments,-0.032775783331335795,-0.04938795346524649
test,2019-09-25,13:15:00,1,heterogeneous,-0.07278355943952891,-0.09807114009722924
test,2019-09-25,13:15:00,1,time_of_day,-0.1375559300122649,-0.14079492750945233
test,2019-09-25,13:15:00,1,factor_spy,-0.051412498778721505,-0.06532623988327843
test,2019-09-25,13:15:00,1,quadratic_c0_etf,0.3305456868135504,0.313038478308196
test,2019-09-25,13:15:00,1,quadratic_c0_single,-0.03003860989464363,-0.02999626748960904
test,2019-09-25,13:15:00,5,quadratic_c0,0.07104991051288242,0.07187822653336709
test,2019-09-25,13:15:00,5,independent_ou,0.024903303626710116,0.024150003074770332
test,2019-09-25,13:15:00,5,flexible_moments,0.039262748437883965,0.0048855465395937075
test,2019-09-25,13:15:00,5,heterogeneous,0.13945434578914953,0.13797040930752064
test,2019-09-25,13:15:00,5,time_of_day,0.027638108282401347,0.03572393774307364
test,2019-09-25,13:15:00,5,factor_spy,0.06753582145488904,0.07387638996578613
test,2019-09-25,13:15:00,5,quadratic_c0_etf,0.5758071566829107,0.5846450662577448
test,2019-09-25,13:15:00,5,quadratic_c0_single,0.020027021184154448,0.013642412354985561
test,2019-09-25,13:15:00,15,quadratic_c0,-0.18393739581905244,-0.17279995734722436
test,2019-09-25,13:15:00,15,independent_ou,-0.12858908575480948,-0.1321266448505689
test,2019-09-25,13:15:00,15,flexible_moments,-0.14985200841071458,-0.17145599503969683
test,2019-09-25,13:15:00,15,heterogeneous,-0.1304308433675822,-0.11923141021029146
test,2019-09-25,13:15:00,15,time_of_day,-0.23931223872555768,-0.2215557012063676
test,2019-09-25,13:15:00,15,factor_spy,-0.1722756877310742,-0.1661883509804976
test,2019-09-25,13:15:00,15,quadratic_c0_etf,-0.012293019091449475,-0.023301685639816216
test,2019-09-25,13:15:00,15,quadratic_c0_single,-0.1679129732155239,-0.1673083999728121
test,2019-09-25,13:15:00,30,quadratic_c0,-0.06712965943337029,-0.07659969051163501
test,2019-09-25,13:15:00,30,independent_ou,-0.10616816323227511,-0.09954382657649359
test,2019-09-25,13:15:00,30,flexible_moments,-0.0405166933594619,-0.056512380612820295
test,2019-09-25,13:15:00,30,heterogeneous,0.00047969583859583387,-0.017028794626568783
test,2019-09-25,13:15:00,30,time_of_day,-0.07562011473991243,-0.06607968272212392
test,2019-09-25,13:15:00,30,factor_spy,0.009520665152029234,-9.967940117694418e-05
test,2019-09-25,13:15:00,30,quadratic_c0_etf,-0.041709108503358655,-0.03116447158569907
test,2019-09-25,13:15:00,30,quadratic_c0_single,-0.0356526002901921,-0.05298076645243052
test,2019-09-25,13:30:00,1,quadratic_c0,0.006214785388333685,-0.0019415653425208096
test,2019-09-25,13:30:00,1,independent_ou,0.029740507836105046,-0.00048356168365840113
test,2019-09-25,13:30:00,1,flexible_moments,0.08355165663076652,0.08290406252281801
test,2019-09-25,13:30:00,1,heterogeneous,0.027478346050084618,0.023102080058235372
test,2019-09-25,13:30:00,1,time_of_day,-0.044484872483046486,-0.042052083814042886
test,2019-09-25,13:30:00,1,factor_spy,0.004072826124556547,-0.0019202608955643657
test,2019-09-25,13:30:00,1,quadratic_c0_etf,0.08084569726351648,0.07576796513117781
test,2019-09-25,13:30:00,1,quadratic_c0_single,0.07062525761304786,0.06488543633870145
test,2019-09-25,13:30:00,5,quadratic_c0,0.042111698067043596,0.04526125373113207
test,2019-09-25,13:30:00,5,independent_ou,-0.06404910243304633,-0.03904679969773295
test,2019-09-25,13:30:00,5,flexible_moments,-0.020954729207839917,-0.005582045687068285
test,2019-09-25,13:30:00,5,heterogeneous,0.015478084894148758,-6.851678060369737e-05
test,2019-09-25,13:30:00,5,time_of_day,0.030649173048541728,0.052061377854360824
test,2019-09-25,13:30:00,5,factor_spy,-0.023660493739219246,-0.008945632782164883
test,2019-09-25,13:30:00,5,quadratic_c0_etf,0.18802357738988856,0.16231215134200844
test,2019-09-25,13:30:00,5,quadratic_c0_single,0.10116514690662692,0.09397659573132358
test,2019-09-25,13:30:00,15,quadratic_c0,0.0900783028054309,0.10121111793932462
test,2019-09-25,13:30:00,15,independent_ou,0.2552328635299716,0.21663310474885467
test,2019-09-25,13:30:00,15,flexible_moments,0.10311677573450741,0.088644141458276
test,2019-09-25,13:30:00,15,heterogeneous,0.0776927330921754,0.06921465861835001
test,2019-09-25,13:30:00,15,time_of_day,0.034670605181588696,0.04373098322453357
test,2019-09-25,13:30:00,15,factor_spy,0.022449852188586625,0.02666542952665847
test,2019-09-25,13:30:00,15,quadratic_c0_etf,0.28476238695583705,0.2524818761542241
test,2019-09-25,13:30:00,15,quadratic_c0_single,0.15412683147958256,0.13896394379449645
test,2019-09-25,13:30:00,30,quadratic_c0,0.07081166061446181,0.03803707607086304
test,2019-09-25,13:30:00,30,independent_ou,-0.038827024585521355,-0.03124618020333171
test,2019-09-25,13:30:00,30,flexible_moments,-0.07192054996936183,-0.062072332763901755
test,2019-09-25,13:30:00,30,heterogeneous,-0.03759301582707447,-0.044017708267559116
test,2019-09-25,13:30:00,30,time_of_day,-0.011583769470994265,-0.014384177256261108
test,2019-09-25,13:30:00,30,factor_spy,0.049390112952856724,0.021428682864903348
test,2019-09-25,13:30:00,30,quadratic_c0_etf,0.19874640226610296,0.14340055665822257
test,2019-09-25,13:30:00,30,quadratic_c0_single,0.07999852797091381,0.05579347602282894
test,2019-09-25,13:45:00,1,quadratic_c0,0.05715504035686092,0.026235447923133648
test,2019-09-25,13:45:00,1,independent_ou,0.10396763860738875,0.09378080139562794
test,2019-09-25,13:45:00,1,flexible_moments,0.006892750723883012,0.004020878679440842
test,2019-09-25,13:45:00,1,heterogeneous,0.024700151089014133,0.007536494813847439
test,2019-09-25,13:45:00,1,time_of_day,0.044028899578372804,0.042207090437210326
test,2019-09-25,13:45:00,1,factor_spy,-0.008596425760771548,-0.023679525211769206
test,2019-09-25,13:45:00,1,quadratic_c0_etf,0.13567417139278934,0.08774046294111995
test,2019-09-25,13:45:00,1,quadratic_c0_single,0.13842808296134615,0.09649588987050475
test,2019-09-25,13:45:00,5,quadratic_c0,0.11902877628914078,0.0678776357946035
test,2019-09-25,13:45:00,5,independent_ou,0.10870401689719776,0.08245752057720258
test,2019-09-25,13:45:00,5,flexible_moments,0.028905437022054795,0.010316925029307117
test,2019-09-25,13:45:00,5,heterogeneous,0.08659959395554125,0.07543218869353781
test,2019-09-25,13:45:00,5,time_of_day,0.01647801188948443,0.0029946030516774663
test,2019-09-25,13:45:00,5,factor_spy,0.1477584962205165,0.14390856954399883
test,2019-09-25,13:45:00,5,quadratic_c0_etf,0.12636881078633533,0.13810042576682047
test,2019-09-25,13:45:00,5,quadratic_c0_single,0.12798951635723727,0.06480469346032909
test,2019-09-25,13:45:00,15,quadratic_c0,0.027129903457115523,0.010994468896766516
test,2019-09-25,13:45:00,15,independent_ou,-4.529705669531481e-05,0.005978879195210146
test,2019-09-25,13:45:00,15,flexible_moments,0.06893110747770526,0.05425381174121778
test,2019-09-25,13:45:00,15,heterogeneous,0.07040532026782512,0.06595077573329321
test,2019-09-25,13:45:00,15,time_of_day,0.01620357626972546,0.013025810027376461
test,2019-09-25,13:45:00,15,factor_spy,0.05985073085233569,0.0625788076443647
test,2019-09-25,13:45:00,15,quadratic_c0_etf,0.18019321391917048,0.17069874112006544
test,2019-09-25,13:45:00,15,quadratic_c0_single,0.03384714016047083,0.03424679740321339
test,2019-09-25,13:45:00,30,quadratic_c0,0.05840150776519448,0.009910616803374211
test,2019-09-25,13:45:00,30,independent_ou,0.014520080105843075,0.007010753446132084
test,2019-09-25,13:45:00,30,flexible_moments,0.0010963263013112345,-0.0038238008184524053
test,2019-09-25,13:45:00,30,heterogeneous,0.049836312558622364,0.017606688927591402
test,2019-09-25,13:45:00,30,time_of_day,-0.048154926704848305,-0.04710649049706041
test,2019-09-25,13:45:00,30,factor_spy,0.002505574706890862,-0.019622245153103055
test,2019-09-25,13:45:00,30,quadratic_c0_etf,0.02321094703148488,-0.0046298576614516584
test,2019-09-25,13:45:00,30,quadratic_c0_single,0.10519386305207012,0.06131699362706758
test,2019-09-25,14:00:00,1,quadratic_c0,-0.0006842660173979609,0.004205132312849982
test,2019-09-25,14:00:00,1,independent_ou,0.010870769757155868,0.01283714176489624
test,2019-09-25,14:00:00,1,flexible_moments,0.057701279177270706,0.040657868674472936
test,2019-09-25,14:00:00,1,heterogeneous,0.011381475930499707,0.008859918718557333
test,2019-09-25,14:00:00,1,time_of_day,0.027978688259392287,0.025285948535692757
test,2019-09-25,14:00:00,1,factor_spy,0.055132373523125874,0.043173463410785776
test,2019-09-25,14:00:00,1,quadratic_c0_etf,0.051021360334349994,0.046936442212852994
test,2019-09-25,14:00:00,1,quadratic_c0_single,0.023799464760154862,0.027338115588897524
test,2019-09-25,14:00:00,5,quadratic_c0,0.009344144778641428,-0.03386981881273557
test,2019-09-25,14:00:00,5,independent_ou,-0.024963421209636627,-0.05075655631834425
test,2019-09-25,14:00:00,5,flexible_moments,-0.034417288316464206,-0.06312044363043104
test,2019-09-25,14:00:00,5,heterogeneous,0.03301852977164099,0.009174507429985879
test,2019-09-25,14:00:00,5,time_of_day,-0.08060467154230957,-0.0790403380717255
test,2019-09-25,14:00:00,5,factor_spy,-0.06385867653833424,-0.08054682035588902
test,2019-09-25,14:00:00,5,quadratic_c0_etf,0.14870918321841933,0.1324827781209065
test,2019-09-25,14:00:00,5,quadratic_c0_single,0.017550611680474365,-0.008110230466050944
test,2019-09-25,14:00:00,15,quadratic_c0,-0.016047243016604318,-0.007824693052487966
test,2019-09-25,14:00:00,15,independent_ou,0.06983455647798387,0.06082856802118616
test,2019-09-25,14:00:00,15,flexible_moments,-0.005731617780141501,0.018953058166539694
test,2019-09-25,14:00:00,15,heterogeneous,0.009426683570874533,0.004546935214838899
test,2019-09-25,14:00:00,15,time_of_day,-0.04410453119071259,-0.02962574580561926
test,2019-09-25,14:00:00,15,factor_spy,0.022561814935325608,-0.031651669883815
test,2019-09-25,14:00:00,15,quadratic_c0_etf,0.1167068732851661,0.09077950170973212
test,2019-09-25,14:00:00,15,quadratic_c0_single,0.05401696845188114,0.03997948034534332
test,2019-09-25,14:00:00,30,quadratic_c0,-0.014928096041849637,-0.014107518826849116
test,2019-09-25,14:00:00,30,independent_ou,0.022989809752248486,0.034178067194802444
test,2019-09-25,14:00:00,30,flexible_moments,-0.02718948992774435,-0.025431055341535114
test,2019-09-25,14:00:00,30,heterogeneous,0.06983557559180403,0.0784026159945304
test,2019-09-25,14:00:00,30,time_of_day,-0.028285810026659655,-0.031585161609854986
test,2019-09-25,14:00:00,30,factor_spy,-0.017050218748236715,-0.015637980638722584
test,2019-09-25,14:00:00,30,quadratic_c0_etf,0.3364686258633416,0.2791814789525696
test,2019-09-25,14:00:00,30,quadratic_c0_single,0.011600043000979138,-0.001148284348343076
test,2019-09-25,14:15:00,1,quadratic_c0,-0.023690699802615192,-0.014213486634923833
test,2019-09-25,14:15:00,1,independent_ou,0.00915568519632455,0.010697779170227725
test,2019-09-25,14:15:00,1,flexible_moments,-0.007441901343455182,-0.005072727326410717
test,2019-09-25,14:15:00,1,heterogeneous,-0.03737950695607728,-0.025620456664698296
test,2019-09-25,14:15:00,1,time_of_day,-0.06001420552237203,-0.04504908063034686
test,2019-09-25,14:15:00,1,factor_spy,-0.0319662482350348,-0.025582376222112818
test,2019-09-25,14:15:00,1,quadratic_c0_etf,0.2955560999660277,0.28354132687451655
test,2019-09-25,14:15:00,1,quadratic_c0_single,0.04411594814918346,0.0501415331315435
test,2019-09-25,14:15:00,5,quadratic_c0,-0.018325680597244737,0.018688776435804244
test,2019-09-25,14:15:00,5,independent_ou,-0.006110416163822657,0.015517719233896304
test,2019-09-25,14:15:00,5,flexible_moments,-0.06180780271284206,-0.04011316945066157
test,2019-09-25,14:15:00,5,heterogeneous,0.09116753737391231,0.10693699529363268
test,2019-09-25,14:15:00,5,time_of_day,-0.08994847809427381,-0.055164769541214256
test,2019-09-25,14:15:00,5,factor_spy,0.018152610705530453,0.03217441013783365
test,2019-09-25,14:15:00,5,quadratic_c0_etf,0.1405572249605353,0.18239016283865964
test,2019-09-25,14:15:00,5,quadratic_c0_single,0.03557718402080204,0.05131273791046531
test,2019-09-25,14:15:00,15,quadratic_c0,-0.019040023881308404,-0.02164298646828064
test,2019-09-25,14:15:00,15,independent_ou,0.07736486917518393,0.05536462347549301
test,2019-09-25,14:15:00,15,flexible_moments,-0.034072204365017955,-0.03916522890055581
test,2019-09-25,14:15:00,15,heterogeneous,-0.02494631638481906,-0.035373129466470754
test,2019-09-25,14:15:00,15,time_of_day,-0.06515126493919353,-0.07215106473700131
test,2019-09-25,14:15:00,15,factor_spy,-0.04513573979808427,-0.05364824041128485
test,2019-09-25,14:15:00,15,quadratic_c0_etf,0.19689621999835882,0.13932718166388006
test,2019-09-25,14:15:00,15,quadratic_c0_single,0.038640809076255334,0.0347231989679328
test,2019-09-25,14:15:00,30,quadratic_c0,-0.06055969133632816,-0.05753287598589804
test,2019-09-25,14:15:00,30,independent_ou,-0.0404093361900445,-0.040455706901778576
test,2019-09-25,14:15:00,30,flexible_moments,-0.062333771933176296,-0.0546946571428443
test,2019-09-25,14:15:00,30,heterogeneous,-0.1507314074125396,-0.136404280933831
test,2019-09-25,14:15:00,30,time_of_day,-0.06950683179798012,-0.05893726341647926
test,2019-09-25,14:15:00,30,factor_spy,-0.1776769093348045,-0.17074764571086182
test,2019-09-25,14:15:00,30,quadratic_c0_etf,-0.05885385549777772,-0.04412285338327171
test,2019-09-25,14:15:00,30,quadratic_c0_single,-0.03121112382826785,-0.036042090779210834
test,2019-09-25,14:30:00,1,quadratic_c0,-0.042552183800286414,-0.05224626248983366
test,2019-09-25,14:30:00,1,independent_ou,0.034406567577050406,0.034998057058743925
test,2019-09-25,14:30:00,1,flexible_moments,-0.0496981549536325,-0.03379439641404616
test,2019-09-25,14:30:00,1,heterogeneous,-0.01611133121949715,-0.07339666902041153
test,2019-09-25,14:30:00,1,time_of_day,-0.019789151234007707,-0.030816947540909134
test,2019-09-25,14:30:00,1,factor_spy,0.00041018173238710487,0.016784336768615293
test,2019-09-25,14:30:00,1,quadratic_c0_etf,-0.04248849042715319,-0.06846297374519789
test,2019-09-25,14:30:00,1,quadratic_c0_single,-0.020010486889414758,-0.040198974268940035
test,2019-09-25,14:30:00,5,quadratic_c0,0.08506471721443512,0.05528999588329199
test,2019-09-25,14:30:00,5,independent_ou,0.08812552507590055,0.07253951289882524
test,2019-09-25,14:30:00,5,flexible_moments,0.14985399419688655,0.11827849528493861
test,2019-09-25,14:30:00,5,heterogeneous,0.18921111360537599,0.14686068662431268
test,2019-09-25,14:30:00,5,time_of_day,0.07539841031843988,0.06788153396468402
test,2019-09-25,14:30:00,5,factor_spy,0.16184927850447117,0.11588937317355477
test,2019-09-25,14:30:00,5,quadratic_c0_etf,0.3242356426029487,0.30018459349993043
test,2019-09-25,14:30:00,5,quadratic_c0_single,0.15399486821467204,0.1221602371392782
test,2019-09-25,14:30:00,15,quadratic_c0,0.06746467678055298,0.056333065384973346
test,2019-09-25,14:30:00,15,independent_ou,0.10001264342636743,0.0919554507086014
test,2019-09-25,14:30:00,15,flexible_moments,-0.06657122743013624,-0.05199513660886024
test,2019-09-25,14:30:00,15,heterogeneous,-0.024636977532169507,-0.004329619853979977
test,2019-09-25,14:30:00,15,time_of_day,0.05765138091812974,0.06272440166026017
test,2019-09-25,14:30:00,15,factor_spy,0.0228532550010197,0.025659547126815813
test,2019-09-25,14:30:00,15,quadratic_c0_etf,0.29372424378695083,0.2045423994359491
test,2019-09-25,14:30:00,15,quadratic_c0_single,0.012585238329964693,0.021056803143026992
test,2019-09-25,14:30:00,30,quadratic_c0,-0.056224500413286777,-0.044870002130688924
test,2019-09-25,14:30:00,30,independent_ou,0.08465610289262757,0.06870604395057517
test,2019-09-25,14:30:00,30,flexible_moments,0.020737075969923746,0.011654674289564154
test,2019-09-25,14:30:00,30,heterogeneous,0.1103968657253048,0.09140930715051779
test,2019-09-25,14:30:00,30,time_of_day,-0.014754485480336504,-0.008739203088711622
test,2019-09-25,14:30:00,30,factor_spy,-0.018540177513791584,-0.0027237100956709615
test,2019-09-25,14:30:00,30,quadratic_c0_etf,0.33469804478914855,0.30048634732415647
test,2019-09-25,14:30:00,30,quadratic_c0_single,-0.00025393222639294444,0.01800965523881537
test,2019-09-25,14:45:00,1,quadratic_c0,-0.03783781586397561,-0.01249700085449934
test,2019-09-25,14:45:00,1,independent_ou,-0.0989357687366039,-0.08211917664080062
test,2019-09-25,14:45:00,1,flexible_moments,-0.06135537708561306,-0.04368969931130018
test,2019-09-25,14:45:00,1,heterogeneous,-0.180149294542987,-0.15342324431358573
test,2019-09-25,14:45:00,1,time_of_day,-0.19111444751440898,-0.15422806610536738
test,2019-09-25,14:45:00,1,factor_spy,-0.13618345510390867,-0.0994775594008449
test,2019-09-25,14:45:00,1,quadratic_c0_etf,0.1972828884892912,0.07296883058372866
test,2019-09-25,14:45:00,1,quadratic_c0_single,0.006124195625446915,-0.0001352214480216385
test,2019-09-25,14:45:00,5,quadratic_c0,-0.13058800231735945,-0.12519783606747376
test,2019-09-25,14:45:00,5,independent_ou,-0.09699219602235082,-0.0832759829929538
test,2019-09-25,14:45:00,5,flexible_moments,-0.11862095674755618,-0.09258473571074505
test,2019-09-25,14:45:00,5,heterogeneous,-0.18036587780279897,-0.16348324638014766
test,2019-09-25,14:45:00,5,time_of_day,-0.22063915765917322,-0.19624517771655298
test,2019-09-25,14:45:00,5,factor_spy,-0.21045083392321506,-0.18452920658166475
test,2019-09-25,14:45:00,5,quadratic_c0_etf,-0.25034560977808556,-0.2357024678628213
test,2019-09-25,14:45:00,5,quadratic_c0_single,-0.0805271911615063,-0.07372456419485734
test,2019-09-25,14:45:00,15,quadratic_c0,-0.0562421596955813,-0.10096716493201005
test,2019-09-25,14:45:00,15,independent_ou,0.035241783186439835,0.007321231075663792
test,2019-09-25,14:45:00,15,flexible_moments,-0.14410692534568284,-0.14817359242821435
test,2019-09-25,14:45:00,15,heterogeneous,0.02489685042028872,-0.010838450197293958
test,2019-09-25,14:45:00,15,time_of_day,-0.11646284481994229,-0.1442988153444867
test,2019-09-25,14:45:00,15,factor_spy,-0.13140189558319004,-0.14255814796586877
test,2019-09-25,14:45:00,15,quadratic_c0_etf,0.047770308834374275,0.010703414626743013
test,2019-09-25,14:45:00,15,quadratic_c0_single,-0.029402662949088165,-0.10347682439088565
test,2019-09-25,14:45:00,30,quadratic_c0,-0.15398270824977736,-0.1552031840631014
test,2019-09-25,14:45:00,30,independent_ou,-0.1823749175474849,-0.18043858886492325
test,2019-09-25,14:45:00,30,flexible_moments,-0.10923692575073535,-0.11314994661504729
test,2019-09-25,14:45:00,30,heterogeneous,-0.04125132885970062,-0.07194575111336043
test,2019-09-25,14:45:00,30,time_of_day,-0.17884046474814783,-0.16625864210370367
test,2019-09-25,14:45:00,30,factor_spy,-0.19356784788111012,-0.19186930442572808
test,2019-09-25,14:45:00,30,quadratic_c0_etf,0.1569730166980408,0.1090852825689424
test,2019-09-25,14:45:00,30,quadratic_c0_single,-0.15347712830021715,-0.1614507907724446
test,2019-09-25,15:00:00,1,quadratic_c0,-0.05626298026555099,-0.052166035466699484
test,2019-09-25,15:00:00,1,independent_ou,-0.013879924402936783,-0.005244054305859391
test,2019-09-25,15:00:00,1,flexible_moments,0.047875346851648626,0.0397062284970775
test,2019-09-25,15:00:00,1,heterogeneous,0.05909810031536061,0.0542661621962921
test,2019-09-25,15:00:00,1,time_of_day,-0.05834305561903225,-0.05829003256358731
test,2019-09-25,15:00:00,1,factor_spy,0.028692856470436512,-0.0005825633457967605
test,2019-09-25,15:00:00,1,quadratic_c0_etf,0.12429475418431685,0.025235055204973822
test,2019-09-25,15:00:00,1,quadratic_c0_single,-0.010201155928679984,-0.008123555922082693
test,2019-09-25,15:00:00,5,quadratic_c0,-0.022219483403099705,0.008749384615704181
test,2019-09-25,15:00:00,5,independent_ou,0.07017779879077829,0.09676450417097518
test,2019-09-25,15:00:00,5,flexible_moments,-0.0913634094482991,-0.06716563122714797
test,2019-09-25,15:00:00,5,heterogeneous,-0.14822716956924947,-0.14719700401263175
test,2019-09-25,15:00:00,5,time_of_day,-0.10503045741718828,-0.08312697525471391
test,2019-09-25,15:00:00,5,factor_spy,-0.1390656414009761,-0.11871568781390911
test,2019-09-25,15:00:00,5,quadratic_c0_etf,0.05680213223781394,0.07759283246316503
test,2019-09-25,15:00:00,5,quadratic_c0_single,-0.03932438278980824,-0.012202969077001302
test,2019-09-25,15:00:00,15,quadratic_c0,0.11676725763966403,0.10329905608912317
test,2019-09-25,15:00:00,15,independent_ou,0.06707234030200965,0.06824710504668986
test,2019-09-25,15:00:00,15,flexible_moments,0.22602989883116942,0.19625228881735524
test,2019-09-25,15:00:00,15,heterogeneous,0.09989442479705118,0.11140817892456363
test,2019-09-25,15:00:00,15,time_of_day,0.025631945807754436,0.031399207365139445
test,2019-09-25,15:00:00,15,factor_spy,0.12992976905558007,0.13166667043579505
test,2019-09-25,15:00:00,15,quadratic_c0_etf,0.33872498314985233,0.32376591382250675
test,2019-09-25,15:00:00,15,quadratic_c0_single,0.09617709725616352,0.0681341943408343
test,2019-09-25,15:00:00,30,quadratic_c0,0.05204105967334524,0.03849537066527195
test,2019-09-25,15:00:00,30,independent_ou,-0.08482807805369079,-0.06376940698961478
test,2019-09-25,15:00:00,30,flexible_moments,-0.03885696163156639,-0.024154478523845405
test,2019-09-25,15:00:00,30,heterogeneous,-0.06320601847553745,-0.045488076382198095
test,2019-09-25,15:00:00,30,time_of_day,-0.03756275011320373,-0.04311637437893842
test,2019-09-25,15:00:00,30,factor_spy,-0.013686712565872644,-0.004448820498310954
test,2019-09-25,15:00:00,30,quadratic_c0_etf,0.10464172335907035,0.08983319396777378
test,2019-09-25,15:00:00,30,quadratic_c0_single,0.05383489017627696,0.026870834314665026
test,2019-09-25,15:15:00,1,quadratic_c0,-0.012087636157313092,0.015356275646690343
test,2019-09-25,15:15:00,1,independent_ou,-0.02559066765211676,-0.013896120321290312
test,2019-09-25,15:15:00,1,flexible_moments,0.01694076251811305,0.0015658399262510614
test,2019-09-25,15:15:00,1,heterogeneous,-0.006038092682344315,0.02272856722875105
test,2019-09-25,15:15:00,1,time_of_day,-0.0526569207122721,-0.0386698595288706
test,2019-09-25,15:15:00,1,factor_spy,-0.0009557977669594486,0.005275257715862958
test,2019-09-25,15:15:00,1,quadratic_c0_etf,0.07809721003983727,0.0600639683232948
test,2019-09-25,15:15:00,1,quadratic_c0_single,-0.013420836741209835,0.014075908832893114
test,2019-09-25,15:15:00,5,quadratic_c0,0.04917126381558637,0.060597933583270036
test,2019-09-25,15:15:00,5,independent_ou,0.018520843377071827,0.010193116559335885
test,2019-09-25,15:15:00,5,flexible_moments,-0.0615138460588341,-0.043228047496154526
test,2019-09-25,15:15:00,5,heterogeneous,0.15031842691835948,0.15506576016917123
test,2019-09-25,15:15:00,5,time_of_day,-0.01208831017182524,0.008081093991147176
test,2019-09-25,15:15:00,5,factor_spy,0.00514886502788206,-0.006650415071337595
test,2019-09-25,15:15:00,5,quadratic_c0_etf,0.21991276273258623,0.145374667386224
test,2019-09-25,15:15:00,5,quadratic_c0_single,0.07418989751381252,0.07124718941466876
test,2019-09-25,15:15:00,15,quadratic_c0,-0.07602896504961829,-0.06388297589899332
test,2019-09-25,15:15:00,15,independent_ou,0.0139198701611776,-0.004276198464132075
test,2019-09-25,15:15:00,15,flexible_moments,0.02004623941887998,0.0020418083923006425
test,2019-09-25,15:15:00,15,heterogeneous,-0.044383570840682285,-0.04910876132078576
test,2019-09-25,15:15:00,15,time_of_day,-0.05418417914132259,-0.06619891088753524
test,2019-09-25,15:15:00,15,factor_spy,0.04722937955091619,-0.018599485065775273
test,2019-09-25,15:15:00,15,quadratic_c0_etf,-0.0019343314755776442,-0.008640272222535106
test,2019-09-25,15:15:00,15,quadratic_c0_single,-0.06555841351083629,-0.06018042376968451
test,2019-09-25,15:15:00,30,quadratic_c0,-0.05180569901627835,-0.05868564355367417
test,2019-09-25,15:15:00,30,independent_ou,-0.017659481119429332,-0.05276955384935064
test,2019-09-25,15:15:00,30,flexible_moments,-0.16351373875767483,-0.1523358425728578
test,2019-09-25,15:15:00,30,heterogeneous,-0.12321378417034376,-0.12403387575710387
test,2019-09-25,15:15:00,30,time_of_day,-0.07616954784897662,-0.05017892822804487
test,2019-09-25,15:15:00,30,factor_spy,-0.09234348125198982,-0.08004361277303482
test,2019-09-25,15:15:00,30,quadratic_c0_etf,-0.09876214003396858,-0.0859082931485187
test,2019-09-25,15:15:00,30,quadratic_c0_single,-0.016186747856695716,-0.03454054553446953
test,2019-09-25,15:30:00,1,quadratic_c0,-0.029126388043395596,-0.016515667990373892
test,2019-09-25,15:30:00,1,independent_ou,0.0881161391936102,0.08759930005334096
test,2019-09-25,15:30:00,1,flexible_moments,0.04202114000872181,0.04912671841199534
test,2019-09-25,15:30:00,1,heterogeneous,0.0698227162592927,0.09719281108253264
test,2019-09-25,15:30:00,1,time_of_day,-0.06658124517805009,-0.04707013112058833
test,2019-09-25,15:30:00,1,factor_spy,-0.02078471062249182,-0.011069204131848046
test,2019-09-25,15:30:00,1,quadratic_c0_etf,-0.0011215870527061522,0.010411118029209687
test,2019-09-25,15:30:00,1,quadratic_c0_single,0.02089671440949567,0.027633577432748857
test,2019-09-25,15:30:00,5,quadratic_c0,0.005791559134394442,0.007141644255839297
test,2019-09-25,15:30:00,5,independent_ou,0.23142279520774134,0.23085191804768207
test,2019-09-25,15:30:00,5,flexible_moments,0.13601850364484486,0.135504424263862
test,2019-09-25,15:30:00,5,heterogeneous,-0.07415890864215738,-0.06722767930182025
test,2019-09-25,15:30:00,5,time_of_day,0.038575481081806695,0.03608346053423184
test,2019-09-25,15:30:00,5,factor_spy,0.03494857468642831,0.03171404358215252
test,2019-09-25,15:30:00,5,quadratic_c0_etf,0.12795831133239594,0.12545989263581558
test,2019-09-25,15:30:00,5,quadratic_c0_single,-0.011019442692406567,0.00031539246799741627
test,2019-09-25,15:30:00,15,quadratic_c0,0.09983277596154633,0.0888811873295022
test,2019-09-25,15:30:00,15,independent_ou,-0.021967950157358612,-0.04362984451553159
test,2019-09-25,15:30:00,15,flexible_moments,0.051452633688195304,0.015003546233418624
test,2019-09-25,15:30:00,15,heterogeneous,0.08844586977088253,0.09030042158271298
test,2019-09-25,15:30:00,15,time_of_day,0.02269703240270593,0.02760803208545956
test,2019-09-25,15:30:00,15,factor_spy,-0.10895058395411847,-0.1113172245355338
test,2019-09-25,15:30:00,15,quadratic_c0_etf,0.03071122542027624,0.03832035227424718
test,2019-09-25,15:30:00,15,quadratic_c0_single,0.12998533400437823,0.12184107206180642
test,2019-09-25,15:45:00,1,quadratic_c0,-0.07812811137700065,-0.08805879709841469
test,2019-09-25,15:45:00,1,independent_ou,-0.057044141885362776,-0.06251039353637833
test,2019-09-25,15:45:00,1,flexible_moments,0.0659773274540899,0.04882287733784685
test,2019-09-25,15:45:00,1,heterogeneous,-0.18257498063295247,-0.19586354189659716
test,2019-09-25,15:45:00,1,time_of_day,-0.20784331609752915,-0.21393552566155477
test,2019-09-25,15:45:00,1,factor_spy,-0.06714699477404318,-0.06675693697626672
test,2019-09-25,15:45:00,1,quadratic_c0_etf,0.008614147179621556,-0.12029518465572031
test,2019-09-25,15:45:00,1,quadratic_c0_single,-0.08049184322935643,-0.07824772262445201
test,2019-09-25,15:45:00,5,quadratic_c0,-0.0026472754035961887,-0.015381760260498228
test,2019-09-25,15:45:00,5,independent_ou,-0.08557853141926858,-0.09479235727450654
test,2019-09-25,15:45:00,5,flexible_moments,-0.06206569065447909,-0.045624139390926105
test,2019-09-25,15:45:00,5,heterogeneous,-0.05912922295496087,-0.0497426925607766
test,2019-09-25,15:45:00,5,time_of_day,-0.08603264410896796,-0.08041065000328992
test,2019-09-25,15:45:00,5,factor_spy,-0.1011411242095488,-0.09704516627895637
test,2019-09-25,15:45:00,5,quadratic_c0_etf,-0.04475764248762826,-0.041549863851023466
test,2019-09-25,15:45:00,5,quadratic_c0_single,0.048082577935193355,0.021788808557541034
test_fixed_am_pm,2019-09-25,10:00:00,300,quadratic_c0,-0.039215914981182015,-0.016208208269228322
test_fixed_am_pm,2019-09-25,10:00:00,300,independent_ou,0.07480002748069534,0.07441180337100256
test,2019-09-26,09:45:00,1,quadratic_c0,0.04234639325636538,0.03580141903447745
test,2019-09-26,09:45:00,1,independent_ou,0.044394445843343455,0.03201978721479731
test,2019-09-26,09:45:00,1,flexible_moments,0.09868244773270107,0.08295225294634806
test,2019-09-26,09:45:00,1,heterogeneous,0.0832236738916915,0.07606198248343127
test,2019-09-26,09:45:00,1,time_of_day,-0.03621314203630058,-0.043315006226419775
test,2019-09-26,09:45:00,1,factor_spy,0.05434950332510566,0.04125906769522242
test,2019-09-26,09:45:00,1,quadratic_c0_etf,0.34610675674343716,0.335873962674158
test,2019-09-26,09:45:00,1,quadratic_c0_single,0.06695224168377889,0.0559508041369374
test,2019-09-26,09:45:00,5,quadratic_c0,-0.05274593687665957,-0.052373060410124406
test,2019-09-26,09:45:00,5,independent_ou,-0.0918289073518433,-0.09576805247852754
test,2019-09-26,09:45:00,5,flexible_moments,0.009819510011114946,-0.0008507945842309572
test,2019-09-26,09:45:00,5,heterogeneous,0.023550242719993786,-0.014919883113976545
test,2019-09-26,09:45:00,5,time_of_day,-0.10919003741533868,-0.10785190916652959
test,2019-09-26,09:45:00,5,factor_spy,0.05434584208756382,0.04310784373997509
test,2019-09-26,09:45:00,5,quadratic_c0_etf,0.14323155992965858,0.08680887274947763
test,2019-09-26,09:45:00,5,quadratic_c0_single,0.049801413068540246,0.04464353173706362
test,2019-09-26,09:45:00,15,quadratic_c0,0.14073473853206836,0.11711940748960226
test,2019-09-26,09:45:00,15,independent_ou,-0.024258076891524843,-0.02556207190660223
test,2019-09-26,09:45:00,15,flexible_moments,-0.02382684779801697,-0.032779755007873945
test,2019-09-26,09:45:00,15,heterogeneous,-0.02790018343698239,-0.019429632778294043
test,2019-09-26,09:45:00,15,time_of_day,-0.050588763333447834,-0.06015837746702585
test,2019-09-26,09:45:00,15,factor_spy,0.08574460155702818,0.0746897515630508
test,2019-09-26,09:45:00,15,quadratic_c0_etf,0.060480007541657166,0.045402120892620995
test,2019-09-26,09:45:00,15,quadratic_c0_single,0.20084859467562277,0.16472839432912623
test,2019-09-26,09:45:00,30,quadratic_c0,-0.010448317858221118,-0.003259072573445071
test,2019-09-26,09:45:00,30,independent_ou,0.021529421243307117,-0.002095157374798276
test,2019-09-26,09:45:00,30,flexible_moments,-0.05600212143938846,-0.04516203432318475
test,2019-09-26,09:45:00,30,heterogeneous,0.07761601940536081,0.021058461283498822
test,2019-09-26,09:45:00,30,time_of_day,-0.08549667495015807,-0.06936696543585641
test,2019-09-26,09:45:00,30,factor_spy,-0.008181806807609382,-0.00303666098679628
test,2019-09-26,09:45:00,30,quadratic_c0_etf,0.2679980032026389,0.2804948899684772
test,2019-09-26,09:45:00,30,quadratic_c0_single,0.10427370453882628,0.11567337976729601
test,2019-09-26,10:00:00,1,quadratic_c0,-0.0184315318548392,-0.020165225139031073
test,2019-09-26,10:00:00,1,independent_ou,-0.03450580965712691,-0.02173346606462062
test,2019-09-26,10:00:00,1,flexible_moments,0.011313626371886543,0.022388806233776815
test,2019-09-26,10:00:00,1,heterogeneous,-0.10858253842483034,-0.10683358283055361
test,2019-09-26,10:00:00,1,time_of_day,-0.06290141519816722,-0.05434789314687699
test,2019-09-26,10:00:00,1,factor_spy,-0.0041004426368442815,0.004841094524048961
test,2019-09-26,10:00:00,1,quadratic_c0_etf,-0.12865417953208652,-0.11484416730013058
test,2019-09-26,10:00:00,1,quadratic_c0_single,0.09267204010419383,0.0836875646345433
test,2019-09-26,10:00:00,5,quadratic_c0,0.05713617464830495,0.0350155813831608
test,2019-09-26,10:00:00,5,independent_ou,0.0555698042460413,0.04884164387565232
test,2019-09-26,10:00:00,5,flexible_moments,0.05424779315132083,0.032915123324032736
test,2019-09-26,10:00:00,5,heterogeneous,0.026912267426106806,-0.012318871095860634
test,2019-09-26,10:00:00,5,time_of_day,-0.119578764249194,-0.1179473882936023
test,2019-09-26,10:00:00,5,factor_spy,0.05039176944737783,0.023219773824856627
test,2019-09-26,10:00:00,5,quadratic_c0_etf,0.07762303774950474,0.05083133686203828
test,2019-09-26,10:00:00,5,quadratic_c0_single,0.07903633461943099,0.03423128160268685
test,2019-09-26,10:00:00,15,quadratic_c0,-0.038138587427188037,-0.02036471553436832
test,2019-09-26,10:00:00,15,independent_ou,0.03607593617088606,0.05911166465484757
test,2019-09-26,10:00:00,15,flexible_moments,-0.026561317060261602,-0.01461580864306923
test,2019-09-26,10:00:00,15,heterogeneous,0.05845547951892732,0.07333373705190141
test,2019-09-26,10:00:00,15,time_of_day,-0.09896730362100399,-0.0748837404835973
test,2019-09-26,10:00:00,15,factor_spy,0.001656620924046004,-0.006812757045591755
test,2019-09-26,10:00:00,15,quadratic_c0_etf,0.0824902397429868,0.09898669539897573
test,2019-09-26,10:00:00,15,quadratic_c0_single,-0.019718685328024566,-0.009070566687491732
test,2019-09-26,10:00:00,30,quadratic_c0,-0.014462506548438586,-0.0102886523187527
test,2019-09-26,10:00:00,30,independent_ou,0.0033414293859939936,-0.004809972326005663
test,2019-09-26,10:00:00,30,flexible_moments,-0.017290278477978788,-0.031104490158689463
test,2019-09-26,10:00:00,30,heterogeneous,0.056061931728448144,-0.012045256165903018
test,2019-09-26,10:00:00,30,time_of_day,-0.05811694611766209,-0.050080448275278244
test,2019-09-26,10:00:00,30,factor_spy,-0.007038719874423532,-0.027296781762835468
test,2019-09-26,10:00:00,30,quadratic_c0_etf,0.07044166761524501,0.09545197281852583
test,2019-09-26,10:00:00,30,quadratic_c0_single,0.024770454811382625,0.028641580680720397
test,2019-09-26,10:15:00,1,quadratic_c0,0.019940426887973664,0.015337790327361142
test,2019-09-26,10:15:00,1,independent_ou,0.029612462099274123,0.020248632119211366
test,2019-09-26,10:15:00,1,flexible_moments,-0.02112386122895478,-0.017583190816469446
test,2019-09-26,10:15:00,1,heterogeneous,0.027499763749918638,0.02246435347260667
test,2019-09-26,10:15:00,1,time_of_day,0.028266628176874475,0.031013703057324163
test,2019-09-26,10:15:00,1,factor_spy,0.07006623839276654,0.05609814702414283
test,2019-09-26,10:15:00,1,quadratic_c0_etf,0.22938372359913187,0.1892308461149418
test,2019-09-26,10:15:00,1,quadratic_c0_single,0.03204800308369596,0.02054579684819341
test,2019-09-26,10:15:00,5,quadratic_c0,-0.062409081787542425,-0.04328766454329337
test,2019-09-26,10:15:00,5,independent_ou,-0.028957993797214393,-0.013443518876954524
test,2019-09-26,10:15:00,5,flexible_moments,0.12044535650318314,0.1089605033097317
test,2019-09-26,10:15:00,5,heterogeneous,-0.05917496653179141,-0.03626701149157237
test,2019-09-26,10:15:00,5,time_of_day,-0.03328037108088108,-0.017107646365906143
test,2019-09-26,10:15:00,5,factor_spy,0.03719317881015291,0.06113218864439432
test,2019-09-26,10:15:00,5,quadratic_c0_etf,0.2117313785949996,0.16695584843481767
test,2019-09-26,10:15:00,5,quadratic_c0_single,-0.07243414086585132,-0.05840620167609839
test,2019-09-26,10:15:00,15,quadratic_c0,0.08928786694684297,0.08655137055530629
test,2019-09-26,10:15:00,15,independent_ou,0.06423585763086322,0.05388210351250172
test,2019-09-26,10:15:00,15,flexible_moments,0.008370243733693064,-0.003485890503603109
test,2019-09-26,10:15:00,15,heterogeneous,0.103632439250249,0.11389043275097291
test,2019-09-26,10:15:00,15,time_of_day,0.004345044414336335,0.0009835131281653586
test,2019-09-26,10:15:00,15,factor_spy,0.09457885066378148,0.059439425668599055
test,2019-09-26,10:15:00,15,quadratic_c0_etf,0.315469176757983,0.3035209695147635
test,2019-09-26,10:15:00,15,quadratic_c0_single,0.07999423686346936,0.07687242481649209
test,2019-09-26,10:15:00,30,quadratic_c0,0.10873732979260728,0.0536341663321005
test,2019-09-26,10:15:00,30,independent_ou,0.08297717886348088,0.08749576493850778
test,2019-09-26,10:15:00,30,flexible_moments,0.01170980311621253,0.010465515747113824
test,2019-09-26,10:15:00,30,heterogeneous,0.06683809683851746,0.0708333031955935
test,2019-09-26,10:15:00,30,time_of_day,-0.009452004578410389,-0.016719889954438988
test,2019-09-26,10:15:00,30,factor_spy,0.0431549225130142,0.03632323929835507
test,2019-09-26,10:15:00,30,quadratic_c0_etf,0.482561560210834,0.4379618006957219
test,2019-09-26,10:15:00,30,quadratic_c0_single,0.09966298810636409,0.06344131096842501
test,2019-09-26,10:30:00,1,quadratic_c0,-0.02428916462188055,-0.02257217262349233
test,2019-09-26,10:30:00,1,independent_ou,-0.03260510584538942,-0.016846681048256346
test,2019-09-26,10:30:00,1,flexible_moments,0.024682295356200423,0.04195440915738291
test,2019-09-26,10:30:00,1,heterogeneous,0.020572539890153868,0.02154653179922439
test,2019-09-26,10:30:00,1,time_of_day,-0.05555578680499251,-0.044175582908899336
test,2019-09-26,10:30:00,1,factor_spy,0.004467131465526686,0.012830336668286618
test,2019-09-26,10:30:00,1,quadratic_c0_etf,0.04160770052975385,0.04437627169712638
test,2019-09-26,10:30:00,1,quadratic_c0_single,0.0030073971062193616,0.0088697270685123
test,2019-09-26,10:30:00,5,quadratic_c0,-0.03281411246339502,-0.04042899497474162
test,2019-09-26,10:30:00,5,independent_ou,0.006488077959546701,-0.0017529296013465145
test,2019-09-26,10:30:00,5,flexible_moments,-0.04268041010202514,-0.06837705661684715
test,2019-09-26,10:30:00,5,heterogeneous,0.032075030916149966,0.030182810289427042
test,2019-09-26,10:30:00,5,time_of_day,-0.06915314836184772,-0.0658331995793096
test,2019-09-26,10:30:00,5,factor_spy,0.04878046834138408,0.04128306444725702
test,2019-09-26,10:30:00,5,quadratic_c0_etf,0.03153334557425455,0.02510325630845353
test,2019-09-26,10:30:00,5,quadratic_c0_single,0.01513197829399529,-0.000841431731701453
test,2019-09-26,10:30:00,15,quadratic_c0,0.010557330184398195,0.021712801124749492
test,2019-09-26,10:30:00,15,independent_ou,-0.028937403840390313,-0.02044914828276738
test,2019-09-26,10:30:00,15,flexible_moments,0.026643528616756618,0.026059347455972826
test,2019-09-26,10:30:00,15,heterogeneous,0.006279744438729112,0.025118935240037416
test,2019-09-26,10:30:00,15,time_of_day,-0.049842810357283496,-0.044383386785607215
test,2019-09-26,10:30:00,15,factor_spy,-0.016032734174930452,-0.0038300475613329
test,2019-09-26,10:30:00,15,quadratic_c0_etf,-0.07787008982831287,-0.05928911804038718
test,2019-09-26,10:30:00,15,quadratic_c0_single,0.06081147961173919,0.06229276876429715
test,2019-09-26,10:30:00,30,quadratic_c0,0.06702928872319752,0.0622959820486364
test,2019-09-26,10:30:00,30,independent_ou,-0.04689959673338476,-0.03855885831672963
test,2019-09-26,10:30:00,30,flexible_moments,0.06605189464745148,0.06619965123528337
test,2019-09-26,10:30:00,30,heterogeneous,0.025543243635358842,0.0008037823412565259
test,2019-09-26,10:30:00,30,time_of_day,-0.07959660504767659,-0.06793111458809814
test,2019-09-26,10:30:00,30,factor_spy,-0.03828554986054476,-0.024147465427080905
test,2019-09-26,10:30:00,30,quadratic_c0_etf,0.17510169358448344,0.18230472752294963
test,2019-09-26,10:30:00,30,quadratic_c0_single,0.057739431504501504,0.05096007179442602
test,2019-09-26,10:45:00,1,quadratic_c0,-0.08281161061853742,-0.05041747962267029
test,2019-09-26,10:45:00,1,independent_ou,-0.008459558178933707,0.013310298638771229
test,2019-09-26,10:45:00,1,flexible_moments,-0.012130927338021957,0.008006769074751174
test,2019-09-26,10:45:00,1,heterogeneous,0.0301210887047533,0.04759540952252059
test,2019-09-26,10:45:00,1,time_of_day,-0.07565833850421237,-0.04436975538274793
test,2019-09-26,10:45:00,1,factor_spy,-0.00275229435671992,0.03320352729029036
test,2019-09-26,10:45:00,1,quadratic_c0_etf,0.1045262202538984,0.09879563420932416
test,2019-09-26,10:45:00,1,quadratic_c0_single,-0.07657487154306787,-0.04488048977913596
test,2019-09-26,10:45:00,5,quadratic_c0,0.08440819788567316,0.029062597941100138
test,2019-09-26,10:45:00,5,independent_ou,0.004883863931250898,0.005737499943706648
test,2019-09-26,10:45:00,5,flexible_moments,0.04786360959802119,0.0320118371704647
test,2019-09-26,10:45:00,5,heterogeneous,0.1510954411291552,0.13348356223924435
test,2019-09-26,10:45:00,5,time_of_day,-0.003887570339491969,-0.0009736653174177851
test,2019-09-26,10:45:00,5,factor_spy,0.07711200986612307,0.09329820242585136
test,2019-09-26,10:45:00,5,quadratic_c0_etf,0.08214649635815585,0.09373328436085039
test,2019-09-26,10:45:00,5,quadratic_c0_single,0.13061356685634976,0.06570459286276704
test,2019-09-26,10:45:00,15,quadratic_c0,-0.0400070260311812,-0.023685230573143368
test,2019-09-26,10:45:00,15,independent_ou,-0.030563628411807153,-0.02549243620679792
test,2019-09-26,10:45:00,15,flexible_moments,-0.011591834593896788,0.006899865298712171
test,2019-09-26,10:45:00,15,heterogeneous,0.02224562888303755,0.03342409739193808
test,2019-09-26,10:45:00,15,time_of_day,-0.12018929674437896,-0.07912382237317964
test,2019-09-26,10:45:00,15,factor_spy,-0.029020696957034214,-0.00622853534791154
test,2019-09-26,10:45:00,15,quadratic_c0_etf,0.09635722885252015,0.08973724979584069
test,2019-09-26,10:45:00,15,quadratic_c0_single,-0.00048044043218137267,0.014003761480662041
test,2019-09-26,10:45:00,30,quadratic_c0,0.06182326370530228,0.09525514034262211
test,2019-09-26,10:45:00,30,independent_ou,0.13621651908134516,0.15442204581225677
test,2019-09-26,10:45:00,30,flexible_moments,-0.04213471893480403,-0.019428408062050387
test,2019-09-26,10:45:00,30,heterogeneous,0.005894844359354334,0.02989953115162955
test,2019-09-26,10:45:00,30,time_of_day,-0.07696964690093801,-0.04409500938372529
test,2019-09-26,10:45:00,30,factor_spy,-0.04953649851759684,-0.030197772950016175
test,2019-09-26,10:45:00,30,quadratic_c0_etf,0.3485890037188758,0.32964513621454855
test,2019-09-26,10:45:00,30,quadratic_c0_single,0.040250130780107446,0.06330849780996453
test,2019-09-26,11:00:00,1,quadratic_c0,0.10478718456643918,0.09032169206281124
test,2019-09-26,11:00:00,1,independent_ou,0.04771891840422357,0.054250518017494614
test,2019-09-26,11:00:00,1,flexible_moments,0.017790333946053755,0.01109715576617773
test,2019-09-26,11:00:00,1,heterogeneous,-0.010860374555433178,-0.02774289404917818
test,2019-09-26,11:00:00,1,time_of_day,-0.10551492863260381,-0.10233293015351984
test,2019-09-26,11:00:00,1,factor_spy,0.01592642840471281,0.014589252791539498
test,2019-09-26,11:00:00,1,quadratic_c0_etf,0.08238128117383639,0.05412968543803895
test,2019-09-26,11:00:00,1,quadratic_c0_single,0.16791696678292953,0.16142350767005118
test,2019-09-26,11:00:00,5,quadratic_c0,0.04646597192133334,0.024546311060926945
test,2019-09-26,11:00:00,5,independent_ou,0.1008074909755568,0.10395989703327087
test,2019-09-26,11:00:00,5,flexible_moments,0.11111609954946361,0.09557946582084718
test,2019-09-26,11:00:00,5,heterogeneous,0.019578059528453012,0.01425653705153844
test,2019-09-26,11:00:00,5,time_of_day,-0.049986436584428,-0.04875531881589631
test,2019-09-26,11:00:00,5,factor_spy,0.004754576746121758,-0.007517952168390449
test,2019-09-26,11:00:00,5,quadratic_c0_etf,0.20139848839115884,0.12899403188252173
test,2019-09-26,11:00:00,5,quadratic_c0_single,0.12034792642746181,0.09348259711457767
test,2019-09-26,11:00:00,15,quadratic_c0,-0.004399978956029088,-0.006424510776817258
test,2019-09-26,11:00:00,15,independent_ou,0.1360130733719625,0.11247775073490779
test,2019-09-26,11:00:00,15,flexible_moments,0.034729681104702204,0.04747828175820221
test,2019-09-26,11:00:00,15,heterogeneous,-0.0420634785202641,-0.02647637560390359
test,2019-09-26,11:00:00,15,time_of_day,-0.05006710062092133,-0.03482245671803169
test,2019-09-26,11:00:00,15,factor_spy,-0.0476122882290297,-0.03890009058542829
test,2019-09-26,11:00:00,15,quadratic_c0_etf,0.13640830064627085,0.12384933259983727
test,2019-09-26,11:00:00,15,quadratic_c0_single,-0.02495549343114925,-0.030514502345909453
test,2019-09-26,11:00:00,30,quadratic_c0,0.037763271138074345,0.024530775560991536
test,2019-09-26,11:00:00,30,independent_ou,-0.03905316400168593,-0.030285265788503338
test,2019-09-26,11:00:00,30,flexible_moments,0.08834631309052463,0.09164299825272995
test,2019-09-26,11:00:00,30,heterogeneous,0.04765371960694756,0.044390636187081056
test,2019-09-26,11:00:00,30,time_of_day,-0.0341925576946579,-0.02074592200561108
test,2019-09-26,11:00:00,30,factor_spy,0.049323134198166585,0.027244809993777763
test,2019-09-26,11:00:00,30,quadratic_c0_etf,0.5244445458497009,0.48773325000721146
test,2019-09-26,11:00:00,30,quadratic_c0_single,0.10211189064401263,0.11832687806870332
test,2019-09-26,11:15:00,1,quadratic_c0,-0.0764797550817945,-0.05823015213156166
test,2019-09-26,11:15:00,1,independent_ou,0.03597403109206715,0.043002597999265146
test,2019-09-26,11:15:00,1,flexible_moments,-0.00031295892364396893,-0.000602709108903754
test,2019-09-26,11:15:00,1,heterogeneous,-0.02526375435758954,-0.004888906941555415
test,2019-09-26,11:15:00,1,time_of_day,-0.08656482104582544,-0.0661270040708285
test,2019-09-26,11:15:00,1,factor_spy,0.03084956514213999,0.04995334121075551
test,2019-09-26,11:15:00,1,quadratic_c0_etf,-0.10915678590388889,-0.07114037014835808
test,2019-09-26,11:15:00,1,quadratic_c0_single,-0.038380605508260834,-0.025726868879291098
test,2019-09-26,11:15:00,5,quadratic_c0,0.03920676389819208,0.0016215222424480757
test,2019-09-26,11:15:00,5,independent_ou,-0.06812617847008096,-0.0684915610712068
test,2019-09-26,11:15:00,5,flexible_moments,-5.755722402697727e-05,-0.017989498523818925
test,2019-09-26,11:15:00,5,heterogeneous,0.10856343459178569,0.10558219146722297
test,2019-09-26,11:15:00,5,time_of_day,-0.06269647063927763,-0.053833956709527925
test,2019-09-26,11:15:00,5,factor_spy,-0.02559498357058873,-0.03165817078150017
test,2019-09-26,11:15:00,5,quadratic_c0_etf,-0.01897432580049696,-0.01125812704756149
test,2019-09-26,11:15:00,5,quadratic_c0_single,0.06026851245615669,0.01711520466487959
test,2019-09-26,11:15:00,15,quadratic_c0,-0.09782333501852843,-0.0732056635953196
test,2019-09-26,11:15:00,15,independent_ou,0.09046745487231411,0.09639108386945303
test,2019-09-26,11:15:00,15,flexible_moments,0.018836559509136375,0.02682445140137396
test,2019-09-26,11:15:00,15,heterogeneous,-0.0678697965826707,-0.05871580470946046
test,2019-09-26,11:15:00,15,time_of_day,-0.08250526938029532,-0.06538214611846942
test,2019-09-26,11:15:00,15,factor_spy,-0.008308271425397584,0.013011949762778252
test,2019-09-26,11:15:00,15,quadratic_c0_etf,0.2809793788764353,0.2941064982256477
test,2019-09-26,11:15:00,15,quadratic_c0_single,-0.038216047667196024,-0.020350014598455868
test,2019-09-26,11:15:00,30,quadratic_c0,0.024880459570292335,0.017508006003322557
test,2019-09-26,11:15:00,30,independent_ou,0.03578711893963532,0.008436938172343311
test,2019-09-26,11:15:00,30,flexible_moments,0.014688970871499618,-0.020521544971467465
test,2019-09-26,11:15:00,30,heterogeneous,0.01134383846146969,0.016005705799985254
test,2019-09-26,11:15:00,30,time_of_day,-0.05273330312530637,-0.05048130220541992
test,2019-09-26,11:15:00,30,factor_spy,0.06944944197522418,0.05222259507798124
test,2019-09-26,11:15:00,30,quadratic_c0_etf,0.3042041216143299,0.30806893996451346
test,2019-09-26,11:15:00,30,quadratic_c0_single,0.039067203768357234,0.024660146984518766
test,2019-09-26,11:30:00,1,quadratic_c0,-0.053795906731504556,-0.0491649256698667
test,2019-09-26,11:30:00,1,independent_ou,0.006506090082818883,0.010941025524338316
test,2019-09-26,11:30:00,1,flexible_moments,-0.05128449533008478,-0.039063345934707186
test,2019-09-26,11:30:00,1,heterogeneous,0.058992510615896304,0.03157919346725871
test,2019-09-26,11:30:00,1,time_of_day,-0.0935346987573984,-0.08387446862185187
test,2019-09-26,11:30:00,1,factor_spy,-0.05211609705915868,-0.03406564157948021
test,2019-09-26,11:30:00,1,quadratic_c0_etf,0.26821355911189254,0.18921185967651502
test,2019-09-26,11:30:00,1,quadratic_c0_single,-0.019175028794618715,-0.008049439788421792
test,2019-09-26,11:30:00,5,quadratic_c0,0.0010098035707979403,-0.019989996954504957
test,2019-09-26,11:30:00,5,independent_ou,0.12277321557144943,0.09352028825247372
test,2019-09-26,11:30:00,5,flexible_moments,0.007232488524128083,0.001252130956570785
test,2019-09-26,11:30:00,5,heterogeneous,-0.016203790120711076,-0.026311714582545886
test,2019-09-26,11:30:00,5,time_of_day,-0.03924322999421326,-0.046473825541267444
test,2019-09-26,11:30:00,5,factor_spy,0.04314133225348088,0.022436806822490996
test,2019-09-26,11:30:00,5,quadratic_c0_etf,0.09829249245177851,0.09069009160542099
test,2019-09-26,11:30:00,5,quadratic_c0_single,0.05117055218278291,0.0402338500208351
test,2019-09-26,11:30:00,15,quadratic_c0,0.0150011793194757,0.017590091669283298
test,2019-09-26,11:30:00,15,independent_ou,0.09908327677245415,0.0903782851411718
test,2019-09-26,11:30:00,15,flexible_moments,0.01241639279683307,8.273457240155768e-05
test,2019-09-26,11:30:00,15,heterogeneous,0.03999280860644133,0.025849802637260416
test,2019-09-26,11:30:00,15,time_of_day,-0.04435783113938409,-0.03990152200521209
test,2019-09-26,11:30:00,15,factor_spy,0.11084582828185471,0.1134427302336008
test,2019-09-26,11:30:00,15,quadratic_c0_etf,0.14667493179590987,0.08907835727478663
test,2019-09-26,11:30:00,15,quadratic_c0_single,0.010391263813568474,0.016903727508654487
test,2019-09-26,11:30:00,30,quadratic_c0,-0.07155150018238515,-0.06971571236734199
test,2019-09-26,11:30:00,30,independent_ou,-0.02837505789098224,-0.049163885992636394
test,2019-09-26,11:30:00,30,flexible_moments,-0.0020877447835944973,-0.007758335498519051
test,2019-09-26,11:30:00,30,heterogeneous,-0.006184939967538383,-0.030921245215538087
test,2019-09-26,11:30:00,30,time_of_day,-0.06079943650111322,-0.0590384415931338
test,2019-09-26,11:30:00,30,factor_spy,-0.052051598070722294,-0.046784421346844435
test,2019-09-26,11:30:00,30,quadratic_c0_etf,0.21461465044278244,0.216131999837897
test,2019-09-26,11:30:00,30,quadratic_c0_single,-0.04363724339195378,-0.044612195995845524
test,2019-09-26,11:45:00,1,quadratic_c0,-0.021896561266476322,-0.02925664896148035
test,2019-09-26,11:45:00,1,independent_ou,0.004984443334921845,0.01482043333246219
test,2019-09-26,11:45:00,1,flexible_moments,0.0028077860945339983,0.02469922283751777
test,2019-09-26,11:45:00,1,heterogeneous,0.10189612250229158,0.11736707492437551
test,2019-09-26,11:45:00,1,time_of_day,-0.04622726426431907,-0.022600903421877636
test,2019-09-26,11:45:00,1,factor_spy,-0.050774284777437326,-0.024393882871044922
test,2019-09-26,11:45:00,1,quadratic_c0_etf,0.1661812382069499,0.15126865037623646
test,2019-09-26,11:45:00,1,quadratic_c0_single,0.059860340642155146,0.056886428705894804
test,2019-09-26,11:45:00,5,quadratic_c0,0.02581447888587307,0.01304120022857691
test,2019-09-26,11:45:00,5,independent_ou,0.12003341568360076,0.12970084183188763
test,2019-09-26,11:45:00,5,flexible_moments,0.06993037683593994,0.0819550387138184
test,2019-09-26,11:45:00,5,heterogeneous,0.03662766975812942,0.03043598213000015
test,2019-09-26,11:45:00,5,time_of_day,0.008793195323231529,0.018759134181600606
test,2019-09-26,11:45:00,5,factor_spy,-0.029964521992970866,-0.059929050149950425
test,2019-09-26,11:45:00,5,quadratic_c0_etf,0.30148211432649524,0.303818770373933
test,2019-09-26,11:45:00,5,quadratic_c0_single,-0.035190857572959866,-0.023671584809075538
test,2019-09-26,11:45:00,15,quadratic_c0,0.0422208146822545,0.06183878316876919
test,2019-09-26,11:45:00,15,independent_ou,0.1044904274399612,0.11586896082457461
test,2019-09-26,11:45:00,15,flexible_moments,0.03073988721905216,0.04724810472344455
test,2019-09-26,11:45:00,15,heterogeneous,0.10012536612577883,0.12007000973948263
test,2019-09-26,11:45:00,15,time_of_day,-0.04194205332869849,-0.025004827270156793
test,2019-09-26,11:45:00,15,factor_spy,-0.04858923895751373,-0.034718192783097374
test,2019-09-26,11:45:00,15,quadratic_c0_etf,0.06174077125903754,0.06597153664178952
test,2019-09-26,11:45:00,15,quadratic_c0_single,0.10102560040346326,0.1119628628826377
test,2019-09-26,11:45:00,30,quadratic_c0,-0.01220026009473596,-0.00705179742509611
test,2019-09-26,11:45:00,30,independent_ou,0.1079657889546301,0.09093644723033847
test,2019-09-26,11:45:00,30,flexible_moments,0.07266296122860577,0.03644390996109473
test,2019-09-26,11:45:00,30,heterogeneous,0.1117901321890703,0.10279605214918261
test,2019-09-26,11:45:00,30,time_of_day,0.011507169853954835,0.02337974698093842
test,2019-09-26,11:45:00,30,factor_spy,0.043908205441375386,0.029896440234755878
test,2019-09-26,11:45:00,30,quadratic_c0_etf,0.13168558625549803,0.1323033445042671
test,2019-09-26,11:45:00,30,quadratic_c0_single,-0.002893378017130646,0.004002287002649735
test,2019-09-26,12:00:00,1,quadratic_c0,0.04756839875840173,0.05039961227654712
test,2019-09-26,12:00:00,1,independent_ou,0.04170873182906977,0.03851002580435992
test,2019-09-26,12:00:00,1,flexible_moments,0.08133751344179703,0.054907552813788695
test,2019-09-26,12:00:00,1,heterogeneous,0.11272160693126433,0.0563633699722006
test,2019-09-26,12:00:00,1,time_of_day,0.005731948764478578,0.00898497805957734
test,2019-09-26,12:00:00,1,factor_spy,0.07587718197083505,0.07379041978187842
test,2019-09-26,12:00:00,1,quadratic_c0_etf,0.3302552038711674,0.3206586569544892
test,2019-09-26,12:00:00,1,quadratic_c0_single,0.052743709221288,0.05287442904343686
test,2019-09-26,12:00:00,5,quadratic_c0,0.015495153055917976,0.019136407809277584
test,2019-09-26,12:00:00,5,independent_ou,0.03188294553574417,0.0356131005740786
test,2019-09-26,12:00:00,5,flexible_moments,0.038262490991131354,0.039521324450406375
test,2019-09-26,12:00:00,5,heterogeneous,0.12487508430010924,0.0387391311299321
test,2019-09-26,12:00:00,5,time_of_day,-0.056662990723531315,-0.031245237051085895
test,2019-09-26,12:00:00,5,factor_spy,0.09959102291590877,0.10494380376587886
test,2019-09-26,12:00:00,5,quadratic_c0_etf,0.006986310410233121,0.018898529928131624
test,2019-09-26,12:00:00,5,quadratic_c0_single,0.03937786395672846,0.049587643579398544
test,2019-09-26,12:00:00,15,quadratic_c0,0.011886450478866842,0.020172600676895636
test,2019-09-26,12:00:00,15,independent_ou,0.056268588803125255,0.06494045724031837
test,2019-09-26,12:00:00,15,flexible_moments,0.10525833217117762,0.0906343987176035
test,2019-09-26,12:00:00,15,heterogeneous,0.10504118505404654,0.0894145070693264
test,2019-09-26,12:00:00,15,time_of_day,0.010154893132680934,0.023484259952568795
test,2019-09-26,12:00:00,15,factor_spy,-0.013623936169009018,-0.011892462393728279
test,2019-09-26,12:00:00,15,quadratic_c0_etf,0.09604413054456938,0.10645346036831192
test,2019-09-26,12:00:00,15,quadratic_c0_single,0.032262987901487725,0.034414877327987245
test,2019-09-26,12:00:00,30,quadratic_c0,0.14700825324735378,0.169301167550147
test,2019-09-26,12:00:00,30,independent_ou,0.14688324203449182,0.12770970060008752
test,2019-09-26,12:00:00,30,flexible_moments,0.05891650108583901,0.05317970500707103
test,2019-09-26,12:00:00,30,heterogeneous,-0.025222640460796586,-0.030511632579615866
test,2019-09-26,12:00:00,30,time_of_day,0.05610444325461733,0.05682902845053728
test,2019-09-26,12:00:00,30,factor_spy,0.10458107172059194,0.1077392513738073
test,2019-09-26,12:00:00,30,quadratic_c0_etf,0.2784458859431337,0.3023434975490426
test,2019-09-26,12:00:00,30,quadratic_c0_single,0.1124394590057895,0.12881002363743976
test,2019-09-26,12:15:00,1,quadratic_c0,-0.05540480968554201,-0.04252402161027516
test,2019-09-26,12:15:00,1,independent_ou,0.058171230915288974,0.06438141432968972
test,2019-09-26,12:15:00,1,flexible_moments,0.07339974562862978,0.07909252898843747
test,2019-09-26,12:15:00,1,heterogeneous,0.01780018077430784,0.007048246359576599
test,2019-09-26,12:15:00,1,time_of_day,-0.06532529050489047,-0.05699095848247074
test,2019-09-26,12:15:00,1,factor_spy,-0.017503689350090057,-0.010585281756049225
test,2019-09-26,12:15:00,1,quadratic_c0_etf,-0.0077194657737703065,-0.012148863670838533
test,2019-09-26,12:15:00,1,quadratic_c0_single,-0.02772314120464242,-0.03049156828913499
test,2019-09-26,12:15:00,5,quadratic_c0,-0.02539659820941978,-0.018504285393465103
test,2019-09-26,12:15:00,5,independent_ou,0.19510460181024616,0.17895987117302567
test,2019-09-26,12:15:00,5,flexible_moments,0.026726657236835427,0.03412533336029902
test,2019-09-26,12:15:00,5,heterogeneous,0.021000026485387346,0.011158401101762416
test,2019-09-26,12:15:00,5,time_of_day,0.042173055001411025,0.04332749614240164
test,2019-09-26,12:15:00,5,factor_spy,0.06477696254972967,0.03889264728443645
test,2019-09-26,12:15:00,5,quadratic_c0_etf,0.039211446954240003,0.06404995995841303
test,2019-09-26,12:15:00,5,quadratic_c0_single,0.03625475235053019,0.05150495014398132
test,2019-09-26,12:15:00,15,quadratic_c0,0.00819987481886264,0.028520826016155548
test,2019-09-26,12:15:00,15,independent_ou,-0.03813722293987565,-0.0458823533185439
test,2019-09-26,12:15:00,15,flexible_moments,0.29402646145284994,0.3249247080236627
test,2019-09-26,12:15:00,15,heterogeneous,0.2558185096154165,0.1982445493590401
test,2019-09-26,12:15:00,15,time_of_day,0.11803125553709565,0.12088508539410839
test,2019-09-26,12:15:00,15,factor_spy,0.16745100086531434,0.17753574305228634
test,2019-09-26,12:15:00,15,quadratic_c0_etf,-0.03464707882806731,-0.01332152558505087
test,2019-09-26,12:15:00,15,quadratic_c0_single,0.02848173516746566,0.047755889592172
test,2019-09-26,12:15:00,30,quadratic_c0,0.015671408586856117,0.048243060306282226
test,2019-09-26,12:15:00,30,independent_ou,-0.20836984260178237,-0.18596604503247455
test,2019-09-26,12:15:00,30,flexible_moments,0.01261060545091025,0.01940294181905783
test,2019-09-26,12:15:00,30,heterogeneous,0.01935970246907248,0.005546421697658954
test,2019-09-26,12:15:00,30,time_of_day,-0.04025914109619111,-0.04091887167080599
test,2019-09-26,12:15:00,30,factor_spy,-0.019234639030652534,-0.025298216057139555
test,2019-09-26,12:15:00,30,quadratic_c0_etf,0.2376330461818965,0.2685189118085724
test,2019-09-26,12:15:00,30,quadratic_c0_single,-0.04457315958904268,-0.018797416237892994
test,2019-09-26,12:30:00,1,quadratic_c0,0.004788544590509258,0.00534636010256806
test,2019-09-26,12:30:00,1,independent_ou,-0.06295744219857075,-0.05268612864601435
test,2019-09-26,12:30:00,1,flexible_moments,-0.10681977787559188,-0.10334331885717823
test,2019-09-26,12:30:00,1,heterogeneous,-0.3421203781169813,-0.34063016917966404
test,2019-09-26,12:30:00,1,time_of_day,-0.29863470606460973,-0.3102172462890765
test,2019-09-26,12:30:00,1,factor_spy,0.03246508015850624,0.04439403795778779
test,2019-09-26,12:30:00,1,quadratic_c0_etf,-0.01648755151750786,-0.03730525811904156
test,2019-09-26,12:30:00,1,quadratic_c0_single,0.03627460581855868,0.018327287387405855
test,2019-09-26,12:30:00,5,quadratic_c0,-0.10792224348723956,-0.08872455694192119
test,2019-09-26,12:30:00,5,independent_ou,-0.09093759139905816,-0.08985704537832434
test,2019-09-26,12:30:00,5,flexible_moments,-0.14709412544485315,-0.11923537966986855
test,2019-09-26,12:30:00,5,heterogeneous,-0.11966415684075396,-0.13270748715768688
test,2019-09-26,12:30:00,5,time_of_day,-0.21752646168067644,-0.20182379202340714
test,2019-09-26,12:30:00,5,factor_spy,-0.12730387903617274,-0.13968118597377388
test,2019-09-26,12:30:00,5,quadratic_c0_etf,0.035616974959075065,0.004358178128523349
test,2019-09-26,12:30:00,5,quadratic_c0_single,-0.10016478956584848,-0.0759859573805367
test,2019-09-26,12:30:00,15,quadratic_c0,-0.31099823182304404,-0.2904751497212105
test,2019-09-26,12:30:00,15,independent_ou,-0.17490374895169747,-0.16747440111154327
test,2019-09-26,12:30:00,15,flexible_moments,-0.17801699316115133,-0.16781570294079434
test,2019-09-26,12:30:00,15,heterogeneous,-0.3147621947618741,-0.31800160678306827
test,2019-09-26,12:30:00,15,time_of_day,-0.24657198418869264,-0.24918344050632762
test,2019-09-26,12:30:00,15,factor_spy,-0.23284231283587759,-0.23346129823668665
test,2019-09-26,12:30:00,15,quadratic_c0_etf,-0.3396677606375801,-0.33489740413093394
test,2019-09-26,12:30:00,15,quadratic_c0_single,-0.286490312966947,-0.2688725320169377
test,2019-09-26,12:30:00,30,quadratic_c0,-0.09101575588228503,-0.01794205815673955
test,2019-09-26,12:30:00,30,independent_ou,-0.04350652770824287,0.031211904118493533
test,2019-09-26,12:30:00,30,flexible_moments,-0.03067718077785908,0.005508041778163164
test,2019-09-26,12:30:00,30,heterogeneous,-0.1491608006791889,-0.09050625407531304
test,2019-09-26,12:30:00,30,time_of_day,-0.17548957597400883,-0.10145662004036807
test,2019-09-26,12:30:00,30,factor_spy,-0.11707393459522525,-0.08057818507489772
test,2019-09-26,12:30:00,30,quadratic_c0_etf,-0.025592224504535188,0.006932477007146748
test,2019-09-26,12:30:00,30,quadratic_c0_single,-0.058580085035899065,0.0188909083304237
test,2019-09-26,12:45:00,1,quadratic_c0,-0.021022781272913627,-0.0552601588197949
test,2019-09-26,12:45:00,1,independent_ou,-0.0663612536076551,-0.059299899195040084
test,2019-09-26,12:45:00,1,flexible_moments,-0.1544141830274506,-0.13206922366053042
test,2019-09-26,12:45:00,1,heterogeneous,-0.10084534785028032,-0.06788249955278575
test,2019-09-26,12:45:00,1,time_of_day,-0.26470047559725485,-0.23996962142948208
test,2019-09-26,12:45:00,1,factor_spy,-0.09613490488771731,-0.0927492111750241
test,2019-09-26,12:45:00,1,quadratic_c0_etf,0.0976314305720336,0.12475418823462125
test,2019-09-26,12:45:00,1,quadratic_c0_single,-0.02662918226664379,-0.0660976765860079
test,2019-09-26,12:45:00,5,quadratic_c0,0.09112531269154867,0.11002977583026133
test,2019-09-26,12:45:00,5,independent_ou,-0.10382420967888442,-0.09309076219102277
test,2019-09-26,12:45:00,5,flexible_moments,0.009821309440064568,-0.00044827300428232353
test,2019-09-26,12:45:00,5,heterogeneous,-0.014971696426807762,-0.023794140871937125
test,2019-09-26,12:45:00,5,time_of_day,-0.0711029382682562,-0.05748059132718647
test,2019-09-26,12:45:00,5,factor_spy,-0.024803189340815074,-0.030310839048527244
test,2019-09-26,12:45:00,5,quadratic_c0_etf,0.10631319152942514,0.12246320442129491
test,2019-09-26,12:45:00,5,quadratic_c0_single,0.09342415069924453,0.10624568886777278
test,2019-09-26,12:45:00,15,quadratic_c0,-0.1275226393410436,-0.11502199046073877
test,2019-09-26,12:45:00,15,independent_ou,0.00478132286464833,0.011851547872907597
test,2019-09-26,12:45:00,15,flexible_moments,-0.14960099006990432,-0.12401761974491288
test,2019-09-26,12:45:00,15,heterogeneous,-0.10139343243483878,-0.08966439940515886
test,2019-09-26,12:45:00,15,time_of_day,-0.20994962222113034,-0.192430565601257
test,2019-09-26,12:45:00,15,factor_spy,-0.10466869720681243,-0.09563377016007474
test,2019-09-26,12:45:00,15,quadratic_c0_etf,-0.004557005748364762,-0.011734721494854716
test,2019-09-26,12:45:00,15,quadratic_c0_single,-0.082753538818086,-0.08069869467912363
test,2019-09-26,12:45:00,30,quadratic_c0,-0.011899156028336466,0.017779432787117577
test,2019-09-26,12:45:00,30,independent_ou,-0.05225584365647826,-0.009173336741450766
test,2019-09-26,12:45:00,30,flexible_moments,-0.04895653974484088,-0.003695560166607159
test,2019-09-26,12:45:00,30,heterogeneous,-0.026396168616310084,0.009564009560009301
test,2019-09-26,12:45:00,30,time_of_day,-0.06455248752847387,-0.032686340596619734
test,2019-09-26,12:45:00,30,factor_spy,0.05770532891967914,0.07095618497266254
test,2019-09-26,12:45:00,30,quadratic_c0_etf,0.03615979409412881,0.04839197189230987
test,2019-09-26,12:45:00,30,quadratic_c0_single,0.02097150935489553,0.0458037624216035
test,2019-09-26,13:00:00,1,quadratic_c0,-0.008075162008285147,0.022277558903043337
test,2019-09-26,13:00:00,1,independent_ou,0.04594520504247443,0.062449833459141735
test,2019-09-26,13:00:00,1,flexible_moments,-0.03009571303752334,-0.006435749886993761
test,2019-09-26,13:00:00,1,heterogeneous,0.028118071213827645,0.04607393918759187
test,2019-09-26,13:00:00,1,time_of_day,0.049021199478875566,0.07457475174418904
test,2019-09-26,13:00:00,1,factor_spy,-0.010698039048102626,-0.0006096045843389936
test,2019-09-26,13:00:00,1,quadratic_c0_etf,0.35062231937101507,0.3150832340373967
test,2019-09-26,13:00:00,1,quadratic_c0_single,0.15547352086996072,0.17658401447860964
test,2019-09-26,13:00:00,5,quadratic_c0,0.11267103015885588,0.1184598459268961
test,2019-09-26,13:00:00,5,independent_ou,0.07373572199838149,0.08568066996094587
test,2019-09-26,13:00:00,5,flexible_moments,-0.03433869570306455,-0.01347716734641187
test,2019-09-26,13:00:00,5,heterogeneous,0.12462209470052954,0.13006087789649395
test,2019-09-26,13:00:00,5,time_of_day,0.02455824610242774,0.04162259426088716
test,2019-09-26,13:00:00,5,factor_spy,-0.013225866330529107,-0.0016613462105164317
test,2019-09-26,13:00:00,5,quadratic_c0_etf,0.041333649909417514,0.048465817857170496
test,2019-09-26,13:00:00,5,quadratic_c0_single,0.15035744701359266,0.1488610590160937
test,2019-09-26,13:00:00,15,quadratic_c0,-0.0552451920154064,-0.035030352978719204
test,2019-09-26,13:00:00,15,independent_ou,0.026648893253530925,0.04661157069443825
test,2019-09-26,13:00:00,15,flexible_moments,-0.01727856019460977,-0.009440072295769736
test,2019-09-26,13:00:00,15,heterogeneous,-0.03657480581470279,-0.03694530245752234
test,2019-09-26,13:00:00,15,time_of_day,-0.10212792945770352,-0.09129025550187189
test,2019-09-26,13:00:00,15,factor_spy,-0.039568591285058796,-0.02308897974429691
test,2019-09-26,13:00:00,15,quadratic_c0_etf,-0.03307599118174423,-0.0034674888900716183
test,2019-09-26,13:00:00,15,quadratic_c0_single,-0.04529053359012511,-0.028829338538447075
test,2019-09-26,13:00:00,30,quadratic_c0,0.0937846724920326,0.12605610313906226
test,2019-09-26,13:00:00,30,independent_ou,-0.06898448083087211,-0.0475028655466081
test,2019-09-26,13:00:00,30,flexible_moments,-0.09991020325709662,-0.07327931264191617
test,2019-09-26,13:00:00,30,heterogeneous,-0.07086795264322845,-0.05300308580230956
test,2019-09-26,13:00:00,30,time_of_day,-0.17794035268019306,-0.15185735040376822
test,2019-09-26,13:00:00,30,factor_spy,-0.11496549878060164,-0.0878302557789365
test,2019-09-26,13:00:00,30,quadratic_c0_etf,-0.07279264245158146,-0.08667261912948843
test,2019-09-26,13:00:00,30,quadratic_c0_single,0.1765966788775904,0.20993010164778483
test,2019-09-26,13:15:00,1,quadratic_c0,0.06812695799741339,0.062243568449194375
test,2019-09-26,13:15:00,1,independent_ou,0.015673565401281314,0.017186665700595183
test,2019-09-26,13:15:00,1,flexible_moments,-0.002083902452979236,-0.010174584750004517
test,2019-09-26,13:15:00,1,heterogeneous,0.09812694195858693,0.09205529059792109
test,2019-09-26,13:15:00,1,time_of_day,-0.060517275776429624,-0.07014899227365111
test,2019-09-26,13:15:00,1,factor_spy,-0.03479632694353396,-0.03205385908429512
test,2019-09-26,13:15:00,1,quadratic_c0_etf,0.3054244458410774,0.27834181427497817
test,2019-09-26,13:15:00,1,quadratic_c0_single,0.005733593825222427,0.002018498938272578
test,2019-09-26,13:15:00,5,quadratic_c0,0.11981531030816614,0.1004766981832377
test,2019-09-26,13:15:00,5,independent_ou,-0.07095609014631307,-0.03177589379379675
test,2019-09-26,13:15:00,5,flexible_moments,0.004135027102840139,0.020674681981448978
test,2019-09-26,13:15:00,5,heterogeneous,0.02648214612187344,0.06517446783469916
test,2019-09-26,13:15:00,5,time_of_day,-0.07137382980960277,-0.04307115092364602
test,2019-09-26,13:15:00,5,factor_spy,-0.027778411320859564,0.0042415732288546
test,2019-09-26,13:15:00,5,quadratic_c0_etf,0.1850244234826132,0.17809606181370388
test,2019-09-26,13:15:00,5,quadratic_c0_single,0.14139340304632372,0.12281089914805235
test,2019-09-26,13:15:00,15,quadratic_c0,-0.031019274252253065,-0.015834127910249504
test,2019-09-26,13:15:00,15,independent_ou,0.08022477770876613,0.07179812765194107
test,2019-09-26,13:15:00,15,flexible_moments,-0.04352616061078686,-0.0396447528255935
test,2019-09-26,13:15:00,15,heterogeneous,0.005257159746970885,-0.011379652816596253
test,2019-09-26,13:15:00,15,time_of_day,-0.07918591795448293,-0.06309820547910125
test,2019-09-26,13:15:00,15,factor_spy,-0.017627714735486605,-0.0011876815031100496
test,2019-09-26,13:15:00,15,quadratic_c0_etf,-0.012993631120935545,0.0015338385976334246
test,2019-09-26,13:15:00,15,quadratic_c0_single,-0.008808553858228207,0.0012669969579303386
test,2019-09-26,13:15:00,30,quadratic_c0,-0.142986711991312,-0.11973582062517285
test,2019-09-26,13:15:00,30,independent_ou,-0.11945732754440352,-0.094311002488914
test,2019-09-26,13:15:00,30,flexible_moments,0.08110749355351093,0.1093642060380243
test,2019-09-26,13:15:00,30,heterogeneous,-0.15668616943395164,-0.13653916187453552
test,2019-09-26,13:15:00,30,time_of_day,-0.06024364795438994,-0.03786186145976797
test,2019-09-26,13:15:00,30,factor_spy,-0.13369333350501653,-0.1102013150662181
test,2019-09-26,13:15:00,30,quadratic_c0_etf,0.03570930719341808,0.060742163342657446
test,2019-09-26,13:15:00,30,quadratic_c0_single,-0.07983754262027848,-0.0764876485653474
test,2019-09-26,13:30:00,1,quadratic_c0,-0.04169777426947546,-0.038844519025624386
test,2019-09-26,13:30:00,1,independent_ou,-0.04010980796812516,-0.030872186946220265
test,2019-09-26,13:30:00,1,flexible_moments,-0.03357622246473116,-0.041426420993337765
test,2019-09-26,13:30:00,1,heterogeneous,0.13574119258985534,0.1261456621656177
test,2019-09-26,13:30:00,1,time_of_day,-0.09280808083490824,-0.08213247928038753
test,2019-09-26,13:30:00,1,factor_spy,0.12016755914895466,0.11286263405986499
test,2019-09-26,13:30:00,1,quadratic_c0_etf,-0.11739825814311779,-0.11626085408924496
test,2019-09-26,13:30:00,1,quadratic_c0_single,0.012194571844155455,0.0035707523981974576
test,2019-09-26,13:30:00,5,quadratic_c0,0.01888669782443672,0.0346964308701935
test,2019-09-26,13:30:00,5,independent_ou,0.08793676235422893,0.09886682436890648
test,2019-09-26,13:30:00,5,flexible_moments,0.022105713519625814,0.02317207989256531
test,2019-09-26,13:30:00,5,heterogeneous,0.05678388923971289,0.07145672575659981
test,2019-09-26,13:30:00,5,time_of_day,0.020540174194347893,0.02993023313855278
test,2019-09-26,13:30:00,5,factor_spy,0.03523154201967987,0.02456647687150479
test,2019-09-26,13:30:00,5,quadratic_c0_etf,0.12329563378568514,0.07917438982026662
test,2019-09-26,13:30:00,5,quadratic_c0_single,0.09454087687847945,0.10068739041439781
test,2019-09-26,13:30:00,15,quadratic_c0,-0.12498980000605167,-0.12260080855619332
test,2019-09-26,13:30:00,15,independent_ou,-0.019737412283132666,-0.0420778525816779
test,2019-09-26,13:30:00,15,flexible_moments,0.01050587660050234,0.013376891361828014
test,2019-09-26,13:30:00,15,heterogeneous,0.008372315392415952,0.016113023298800433
test,2019-09-26,13:30:00,15,time_of_day,-0.0034382901512484687,-0.008986616887260462
test,2019-09-26,13:30:00,15,factor_spy,0.033870631202307516,0.009137106631890685
test,2019-09-26,13:30:00,15,quadratic_c0_etf,0.07958672074526343,0.04174138644282993
test,2019-09-26,13:30:00,15,quadratic_c0_single,-0.04861522435616358,-0.06827571183470238
test,2019-09-26,13:30:00,30,quadratic_c0,0.014672396880775901,0.026550701656676445
test,2019-09-26,13:30:00,30,independent_ou,0.004391933801389913,0.0014803977424917847
test,2019-09-26,13:30:00,30,flexible_moments,0.06691476617739187,0.07533459704453363
test,2019-09-26,13:30:00,30,heterogeneous,0.10236204716513733,0.11372684583474948
test,2019-09-26,13:30:00,30,time_of_day,-0.13747977948946005,-0.11576709215763982
test,2019-09-26,13:30:00,30,factor_spy,-0.06083412292734694,-0.0559203711887476
test,2019-09-26,13:30:00,30,quadratic_c0_etf,0.03398259062381756,0.014129660699862268
test,2019-09-26,13:30:00,30,quadratic_c0_single,0.10491145452446518,0.1118546564080731
test,2019-09-26,13:45:00,1,quadratic_c0,0.05122382016254742,0.04601178606239337
test,2019-09-26,13:45:00,1,independent_ou,0.02452127824095593,0.009301976768300246
test,2019-09-26,13:45:00,1,flexible_moments,0.051047224208464415,0.02852215232448127
test,2019-09-26,13:45:00,1,heterogeneous,0.0945233749618076,0.06253179926081723
test,2019-09-26,13:45:00,1,time_of_day,0.03121509255338728,0.03748726954938572
test,2019-09-26,13:45:00,1,factor_spy,-0.0009724087695761052,-0.02344044800840893
test,2019-09-26,13:45:00,1,quadratic_c0_etf,0.2696501487828601,0.24976370402106615
test,2019-09-26,13:45:00,1,quadratic_c0_single,-0.0006656700921060243,-0.0038308258177064125
test,2019-09-26,13:45:00,5,quadratic_c0,0.06381725942167915,0.05614462369003545
test,2019-09-26,13:45:00,5,independent_ou,0.047313375660329365,0.04598629619914538
test,2019-09-26,13:45:00,5,flexible_moments,-0.001008082998292581,0.0010584697674053678
test,2019-09-26,13:45:00,5,heterogeneous,0.00016446446468976195,0.001928848068085548
test,2019-09-26,13:45:00,5,time_of_day,-0.04214612099008193,-0.027008936720740354
test,2019-09-26,13:45:00,5,factor_spy,0.001304902998932378,0.001412929173082153
test,2019-09-26,13:45:00,5,quadratic_c0_etf,0.3211597714555,0.3361494238309894
test,2019-09-26,13:45:00,5,quadratic_c0_single,0.20586424503544629,0.2193452713682152
test,2019-09-26,13:45:00,15,quadratic_c0,0.0465164986231216,0.03386783534111977
test,2019-09-26,13:45:00,15,independent_ou,-0.01709360957869166,-0.02020685203911958
test,2019-09-26,13:45:00,15,flexible_moments,0.08557778517762665,0.07147568347578133
test,2019-09-26,13:45:00,15,heterogeneous,0.015140871453367177,0.0043335787558067
test,2019-09-26,13:45:00,15,time_of_day,-0.059984531987688494,-0.048199115254808106
test,2019-09-26,13:45:00,15,factor_spy,0.02792450988866743,0.007297831640865324
test,2019-09-26,13:45:00,15,quadratic_c0_etf,0.23989681728740145,0.2256265808636439
test,2019-09-26,13:45:00,15,quadratic_c0_single,0.021148215062268855,0.002438747227655913
test,2019-09-26,13:45:00,30,quadratic_c0,-0.07294575422641647,-0.0696381833455833
test,2019-09-26,13:45:00,30,independent_ou,-0.12801274742127097,-0.11270745750343059
test,2019-09-26,13:45:00,30,flexible_moments,-0.11827281225288816,-0.11212039081602199
test,2019-09-26,13:45:00,30,heterogeneous,-0.08351121477377768,-0.07771170086097151
test,2019-09-26,13:45:00,30,time_of_day,-0.1523920264298788,-0.136083474627276
test,2019-09-26,13:45:00,30,factor_spy,-0.06333545900321527,-0.07289856029155684
test,2019-09-26,13:45:00,30,quadratic_c0_etf,-0.1464484458378006,-0.12965184726315956
test,2019-09-26,13:45:00,30,quadratic_c0_single,-0.03801889518358015,-0.04476073259886054
test,2019-09-26,14:00:00,1,quadratic_c0,0.04087753595851787,-0.009087752421275741
test,2019-09-26,14:00:00,1,independent_ou,-0.05012205694015512,-0.06371184939083224
test,2019-09-26,14:00:00,1,flexible_moments,-0.002388739457205996,-0.01581313385867135
test,2019-09-26,14:00:00,1,heterogeneous,0.004733739807792403,-0.006073012339473355
test,2019-09-26,14:00:00,1,time_of_day,-0.05373398469004828,-0.059333664083893345
test,2019-09-26,14:00:00,1,factor_spy,0.025010415216259907,-0.0013324432248534301
test,2019-09-26,14:00:00,1,quadratic_c0_etf,0.19098152424778572,0.1695941525812695
test,2019-09-26,14:00:00,1,quadratic_c0_single,0.10293212512952302,0.06061562721459571
test,2019-09-26,14:00:00,5,quadratic_c0,0.025679792690136982,0.03219669233270153
test,2019-09-26,14:00:00,5,independent_ou,0.0610093591629646,0.0701831275804139
test,2019-09-26,14:00:00,5,flexible_moments,0.11583668192081467,0.11885813202032988
test,2019-09-26,14:00:00,5,heterogeneous,0.12077263669505475,0.10845969867895125
test,2019-09-26,14:00:00,5,time_of_day,0.0013162096877301355,0.010669317281091079
test,2019-09-26,14:00:00,5,factor_spy,0.08826190987318791,0.08459937570353065
test,2019-09-26,14:00:00,5,quadratic_c0_etf,0.4542221736076799,0.4754380840577055
test,2019-09-26,14:00:00,5,quadratic_c0_single,0.018646238149978872,0.033659120331328535
test,2019-09-26,14:00:00,15,quadratic_c0,0.0874512630834075,0.07128372138834405
test,2019-09-26,14:00:00,15,independent_ou,0.041116267969804055,0.05922621560073649
test,2019-09-26,14:00:00,15,flexible_moments,-0.06191714870642345,-0.05628476429544915
test,2019-09-26,14:00:00,15,heterogeneous,0.01580934659411881,0.02963523479717356
test,2019-09-26,14:00:00,15,time_of_day,-0.11597553742099498,-0.10483330558036019
test,2019-09-26,14:00:00,15,factor_spy,-0.13220900021150117,-0.12497809375942702
test,2019-09-26,14:00:00,15,quadratic_c0_etf,0.08995888530733864,0.08841231201717886
test,2019-09-26,14:00:00,15,quadratic_c0_single,0.09654792095542353,0.06607067206652484
test,2019-09-26,14:00:00,30,quadratic_c0,0.16637731902400033,0.12392090294765691
test,2019-09-26,14:00:00,30,independent_ou,0.04586210431927086,0.033893268765406825
test,2019-09-26,14:00:00,30,flexible_moments,0.10574278129280372,0.08046691930401671
test,2019-09-26,14:00:00,30,heterogeneous,0.03230107649687594,0.014032116706119119
test,2019-09-26,14:00:00,30,time_of_day,0.07376648957746636,0.05483889605406646
test,2019-09-26,14:00:00,30,factor_spy,0.11242038813250481,0.09493210658485697
test,2019-09-26,14:00:00,30,quadratic_c0_etf,0.552593068272969,0.4938542285315897
test,2019-09-26,14:00:00,30,quadratic_c0_single,0.31093364521467354,0.2782768794446597
test,2019-09-26,14:15:00,1,quadratic_c0,0.020071966402662733,0.015522051495236444
test,2019-09-26,14:15:00,1,independent_ou,-0.0618827389702927,-0.059806619267474215
test,2019-09-26,14:15:00,1,flexible_moments,0.011449191073214071,0.014289150430126907
test,2019-09-26,14:15:00,1,heterogeneous,-0.1121373987134823,-0.11173531015654609
test,2019-09-26,14:15:00,1,time_of_day,-0.14556146705970205,-0.12851447542787064
test,2019-09-26,14:15:00,1,factor_spy,0.017882566687767498,0.01925245698599498
test,2019-09-26,14:15:00,1,quadratic_c0_etf,-0.09375451237824581,-0.09607140339544382
test,2019-09-26,14:15:00,1,quadratic_c0_single,0.06497143501299052,0.05277100535810203
test,2019-09-26,14:15:00,5,quadratic_c0,-0.016843389135475728,-0.023492935655039238
test,2019-09-26,14:15:00,5,independent_ou,-0.1299699188149846,-0.12697867355530673
test,2019-09-26,14:15:00,5,flexible_moments,-0.14825789568974385,-0.13380555272182737
test,2019-09-26,14:15:00,5,heterogeneous,-0.06834936360496208,-0.07064327665412307
test,2019-09-26,14:15:00,5,time_of_day,-0.1499971352098982,-0.14908508697826556
test,2019-09-26,14:15:00,5,factor_spy,-0.09770950452701982,-0.08636752918736379
test,2019-09-26,14:15:00,5,quadratic_c0_etf,0.10575874250890144,0.10339521838442134
test,2019-09-26,14:15:00,5,quadratic_c0_single,-0.04208623846473791,-0.06211106949313594
test,2019-09-26,14:15:00,15,quadratic_c0,-0.11270462437081052,-0.10736871427909545
test,2019-09-26,14:15:00,15,independent_ou,0.0002211900747160489,0.005510460806955081
test,2019-09-26,14:15:00,15,flexible_moments,-0.0487983386647062,-0.05728391020904072
test,2019-09-26,14:15:00,15,heterogeneous,-0.023130597486173188,-0.03715693550499194
test,2019-09-26,14:15:00,15,time_of_day,-0.12244266655234243,-0.12269790024204799
test,2019-09-26,14:15:00,15,factor_spy,-0.11813010638480087,-0.10593994963561115
test,2019-09-26,14:15:00,15,quadratic_c0_etf,0.34949622503510747,0.2553017786764944
test,2019-09-26,14:15:00,15,quadratic_c0_single,-0.007336656351489612,-0.0038995824745305108
test,2019-09-26,14:15:00,30,quadratic_c0,0.09626206401277938,0.07694386275040639
test,2019-09-26,14:15:00,30,independent_ou,0.14491553025198212,0.12516518352888711
test,2019-09-26,14:15:00,30,flexible_moments,0.042193244636921576,0.020851973557825837
test,2019-09-26,14:15:00,30,heterogeneous,0.1229071875798702,0.11238307127342236
test,2019-09-26,14:15:00,30,time_of_day,0.017603549073026123,0.010047156108006827
test,2019-09-26,14:15:00,30,factor_spy,0.08653011680674384,0.059790558456970136
test,2019-09-26,14:15:00,30,quadratic_c0_etf,0.18189865816418876,0.12751067682816486
test,2019-09-26,14:15:00,30,quadratic_c0_single,0.18449460160777476,0.15191047889305886
test,2019-09-26,14:30:00,1,quadratic_c0,0.06118568432776969,0.08114167650990045
test,2019-09-26,14:30:00,1,independent_ou,0.026211924575193835,0.03236617010106263
test,2019-09-26,14:30:00,1,flexible_moments,0.051310863352554914,0.06820706781320801
test,2019-09-26,14:30:00,1,heterogeneous,0.11235937551952399,0.11543286581147982
test,2019-09-26,14:30:00,1,time_of_day,0.03877833552819801,0.041542571185157695
test,2019-09-26,14:30:00,1,factor_spy,0.07207448466569866,0.05837142131025541
test,2019-09-26,14:30:00,1,quadratic_c0_etf,0.24008856243761004,0.26897438691988507
test,2019-09-26,14:30:00,1,quadratic_c0_single,0.072147700680121,0.06890846151136584
test,2019-09-26,14:30:00,5,quadratic_c0,-0.14133918053085015,-0.1044556730341236
test,2019-09-26,14:30:00,5,independent_ou,-0.07206631474041147,-0.02102354418403038
test,2019-09-26,14:30:00,5,flexible_moments,-0.11801290092377831,-0.08821076564865932
test,2019-09-26,14:30:00,5,heterogeneous,0.05013774650886044,0.09215981177819213
test,2019-09-26,14:30:00,5,time_of_day,-0.15833672447495672,-0.11942732961562405
test,2019-09-26,14:30:00,5,factor_spy,-0.12002614031759204,-0.09340596223210018
test,2019-09-26,14:30:00,5,quadratic_c0_etf,0.20129298667087464,0.19144379968928196
test,2019-09-26,14:30:00,5,quadratic_c0_single,-0.09069840468448773,-0.0540990226288314
test,2019-09-26,14:30:00,15,quadratic_c0,0.02280324921002877,-0.005763375105254348
test,2019-09-26,14:30:00,15,independent_ou,-0.07868118607636701,-0.07063122362841609
test,2019-09-26,14:30:00,15,flexible_moments,-0.10194842932976425,-0.08901473124298158
test,2019-09-26,14:30:00,15,heterogeneous,-0.03546765445812344,-0.03978935130468492
test,2019-09-26,14:30:00,15,time_of_day,-0.1092898488311746,-0.11051471922415672
test,2019-09-26,14:30:00,15,factor_spy,-0.1160153483286811,-0.11141582913159605
test,2019-09-26,14:30:00,15,quadratic_c0_etf,0.46880934198974733,0.48647989869079233
test,2019-09-26,14:30:00,15,quadratic_c0_single,-0.012163389680144965,-0.01978369161832813
test,2019-09-26,14:30:00,30,quadratic_c0,0.10272973763582165,0.08610726249013247
test,2019-09-26,14:30:00,30,independent_ou,0.09693444010350256,0.09966414037636946
test,2019-09-26,14:30:00,30,flexible_moments,0.06065622871524447,0.0636057010944245
test,2019-09-26,14:30:00,30,heterogeneous,0.10450711321893714,0.10778524014826572
test,2019-09-26,14:30:00,30,time_of_day,0.01001026003697486,0.013308158773918458
test,2019-09-26,14:30:00,30,factor_spy,0.044363419697040704,0.036006418401113585
test,2019-09-26,14:30:00,30,quadratic_c0_etf,0.23185195733260744,0.2262069334356141
test,2019-09-26,14:30:00,30,quadratic_c0_single,0.15896981735000376,0.1425997202430606
test,2019-09-26,14:45:00,1,quadratic_c0,-0.06162819418381893,-0.06556894691280613
test,2019-09-26,14:45:00,1,independent_ou,-0.08444603622672708,-0.05742273500308592
test,2019-09-26,14:45:00,1,flexible_moments,-0.03066973542486176,-0.03329846277407425
test,2019-09-26,14:45:00,1,heterogeneous,-0.050489855791281985,-0.04817699819094268
test,2019-09-26,14:45:00,1,time_of_day,-0.10627874459638781,-0.1030012754668038
test,2019-09-26,14:45:00,1,factor_spy,-0.039429982332182145,-0.02411226705150396
test,2019-09-26,14:45:00,1,quadratic_c0_etf,0.03008864108227438,0.004024193814995747
test,2019-09-26,14:45:00,1,quadratic_c0_single,-0.03103837191330941,-0.014158136504233698
test,2019-09-26,14:45:00,5,quadratic_c0,0.06288417732497464,0.0727671601951109
test,2019-09-26,14:45:00,5,independent_ou,-0.038190742019553386,-0.02553417393040963
test,2019-09-26,14:45:00,5,flexible_moments,0.07239360209880216,0.07019938673556467
test,2019-09-26,14:45:00,5,heterogeneous,-0.00816638380092502,-0.0014548021540758266
test,2019-09-26,14:45:00,5,time_of_day,0.04143380144740108,0.0559431006355397
test,2019-09-26,14:45:00,5,factor_spy,0.10279126952816181,0.05731598899415272
test,2019-09-26,14:45:00,5,quadratic_c0_etf,0.07521326764464442,0.09208482562434073
test,2019-09-26,14:45:00,5,quadratic_c0_single,0.06652590703538833,0.07208005297693956
test,2019-09-26,14:45:00,15,quadratic_c0,0.0025795442370980803,-0.009271655603460216
test,2019-09-26,14:45:00,15,independent_ou,-0.06776876343603541,-0.04970238053095839
test,2019-09-26,14:45:00,15,flexible_moments,0.029394066746633835,0.020717288810426032
test,2019-09-26,14:45:00,15,heterogeneous,-0.0007466995862331627,0.003883245671031099
test,2019-09-26,14:45:00,15,time_of_day,-0.09667498337397988,-0.08521179850373078
test,2019-09-26,14:45:00,15,factor_spy,-0.024758460115937186,-0.0191083625863539
test,2019-09-26,14:45:00,15,quadratic_c0_etf,0.07620550059820191,0.08048244209674932
test,2019-09-26,14:45:00,15,quadratic_c0_single,0.07669655029216621,0.06885823402814215
test,2019-09-26,14:45:00,30,quadratic_c0,-0.03409741177499265,-0.030630548861274365
test,2019-09-26,14:45:00,30,independent_ou,0.007099631132644391,0.008339933819534101
test,2019-09-26,14:45:00,30,flexible_moments,-0.08061091181328445,-0.08132484545093616
test,2019-09-26,14:45:00,30,heterogeneous,-0.07982476409525133,-0.08125300027894061
test,2019-09-26,14:45:00,30,time_of_day,-0.12374485989799536,-0.1245565935157861
test,2019-09-26,14:45:00,30,factor_spy,-0.1430597861187315,-0.1363928849810246
test,2019-09-26,14:45:00,30,quadratic_c0_etf,-0.023383038327590616,-0.015632810059225233
test,2019-09-26,14:45:00,30,quadratic_c0_single,0.008426942420083405,-0.0006379431757439491
test,2019-09-26,15:00:00,1,quadratic_c0,-0.028993510281353746,-0.0017762371544068761
test,2019-09-26,15:00:00,1,independent_ou,0.03670826395548807,0.03377479755721059
test,2019-09-26,15:00:00,1,flexible_moments,-0.007178280333965559,0.02240958167547666
test,2019-09-26,15:00:00,1,heterogeneous,0.027172439289557565,0.03803599168051179
test,2019-09-26,15:00:00,1,time_of_day,-0.06569262260110242,-0.033372758052690604
test,2019-09-26,15:00:00,1,factor_spy,0.039843515579916694,0.04905668166731507
test,2019-09-26,15:00:00,1,quadratic_c0_etf,0.13470540204770842,0.09914467043275695
test,2019-09-26,15:00:00,1,quadratic_c0_single,-0.018576377362893137,0.0015870729635538705
test,2019-09-26,15:00:00,5,quadratic_c0,0.05926782651510229,0.047395817360870965
test,2019-09-26,15:00:00,5,independent_ou,0.15343061933211494,0.1605703519786954
test,2019-09-26,15:00:00,5,flexible_moments,0.017175175452820768,0.0037726670108687577
test,2019-09-26,15:00:00,5,heterogeneous,0.018194818609990088,0.017684832767401862
test,2019-09-26,15:00:00,5,time_of_day,-0.01756733986857223,-0.016926321102870692
test,2019-09-26,15:00:00,5,factor_spy,0.043738187371816034,0.038651324255743094
test,2019-09-26,15:00:00,5,quadratic_c0_etf,0.03958442846223709,0.03781028135808405
test,2019-09-26,15:00:00,5,quadratic_c0_single,0.10134275887748184,0.0827087881943631
test,2019-09-26,15:00:00,15,quadratic_c0,0.07226697461465832,0.06794545022576534
test,2019-09-26,15:00:00,15,independent_ou,0.05202447658672339,0.04375076809652645
test,2019-09-26,15:00:00,15,flexible_moments,0.06461718939032897,0.04641480321563707
test,2019-09-26,15:00:00,15,heterogeneous,0.020719493083286453,0.016740862894204386
test,2019-09-26,15:00:00,15,time_of_day,0.01657630257516414,0.005836061301503381
test,2019-09-26,15:00:00,15,factor_spy,0.13900791638041737,0.10214822609067817
test,2019-09-26,15:00:00,15,quadratic_c0_etf,0.32981478809765974,0.31530553558327784
test,2019-09-26,15:00:00,15,quadratic_c0_single,0.09097332456857134,0.07206308511655773
test,2019-09-26,15:00:00,30,quadratic_c0,0.025851525538633346,0.012750430643513097
test,2019-09-26,15:00:00,30,independent_ou,-0.010161054385625534,-0.008502980319786288
test,2019-09-26,15:00:00,30,flexible_moments,0.006500987833642002,0.013301424249034369
test,2019-09-26,15:00:00,30,heterogeneous,0.08067205337674421,0.08868975494533056
test,2019-09-26,15:00:00,30,time_of_day,-0.0665200803664395,-0.06133299854550113
test,2019-09-26,15:00:00,30,factor_spy,0.03996432459077623,0.015884777881947712
test,2019-09-26,15:00:00,30,quadratic_c0_etf,0.200017251593296,0.15948835646616294
test,2019-09-26,15:00:00,30,quadratic_c0_single,0.02661642335077699,0.002014300833051527
test,2019-09-26,15:15:00,1,quadratic_c0,0.08450772220199959,0.057689549474831264
test,2019-09-26,15:15:00,1,independent_ou,0.017203956739408333,0.0344889581677969
test,2019-09-26,15:15:00,1,flexible_moments,0.041857051937962075,0.055453943391995775
test,2019-09-26,15:15:00,1,heterogeneous,0.08816576375393692,0.0983748022758483
test,2019-09-26,15:15:00,1,time_of_day,0.010724013264157561,0.018312546624922266
test,2019-09-26,15:15:00,1,factor_spy,0.015598829786727664,0.034362670644533244
test,2019-09-26,15:15:00,1,quadratic_c0_etf,0.2918829956561308,0.2810013130258914
test,2019-09-26,15:15:00,1,quadratic_c0_single,0.019146290609790007,0.025916953470294907
test,2019-09-26,15:15:00,5,quadratic_c0,-0.03815549734647797,-0.03957655435317188
test,2019-09-26,15:15:00,5,independent_ou,0.025870408024449898,0.019312481147563537
test,2019-09-26,15:15:00,5,flexible_moments,-0.01059395421420567,0.005208270700914036
test,2019-09-26,15:15:00,5,heterogeneous,0.09784713028166248,0.06772090121949775
test,2019-09-26,15:15:00,5,time_of_day,-0.0721701000448618,-0.06502779181568129
test,2019-09-26,15:15:00,5,factor_spy,-0.0005191859878849459,-0.004596956834678562
test,2019-09-26,15:15:00,5,quadratic_c0_etf,0.051185147390449826,0.036816299590182094
test,2019-09-26,15:15:00,5,quadratic_c0_single,-0.008707129580489109,-0.016904374440150527
test,2019-09-26,15:15:00,15,quadratic_c0,0.011237954531316569,0.011114356223428865
test,2019-09-26,15:15:00,15,independent_ou,0.0033299518968314956,0.013019406140177561
test,2019-09-26,15:15:00,15,flexible_moments,0.016425546074923192,0.006610072498219571
test,2019-09-26,15:15:00,15,heterogeneous,0.05902942931454616,0.07285394796734851
test,2019-09-26,15:15:00,15,time_of_day,-0.05807994471213984,-0.044788405275731885
test,2019-09-26,15:15:00,15,factor_spy,0.113563871375634,0.1036392576651812
test,2019-09-26,15:15:00,15,quadratic_c0_etf,0.20592702059106288,0.1556855776706948
test,2019-09-26,15:15:00,15,quadratic_c0_single,0.05353214062494391,0.04891704347782913
test,2019-09-26,15:15:00,30,quadratic_c0,-0.03333944939012021,-0.04765884476385149
test,2019-09-26,15:15:00,30,independent_ou,0.012701781318081584,-0.011827787124090688
test,2019-09-26,15:15:00,30,flexible_moments,0.016841276355188728,0.016836931081594647
test,2019-09-26,15:15:00,30,heterogeneous,-0.05168639811491449,-0.06199932045189484
test,2019-09-26,15:15:00,30,time_of_day,-0.1087186970510098,-0.10069106831871857
test,2019-09-26,15:15:00,30,factor_spy,-0.0010035481415473502,-0.011049500179867444
test,2019-09-26,15:15:00,30,quadratic_c0_etf,0.20440431950662985,0.18617946941876
test,2019-09-26,15:15:00,30,quadratic_c0_single,-0.0026324146979000984,-0.007542888862765523
test,2019-09-26,15:30:00,1,quadratic_c0,0.0509947770972877,0.046155127763787496
test,2019-09-26,15:30:00,1,independent_ou,0.06493706050966735,0.050677881911050576
test,2019-09-26,15:30:00,1,flexible_moments,0.01862280116285092,0.006623876865860828
test,2019-09-26,15:30:00,1,heterogeneous,0.1480811267392927,0.10984229250383568
test,2019-09-26,15:30:00,1,time_of_day,-0.009297673994276556,-0.004419744518438601
test,2019-09-26,15:30:00,1,factor_spy,-0.04018808258603136,-0.028599656415016154
test,2019-09-26,15:30:00,1,quadratic_c0_etf,0.08016538738121459,0.05661023393608822
test,2019-09-26,15:30:00,1,quadratic_c0_single,0.07636935083203036,0.07815862816985628
test,2019-09-26,15:30:00,5,quadratic_c0,0.04126576183318473,0.0562453504100737
test,2019-09-26,15:30:00,5,independent_ou,0.11142644993880926,0.13231294767072305
test,2019-09-26,15:30:00,5,flexible_moments,-0.045200345254778784,-0.03477664424556133
test,2019-09-26,15:30:00,5,heterogeneous,0.159481553583548,0.14785912877622243
test,2019-09-26,15:30:00,5,time_of_day,0.10392429718340465,0.12346634144973506
test,2019-09-26,15:30:00,5,factor_spy,0.025320647574990363,0.05523246209995464
test,2019-09-26,15:30:00,5,quadratic_c0_etf,0.4371787109740961,0.44150876200335265
test,2019-09-26,15:30:00,5,quadratic_c0_single,-0.03987564013648212,-0.016329154436770466
test,2019-09-26,15:30:00,15,quadratic_c0,0.058192944007271735,0.032591933448685606
test,2019-09-26,15:30:00,15,independent_ou,0.007543285590806248,-0.001883871130498621
test,2019-09-26,15:30:00,15,flexible_moments,0.01622888805312786,0.014732709332470159
test,2019-09-26,15:30:00,15,heterogeneous,0.15207547948031613,0.11945291416127296
test,2019-09-26,15:30:00,15,time_of_day,-0.06777422783857713,-0.05610724949431741
test,2019-09-26,15:30:00,15,factor_spy,0.016301775545031538,0.007333787766955979
test,2019-09-26,15:30:00,15,quadratic_c0_etf,0.25126109943409264,0.21869382436546925
test,2019-09-26,15:30:00,15,quadratic_c0_single,0.04349465647084566,0.014647880567000698
test,2019-09-26,15:45:00,1,quadratic_c0,-0.0020513552654051193,-0.021985057400189204
test,2019-09-26,15:45:00,1,independent_ou,0.03671836538971747,0.015810056252880844
test,2019-09-26,15:45:00,1,flexible_moments,-0.012356460900811828,-0.011644411098238105
test,2019-09-26,15:45:00,1,heterogeneous,0.09323897889976,0.06608534158376042
test,2019-09-26,15:45:00,1,time_of_day,-0.015010949182462138,-0.015331402822608212
test,2019-09-26,15:45:00,1,factor_spy,0.013448430012249143,0.005581384601237929
test,2019-09-26,15:45:00,1,quadratic_c0_etf,0.2501878414722292,0.22245565469667386
test,2019-09-26,15:45:00,1,quadratic_c0_single,0.03304350420976286,0.013960857356475453
test,2019-09-26,15:45:00,5,quadratic_c0,0.0428823317826538,0.04069703701051394
test,2019-09-26,15:45:00,5,independent_ou,0.08158502529123363,0.07512319040617747
test,2019-09-26,15:45:00,5,flexible_moments,0.07227049505464764,0.06158471247555804
test,2019-09-26,15:45:00,5,heterogeneous,0.01696536307702584,0.02938702295494172
test,2019-09-26,15:45:00,5,time_of_day,0.02687034548286571,0.035429083099693934
test,2019-09-26,15:45:00,5,factor_spy,0.15382700059591897,0.1711767306233365
test,2019-09-26,15:45:00,5,quadratic_c0_etf,0.21476469722827213,0.23794710782239897
test,2019-09-26,15:45:00,5,quadratic_c0_single,0.030152266935494443,0.022766357553869285
test_fixed_am_pm,2019-09-26,10:00:00,300,quadratic_c0,0.05927544833020729,0.05424466814891152
test_fixed_am_pm,2019-09-26,10:00:00,300,independent_ou,0.010851514185461653,0.0019892203729505176
test,2019-09-27,09:45:00,1,quadratic_c0,-0.1251600610922237,-0.10003897088915276
test,2019-09-27,09:45:00,1,independent_ou,-0.016163721049283708,-0.013934252980752848
test,2019-09-27,09:45:00,1,flexible_moments,0.01083172248177,-0.019813188458048636
test,2019-09-27,09:45:00,1,heterogeneous,-0.16848576588801678,-0.1546756760686302
test,2019-09-27,09:45:00,1,time_of_day,-0.2012032663765035,-0.18084511619570848
test,2019-09-27,09:45:00,1,factor_spy,-0.01046071161839901,-0.010672660977167958
test,2019-09-27,09:45:00,1,quadratic_c0_etf,-0.0408418061333064,-0.03729058226179971
test,2019-09-27,09:45:00,1,quadratic_c0_single,-0.1254887586915457,-0.11100626439154898
test,2019-09-27,09:45:00,5,quadratic_c0,-0.009576883760979399,-0.024651838625228323
test,2019-09-27,09:45:00,5,independent_ou,-0.05501479396159492,-0.06483176250745834
test,2019-09-27,09:45:00,5,flexible_moments,-0.06386023095049531,-0.09344500211083674
test,2019-09-27,09:45:00,5,heterogeneous,-0.061524262992232265,-0.06907553298499153
test,2019-09-27,09:45:00,5,time_of_day,-0.13284985638976893,-0.12862011643163268
test,2019-09-27,09:45:00,5,factor_spy,-0.04664980244538311,-0.06183578788147577
test,2019-09-27,09:45:00,5,quadratic_c0_etf,-0.05209161020499101,-0.055794165853859476
test,2019-09-27,09:45:00,5,quadratic_c0_single,0.061333021051292236,0.0351375982096607
test,2019-09-27,09:45:00,15,quadratic_c0,-0.13005408826848544,-0.12393295396654673
test,2019-09-27,09:45:00,15,independent_ou,-0.09979300984320413,-0.10064164521042368
test,2019-09-27,09:45:00,15,flexible_moments,-0.03191491136357805,-0.041870427011253486
test,2019-09-27,09:45:00,15,heterogeneous,0.12780182008202634,0.006032040095942659
test,2019-09-27,09:45:00,15,time_of_day,-0.17380544185628688,-0.1688837479315286
test,2019-09-27,09:45:00,15,factor_spy,0.054402871608470516,0.047975131363655305
test,2019-09-27,09:45:00,15,quadratic_c0_etf,0.0634421845315204,0.033764083341708356
test,2019-09-27,09:45:00,15,quadratic_c0_single,-0.0733170762377014,-0.07867224444389948
test,2019-09-27,09:45:00,30,quadratic_c0,0.04454180123105367,0.03709364114591995
test,2019-09-27,09:45:00,30,independent_ou,0.1762109260691662,0.16607454839695948
test,2019-09-27,09:45:00,30,flexible_moments,0.0012806039209957154,-0.0013455266899614626
test,2019-09-27,09:45:00,30,heterogeneous,0.1488228821941542,0.13939829581749827
test,2019-09-27,09:45:00,30,time_of_day,8.152098521585494e-05,-0.011463080694939967
test,2019-09-27,09:45:00,30,factor_spy,0.061921839050554955,0.04136531739216953
test,2019-09-27,09:45:00,30,quadratic_c0_etf,0.25912749315142436,0.21464583189246342
test,2019-09-27,09:45:00,30,quadratic_c0_single,0.0188052456016313,0.005195418205652946
test,2019-09-27,10:00:00,1,quadratic_c0,0.07990915421711903,0.0591024790626177
test,2019-09-27,10:00:00,1,independent_ou,0.008884194297322956,-0.0013395484076492437
test,2019-09-27,10:00:00,1,flexible_moments,0.02196411390156766,0.014434174647167924
test,2019-09-27,10:00:00,1,heterogeneous,0.0171455866186411,0.007262169620369935
test,2019-09-27,10:00:00,1,time_of_day,-0.054501287554740305,-0.05452819803753828
test,2019-09-27,10:00:00,1,factor_spy,-0.021766825081340924,-0.01979511721475727
test,2019-09-27,10:00:00,1,quadratic_c0_etf,0.010623359317323694,0.005223164704944189
test,2019-09-27,10:00:00,1,quadratic_c0_single,0.12446201355916489,0.08962633952796045
test,2019-09-27,10:00:00,5,quadratic_c0,0.008240592466296076,0.03983523418304516
test,2019-09-27,10:00:00,5,independent_ou,-0.05681955711335797,-0.028944999221920495
test,2019-09-27,10:00:00,5,flexible_moments,-0.06952167747730553,-0.0404877168371859
test,2019-09-27,10:00:00,5,heterogeneous,0.019825251572913233,0.005820270263793309
test,2019-09-27,10:00:00,5,time_of_day,-0.006144561648801755,0.005985945786165792
test,2019-09-27,10:00:00,5,factor_spy,0.019979303585976937,0.03141726267263617
test,2019-09-27,10:00:00,5,quadratic_c0_etf,0.1347168697225817,0.15079537719191663
test,2019-09-27,10:00:00,5,quadratic_c0_single,-0.009058312384408268,0.013962334182987729
test,2019-09-27,10:00:00,15,quadratic_c0,0.024329460270052145,0.004582374504706943
test,2019-09-27,10:00:00,15,independent_ou,0.07896991632110573,0.07598381188246878
test,2019-09-27,10:00:00,15,flexible_moments,0.1300267273923424,0.07672174740074575
test,2019-09-27,10:00:00,15,heterogeneous,0.004169300078563837,0.0014258156530217725
test,2019-09-27,10:00:00,15,time_of_day,0.0002605029240508594,-0.008431350947312996
test,2019-09-27,10:00:00,15,factor_spy,-0.0321537856881733,-0.04534365889249957
test,2019-09-27,10:00:00,15,quadratic_c0_etf,0.17709579964175004,0.13799029298033078
test,2019-09-27,10:00:00,15,quadratic_c0_single,0.07426560341317312,0.05505015859921017
test,2019-09-27,10:00:00,30,quadratic_c0,0.09934553672341867,0.05616974155068427
test,2019-09-27,10:00:00,30,independent_ou,0.06317114256509823,0.05097601964172711
test,2019-09-27,10:00:00,30,flexible_moments,0.07767913541350227,0.06522117745421283
test,2019-09-27,10:00:00,30,heterogeneous,0.11311511925392026,0.09348306080519994
test,2019-09-27,10:00:00,30,time_of_day,-0.023883333554098843,-0.023635908163460097
test,2019-09-27,10:00:00,30,factor_spy,0.05518140324856524,0.044453359613161145
test,2019-09-27,10:00:00,30,quadratic_c0_etf,0.17325347305322888,0.12718860496703302
test,2019-09-27,10:00:00,30,quadratic_c0_single,0.14059783919461472,0.09385649905285634
test,2019-09-27,10:15:00,1,quadratic_c0,-0.028778725154529755,-0.04291660098505766
test,2019-09-27,10:15:00,1,independent_ou,0.013911089111655062,0.008178265951081648
test,2019-09-27,10:15:00,1,flexible_moments,0.07604368771880149,0.058519855123306125
test,2019-09-27,10:15:00,1,heterogeneous,-0.011655219011884599,-0.008039053227306303
test,2019-09-27,10:15:00,1,time_of_day,-0.009841229695308706,-0.016945645231422002
test,2019-09-27,10:15:00,1,factor_spy,0.058134579582170554,0.030215796623198482
test,2019-09-27,10:15:00,1,quadratic_c0_etf,0.0263689813488536,-0.00167341117047487
test,2019-09-27,10:15:00,1,quadratic_c0_single,0.009683976945400852,-0.011108645941547313
test,2019-09-27,10:15:00,5,quadratic_c0,0.05482724083287677,0.05255537891494763
test,2019-09-27,10:15:00,5,independent_ou,0.05593002436629907,0.07378890215583148
test,2019-09-27,10:15:00,5,flexible_moments,0.0875847542510258,0.07618916034092746
test,2019-09-27,10:15:00,5,heterogeneous,-0.001001865948372288,-0.016242528135731946
test,2019-09-27,10:15:00,5,time_of_day,0.0035810840488080253,-0.012474959845021172
test,2019-09-27,10:15:00,5,factor_spy,-0.003242297714903891,-0.018761085927802734
test,2019-09-27,10:15:00,5,quadratic_c0_etf,0.2506744100506284,0.2583310491262737
test,2019-09-27,10:15:00,5,quadratic_c0_single,0.002067980931184682,-0.001237001736155513
test,2019-09-27,10:15:00,15,quadratic_c0,0.052370911761853184,0.0288461628850743
test,2019-09-27,10:15:00,15,independent_ou,-0.019646489222532773,-0.029592216503302807
test,2019-09-27,10:15:00,15,flexible_moments,-0.03812979454714431,-0.038074908412038255
test,2019-09-27,10:15:00,15,heterogeneous,0.021560224485750734,0.004327647098299192
test,2019-09-27,10:15:00,15,time_of_day,-0.07958999550476199,-0.07692558712013856
test,2019-09-27,10:15:00,15,factor_spy,-0.016368742324377406,-0.02330461867838067
test,2019-09-27,10:15:00,15,quadratic_c0_etf,0.04983965505646229,0.036283153893469255
test,2019-09-27,10:15:00,15,quadratic_c0_single,0.10442617511237196,0.08213087547683606
test,2019-09-27,10:15:00,30,quadratic_c0,-0.011774459407246474,-0.018526314007980466
test,2019-09-27,10:15:00,30,independent_ou,0.10829777095399995,0.11911753710164388
test,2019-09-27,10:15:00,30,flexible_moments,0.027565542947450172,0.030928710305311552
test,2019-09-27,10:15:00,30,heterogeneous,-0.045229704309793756,-0.03858709643336866
test,2019-09-27,10:15:00,30,time_of_day,-0.11976127570824743,-0.10958746373011746
test,2019-09-27,10:15:00,30,factor_spy,-0.025778008912339195,-0.05015789363863238
test,2019-09-27,10:15:00,30,quadratic_c0_etf,-0.0870810084976465,-0.11693831446238546
test,2019-09-27,10:15:00,30,quadratic_c0_single,0.029560899686379816,0.02925369720748569
test,2019-09-27,10:30:00,1,quadratic_c0,-0.005163059547283466,0.014004486111824754
test,2019-09-27,10:30:00,1,independent_ou,0.02294441435423994,0.0390006641733088
test,2019-09-27,10:30:00,1,flexible_moments,-0.06284047139774215,-0.04623768894391414
test,2019-09-27,10:30:00,1,heterogeneous,-0.013300943941723847,-0.018716820282961177
test,2019-09-27,10:30:00,1,time_of_day,-0.016773016982147726,0.002202072675881128
test,2019-09-27,10:30:00,1,factor_spy,0.05725200031701774,0.06190952891754217
test,2019-09-27,10:30:00,1,quadratic_c0_etf,0.10944654617282648,0.08498113531683796
test,2019-09-27,10:30:00,1,quadratic_c0_single,-0.011853818016318268,0.0073785482140651115
test,2019-09-27,10:30:00,5,quadratic_c0,0.02176764518092575,0.0015458251551391244
test,2019-09-27,10:30:00,5,independent_ou,-0.025309886583238683,-0.01626449646483008
test,2019-09-27,10:30:00,5,flexible_moments,-0.008370284007481743,0.0018406939367208996
test,2019-09-27,10:30:00,5,heterogeneous,0.16178777426207475,0.1870162981825893
test,2019-09-27,10:30:00,5,time_of_day,0.015519670446735329,0.015587686449928556
test,2019-09-27,10:30:00,5,factor_spy,-0.05652235547633577,-0.04223044598159752
test,2019-09-27,10:30:00,5,quadratic_c0_etf,0.3133104985097183,0.286805558847763
test,2019-09-27,10:30:00,5,quadratic_c0_single,-0.0046030347904520985,-0.02867837539674467
test,2019-09-27,10:30:00,15,quadratic_c0,0.005560925389753363,0.007720530695986827
test,2019-09-27,10:30:00,15,independent_ou,0.1887571680094587,0.18991430648845883
test,2019-09-27,10:30:00,15,flexible_moments,0.08592402486562062,0.0866711380811741
test,2019-09-27,10:30:00,15,heterogeneous,0.100546587878167,0.09569468203628773
test,2019-09-27,10:30:00,15,time_of_day,-0.0211043304006914,-0.013836437940618673
test,2019-09-27,10:30:00,15,factor_spy,0.1128201046502395,0.10260868019469652
test,2019-09-27,10:30:00,15,quadratic_c0_etf,0.10736617621677574,0.08202562059242358
test,2019-09-27,10:30:00,15,quadratic_c0_single,-0.0010918668901237216,0.0007414388883734413
test,2019-09-27,10:30:00,30,quadratic_c0,-0.029951870951037685,-0.038821506358590135
test,2019-09-27,10:30:00,30,independent_ou,-0.0031914368325657583,-0.013590973169303994
test,2019-09-27,10:30:00,30,flexible_moments,0.02271839914440829,-0.0012544557794272881
test,2019-09-27,10:30:00,30,heterogeneous,-0.007999490232743045,-0.0007479799159325062
test,2019-09-27,10:30:00,30,time_of_day,-0.05098794703564376,-0.04779095087032367
test,2019-09-27,10:30:00,30,factor_spy,0.07815567772763515,0.0745441574773374
test,2019-09-27,10:30:00,30,quadratic_c0_etf,0.0894621075890927,0.09630493325104712
test,2019-09-27,10:30:00,30,quadratic_c0_single,-0.009087907853541022,-0.02610705618619477
test,2019-09-27,10:45:00,1,quadratic_c0,0.10135777188173672,0.11747844050414574
test,2019-09-27,10:45:00,1,independent_ou,0.014396757492113943,0.02077382905224695
test,2019-09-27,10:45:00,1,flexible_moments,-0.02205333420361094,-0.027725159909377628
test,2019-09-27,10:45:00,1,heterogeneous,-0.11555516246115935,-0.11503595030090506
test,2019-09-27,10:45:00,1,time_of_day,-0.08647746112749266,-0.07218563739908451
test,2019-09-27,10:45:00,1,factor_spy,0.025177495700892116,0.027518023976218775
test,2019-09-27,10:45:00,1,quadratic_c0_etf,0.01584208603352877,0.026591887637548106
test,2019-09-27,10:45:00,1,quadratic_c0_single,0.1476776171333123,0.14897588242518178
test,2019-09-27,10:45:00,5,quadratic_c0,-0.1324784057514342,-0.11721975164216772
test,2019-09-27,10:45:00,5,independent_ou,-0.024187974247212862,-0.07069015662078465
test,2019-09-27,10:45:00,5,flexible_moments,-0.029456539534516213,-0.04078564390250955
test,2019-09-27,10:45:00,5,heterogeneous,-0.18119576418657257,-0.18762007291481697
test,2019-09-27,10:45:00,5,time_of_day,-0.07473994877829798,-0.07114361087086998
test,2019-09-27,10:45:00,5,factor_spy,-0.0027486857438172585,-0.004641277913139119
test,2019-09-27,10:45:00,5,quadratic_c0_etf,-0.1141804741412096,-0.12325569430240291
test,2019-09-27,10:45:00,5,quadratic_c0_single,-0.1136029970166203,-0.09752275033765206
test,2019-09-27,10:45:00,15,quadratic_c0,0.035503017492035605,0.07057224596561804
test,2019-09-27,10:45:00,15,independent_ou,0.013405278140993099,0.028986885659803785
test,2019-09-27,10:45:00,15,flexible_moments,0.03154485071567423,0.05890863295359691
test,2019-09-27,10:45:00,15,heterogeneous,-0.007545161739797829,-0.005786051292903674
test,2019-09-27,10:45:00,15,time_of_day,-0.05727361771202648,-0.02786270541054693
test,2019-09-27,10:45:00,15,factor_spy,0.006208172073610074,0.029945630647253668
test,2019-09-27,10:45:00,15,quadratic_c0_etf,0.23427422581958784,0.2580567616949729
test,2019-09-27,10:45:00,15,quadratic_c0_single,-0.017334724424679565,0.014125791271210233
test,2019-09-27,10:45:00,30,quadratic_c0,0.11716279002644522,0.11007665429923211
test,2019-09-27,10:45:00,30,independent_ou,0.043241524119367325,0.04901550726883605
test,2019-09-27,10:45:00,30,flexible_moments,-0.021100259254573456,-0.018404109559062215
test,2019-09-27,10:45:00,30,heterogeneous,0.0630422295994024,0.06811951303721589
test,2019-09-27,10:45:00,30,time_of_day,0.057249933621274535,0.05501694671735782
test,2019-09-27,10:45:00,30,factor_spy,0.08748494933765186,0.07449652114391839
test,2019-09-27,10:45:00,30,quadratic_c0_etf,0.22478995705553725,0.24442921043628943
test,2019-09-27,10:45:00,30,quadratic_c0_single,0.11470186268085089,0.11585382508812739
test,2019-09-27,11:00:00,1,quadratic_c0,0.07309328047925781,0.041738239808662925
test,2019-09-27,11:00:00,1,independent_ou,0.02649641112995252,0.019587196694261122
test,2019-09-27,11:00:00,1,flexible_moments,0.0719891721076944,0.05999023362129505
test,2019-09-27,11:00:00,1,heterogeneous,-0.02785950895972139,-0.02929861599723889
test,2019-09-27,11:00:00,1,time_of_day,-0.044822832638206106,-0.038982606090299646
test,2019-09-27,11:00:00,1,factor_spy,0.004434179708615621,-0.0043003129155047
test,2019-09-27,11:00:00,1,quadratic_c0_etf,0.13641757716820532,0.14546260701726038
test,2019-09-27,11:00:00,1,quadratic_c0_single,0.08149799016531364,0.029773803662332343
test,2019-09-27,11:00:00,5,quadratic_c0,-0.035443244993283246,-0.024322179579943565
test,2019-09-27,11:00:00,5,independent_ou,0.13535661711082364,0.10624106423236926
test,2019-09-27,11:00:00,5,flexible_moments,0.0677885770547122,0.059582592956640035
test,2019-09-27,11:00:00,5,heterogeneous,-0.000916019580915528,-0.02748210409747251
test,2019-09-27,11:00:00,5,time_of_day,-0.06465204990046816,-0.06737698736302479
test,2019-09-27,11:00:00,5,factor_spy,-0.03095863944190652,-0.02954821565422497
test,2019-09-27,11:00:00,5,quadratic_c0_etf,0.09204082892095516,0.08962756158494797
test,2019-09-27,11:00:00,5,quadratic_c0_single,0.024529714997975682,0.029574575760894506
test,2019-09-27,11:00:00,15,quadratic_c0,-0.02566476973309645,-0.042954572959611415
test,2019-09-27,11:00:00,15,independent_ou,0.1743645843511263,0.17752374781559216
test,2019-09-27,11:00:00,15,flexible_moments,0.0993660282451643,0.036809092457212866
test,2019-09-27,11:00:00,15,heterogeneous,-0.08043308878895405,-0.08171336479608163
test,2019-09-27,11:00:00,15,time_of_day,0.07697763187014575,0.07258211656107144
test,2019-09-27,11:00:00,15,factor_spy,0.009815695840699606,-0.037263835622110206
test,2019-09-27,11:00:00,15,quadratic_c0_etf,0.16677372255042652,0.1662965906319145
test,2019-09-27,11:00:00,15,quadratic_c0_single,0.02340130355359285,0.013150788582250217
test,2019-09-27,11:00:00,30,quadratic_c0,0.04097387349741438,0.03398757821196485
test,2019-09-27,11:00:00,30,independent_ou,0.022585077806196396,-0.013786051834492496
test,2019-09-27,11:00:00,30,flexible_moments,-0.034926500455924214,-0.019404740554532923
test,2019-09-27,11:00:00,30,heterogeneous,-0.0256932485286456,-0.020981927128090938
test,2019-09-27,11:00:00,30,time_of_day,-0.0816264750565603,-0.06606912512704237
test,2019-09-27,11:00:00,30,factor_spy,-0.054729411290854624,-0.05012604151674441
test,2019-09-27,11:00:00,30,quadratic_c0_etf,0.3244326875003455,0.29207113030865256
test,2019-09-27,11:00:00,30,quadratic_c0_single,0.005138373879771674,0.0025472340049615683
test,2019-09-27,11:15:00,1,quadratic_c0,-0.0825865801871517,-0.08289970046753177
test,2019-09-27,11:15:00,1,independent_ou,-0.03149748040868974,-0.034968577028335224
test,2019-09-27,11:15:00,1,flexible_moments,-0.07457982135067712,-0.07562526841376888
test,2019-09-27,11:15:00,1,heterogeneous,-0.0835389344066752,-0.10628387169342528
test,2019-09-27,11:15:00,1,time_of_day,-0.1257156263430782,-0.127049455259239
test,2019-09-27,11:15:00,1,factor_spy,-0.043495694810511354,-0.04843581495321886
test,2019-09-27,11:15:00,1,quadratic_c0_etf,-0.04021084812860426,-0.04021771289327497
test,2019-09-27,11:15:00,1,quadratic_c0_single,-0.07659690997108717,-0.07413825188763304
test,2019-09-27,11:15:00,5,quadratic_c0,-0.14357129170392968,-0.17411108406656187
test,2019-09-27,11:15:00,5,independent_ou,-0.10522357743653515,-0.11001764409564962
test,2019-09-27,11:15:00,5,flexible_moments,-0.16117928854213748,-0.15736699738717638
test,2019-09-27,11:15:00,5,heterogeneous,-0.18292582485158243,-0.20812208279068828
test,2019-09-27,11:15:00,5,time_of_day,-0.21521014313083822,-0.21538052589423248
test,2019-09-27,11:15:00,5,factor_spy,-0.007336405635129273,-0.021811427801230354
test,2019-09-27,11:15:00,5,quadratic_c0_etf,-0.13947437933347934,-0.19049460667412108
test,2019-09-27,11:15:00,5,quadratic_c0_single,-0.10782210947489917,-0.1282002970965092
test,2019-09-27,11:15:00,15,quadratic_c0,-0.15576968197972774,-0.14087020451789478
test,2019-09-27,11:15:00,15,independent_ou,-0.0027155505573515093,-0.020133917633872622
test,2019-09-27,11:15:00,15,flexible_moments,-0.18710989889924437,-0.17827119645628414
test,2019-09-27,11:15:00,15,heterogeneous,-0.13096165073039462,-0.12691056576334445
test,2019-09-27,11:15:00,15,time_of_day,-0.20519057514373484,-0.18620483908937446
test,2019-09-27,11:15:00,15,factor_spy,-0.1631733242779002,-0.1547841861546809
test,2019-09-27,11:15:00,15,quadratic_c0_etf,0.11404631966172252,0.09180585638394079
test,2019-09-27,11:15:00,15,quadratic_c0_single,-0.19257090692610124,-0.1904836230555884
test,2019-09-27,11:15:00,30,quadratic_c0,-0.2413999590009816,-0.24629430431416083
test,2019-09-27,11:15:00,30,independent_ou,0.0009759299003754829,-0.0066990839332408125
test,2019-09-27,11:15:00,30,flexible_moments,-0.05293808316443199,-0.06069218921697811
test,2019-09-27,11:15:00,30,heterogeneous,-0.21190915009007855,-0.22824868461371545
test,2019-09-27,11:15:00,30,time_of_day,-0.1723390011284057,-0.19441216299117867
test,2019-09-27,11:15:00,30,factor_spy,-0.048440482345810776,-0.042909030568095585
test,2019-09-27,11:15:00,30,quadratic_c0_etf,-0.1578674038691328,-0.17141179869239823
test,2019-09-27,11:15:00,30,quadratic_c0_single,-0.222964838446921,-0.2284283595275414
test,2019-09-27,11:30:00,1,quadratic_c0,0.07455439063786928,0.07906281580807997
test,2019-09-27,11:30:00,1,independent_ou,0.09353856599096619,0.08976715097915389
test,2019-09-27,11:30:00,1,flexible_moments,-0.004235884315904298,-0.007312356923696861
test,2019-09-27,11:30:00,1,heterogeneous,0.10708368754299652,0.0907183473175868
test,2019-09-27,11:30:00,1,time_of_day,0.06559101814287549,0.06527287100252929
test,2019-09-27,11:30:00,1,factor_spy,0.11303778714569485,0.10328247363265738
test,2019-09-27,11:30:00,1,quadratic_c0_etf,0.09078127251343654,0.027717365630905433
test,2019-09-27,11:30:00,1,quadratic_c0_single,0.11424254233354939,0.11806191736755403
test,2019-09-27,11:30:00,5,quadratic_c0,0.04137373706949948,-0.011952631334584546
test,2019-09-27,11:30:00,5,independent_ou,-0.03691267344728599,-0.0491224859745554
test,2019-09-27,11:30:00,5,flexible_moments,0.04651948148109064,0.027754376455630753
test,2019-09-27,11:30:00,5,heterogeneous,0.005036126234616439,-0.016044226216516716
test,2019-09-27,11:30:00,5,time_of_day,-0.11379002004741426,-0.1096658920697916
test,2019-09-27,11:30:00,5,factor_spy,-0.04053889790980589,-0.04369189491286013
test,2019-09-27,11:30:00,5,quadratic_c0_etf,0.36973550043502434,0.29207322558705134
test,2019-09-27,11:30:00,5,quadratic_c0_single,0.057466267469275606,-0.03257761954101901
test,2019-09-27,11:30:00,15,quadratic_c0,0.011907529512125259,-0.0040267915516549735
test,2019-09-27,11:30:00,15,independent_ou,0.00431980515067823,0.003602865588049592
test,2019-09-27,11:30:00,15,flexible_moments,-0.09372808621485812,-0.07769380944192761
test,2019-09-27,11:30:00,15,heterogeneous,-0.008791559535492877,-0.026633957014304765
test,2019-09-27,11:30:00,15,time_of_day,-0.013251018977713414,-0.018326714190617432
test,2019-09-27,11:30:00,15,factor_spy,-0.0790942718163766,-0.07598659040497005
test,2019-09-27,11:30:00,15,quadratic_c0_etf,0.05342575734610738,0.05444735717044977
test,2019-09-27,11:30:00,15,quadratic_c0_single,0.09620513610291534,0.06008670875645944
test,2019-09-27,11:30:00,30,quadratic_c0,-0.0017293603772600419,-0.00018180834125963719
test,2019-09-27,11:30:00,30,independent_ou,0.0835044067086205,0.05494719392133689
test,2019-09-27,11:30:00,30,flexible_moments,-0.04856424484881691,-0.04729875109232891
test,2019-09-27,11:30:00,30,heterogeneous,0.1688114086887001,0.12688324127014167
test,2019-09-27,11:30:00,30,time_of_day,-0.014995690918206683,-0.01658627282522515
test,2019-09-27,11:30:00,30,factor_spy,0.003750963265778784,0.0029152304757720376
test,2019-09-27,11:30:00,30,quadratic_c0_etf,0.10286272499962482,0.10293673558377815
test,2019-09-27,11:30:00,30,quadratic_c0_single,0.04779460083532158,0.029462253716739426
test,2019-09-27,11:45:00,1,quadratic_c0,-8.101776184635257e-05,-0.01046079381509911
test,2019-09-27,11:45:00,1,independent_ou,0.0016119493717010325,0.011754684581069944
test,2019-09-27,11:45:00,1,flexible_moments,0.0004746248119552876,-0.014921077101134314
test,2019-09-27,11:45:00,1,heterogeneous,0.03585360733131407,0.03590698290269091
test,2019-09-27,11:45:00,1,time_of_day,-0.023049682984317657,-0.010348652304420336
test,2019-09-27,11:45:00,1,factor_spy,-0.0031445710921578496,-0.0012263820186412117
test,2019-09-27,11:45:00,1,quadratic_c0_etf,0.1192006776117776,0.12778651646143757
test,2019-09-27,11:45:00,1,quadratic_c0_single,-0.01139478756692379,-0.021844571895782927
test,2019-09-27,11:45:00,5,quadratic_c0,-0.07749477691238628,-0.04796523295087997
test,2019-09-27,11:45:00,5,independent_ou,0.04459426030367997,0.04818537302803087
test,2019-09-27,11:45:00,5,flexible_moments,0.04822579772712424,0.024986240453012162
test,2019-09-27,11:45:00,5,heterogeneous,0.011631826085799213,0.017960248059792308
test,2019-09-27,11:45:00,5,time_of_day,-0.11753669514757872,-0.08161486685233432
test,2019-09-27,11:45:00,5,factor_spy,-0.021225448300554645,0.005369035289259624
test,2019-09-27,11:45:00,5,quadratic_c0_etf,0.09988799831962886,0.09324384513926358
test,2019-09-27,11:45:00,5,quadratic_c0_single,-0.05828728830363507,-0.03358924702018465
test,2019-09-27,11:45:00,15,quadratic_c0,0.03775572831179977,0.02878378862454234
test,2019-09-27,11:45:00,15,independent_ou,0.17685117601232667,0.16553381106839124
test,2019-09-27,11:45:00,15,flexible_moments,-0.010399831975892754,0.0034707451593808253
test,2019-09-27,11:45:00,15,heterogeneous,-0.013072914570657637,-0.010905327545165683
test,2019-09-27,11:45:00,15,time_of_day,-0.017742440674912013,-0.008042322977166824
test,2019-09-27,11:45:00,15,factor_spy,0.040574549502957635,0.04624548685337171
test,2019-09-27,11:45:00,15,quadratic_c0_etf,-0.07128630000380305,-0.0481568643841295
test,2019-09-27,11:45:00,15,quadratic_c0_single,0.0957548820592074,0.06475964625620767
test,2019-09-27,11:45:00,30,quadratic_c0,0.13186984432272664,0.14761378479813325
test,2019-09-27,11:45:00,30,independent_ou,0.08809151893173481,0.0962217715398878
test,2019-09-27,11:45:00,30,flexible_moments,0.15150785846753728,0.14969280091288
test,2019-09-27,11:45:00,30,heterogeneous,0.010390070994076128,0.037402223442617774
test,2019-09-27,11:45:00,30,time_of_day,0.100218623197104,0.11533045265742507
test,2019-09-27,11:45:00,30,factor_spy,0.16120171207374623,0.16188081312221853
test,2019-09-27,11:45:00,30,quadratic_c0_etf,0.0033526493622113573,0.014664846350195576
test,2019-09-27,11:45:00,30,quadratic_c0_single,0.21939953987237398,0.2334620424862297
test,2019-09-27,12:00:00,1,quadratic_c0,0.025159053208579474,0.03385147850264453
test,2019-09-27,12:00:00,1,independent_ou,-0.09508603613470429,-0.06871500754101281
test,2019-09-27,12:00:00,1,flexible_moments,-0.010343135373115014,0.005711768246748433
test,2019-09-27,12:00:00,1,heterogeneous,0.22100189826578537,0.22153500379317023
test,2019-09-27,12:00:00,1,time_of_day,0.06927932350812077,0.07753322291397838
test,2019-09-27,12:00:00,1,factor_spy,-0.08514599023878752,-0.06470278598277623
test,2019-09-27,12:00:00,1,quadratic_c0_etf,-0.03051730064177413,-0.033480089035493765
test,2019-09-27,12:00:00,1,quadratic_c0_single,0.06061624130246418,0.07247647473614324
test,2019-09-27,12:00:00,5,quadratic_c0,0.0918853120731847,0.08783003345454138
test,2019-09-27,12:00:00,5,independent_ou,0.01734926822528768,0.017161603294341382
test,2019-09-27,12:00:00,5,flexible_moments,0.0614355239960368,0.06064745085170495
test,2019-09-27,12:00:00,5,heterogeneous,0.02285694356171128,0.00597945773236061
test,2019-09-27,12:00:00,5,time_of_day,-0.0057732404859733855,0.005735909827720986
test,2019-09-27,12:00:00,5,factor_spy,0.15945025483193734,0.16498994118931562
test,2019-09-27,12:00:00,5,quadratic_c0_etf,0.07458231322862832,0.09595265597704322
test,2019-09-27,12:00:00,5,quadratic_c0_single,0.16974760065295716,0.14511047988595552
test,2019-09-27,12:00:00,15,quadratic_c0,0.065555475727339,0.07420851749403903
test,2019-09-27,12:00:00,15,independent_ou,0.06988796569610672,0.07216124346134614
test,2019-09-27,12:00:00,15,flexible_moments,-0.033438124766168614,-0.011214102805106513
test,2019-09-27,12:00:00,15,heterogeneous,0.10203557943054226,0.12532623531557766
test,2019-09-27,12:00:00,15,time_of_day,0.03484543656725747,0.047592773438916686
test,2019-09-27,12:00:00,15,factor_spy,0.18140042402679263,0.19501551722766072
test,2019-09-27,12:00:00,15,quadratic_c0_etf,0.20799347208798313,0.20791716109130617
test,2019-09-27,12:00:00,15,quadratic_c0_single,0.1575481439194677,0.15795052780413313
test,2019-09-27,12:00:00,30,quadratic_c0,0.054638232237642276,0.05701875648860549
test,2019-09-27,12:00:00,30,independent_ou,0.047805669991491856,0.06868568384707407
test,2019-09-27,12:00:00,30,flexible_moments,-0.035929644193318094,-0.026704493203456803
test,2019-09-27,12:00:00,30,heterogeneous,0.0749139026965143,0.022836086605377726
test,2019-09-27,12:00:00,30,time_of_day,-0.03936262974574614,-0.02960438977308988
test,2019-09-27,12:00:00,30,factor_spy,-0.00866831822875086,-0.017087022207949554
test,2019-09-27,12:00:00,30,quadratic_c0_etf,0.3500657464695668,0.37689596093734845
test,2019-09-27,12:00:00,30,quadratic_c0_single,0.024416507804536414,0.004755807015274449
test,2019-09-27,12:15:00,1,quadratic_c0,-0.02007995356721004,-0.008026760283508794
test,2019-09-27,12:15:00,1,independent_ou,-0.05659523459462479,-0.0418643423022898
test,2019-09-27,12:15:00,1,flexible_moments,0.028205993847876698,0.04497542081689987
test,2019-09-27,12:15:00,1,heterogeneous,-0.13434856832407763,-0.17386261840502773
test,2019-09-27,12:15:00,1,time_of_day,-0.2313805426637254,-0.21065114889715303
test,2019-09-27,12:15:00,1,factor_spy,-0.058932985342594724,-0.05049961462675767
test,2019-09-27,12:15:00,1,quadratic_c0_etf,-0.14253673159297273,-0.14296986950605464
test,2019-09-27,12:15:00,1,quadratic_c0_single,0.1305243796133141,0.13717398335245867
test,2019-09-27,12:15:00,5,quadratic_c0,0.12828709547950767,0.09561332458439892
test,2019-09-27,12:15:00,5,independent_ou,0.17565315520925828,0.14767060104158075
test,2019-09-27,12:15:00,5,flexible_moments,0.07062896208099423,0.0675059661885278
test,2019-09-27,12:15:00,5,heterogeneous,0.06868633059713974,0.0608214665863224
test,2019-09-27,12:15:00,5,time_of_day,0.048472212546352283,0.0467314310205513
test,2019-09-27,12:15:00,5,factor_spy,0.13291600286871996,0.07650749887524294
test,2019-09-27,12:15:00,5,quadratic_c0_etf,0.04134397813733723,0.050586989510526065
test,2019-09-27,12:15:00,5,quadratic_c0_single,0.18283138780191954,0.15083101728135911
test,2019-09-27,12:15:00,15,quadratic_c0,-0.05640124553084369,-0.03773496628521017
test,2019-09-27,12:15:00,15,independent_ou,-0.030574750747565715,-0.08549852114407794
test,2019-09-27,12:15:00,15,flexible_moments,-0.1139436468806064,-0.10467520889121423
test,2019-09-27,12:15:00,15,heterogeneous,-0.09269655859952011,-0.08176922728488609
test,2019-09-27,12:15:00,15,time_of_day,-0.17079348508862668,-0.14934431685273988
test,2019-09-27,12:15:00,15,factor_spy,-0.0024087136141229815,-0.07619993789944635
test,2019-09-27,12:15:00,15,quadratic_c0_etf,-0.1388345636650571,-0.13128426696158507
test,2019-09-27,12:15:00,15,quadratic_c0_single,-0.009171193086792873,0.004857077645148478
test,2019-09-27,12:15:00,30,quadratic_c0,-0.05736267251451735,-0.05690501619361385
test,2019-09-27,12:15:00,30,independent_ou,-0.10402210744984872,-0.0851487794396655
test,2019-09-27,12:15:00,30,flexible_moments,-0.09457719123072045,-0.07589169193134193
test,2019-09-27,12:15:00,30,heterogeneous,-0.05999091883493457,-0.08031892731196777
test,2019-09-27,12:15:00,30,time_of_day,-0.1374502515982368,-0.12863549657191015
test,2019-09-27,12:15:00,30,factor_spy,-0.03630864617471108,-0.04683564129337642
test,2019-09-27,12:15:00,30,quadratic_c0_etf,0.08797161917873197,0.0734572424802859
test,2019-09-27,12:15:00,30,quadratic_c0_single,-0.0069195267753145995,-0.007219091535304201
test,2019-09-27,12:30:00,1,quadratic_c0,-0.030257382041881054,-0.016472672416258827
test,2019-09-27,12:30:00,1,independent_ou,-0.009979980400318444,-0.02589143142207803
test,2019-09-27,12:30:00,1,flexible_moments,-0.10789963013372013,-0.09135790370032926
test,2019-09-27,12:30:00,1,heterogeneous,0.030552654993653894,0.003076898598808858
test,2019-09-27,12:30:00,1,time_of_day,-0.04694575138294599,-0.04971710927632618
test,2019-09-27,12:30:00,1,factor_spy,-0.01909176873662835,-0.03424754455167045
test,2019-09-27,12:30:00,1,quadratic_c0_etf,0.11389337960384538,0.07979281757175291
test,2019-09-27,12:30:00,1,quadratic_c0_single,-0.019848084687749568,-0.010770795538962763
test,2019-09-27,12:30:00,5,quadratic_c0,-0.15120176721458148,-0.12988575046904186
test,2019-09-27,12:30:00,5,independent_ou,0.10290415816271564,0.11642139846885602
test,2019-09-27,12:30:00,5,flexible_moments,-0.016642254256635236,-0.00192919705615896
test,2019-09-27,12:30:00,5,heterogeneous,0.197714877393672,0.2140417639634149
test,2019-09-27,12:30:00,5,time_of_day,-0.041461521466741036,-0.021891136395039063
test,2019-09-27,12:30:00,5,factor_spy,-0.1863162822606546,-0.16690657672377823
test,2019-09-27,12:30:00,5,quadratic_c0_etf,-0.023802704365217198,-0.011401053212776263
test,2019-09-27,12:30:00,5,quadratic_c0_single,-0.07814911961451465,-0.06815174040786792
test,2019-09-27,12:30:00,15,quadratic_c0,-0.030602187973741174,-0.043276162690303
test,2019-09-27,12:30:00,15,independent_ou,0.057881654276407735,0.03355684921708307
test,2019-09-27,12:30:00,15,flexible_moments,-0.06182613790167969,-0.053374098656421246
test,2019-09-27,12:30:00,15,heterogeneous,-0.015169171825775818,-0.05073787355011848
test,2019-09-27,12:30:00,15,time_of_day,-0.0504452780465747,-0.056051916511838315
test,2019-09-27,12:30:00,15,factor_spy,-0.06787875386329671,-0.06023990939778981
test,2019-09-27,12:30:00,15,quadratic_c0_etf,0.16179129533350767,0.11652546882504253
test,2019-09-27,12:30:00,15,quadratic_c0_single,0.05975767110604763,0.03173768600587737
test,2019-09-27,12:30:00,30,quadratic_c0,-0.02942929154784224,-0.07741193575345134
test,2019-09-27,12:30:00,30,independent_ou,0.002324304353790496,-0.009136144434240073
test,2019-09-27,12:30:00,30,flexible_moments,0.05513053100862547,0.034122484172797146
test,2019-09-27,12:30:00,30,heterogeneous,0.00903131604464591,-0.0180246650343327
test,2019-09-27,12:30:00,30,time_of_day,-0.10676625930486014,-0.11400567182844869
test,2019-09-27,12:30:00,30,factor_spy,-0.0661430044542704,-0.11031105259444743
test,2019-09-27,12:30:00,30,quadratic_c0_etf,0.07617636403124439,-0.012629924914368984
test,2019-09-27,12:30:00,30,quadratic_c0_single,0.0745583122653114,0.016559850700341355
test,2019-09-27,12:45:00,1,quadratic_c0,0.10353143351828398,0.09142391034297599
test,2019-09-27,12:45:00,1,independent_ou,0.027428523779912922,0.03878782349874359
test,2019-09-27,12:45:00,1,flexible_moments,0.07323829869198639,0.07700601908286926
test,2019-09-27,12:45:00,1,heterogeneous,0.0782450657551316,0.08255454351204726
test,2019-09-27,12:45:00,1,time_of_day,-0.00145736340030167,0.002520011610484582
test,2019-09-27,12:45:00,1,factor_spy,0.016376786860346826,0.02754126941122899
test,2019-09-27,12:45:00,1,quadratic_c0_etf,0.10134956519574917,0.11481145364845148
test,2019-09-27,12:45:00,1,quadratic_c0_single,0.11482774529640621,0.0951426999816825
test,2019-09-27,12:45:00,5,quadratic_c0,0.053975257841811064,0.027974040333429012
test,2019-09-27,12:45:00,5,independent_ou,0.010915204717424687,0.005292956729408299
test,2019-09-27,12:45:00,5,flexible_moments,0.00419255655031045,0.011358951439088383
test,2019-09-27,12:45:00,5,heterogeneous,-0.047532333840792945,-0.03551540536658207
test,2019-09-27,12:45:00,5,time_of_day,-0.00873258408184402,-0.014785261443189146
test,2019-09-27,12:45:00,5,factor_spy,0.02262550443383171,0.015507453066584742
test,2019-09-27,12:45:00,5,quadratic_c0_etf,0.23979899425200812,0.2287360272158177
test,2019-09-27,12:45:00,5,quadratic_c0_single,0.15276848082536848,0.15809877657563537
test,2019-09-27,12:45:00,15,quadratic_c0,0.03075685767410344,0.023019808087315685
test,2019-09-27,12:45:00,15,independent_ou,0.012980485645148365,0.0010108967233760507
test,2019-09-27,12:45:00,15,flexible_moments,-0.00847634883147419,0.002297985752819323
test,2019-09-27,12:45:00,15,heterogeneous,-0.027816043871395163,-0.022294503057584666
test,2019-09-27,12:45:00,15,time_of_day,-0.015187924896664484,-0.003873157257070589
test,2019-09-27,12:45:00,15,factor_spy,0.00782863168910447,-0.00430731855627349
test,2019-09-27,12:45:00,15,quadratic_c0_etf,0.09334256666833193,0.08892892369440994
test,2019-09-27,12:45:00,15,quadratic_c0_single,0.038074580920512635,0.03574499388702218
test,2019-09-27,12:45:00,30,quadratic_c0,0.06354908022482486,0.06222177912396508
test,2019-09-27,12:45:00,30,independent_ou,-0.02078466466734971,-0.018816667721951577
test,2019-09-27,12:45:00,30,flexible_moments,0.07232785070479,0.08282580110174938
test,2019-09-27,12:45:00,30,heterogeneous,0.12477287893636058,0.09516474329870143
test,2019-09-27,12:45:00,30,time_of_day,-0.015622574419513563,-0.009875269914329965
test,2019-09-27,12:45:00,30,factor_spy,0.021283037289197504,0.004185527114548587
test,2019-09-27,12:45:00,30,quadratic_c0_etf,0.5298825691083483,0.44080062890275
test,2019-09-27,12:45:00,30,quadratic_c0_single,0.040421549901961396,0.043406133959269524
test,2019-09-27,13:00:00,1,quadratic_c0,0.03785211614308462,0.04794504434932431
test,2019-09-27,13:00:00,1,independent_ou,-0.060050122149517465,-0.059846819286939634
test,2019-09-27,13:00:00,1,flexible_moments,-0.04261788088979482,-0.0400828072656811
test,2019-09-27,13:00:00,1,heterogeneous,0.03313644868247112,-0.005602029197846831
test,2019-09-27,13:00:00,1,time_of_day,0.015303369563777591,0.018831099893624637
test,2019-09-27,13:00:00,1,factor_spy,-0.0298890660234378,-0.02493506564203088
test,2019-09-27,13:00:00,1,quadratic_c0_etf,0.0440262827026473,0.031675966723948845
test,2019-09-27,13:00:00,1,quadratic_c0_single,0.05100204311502268,0.05956636782703667
test,2019-09-27,13:00:00,5,quadratic_c0,0.061487699820542197,0.05867042712068371
test,2019-09-27,13:00:00,5,independent_ou,0.06097265725332765,0.058480790627789325
test,2019-09-27,13:00:00,5,flexible_moments,0.04099215996762054,0.06221024505155706
test,2019-09-27,13:00:00,5,heterogeneous,0.06873745369365361,0.04705977236534689
test,2019-09-27,13:00:00,5,time_of_day,-0.049719264748852424,-0.03692070835321759
test,2019-09-27,13:00:00,5,factor_spy,0.14569342419683753,0.14215434664675114
test,2019-09-27,13:00:00,5,quadratic_c0_etf,0.1229262691142394,0.1346197256707879
test,2019-09-27,13:00:00,5,quadratic_c0_single,0.08243824895453974,0.08591306224771586
test,2019-09-27,13:00:00,15,quadratic_c0,0.15359069957208293,0.1319816440264542
test,2019-09-27,13:00:00,15,independent_ou,0.0652435691834438,0.053185329094204176
test,2019-09-27,13:00:00,15,flexible_moments,0.08811091709435141,0.08652676886382052
test,2019-09-27,13:00:00,15,heterogeneous,0.08871018348775549,0.07981510811505213
test,2019-09-27,13:00:00,15,time_of_day,0.012283436251014843,0.01850556233525462
test,2019-09-27,13:00:00,15,factor_spy,0.12576541586109613,0.12730134029116727
test,2019-09-27,13:00:00,15,quadratic_c0_etf,0.4490967573796551,0.38872626070974337
test,2019-09-27,13:00:00,15,quadratic_c0_single,0.22021735674967963,0.18711428170506447
test,2019-09-27,13:00:00,30,quadratic_c0,0.04592871561099107,0.043246687501219155
test,2019-09-27,13:00:00,30,independent_ou,0.15215002095389937,0.14936098221246402
test,2019-09-27,13:00:00,30,flexible_moments,0.03582397672906193,0.017918820202237923
test,2019-09-27,13:00:00,30,heterogeneous,0.0938386044286876,0.057924911903196125
test,2019-09-27,13:00:00,30,time_of_day,0.009150645438561172,0.007974572764942955
test,2019-09-27,13:00:00,30,factor_spy,0.019837025103017963,0.02205968324404775
test,2019-09-27,13:00:00,30,quadratic_c0_etf,0.20948594192710615,0.19836081342038148
test,2019-09-27,13:00:00,30,quadratic_c0_single,0.10054911836892214,0.08564859128438129
test,2019-09-27,13:15:00,1,quadratic_c0,0.04505343767753775,0.03213069275110211
test,2019-09-27,13:15:00,1,independent_ou,0.0019243368469959443,0.010132313182465658
test,2019-09-27,13:15:00,1,flexible_moments,-0.007801453974984968,-0.009965629701133183
test,2019-09-27,13:15:00,1,heterogeneous,0.06305640654021655,0.03516469408250389
test,2019-09-27,13:15:00,1,time_of_day,-0.1097289005240187,-0.10422806336646548
test,2019-09-27,13:15:00,1,factor_spy,0.06116369546170064,0.05645863843144561
test,2019-09-27,13:15:00,1,quadratic_c0_etf,0.3837252537291575,0.35356196216899866
test,2019-09-27,13:15:00,1,quadratic_c0_single,-0.0033451577034093183,-0.03221917342704496
test,2019-09-27,13:15:00,5,quadratic_c0,-0.06631057417700784,-0.05640634684929474
test,2019-09-27,13:15:00,5,independent_ou,0.03447807858075069,0.04828154451493555
test,2019-09-27,13:15:00,5,flexible_moments,-0.04772375582895938,-0.033636470148282915
test,2019-09-27,13:15:00,5,heterogeneous,0.04760204912896021,0.0186731811049671
test,2019-09-27,13:15:00,5,time_of_day,-0.09382037096739529,-0.07423291620892018
test,2019-09-27,13:15:00,5,factor_spy,0.05559563258179895,0.057921850101015526
test,2019-09-27,13:15:00,5,quadratic_c0_etf,0.10898046049353627,0.11306327240087635
test,2019-09-27,13:15:00,5,quadratic_c0_single,-0.08231689218533203,-0.07013054740027844
test,2019-09-27,13:15:00,15,quadratic_c0,-0.03979475621583109,-0.04799227258474045
test,2019-09-27,13:15:00,15,independent_ou,-0.08392314521406,-0.07925441038209924
test,2019-09-27,13:15:00,15,flexible_moments,0.06851934055674519,0.05783474312540987
test,2019-09-27,13:15:00,15,heterogeneous,-0.04154242086933449,-0.0417809258483651
test,2019-09-27,13:15:00,15,time_of_day,-0.050938991987187265,-0.06025776906281427
test,2019-09-27,13:15:00,15,factor_spy,-0.06457904093071845,-0.07190050331565481
test,2019-09-27,13:15:00,15,quadratic_c0_etf,0.32296536375755414,0.25714080261748745
test,2019-09-27,13:15:00,15,quadratic_c0_single,0.03233265638989308,0.025129572823058388
test,2019-09-27,13:15:00,30,quadratic_c0,0.03964784142089975,0.061137225913707266
test,2019-09-27,13:15:00,30,independent_ou,0.25004288263755253,0.26988553228280715
test,2019-09-27,13:15:00,30,flexible_moments,-0.010060817760776969,0.002241374096173504
test,2019-09-27,13:15:00,30,heterogeneous,0.13335295894810711,0.13936629488213614
test,2019-09-27,13:15:00,30,time_of_day,-0.015413035930815541,0.01220720460981975
test,2019-09-27,13:15:00,30,factor_spy,0.20261088728789156,0.22663265211405703
test,2019-09-27,13:15:00,30,quadratic_c0_etf,0.07981404061413458,0.09264545505054977
test,2019-09-27,13:15:00,30,quadratic_c0_single,0.042824599035057365,0.05852547805106234
test,2019-09-27,13:30:00,1,quadratic_c0,-0.01368953542618137,-0.0073758174598154425
test,2019-09-27,13:30:00,1,independent_ou,-0.006312371719799231,0.015169844860988504
test,2019-09-27,13:30:00,1,flexible_moments,0.05208385718865874,0.05529094223840761
test,2019-09-27,13:30:00,1,heterogeneous,0.14418209923119676,0.1387227691185363
test,2019-09-27,13:30:00,1,time_of_day,-0.07185545334332055,-0.052406816516647706
test,2019-09-27,13:30:00,1,factor_spy,-0.028028777708325014,-0.006058359490274251
test,2019-09-27,13:30:00,1,quadratic_c0_etf,0.1428554314642194,0.13743290192060045
test,2019-09-27,13:30:00,1,quadratic_c0_single,0.022885696167687652,0.03280081122150402
test,2019-09-27,13:30:00,5,quadratic_c0,-0.12616791791385815,-0.1226600207506206
test,2019-09-27,13:30:00,5,independent_ou,-0.11513578989864548,-0.13028336158699713
test,2019-09-27,13:30:00,5,flexible_moments,-0.07076341686446347,-0.057930407017741714
test,2019-09-27,13:30:00,5,heterogeneous,0.0176462056229299,0.042639207499417686
test,2019-09-27,13:30:00,5,time_of_day,-0.07747083922647735,-0.05919527269318331
test,2019-09-27,13:30:00,5,factor_spy,0.062085537566124505,0.0613258227379761
test,2019-09-27,13:30:00,5,quadratic_c0_etf,0.0023125798279741705,0.035107842557319524
test,2019-09-27,13:30:00,5,quadratic_c0_single,-0.050882966455371215,-0.031836222686013715
test,2019-09-27,13:30:00,15,quadratic_c0,-0.12117263831201502,-0.10649335720416692
test,2019-09-27,13:30:00,15,independent_ou,-0.01295477585034538,-0.005541560724458994
test,2019-09-27,13:30:00,15,flexible_moments,0.0823463840880132,0.1101157400005805
test,2019-09-27,13:30:00,15,heterogeneous,-0.058958827678769754,-0.05399905924270179
test,2019-09-27,13:30:00,15,time_of_day,-0.19010132148886055,-0.16707056431349201
test,2019-09-27,13:30:00,15,factor_spy,-0.14218658638613277,-0.11295247733339586
test,2019-09-27,13:30:00,15,quadratic_c0_etf,-0.0269052128113923,-0.050835906056246605
test,2019-09-27,13:30:00,15,quadratic_c0_single,-0.03388240844546836,-0.032745564815822414
test,2019-09-27,13:30:00,30,quadratic_c0,-0.017085180131898317,-0.021622622287187906
test,2019-09-27,13:30:00,30,independent_ou,0.01640361442817062,0.01836834351119332
test,2019-09-27,13:30:00,30,flexible_moments,0.14334481672800337,0.14565048755011625
test,2019-09-27,13:30:00,30,heterogeneous,0.21847895460580935,0.2248832154351293
test,2019-09-27,13:30:00,30,time_of_day,0.008653298243184032,0.017861465074606397
test,2019-09-27,13:30:00,30,factor_spy,0.11609117872041161,0.1322332969039555
test,2019-09-27,13:30:00,30,quadratic_c0_etf,0.05389146217099727,0.04739035478456005
test,2019-09-27,13:30:00,30,quadratic_c0_single,0.021741983108587604,0.016397184129464615
test,2019-09-27,13:45:00,1,quadratic_c0,-0.025618135409179177,-0.01825320862382468
test,2019-09-27,13:45:00,1,independent_ou,-0.07801088084852997,-0.08982895315689327
test,2019-09-27,13:45:00,1,flexible_moments,-0.08149340474850289,-0.07152391039774744
test,2019-09-27,13:45:00,1,heterogeneous,-0.142441804019239,-0.15494784841806364
test,2019-09-27,13:45:00,1,time_of_day,-0.13721865179901813,-0.15657996447800843
test,2019-09-27,13:45:00,1,factor_spy,-0.0686895202533726,-0.05832146217770434
test,2019-09-27,13:45:00,1,quadratic_c0_etf,0.2404433824955664,0.2062355390925078
test,2019-09-27,13:45:00,1,quadratic_c0_single,-0.010122656829319343,-0.01459901362946725
test,2019-09-27,13:45:00,5,quadratic_c0,0.015066738153654613,0.016451971150564015
test,2019-09-27,13:45:00,5,independent_ou,-0.09310708397277417,-0.08302971934610454
test,2019-09-27,13:45:00,5,flexible_moments,-0.03182748550536485,-0.05758246059501487
test,2019-09-27,13:45:00,5,heterogeneous,-0.1423160009403609,-0.17201562989161656
test,2019-09-27,13:45:00,5,time_of_day,-0.1661760169694915,-0.15814954951288643
test,2019-09-27,13:45:00,5,factor_spy,-0.03258155858452222,-0.030601561789554144
test,2019-09-27,13:45:00,5,quadratic_c0_etf,0.04577685867804121,0.06224144023385264
test,2019-09-27,13:45:00,5,quadratic_c0_single,0.009844068843286813,0.0025160457773891753
test,2019-09-27,13:45:00,15,quadratic_c0,-0.067763582414054,-0.08326029173135188
test,2019-09-27,13:45:00,15,independent_ou,-0.11530186340706164,-0.11428583234330661
test,2019-09-27,13:45:00,15,flexible_moments,-0.12888862451704408,-0.12498063446580829
test,2019-09-27,13:45:00,15,heterogeneous,0.031481697975836775,0.02517804068572027
test,2019-09-27,13:45:00,15,time_of_day,-0.22800426232765217,-0.21557982163860473
test,2019-09-27,13:45:00,15,factor_spy,-0.20060611442902296,-0.18956740088586413
test,2019-09-27,13:45:00,15,quadratic_c0_etf,0.005484966919737766,-0.017594098928234325
test,2019-09-27,13:45:00,15,quadratic_c0_single,0.10322978414598016,0.0876227909109511
test,2019-09-27,13:45:00,30,quadratic_c0,-0.1447107148670913,-0.1563295634304522
test,2019-09-27,13:45:00,30,independent_ou,-0.06405920414248423,-0.06178380972255143
test,2019-09-27,13:45:00,30,flexible_moments,-0.1637216287834054,-0.15646428804021775
test,2019-09-27,13:45:00,30,heterogeneous,-0.25198865380416946,-0.23318268739221643
test,2019-09-27,13:45:00,30,time_of_day,-0.1716926744072666,-0.15956525433775998
test,2019-09-27,13:45:00,30,factor_spy,-0.13798006216290243,-0.13012349907965903
test,2019-09-27,13:45:00,30,quadratic_c0_etf,-0.11179473205620621,-0.14212728548195172
test,2019-09-27,13:45:00,30,quadratic_c0_single,-0.08131301467773272,-0.09633165559775375
test,2019-09-27,14:00:00,1,quadratic_c0,0.06590231838042762,0.06461169980332154
test,2019-09-27,14:00:00,1,independent_ou,0.04692901615207326,0.053255606544176104
test,2019-09-27,14:00:00,1,flexible_moments,0.06851191406311241,0.052311979340230935
test,2019-09-27,14:00:00,1,heterogeneous,0.2400795644761462,0.20510058544220608
test,2019-09-27,14:00:00,1,time_of_day,0.05402106749898883,0.03916613754414226
test,2019-09-27,14:00:00,1,factor_spy,0.0441710984313243,0.04085213286209294
test,2019-09-27,14:00:00,1,quadratic_c0_etf,0.3409823095092832,0.27775270242499284
test,2019-09-27,14:00:00,1,quadratic_c0_single,0.12919340852731379,0.09909816611967262
test,2019-09-27,14:00:00,5,quadratic_c0,-0.07966372372237421,-0.09084741184038218
test,2019-09-27,14:00:00,5,independent_ou,-0.07256944378551014,-0.07349323480607717
test,2019-09-27,14:00:00,5,flexible_moments,-0.11402340537307357,-0.1198920836211177
test,2019-09-27,14:00:00,5,heterogeneous,-0.04305397185923707,-0.026856345948642307
test,2019-09-27,14:00:00,5,time_of_day,-0.10362342053749313,-0.0962067863919654
test,2019-09-27,14:00:00,5,factor_spy,-0.10284093861636359,-0.10300206769253972
test,2019-09-27,14:00:00,5,quadratic_c0_etf,0.2593035525318145,0.14479291424847016
test,2019-09-27,14:00:00,5,quadratic_c0_single,0.0022214488977168323,-0.01459188770820219
test,2019-09-27,14:00:00,15,quadratic_c0,0.09300025912305696,0.09136708715513053
test,2019-09-27,14:00:00,15,independent_ou,0.14209986334254743,0.11646605407027436
test,2019-09-27,14:00:00,15,flexible_moments,0.20292115505951044,0.1612649019432775
test,2019-09-27,14:00:00,15,heterogeneous,0.1059742931102364,0.10533538154824298
test,2019-09-27,14:00:00,15,time_of_day,0.13256673873674926,0.1284836709008494
test,2019-09-27,14:00:00,15,factor_spy,0.227976620243564,0.18910398489123598
test,2019-09-27,14:00:00,15,quadratic_c0_etf,0.16812625228301145,0.13052713855033296
test,2019-09-27,14:00:00,15,quadratic_c0_single,0.10580960458987804,0.08776786743100767
test,2019-09-27,14:00:00,30,quadratic_c0,0.010723953485843096,0.028902752971937617
test,2019-09-27,14:00:00,30,independent_ou,-0.05100901930346491,-0.05687532361463207
test,2019-09-27,14:00:00,30,flexible_moments,-0.07254529723027486,-0.07616463550146813
test,2019-09-27,14:00:00,30,heterogeneous,0.04001788907312451,0.04511468816173528
test,2019-09-27,14:00:00,30,time_of_day,-0.12259167018549232,-0.11098174139081525
test,2019-09-27,14:00:00,30,factor_spy,0.02037097560381998,0.03549147497315805
test,2019-09-27,14:00:00,30,quadratic_c0_etf,0.11300051141369985,0.14119704152990598
test,2019-09-27,14:00:00,30,quadratic_c0_single,-0.003701080039376692,0.0010694420005492311
test,2019-09-27,14:15:00,1,quadratic_c0,0.05102001238642903,0.050659369722787395
test,2019-09-27,14:15:00,1,independent_ou,0.02689069015338763,0.02310747197545146
test,2019-09-27,14:15:00,1,flexible_moments,0.04342761252773342,0.04417238058501949
test,2019-09-27,14:15:00,1,heterogeneous,-0.002173060630936044,-0.005407529334731098
test,2019-09-27,14:15:00,1,time_of_day,0.12139522127737831,0.12467577098517546
test,2019-09-27,14:15:00,1,factor_spy,0.0416285280953298,0.04284924030246684
test,2019-09-27,14:15:00,1,quadratic_c0_etf,0.24195930456801673,0.14740068072035564
test,2019-09-27,14:15:00,1,quadratic_c0_single,0.06724321603515676,0.05200154597795878
test,2019-09-27,14:15:00,5,quadratic_c0,-0.05477845258839609,-0.08946674578714611
test,2019-09-27,14:15:00,5,independent_ou,-0.09131544015148349,-0.11927200269588517
test,2019-09-27,14:15:00,5,flexible_moments,0.018828929878028755,0.011435137148407382
test,2019-09-27,14:15:00,5,heterogeneous,-0.12523732145647593,-0.13168861968839435
test,2019-09-27,14:15:00,5,time_of_day,-0.1561040029784402,-0.15730950814145675
test,2019-09-27,14:15:00,5,factor_spy,-0.16108218774862187,-0.16107561813417276
test,2019-09-27,14:15:00,5,quadratic_c0_etf,0.039436405900550586,0.004561069231430237
test,2019-09-27,14:15:00,5,quadratic_c0_single,0.039630461746474555,0.023549801620175115
test,2019-09-27,14:15:00,15,quadratic_c0,-0.138066000526469,-0.13576882740483903
test,2019-09-27,14:15:00,15,independent_ou,-0.07410038768532548,-0.08617126139141676
test,2019-09-27,14:15:00,15,flexible_moments,-0.06553240341143768,-0.05581061412542368
test,2019-09-27,14:15:00,15,heterogeneous,-0.13727592208291042,-0.13180418024896104
test,2019-09-27,14:15:00,15,time_of_day,-0.15246995486101378,-0.14383298717816012
test,2019-09-27,14:15:00,15,factor_spy,-0.1007509555676814,-0.08742580219749327
test,2019-09-27,14:15:00,15,quadratic_c0_etf,0.0406312553433919,0.0455965334106391
test,2019-09-27,14:15:00,15,quadratic_c0_single,-0.09537708033724468,-0.09668632304951558
test,2019-09-27,14:15:00,30,quadratic_c0,0.012607995262468114,0.0002819916049598137
test,2019-09-27,14:15:00,30,independent_ou,-0.040979732725879764,-0.034953458408639226
test,2019-09-27,14:15:00,30,flexible_moments,0.06511305373660717,0.05729841851512629
test,2019-09-27,14:15:00,30,heterogeneous,0.04224381872623348,0.03257161362859243
test,2019-09-27,14:15:00,30,time_of_day,-0.03626279678044278,-0.03755690334000003
test,2019-09-27,14:15:00,30,factor_spy,0.11535183532210361,0.10130171369489627
test,2019-09-27,14:15:00,30,quadratic_c0_etf,0.0711463223216515,0.08098847771101089
test,2019-09-27,14:15:00,30,quadratic_c0_single,0.03358451100615342,0.018949145105049303
test,2019-09-27,14:30:00,1,quadratic_c0,0.006065848374258109,0.021223650931062377
test,2019-09-27,14:30:00,1,independent_ou,0.043076834319935836,0.044624162110434684
test,2019-09-27,14:30:00,1,flexible_moments,-0.0798109602001077,-0.06832012760323854
test,2019-09-27,14:30:00,1,heterogeneous,0.09662377219674942,0.10735704151591285
test,2019-09-27,14:30:00,1,time_of_day,-0.009818779348523099,0.0021101712283165402
test,2019-09-27,14:30:00,1,factor_spy,0.030997068676807876,0.03606658789590694
test,2019-09-27,14:30:00,1,quadratic_c0_etf,0.09549402993153919,0.06337012478048731
test,2019-09-27,14:30:00,1,quadratic_c0_single,0.02502477901120559,0.0236312100501663
test,2019-09-27,14:30:00,5,quadratic_c0,-0.01741005464620468,-0.01007964843179529
test,2019-09-27,14:30:00,5,independent_ou,0.032230272054249665,0.039575486496590456
test,2019-09-27,14:30:00,5,flexible_moments,-0.07665461430646643,-0.05628380304392021
test,2019-09-27,14:30:00,5,heterogeneous,0.0378182646614095,0.04327815254395587
test,2019-09-27,14:30:00,5,time_of_day,-0.04315362998885525,-0.020170777161049896
test,2019-09-27,14:30:00,5,factor_spy,-0.08399282825204447,-0.06252861229238027
test,2019-09-27,14:30:00,5,quadratic_c0_etf,-0.01286835928562044,0.014280306629555622
test,2019-09-27,14:30:00,5,quadratic_c0_single,0.07669093186850326,0.06872339723503398
test,2019-09-27,14:30:00,15,quadratic_c0,0.12965279397091845,0.1536232336487986
test,2019-09-27,14:30:00,15,independent_ou,-0.010955295981427221,-0.011099364349248422
test,2019-09-27,14:30:00,15,flexible_moments,0.06476170436833209,0.06927543313905261
test,2019-09-27,14:30:00,15,heterogeneous,0.07469369934737827,0.0621267837470109
test,2019-09-27,14:30:00,15,time_of_day,-0.03554089892652107,-0.02389234412527995
test,2019-09-27,14:30:00,15,factor_spy,0.2361224608087003,0.24297949001147146
test,2019-09-27,14:30:00,15,quadratic_c0_etf,0.30298346219955385,0.28308283220054464
test,2019-09-27,14:30:00,15,quadratic_c0_single,0.09882703370625306,0.11422248626348462
test,2019-09-27,14:30:00,30,quadratic_c0,0.053902665344947004,0.06203469282728022
test,2019-09-27,14:30:00,30,independent_ou,0.025813215404668105,0.05453980842640754
test,2019-09-27,14:30:00,30,flexible_moments,-0.07995149611110705,-0.05325047616230544
test,2019-09-27,14:30:00,30,heterogeneous,0.12761844061350572,0.1550313640436443
test,2019-09-27,14:30:00,30,time_of_day,0.06410378318425572,0.09020550536186053
test,2019-09-27,14:30:00,30,factor_spy,0.029105763808497526,0.02884131311788915
test,2019-09-27,14:30:00,30,quadratic_c0_etf,0.41639013777473066,0.3876290996120221
test,2019-09-27,14:30:00,30,quadratic_c0_single,-0.0004895886086334067,0.027675084515997872
test,2019-09-27,14:45:00,1,quadratic_c0,-0.036345856857278896,-0.0433740789161314
test,2019-09-27,14:45:00,1,independent_ou,-0.031017235653198943,-0.03525548315884336
test,2019-09-27,14:45:00,1,flexible_moments,0.06339804909954194,0.046308408567081044
test,2019-09-27,14:45:00,1,heterogeneous,0.17361709019546745,0.1403026565773842
test,2019-09-27,14:45:00,1,time_of_day,-0.05258231923432444,-0.05100648434130256
test,2019-09-27,14:45:00,1,factor_spy,0.042174742672903276,0.03026569617741967
test,2019-09-27,14:45:00,1,quadratic_c0_etf,0.0945622111623251,0.07509616156946816
test,2019-09-27,14:45:00,1,quadratic_c0_single,-0.05605096791972272,-0.06705593457943174
test,2019-09-27,14:45:00,5,quadratic_c0,0.06028206287265431,0.07747089728285822
test,2019-09-27,14:45:00,5,independent_ou,-0.1156089366886181,-0.0825580885452411
test,2019-09-27,14:45:00,5,flexible_moments,-0.01945998098278534,0.0033587102142341174
test,2019-09-27,14:45:00,5,heterogeneous,-0.07436175397361133,-0.04620732904055286
test,2019-09-27,14:45:00,5,time_of_day,-0.05705292866416234,-0.03230897950500583
test,2019-09-27,14:45:00,5,factor_spy,-0.05362452449558025,-0.03595376641432446
test,2019-09-27,14:45:00,5,quadratic_c0_etf,0.42817894327276323,0.45150142391075665
test,2019-09-27,14:45:00,5,quadratic_c0_single,-0.054130380056762795,-0.03636448038650225
test,2019-09-27,14:45:00,15,quadratic_c0,0.032127267755720224,0.037381936425912365
test,2019-09-27,14:45:00,15,independent_ou,-0.06063917197540966,-0.05122688251699878
test,2019-09-27,14:45:00,15,flexible_moments,-0.021455071320121755,-0.04310263066344844
test,2019-09-27,14:45:00,15,heterogeneous,0.07170101363183207,0.039432024058205395
test,2019-09-27,14:45:00,15,time_of_day,0.011837958560752038,0.01157228931455162
test,2019-09-27,14:45:00,15,factor_spy,-0.1109402851321162,-0.11521003403245364
test,2019-09-27,14:45:00,15,quadratic_c0_etf,0.37681812688703487,0.36645075331941773
test,2019-09-27,14:45:00,15,quadratic_c0_single,-0.052839798968316254,-0.05268921289063702
test,2019-09-27,14:45:00,30,quadratic_c0,0.08860908467738769,0.06619231666419624
test,2019-09-27,14:45:00,30,independent_ou,0.04283351136198389,0.02496064265802342
test,2019-09-27,14:45:00,30,flexible_moments,0.08102894910724469,0.06730304903671201
test,2019-09-27,14:45:00,30,heterogeneous,0.018911850368409852,0.016362171484439386
test,2019-09-27,14:45:00,30,time_of_day,-0.04767688361827814,-0.029096238469160325
test,2019-09-27,14:45:00,30,factor_spy,0.008558332445572955,0.01930935453644589
test,2019-09-27,14:45:00,30,quadratic_c0_etf,0.38491259409042333,0.397977836634712
test,2019-09-27,14:45:00,30,quadratic_c0_single,0.10301405037125187,0.06841390752408015
test,2019-09-27,15:00:00,1,quadratic_c0,0.002214484262873767,0.019751834170909144
test,2019-09-27,15:00:00,1,independent_ou,-0.06828839307416629,-0.05270857258966058
test,2019-09-27,15:00:00,1,flexible_moments,-0.0813461035116288,-0.07118972575665711
test,2019-09-27,15:00:00,1,heterogeneous,-0.07035187846845531,-0.0633039950474342
test,2019-09-27,15:00:00,1,time_of_day,-0.17405652813284905,-0.15173069946160714
test,2019-09-27,15:00:00,1,factor_spy,-0.08677871816171423,-0.06663290382253928
test,2019-09-27,15:00:00,1,quadratic_c0_etf,-0.0014685549944427057,-0.018643201067164827
test,2019-09-27,15:00:00,1,quadratic_c0_single,0.04817873516614343,0.07134975568094146
test,2019-09-27,15:00:00,5,quadratic_c0,0.04167897207417348,0.02033805389154747
test,2019-09-27,15:00:00,5,independent_ou,-0.06178987291513571,-0.027846945167418313
test,2019-09-27,15:00:00,5,flexible_moments,0.010399109707005694,-0.005450475425611778
test,2019-09-27,15:00:00,5,heterogeneous,-0.07167670872284237,-0.048000595299206236
test,2019-09-27,15:00:00,5,time_of_day,-0.08002888170486577,-0.05095160251358141
test,2019-09-27,15:00:00,5,factor_spy,-0.04742196301916046,-0.013982093312702504
test,2019-09-27,15:00:00,5,quadratic_c0_etf,0.025412081223834482,0.036295549014644934
test,2019-09-27,15:00:00,5,quadratic_c0_single,0.06589509793595599,0.026074997059370303
test,2019-09-27,15:00:00,15,quadratic_c0,-0.08477598263169653,-0.09415264983428598
test,2019-09-27,15:00:00,15,independent_ou,-0.10644909089836505,-0.09894541889848409
test,2019-09-27,15:00:00,15,flexible_moments,-0.08754871215141036,-0.07856048304593347
test,2019-09-27,15:00:00,15,heterogeneous,-0.06702852556688219,-0.0529074526905689
test,2019-09-27,15:00:00,15,time_of_day,-0.21274063994610684,-0.1876359292701068
test,2019-09-27,15:00:00,15,factor_spy,-0.0334053926032091,-0.0502118605954987
test,2019-09-27,15:00:00,15,quadratic_c0_etf,0.016948710919713228,-0.028863549979552372
test,2019-09-27,15:00:00,15,quadratic_c0_single,-0.016893716507772882,-0.028413459852865558
test,2019-09-27,15:00:00,30,quadratic_c0,-0.15152117424410874,-0.14662933189455246
test,2019-09-27,15:00:00,30,independent_ou,-0.10276793037956505,-0.10751422963129056
test,2019-09-27,15:00:00,30,flexible_moments,-0.025109213454655305,-0.0317801305477953
test,2019-09-27,15:00:00,30,heterogeneous,-0.12131573500561045,-0.11307584663548303
test,2019-09-27,15:00:00,30,time_of_day,-0.1457073886768749,-0.13267744531099415
test,2019-09-27,15:00:00,30,factor_spy,-0.11544801099516254,-0.11551885106693842
test,2019-09-27,15:00:00,30,quadratic_c0_etf,0.19120525235315353,0.12530802845071573
test,2019-09-27,15:00:00,30,quadratic_c0_single,-0.07157244062896764,-0.07156130066662061
test,2019-09-27,15:15:00,1,quadratic_c0,0.06277764419838311,0.06301123457417124
test,2019-09-27,15:15:00,1,independent_ou,0.10036187740897945,0.10501452118067772
test,2019-09-27,15:15:00,1,flexible_moments,-0.004501307577325836,0.0013487580543987965
test,2019-09-27,15:15:00,1,heterogeneous,0.03811592392429669,0.02533490852191267
test,2019-09-27,15:15:00,1,time_of_day,0.016194371157866705,0.015599588256803881
test,2019-09-27,15:15:00,1,factor_spy,0.05147890587400489,0.060677421358746764
test,2019-09-27,15:15:00,1,quadratic_c0_etf,0.009728143204370543,0.006677052780354575
test,2019-09-27,15:15:00,1,quadratic_c0_single,0.08163128976757045,0.0801564203375067
test,2019-09-27,15:15:00,5,quadratic_c0,0.033788991674659555,0.02859889691705575
test,2019-09-27,15:15:00,5,independent_ou,1.1672418727876055e-05,0.0017536826194165939
test,2019-09-27,15:15:00,5,flexible_moments,0.03870252726858718,0.014592109512946622
test,2019-09-27,15:15:00,5,heterogeneous,0.04726417934437417,0.04570438935569325
test,2019-09-27,15:15:00,5,time_of_day,0.0034613120619504806,0.01040710300033125
test,2019-09-27,15:15:00,5,factor_spy,0.10839513103566724,0.0917555136271973
test,2019-09-27,15:15:00,5,quadratic_c0_etf,0.19075191315679724,0.1822811732600575
test,2019-09-27,15:15:00,5,quadratic_c0_single,0.04356359559059002,0.031412182853246054
test,2019-09-27,15:15:00,15,quadratic_c0,0.19530589684417965,0.17575838065646518
test,2019-09-27,15:15:00,15,independent_ou,0.054349742067020826,0.05060190908092406
test,2019-09-27,15:15:00,15,flexible_moments,0.09723051123744765,0.08410956873519199
test,2019-09-27,15:15:00,15,heterogeneous,0.12516072376493903,0.10340832863727928
test,2019-09-27,15:15:00,15,time_of_day,0.006145594641191035,0.009838149429574922
test,2019-09-27,15:15:00,15,factor_spy,0.09224822903398232,0.05951148169357659
test,2019-09-27,15:15:00,15,quadratic_c0_etf,0.14127509561388085,0.14033839191313902
test,2019-09-27,15:15:00,15,quadratic_c0_single,0.25111540251716197,0.22240332646277447
test,2019-09-27,15:15:00,30,quadratic_c0,0.1660987981772889,0.15575686278937734
test,2019-09-27,15:15:00,30,independent_ou,0.06379203447289328,0.055744754844247305
test,2019-09-27,15:15:00,30,flexible_moments,0.125837423063198,0.10500429922356581
test,2019-09-27,15:15:00,30,heterogeneous,0.2530103579520814,0.21775289588310204
test,2019-09-27,15:15:00,30,time_of_day,0.026979124615725686,0.01730755739745718
test,2019-09-27,15:15:00,30,factor_spy,0.1524278509792632,0.10798390006960566
test,2019-09-27,15:15:00,30,quadratic_c0_etf,0.1912040371865778,0.19747953889670977
test,2019-09-27,15:15:00,30,quadratic_c0_single,0.17391732901867402,0.15385210494418894
test,2019-09-27,15:30:00,1,quadratic_c0,0.12554958465526334,0.14084015938407965
test,2019-09-27,15:30:00,1,independent_ou,0.017551289466787273,0.023641048199531806
test,2019-09-27,15:30:00,1,flexible_moments,-0.018322604069742787,-0.015945126036692153
test,2019-09-27,15:30:00,1,heterogeneous,-0.040408209670382375,-0.040339096095313845
test,2019-09-27,15:30:00,1,time_of_day,-0.008819976615671077,-0.010761650579906593
test,2019-09-27,15:30:00,1,factor_spy,-0.02782761168146576,-0.01514226454936693
test,2019-09-27,15:30:00,1,quadratic_c0_etf,0.21237321462813719,0.21972978855835998
test,2019-09-27,15:30:00,1,quadratic_c0_single,0.10695195816374042,0.1216428167914797
test,2019-09-27,15:30:00,5,quadratic_c0,0.0679297861683331,0.045756982312606456
test,2019-09-27,15:30:00,5,independent_ou,-0.03128319981710492,-0.027019526138538058
test,2019-09-27,15:30:00,5,flexible_moments,0.004094885054350808,-0.024881916566457885
test,2019-09-27,15:30:00,5,heterogeneous,0.06135721623510197,0.05662193660996488
test,2019-09-27,15:30:00,5,time_of_day,0.0071586659931756474,0.012193309193286567
test,2019-09-27,15:30:00,5,factor_spy,0.023343090779583367,0.02056145264008645
test,2019-09-27,15:30:00,5,quadratic_c0_etf,0.09026002129421111,0.05862198182751645
test,2019-09-27,15:30:00,5,quadratic_c0_single,0.08717401397096865,0.06142315311469561
test,2019-09-27,15:30:00,15,quadratic_c0,-0.0038100991398794526,-0.0036603006211005235
test,2019-09-27,15:30:00,15,independent_ou,0.041154504255969254,0.046512270629177774
test,2019-09-27,15:30:00,15,flexible_moments,0.016559586670815668,0.013948736035413786
test,2019-09-27,15:30:00,15,heterogeneous,0.11238581822064309,0.06892950037130748
test,2019-09-27,15:30:00,15,time_of_day,-0.0007594713513683904,-0.01066614167153046
test,2019-09-27,15:30:00,15,factor_spy,0.04729046661043004,0.02296613672914226
test,2019-09-27,15:30:00,15,quadratic_c0_etf,0.35980507003188167,0.34203201729459637
test,2019-09-27,15:30:00,15,quadratic_c0_single,0.06689888438575975,0.06089755774560422
test,2019-09-27,15:45:00,1,quadratic_c0,0.07328094258277373,0.0657126222940048
test,2019-09-27,15:45:00,1,independent_ou,-0.013297563298551057,-0.010499149525682663
test,2019-09-27,15:45:00,1,flexible_moments,0.059397446111671026,0.051480875840956744
test,2019-09-27,15:45:00,1,heterogeneous,-0.0305297914144832,-0.03222491117493881
test,2019-09-27,15:45:00,1,time_of_day,-0.06057917017127455,-0.039457516849306
test,2019-09-27,15:45:00,1,factor_spy,-0.04787925972637552,-0.03985088972764485
test,2019-09-27,15:45:00,1,quadratic_c0_etf,0.07279336160187216,0.04364821925089153
test,2019-09-27,15:45:00,1,quadratic_c0_single,0.15455033257679318,0.16059658721920744
test,2019-09-27,15:45:00,5,quadratic_c0,0.1080868008073955,0.11238546533166047
test,2019-09-27,15:45:00,5,independent_ou,-0.059066105040660344,-0.05389981508802445
test,2019-09-27,15:45:00,5,flexible_moments,0.030698112944632566,0.02585797289150582
test,2019-09-27,15:45:00,5,heterogeneous,0.08459807882733575,0.07908350406574491
test,2019-09-27,15:45:00,5,time_of_day,0.009811665705105055,0.02422983125724945
test,2019-09-27,15:45:00,5,factor_spy,0.09623487298978686,0.07507734846598746
test,2019-09-27,15:45:00,5,quadratic_c0_etf,0.3786849106939101,0.332466736723953
test,2019-09-27,15:45:00,5,quadratic_c0_single,0.12711712866035194,0.12743635929063066
test_fixed_am_pm,2019-09-27,10:00:00,300,quadratic_c0,0.14444477143133413,0.12361200503039388
test_fixed_am_pm,2019-09-27,10:00:00,300,independent_ou,0.053595040516768416,0.041970023256302225
stress,2020-03-09,09:45:00,1,quadratic_c0,0.10186572187163082,0.09861968558285185
stress,2020-03-09,09:45:00,1,independent_ou,0.052654333127383886,0.056005716904171235
stress,2020-03-09,09:45:00,1,flexible_moments,0.09222604951800839,0.08691122082107512
stress,2020-03-09,09:45:00,1,heterogeneous,0.12044661810532617,0.11061296221121228
stress,2020-03-09,09:45:00,1,time_of_day,0.03692479547302204,0.04039514234337662
stress,2020-03-09,09:45:00,1,factor_spy,0.08981664459299568,0.07994727547254016
stress,2020-03-09,09:45:00,1,quadratic_c0_etf,0.19812277338666096,0.16403273025217344
stress,2020-03-09,09:45:00,1,quadratic_c0_single,0.10448445622198296,0.10643876222221572
stress,2020-03-09,09:45:00,5,quadratic_c0,0.05743491206067275,0.06600645846340676
stress,2020-03-09,09:45:00,5,independent_ou,-0.01591229799371184,0.0005711952371275086
stress,2020-03-09,09:45:00,5,flexible_moments,0.08751769431450537,0.08523062697729879
stress,2020-03-09,09:45:00,5,heterogeneous,0.10140952702352957,0.11443735721586464
stress,2020-03-09,09:45:00,5,time_of_day,-0.024419024680190637,-0.03036505526105368
stress,2020-03-09,09:45:00,5,factor_spy,0.022713051785143795,0.02351943943752248
stress,2020-03-09,09:45:00,5,quadratic_c0_etf,0.3086058433916164,0.32757052533975656
stress,2020-03-09,09:45:00,5,quadratic_c0_single,0.01256727855361911,0.023502892373886364
stress,2020-03-09,09:45:00,15,quadratic_c0,0.049945156530349394,0.0587299268272338
stress,2020-03-09,09:45:00,15,independent_ou,0.1305106705360255,0.13986486471822102
stress,2020-03-09,09:45:00,15,flexible_moments,0.12776003356784665,0.13761666404723238
stress,2020-03-09,09:45:00,15,heterogeneous,0.08514670133518351,0.032197897175710144
stress,2020-03-09,09:45:00,15,time_of_day,0.0523977453719372,0.04652070956217724
stress,2020-03-09,09:45:00,15,factor_spy,0.1239126406815414,0.12392335047390518
stress,2020-03-09,09:45:00,15,quadratic_c0_etf,0.2936688730597721,0.28810308149600766
stress,2020-03-09,09:45:00,15,quadratic_c0_single,0.11272509161348626,0.08937363301397319
stress,2020-03-09,09:45:00,30,quadratic_c0,-0.006862451307170669,0.008520950866308524
stress,2020-03-09,09:45:00,30,independent_ou,0.004049432854254187,0.006536156771487278
stress,2020-03-09,09:45:00,30,flexible_moments,-0.08488863334523344,-0.07570188772880837
stress,2020-03-09,09:45:00,30,heterogeneous,0.058344886776890315,0.08656479648716911
stress,2020-03-09,09:45:00,30,time_of_day,-0.04862098669618778,-0.03163155064733822
stress,2020-03-09,09:45:00,30,factor_spy,0.09439844724212071,0.09842252790878667
stress,2020-03-09,09:45:00,30,quadratic_c0_etf,0.07430387995037652,0.08167649511679906
stress,2020-03-09,09:45:00,30,quadratic_c0_single,0.0071340042118816505,0.015285926483848133
stress,2020-03-09,10:00:00,1,quadratic_c0,0.001567885288742854,0.00950055266648736
stress,2020-03-09,10:00:00,1,independent_ou,0.005413169305779897,0.006681601307792481
stress,2020-03-09,10:00:00,1,flexible_moments,0.07430607018421487,0.08263165580826186
stress,2020-03-09,10:00:00,1,heterogeneous,0.1027528281368576,0.10974844428185156
stress,2020-03-09,10:00:00,1,time_of_day,0.03237787793751057,0.04522847178781146
stress,2020-03-09,10:00:00,1,factor_spy,0.03592998952398899,0.03787929097011859
stress,2020-03-09,10:00:00,1,quadratic_c0_etf,0.16898120774325354,0.1425249638562538
stress,2020-03-09,10:00:00,1,quadratic_c0_single,0.033993619805433556,0.01882884067088479
stress,2020-03-09,10:00:00,5,quadratic_c0,-0.02419093062134084,-0.01580479388876474
stress,2020-03-09,10:00:00,5,independent_ou,-0.05876680772335503,-0.05481197475208015
stress,2020-03-09,10:00:00,5,flexible_moments,-0.027462278051945704,-0.01984015992431251
stress,2020-03-09,10:00:00,5,heterogeneous,-0.04269201223149299,-0.024758749117661225
stress,2020-03-09,10:00:00,5,time_of_day,-0.0603080390281326,-0.04632582296617055
stress,2020-03-09,10:00:00,5,factor_spy,0.025274390392426405,0.02202188125306967
stress,2020-03-09,10:00:00,5,quadratic_c0_etf,0.4896387536610708,0.46912924807534023
stress,2020-03-09,10:00:00,5,quadratic_c0_single,0.033305022820375535,0.05147817018585074
stress,2020-03-09,10:00:00,15,quadratic_c0,-0.14762219552030262,-0.1387305678607229
stress,2020-03-09,10:00:00,15,independent_ou,-0.13929665565693639,-0.1248913130905609
stress,2020-03-09,10:00:00,15,flexible_moments,-0.18779332879385738,-0.17855265500946516
stress,2020-03-09,10:00:00,15,heterogeneous,-0.040073645768522514,-0.10510289143994575
stress,2020-03-09,10:00:00,15,time_of_day,-0.16061268605405607,-0.14756312357555418
stress,2020-03-09,10:00:00,15,factor_spy,-0.18336395510067152,-0.1718631341409892
stress,2020-03-09,10:00:00,15,quadratic_c0_etf,0.1326734361608835,0.11133779172306801
stress,2020-03-09,10:00:00,15,quadratic_c0_single,-0.15061404848715385,-0.16080299758004776
stress,2020-03-09,10:00:00,30,quadratic_c0,0.08456477252771391,0.058143620873336924
stress,2020-03-09,10:00:00,30,independent_ou,0.005378313221753278,0.04657633348798344
stress,2020-03-09,10:00:00,30,flexible_moments,-0.0063642194836314725,0.025635550236969132
stress,2020-03-09,10:00:00,30,heterogeneous,0.0442404986836156,0.06252440682993775
stress,2020-03-09,10:00:00,30,time_of_day,-0.032385503163903734,-0.011108525151373283
stress,2020-03-09,10:00:00,30,factor_spy,-0.026992162551026933,-0.010805995005029281
stress,2020-03-09,10:00:00,30,quadratic_c0_etf,0.24395708969811958,0.23913819981550044
stress,2020-03-09,10:00:00,30,quadratic_c0_single,0.07223627760925008,0.017731315915817045
stress,2020-03-09,10:15:00,1,quadratic_c0,0.07118685059520714,0.07410152800550233
stress,2020-03-09,10:15:00,1,independent_ou,0.043918154960831554,0.03757789285152993
stress,2020-03-09,10:15:00,1,flexible_moments,0.05612769700903984,0.05556065366129109
stress,2020-03-09,10:15:00,1,heterogeneous,0.1100022229823414,0.07671433323838843
stress,2020-03-09,10:15:00,1,time_of_day,0.0012649330207708115,0.0024769470538570093
stress,2020-03-09,10:15:00,1,factor_spy,-0.011262882717800765,0.0005600918183358145
stress,2020-03-09,10:15:00,1,quadratic_c0_etf,0.08161753191884503,0.10244708420769703
stress,2020-03-09,10:15:00,1,quadratic_c0_single,0.09207053883614773,0.08509403057472338
stress,2020-03-09,10:15:00,5,quadratic_c0,0.0005524602187721162,0.016317234106973777
stress,2020-03-09,10:15:00,5,independent_ou,-0.040747318911350694,-0.02393609556647522
stress,2020-03-09,10:15:00,5,flexible_moments,0.0297015514414396,0.044088502891029
stress,2020-03-09,10:15:00,5,heterogeneous,0.03111611629974534,0.05545198872116097
stress,2020-03-09,10:15:00,5,time_of_day,0.035748632664546504,0.05224036423829104
stress,2020-03-09,10:15:00,5,factor_spy,0.018798320012765046,0.044349389153915286
stress,2020-03-09,10:15:00,5,quadratic_c0_etf,-0.03409669843101998,0.00283906541877868
stress,2020-03-09,10:15:00,5,quadratic_c0_single,0.03221268562845253,0.04090317482822972
stress,2020-03-09,10:15:00,15,quadratic_c0,-0.026588671784469803,-0.030757337140755237
stress,2020-03-09,10:15:00,15,independent_ou,-0.08614503100843274,-0.0934675666906781
stress,2020-03-09,10:15:00,15,flexible_moments,-0.03413711590510607,-0.036680301834196766
stress,2020-03-09,10:15:00,15,heterogeneous,0.003329812597188758,-0.052156243112320255
stress,2020-03-09,10:15:00,15,time_of_day,-0.09403929019155752,-0.09489737290242618
stress,2020-03-09,10:15:00,15,factor_spy,-0.010561014928993029,-0.021861771045954992
stress,2020-03-09,10:15:00,15,quadratic_c0_etf,0.07264573938908925,0.07039927688863787
stress,2020-03-09,10:15:00,15,quadratic_c0_single,-0.03583209912121191,-0.04316388468257579
stress,2020-03-09,10:15:00,30,quadratic_c0,-0.09595493398367186,-0.07878700853223702
stress,2020-03-09,10:15:00,30,independent_ou,-0.1746388502823261,-0.16568186669624074
stress,2020-03-09,10:15:00,30,flexible_moments,0.0967645224497749,0.10399641663322479
stress,2020-03-09,10:15:00,30,heterogeneous,-0.139740728530748,-0.1292699776143662
stress,2020-03-09,10:15:00,30,time_of_day,-0.12168816985050168,-0.10760521948735935
stress,2020-03-09,10:15:00,30,factor_spy,-0.15784331357512327,-0.1552643383177308
stress,2020-03-09,10:15:00,30,quadratic_c0_etf,-0.14629911636022422,-0.1302122499796957
stress,2020-03-09,10:15:00,30,quadratic_c0_single,0.006375118465055729,0.017023278824411125
stress,2020-03-09,10:30:00,1,quadratic_c0,0.000906756903802014,-0.0067133206105634835
stress,2020-03-09,10:30:00,1,independent_ou,0.03841467586784736,0.03621598541464842
stress,2020-03-09,10:30:00,1,flexible_moments,-0.037273619737327734,-0.01995266491785068
stress,2020-03-09,10:30:00,1,heterogeneous,0.03360351710962364,0.0367116235574461
stress,2020-03-09,10:30:00,1,time_of_day,-0.003938653266505804,0.003683973890313705
stress,2020-03-09,10:30:00,1,factor_spy,-0.018434164229630318,0.003242894056292911
stress,2020-03-09,10:30:00,1,quadratic_c0_etf,0.051616333559726946,0.05013084871959782
stress,2020-03-09,10:30:00,1,quadratic_c0_single,0.004741578313015804,-0.0026859301890355958
stress,2020-03-09,10:30:00,5,quadratic_c0,0.12756541437505126,0.11879221590095661
stress,2020-03-09,10:30:00,5,independent_ou,0.020577348941681756,0.02324150595162025
stress,2020-03-09,10:30:00,5,flexible_moments,0.10273437720306071,0.10641786019985404
stress,2020-03-09,10:30:00,5,heterogeneous,0.10432005851517966,0.07508070629340642
stress,2020-03-09,10:30:00,5,time_of_day,0.041305941929051196,0.02570588092680358
stress,2020-03-09,10:30:00,5,factor_spy,0.1682244176370366,0.1567893737995798
stress,2020-03-09,10:30:00,5,quadratic_c0_etf,0.1577678462370415,0.12329976799626498
stress,2020-03-09,10:30:00,5,quadratic_c0_single,0.1823518546764381,0.15711109080485924
stress,2020-03-09,10:30:00,15,quadratic_c0,0.01355214257957596,0.03473385170025131
stress,2020-03-09,10:30:00,15,independent_ou,0.10348256281076765,0.12798111766772774
stress,2020-03-09,10:30:00,15,flexible_moments,0.16620266915773754,0.19623601189436896
stress,2020-03-09,10:30:00,15,heterogeneous,0.1021425632832951,0.13455512449187707
stress,2020-03-09,10:30:00,15,time_of_day,0.03672135778469274,0.060798357636353384
stress,2020-03-09,10:30:00,15,factor_spy,-0.054220828927198886,-0.0355337950215809
stress,2020-03-09,10:30:00,15,quadratic_c0_etf,-3.6244367745574824e-05,0.02475494921711635
stress,2020-03-09,10:30:00,15,quadratic_c0_single,0.06647197592346374,0.0811690786363623
stress,2020-03-09,10:30:00,30,quadratic_c0,-0.01881100667486288,-0.0072944558773364865
stress,2020-03-09,10:30:00,30,independent_ou,0.06881557297111635,0.08543900274957114
stress,2020-03-09,10:30:00,30,flexible_moments,0.11699084631462481,0.10261712088364552
stress,2020-03-09,10:30:00,30,heterogeneous,-0.017148008474815707,-0.014010295735390851
stress,2020-03-09,10:30:00,30,time_of_day,-0.061722301215042005,-0.04827595138688681
stress,2020-03-09,10:30:00,30,factor_spy,-0.015561647763374375,-0.015195072513200805
stress,2020-03-09,10:30:00,30,quadratic_c0_etf,0.05623104264418757,0.0732561284494831
stress,2020-03-09,10:30:00,30,quadratic_c0_single,-0.01696719012755349,-0.0073722370676730375
stress,2020-03-09,10:45:00,1,quadratic_c0,0.029686540269848544,0.04115450862254735
stress,2020-03-09,10:45:00,1,independent_ou,-0.018016076307350942,-0.007457403543381785
stress,2020-03-09,10:45:00,1,flexible_moments,0.029030631279385127,0.050351372984788006
stress,2020-03-09,10:45:00,1,heterogeneous,0.022276835525515792,0.035574283887339714
stress,2020-03-09,10:45:00,1,time_of_day,0.035714316294540416,0.05992684470357418
stress,2020-03-09,10:45:00,1,factor_spy,-0.008568966368231734,0.008430086196303643
stress,2020-03-09,10:45:00,1,quadratic_c0_etf,0.11087548221284513,0.1395652440621474
stress,2020-03-09,10:45:00,1,quadratic_c0_single,0.03640435554651658,0.0481490672379247
stress,2020-03-09,10:45:00,5,quadratic_c0,0.003077026401777802,0.017250828678485305
stress,2020-03-09,10:45:00,5,independent_ou,0.010508886767113798,0.0058732354087628474
stress,2020-03-09,10:45:00,5,flexible_moments,0.15681446004237753,0.14989564260196286
stress,2020-03-09,10:45:00,5,heterogeneous,-0.018525755248442022,-0.007039079171724111
stress,2020-03-09,10:45:00,5,time_of_day,0.1252429851589263,0.13102987450401948
stress,2020-03-09,10:45:00,5,factor_spy,0.06802005382531785,0.06038748885139826
stress,2020-03-09,10:45:00,5,quadratic_c0_etf,0.08399176568346349,0.05791278809074839
stress,2020-03-09,10:45:00,5,quadratic_c0_single,0.05284182365116273,0.06015271654832978
stress,2020-03-09,10:45:00,15,quadratic_c0,-0.0666981910773676,-0.03888964025264399
stress,2020-03-09,10:45:00,15,independent_ou,-0.059075719193452086,-0.05155395248501979
stress,2020-03-09,10:45:00,15,flexible_moments,-0.07730739737739212,-0.07259132739428259
stress,2020-03-09,10:45:00,15,heterogeneous,-0.08787969518902453,-0.06396467478781692
stress,2020-03-09,10:45:00,15,time_of_day,-0.18010525720746812,-0.15275775871146258
stress,2020-03-09,10:45:00,15,factor_spy,-0.016721786535095595,0.021331224327471143
stress,2020-03-09,10:45:00,15,quadratic_c0_etf,0.12142597825624274,0.026600266919080906
stress,2020-03-09,10:45:00,15,quadratic_c0_single,0.0420315878749411,0.07328701776837848
stress,2020-03-09,10:45:00,30,quadratic_c0,-0.019491228853287745,-0.03624201609867725
stress,2020-03-09,10:45:00,30,independent_ou,-0.015715922259696508,-0.019058560661779633
stress,2020-03-09,10:45:00,30,flexible_moments,-0.09131004939608703,-0.08338827569439947
stress,2020-03-09,10:45:00,30,heterogeneous,-0.06192361135749219,-0.0724020333614591
stress,2020-03-09,10:45:00,30,time_of_day,-0.12053299076735098,-0.12103795395707838
stress,2020-03-09,10:45:00,30,factor_spy,-0.06281340881386926,-0.06199557382478629
stress,2020-03-09,10:45:00,30,quadratic_c0_etf,0.04991587262536065,0.06854862824068722
stress,2020-03-09,10:45:00,30,quadratic_c0_single,0.037456257124412556,0.027621417652541225
stress,2020-03-09,11:00:00,1,quadratic_c0,-0.030077153672528556,-0.013860987112559203
stress,2020-03-09,11:00:00,1,independent_ou,-0.030085754692132288,-0.029847189135304472
stress,2020-03-09,11:00:00,1,flexible_moments,-0.0493439554076176,-0.0473854925068833
stress,2020-03-09,11:00:00,1,heterogeneous,0.07335689930654438,0.08728995864737021
stress,2020-03-09,11:00:00,1,time_of_day,0.002379711520732214,0.0033948128046695225
stress,2020-03-09,11:00:00,1,factor_spy,-0.011614415898317132,0.0029506113069228124
stress,2020-03-09,11:00:00,1,quadratic_c0_etf,0.08319764183995146,0.08434896657668595
stress,2020-03-09,11:00:00,1,quadratic_c0_single,-0.03557008202891901,-0.02342487695536924
stress,2020-03-09,11:00:00,5,quadratic_c0,0.07575188179492107,0.08144330854386891
stress,2020-03-09,11:00:00,5,independent_ou,0.006987441110873155,0.021378829570677355
stress,2020-03-09,11:00:00,5,flexible_moments,0.039164302853849114,0.05175950907430393
stress,2020-03-09,11:00:00,5,heterogeneous,0.07425434242412796,0.08465004805872686
stress,2020-03-09,11:00:00,5,time_of_day,-0.06870101296520521,-0.048330088759867426
stress,2020-03-09,11:00:00,5,factor_spy,-0.04267426047838116,-0.014173244731792059
stress,2020-03-09,11:00:00,5,quadratic_c0_etf,0.19506708573168222,0.18066327090738205
stress,2020-03-09,11:00:00,5,quadratic_c0_single,0.181012937079899,0.20270702767310028
stress,2020-03-09,11:00:00,15,quadratic_c0,-0.039211804321118995,-0.01814485384821385
stress,2020-03-09,11:00:00,15,independent_ou,-0.022014203117402625,-0.003228945369336725
stress,2020-03-09,11:00:00,15,flexible_moments,-0.010928300835576471,-0.010153804338142239
stress,2020-03-09,11:00:00,15,heterogeneous,0.10827752696518306,0.11995750990546161
stress,2020-03-09,11:00:00,15,time_of_day,-0.07545586736811936,-0.06419480672222354
stress,2020-03-09,11:00:00,15,factor_spy,-0.05151823923036215,-0.03945754372532795
stress,2020-03-09,11:00:00,15,quadratic_c0_etf,-0.025092354260163152,0.0005450163113248085
stress,2020-03-09,11:00:00,15,quadratic_c0_single,-0.02130972252521879,-0.0022937870954968936
stress,2020-03-09,11:00:00,30,quadratic_c0,0.07412819736448584,0.06222465769000329
stress,2020-03-09,11:00:00,30,independent_ou,0.022066449463202853,0.03405921993258479
stress,2020-03-09,11:00:00,30,flexible_moments,0.10450563485850081,0.030610424743596598
stress,2020-03-09,11:00:00,30,heterogeneous,0.0188099553521687,0.03357226565815502
stress,2020-03-09,11:00:00,30,time_of_day,-0.06302645521611512,-0.03947553472972845
stress,2020-03-09,11:00:00,30,factor_spy,0.07108732188589303,0.0821718592238658
stress,2020-03-09,11:00:00,30,quadratic_c0_etf,0.16735626191964778,0.14654901025712178
stress,2020-03-09,11:00:00,30,quadratic_c0_single,0.12428636012089869,0.11811642421483393
stress,2020-03-09,11:15:00,1,quadratic_c0,0.10261026867272921,0.1003611885965934
stress,2020-03-09,11:15:00,1,independent_ou,0.02208601700337834,0.03214368988471675
stress,2020-03-09,11:15:00,1,flexible_moments,0.07007213725253955,0.0768666125573782
stress,2020-03-09,11:15:00,1,heterogeneous,-0.054397707233794224,-0.04545851799108698
stress,2020-03-09,11:15:00,1,time_of_day,-0.01112679002928249,-0.004405096659507751
stress,2020-03-09,11:15:00,1,factor_spy,0.02927672394766928,0.02769248753119094
stress,2020-03-09,11:15:00,1,quadratic_c0_etf,0.07259885149109571,0.05929728714647722
stress,2020-03-09,11:15:00,1,quadratic_c0_single,0.14831548566523828,0.1411405572894914
stress,2020-03-09,11:15:00,5,quadratic_c0,0.09610558515499434,0.05828490322919147
stress,2020-03-09,11:15:00,5,independent_ou,0.03144430355009287,0.014469967836404779
stress,2020-03-09,11:15:00,5,flexible_moments,-0.009412022102697759,-0.0261569712979432
stress,2020-03-09,11:15:00,5,heterogeneous,0.07296609216063832,0.0541401168498605
stress,2020-03-09,11:15:00,5,time_of_day,-0.028761462992763775,-0.025067997948060944
stress,2020-03-09,11:15:00,5,factor_spy,-0.044490209192933144,-0.03251523792046382
stress,2020-03-09,11:15:00,5,quadratic_c0_etf,-0.015204280239966728,-0.00772878057387133
stress,2020-03-09,11:15:00,5,quadratic_c0_single,0.20858855207590765,0.18757173294560717
stress,2020-03-09,11:15:00,15,quadratic_c0,0.030796107131016742,0.035236849643911564
stress,2020-03-09,11:15:00,15,independent_ou,0.0922135190491225,0.03617292407660398
stress,2020-03-09,11:15:00,15,flexible_moments,-0.01976645216549351,-0.013994778519336962
stress,2020-03-09,11:15:00,15,heterogeneous,0.030861798756575243,0.03638645015012314
stress,2020-03-09,11:15:00,15,time_of_day,-0.053256977655601376,-0.041003473560054696
stress,2020-03-09,11:15:00,15,factor_spy,0.017427622836343554,0.022385689945297618
stress,2020-03-09,11:15:00,15,quadratic_c0_etf,0.07363304593901626,0.05878926767874022
stress,2020-03-09,11:15:00,15,quadratic_c0_single,0.057365574799020574,0.05948577160482109
stress,2020-03-09,11:15:00,30,quadratic_c0,0.12044427544581177,0.11312296070543215
stress,2020-03-09,11:15:00,30,independent_ou,0.02019544646657906,0.013496706080296753
stress,2020-03-09,11:15:00,30,flexible_moments,0.15790781253718536,0.14855112377186477
stress,2020-03-09,11:15:00,30,heterogeneous,0.04462432157905716,0.05257923719817585
stress,2020-03-09,11:15:00,30,time_of_day,-0.006745548845598984,0.0061363142677228755
stress,2020-03-09,11:15:00,30,factor_spy,0.08535619487907276,0.05924230464523958
stress,2020-03-09,11:15:00,30,quadratic_c0_etf,0.13471531722149932,0.10650774383659711
stress,2020-03-09,11:15:00,30,quadratic_c0_single,0.1693556160185901,0.15678383383384834
stress,2020-03-09,11:30:00,1,quadratic_c0,0.06396215398233326,0.04947731272459885
stress,2020-03-09,11:30:00,1,independent_ou,0.02125023010594551,0.018088935907659504
stress,2020-03-09,11:30:00,1,flexible_moments,-0.03188821293161559,-0.017483917184581435
stress,2020-03-09,11:30:00,1,heterogeneous,0.08209961445402048,0.06299656011982832
stress,2020-03-09,11:30:00,1,time_of_day,-0.012039773975735663,-0.020757340937444912
stress,2020-03-09,11:30:00,1,factor_spy,0.0031577642841414955,0.015139789605508061
stress,2020-03-09,11:30:00,1,quadratic_c0_etf,0.15759494832783144,0.13208113782574046
stress,2020-03-09,11:30:00,1,quadratic_c0_single,0.08649996201951152,0.09060347001090824
stress,2020-03-09,11:30:00,5,quadratic_c0,0.01745808045737654,0.02670879358055528
stress,2020-03-09,11:30:00,5,independent_ou,0.06761581598709596,0.06676253772009924
stress,2020-03-09,11:30:00,5,flexible_moments,0.024158618193622444,0.022244519986901745
stress,2020-03-09,11:30:00,5,heterogeneous,-0.017431214449059762,-0.022295198455342294
stress,2020-03-09,11:30:00,5,time_of_day,-0.05537804697000251,-0.053017115693248726
stress,2020-03-09,11:30:00,5,factor_spy,-0.025365301263133633,-0.02492277696544859
stress,2020-03-09,11:30:00,5,quadratic_c0_etf,0.17535804539880298,0.11465146447028005
stress,2020-03-09,11:30:00,5,quadratic_c0_single,0.008771356651753326,0.014645773036407905
stress,2020-03-09,11:30:00,15,quadratic_c0,0.005983432344703693,0.0041512242750390005
stress,2020-03-09,11:30:00,15,independent_ou,-0.0021122397399107734,0.0059122491009528655
stress,2020-03-09,11:30:00,15,flexible_moments,0.06846159112813573,0.043997222203118316
stress,2020-03-09,11:30:00,15,heterogeneous,0.14347934196773637,0.11352668982133061
stress,2020-03-09,11:30:00,15,time_of_day,-0.019128668220946055,-0.013670277892028224
stress,2020-03-09,11:30:00,15,factor_spy,0.21291204291462973,0.14185972242547257
stress,2020-03-09,11:30:00,15,quadratic_c0_etf,0.27165488711131036,0.23629235394550208
stress,2020-03-09,11:30:00,15,quadratic_c0_single,-0.00934495983204224,-0.00018005653039376845
stress,2020-03-09,11:30:00,30,quadratic_c0,0.06046391279314431,0.05519062267016972
stress,2020-03-09,11:30:00,30,independent_ou,0.0406945875138949,0.05431137102960579
stress,2020-03-09,11:30:00,30,flexible_moments,0.082359173605323,0.0634627649099371
stress,2020-03-09,11:30:00,30,heterogeneous,0.015037268063661569,0.034109354727781316
stress,2020-03-09,11:30:00,30,time_of_day,-0.015654935590756744,-0.008412002174357613
stress,2020-03-09,11:30:00,30,factor_spy,-0.0157594365969973,-0.0014073395682062256
stress,2020-03-09,11:30:00,30,quadratic_c0_etf,0.13790659028539434,0.10263600571381368
stress,2020-03-09,11:30:00,30,quadratic_c0_single,0.05361111620731479,0.041815560295203336
stress,2020-03-09,11:45:00,1,quadratic_c0,-0.07929090048600862,-0.06277956610630094
stress,2020-03-09,11:45:00,1,independent_ou,-0.025857611114693674,-0.0156352599960016
stress,2020-03-09,11:45:00,1,flexible_moments,0.013648099990382162,0.020136585392867362
stress,2020-03-09,11:45:00,1,heterogeneous,0.00756639697514333,0.03515511174054131
stress,2020-03-09,11:45:00,1,time_of_day,0.03157160320311733,0.054825645195235
stress,2020-03-09,11:45:00,1,factor_spy,-0.05679424590555793,-0.029795337601435296
stress,2020-03-09,11:45:00,1,quadratic_c0_etf,0.03269436172464529,0.030879510302028068
stress,2020-03-09,11:45:00,1,quadratic_c0_single,0.01421310184924729,0.005163458766053369
stress,2020-03-09,11:45:00,5,quadratic_c0,0.045325278578653316,0.023951169606886064
stress,2020-03-09,11:45:00,5,independent_ou,0.15338225322950477,0.1354467623174314
stress,2020-03-09,11:45:00,5,flexible_moments,0.213818732461943,0.1696256534665376
stress,2020-03-09,11:45:00,5,heterogeneous,0.03612345813175491,0.025702211068869663
stress,2020-03-09,11:45:00,5,time_of_day,-0.02262049957540023,-0.022678521672849505
stress,2020-03-09,11:45:00,5,factor_spy,0.0883285094216276,0.06915299404938269
stress,2020-03-09,11:45:00,5,quadratic_c0_etf,0.08871840996916153,0.08770728878604012
stress,2020-03-09,11:45:00,5,quadratic_c0_single,0.09461144989707496,0.07024567376837701
stress,2020-03-09,11:45:00,15,quadratic_c0,0.00913860249086891,0.02708813993693153
stress,2020-03-09,11:45:00,15,independent_ou,0.01904253763472223,0.019585516274357576
stress,2020-03-09,11:45:00,15,flexible_moments,0.08600596078348964,0.03647191007269193
stress,2020-03-09,11:45:00,15,heterogeneous,0.10508066146826457,0.09978735059052057
stress,2020-03-09,11:45:00,15,time_of_day,0.015444819095558754,0.01837854815142201
stress,2020-03-09,11:45:00,15,factor_spy,0.06597030574642605,0.07199245000629093
stress,2020-03-09,11:45:00,15,quadratic_c0_etf,0.17802069618939337,0.17200058040247954
stress,2020-03-09,11:45:00,15,quadratic_c0_single,-0.01139286988412519,0.005111365610140001
stress,2020-03-09,11:45:00,30,quadratic_c0,0.04465994843503296,0.05703024899878871
stress,2020-03-09,11:45:00,30,independent_ou,0.0701772240164241,0.0815953666654924
stress,2020-03-09,11:45:00,30,flexible_moments,0.017273101211039643,0.0313619126757987
stress,2020-03-09,11:45:00,30,heterogeneous,-0.0026012331214663176,0.009083926483368879
stress,2020-03-09,11:45:00,30,time_of_day,-0.0031581825799272267,0.01181863355045415
stress,2020-03-09,11:45:00,30,factor_spy,0.001395159757586223,0.01901940782430718
stress,2020-03-09,11:45:00,30,quadratic_c0_etf,0.1688041369242673,0.16622304632790053
stress,2020-03-09,11:45:00,30,quadratic_c0_single,0.11737818896125826,0.12346726082026423
stress,2020-03-09,12:00:00,1,quadratic_c0,-0.008279537418643318,0.00891437218226103
stress,2020-03-09,12:00:00,1,independent_ou,0.005428400869750549,0.015706694250399
stress,2020-03-09,12:00:00,1,flexible_moments,0.016330213982909708,0.03939178759032225
stress,2020-03-09,12:00:00,1,heterogeneous,0.10645000889937556,0.11084106569630647
stress,2020-03-09,12:00:00,1,time_of_day,-0.04606956917231314,-0.02023850138050501
stress,2020-03-09,12:00:00,1,factor_spy,0.027489336934997916,0.028479523047577268
stress,2020-03-09,12:00:00,1,quadratic_c0_etf,0.12594933078185086,0.13737008110337434
stress,2020-03-09,12:00:00,1,quadratic_c0_single,0.011265343373198594,0.02983950715218643
stress,2020-03-09,12:00:00,5,quadratic_c0,0.013506111698489615,0.022047228416670867
stress,2020-03-09,12:00:00,5,independent_ou,0.004566871998509137,0.008279820959967682
stress,2020-03-09,12:00:00,5,flexible_moments,-0.0037810048903672844,0.00938845389262949
stress,2020-03-09,12:00:00,5,heterogeneous,0.03661078156819941,0.039052217291168034
stress,2020-03-09,12:00:00,5,time_of_day,-0.03914488283538339,-0.018286054142030495
stress,2020-03-09,12:00:00,5,factor_spy,-0.04573190267639818,-0.023206980384512466
stress,2020-03-09,12:00:00,5,quadratic_c0_etf,0.1782788995519562,0.16756963879339556
stress,2020-03-09,12:00:00,5,quadratic_c0_single,0.006004875930739145,0.01763366896461649
stress,2020-03-09,12:00:00,15,quadratic_c0,0.03911456284873313,0.05561041681003659
stress,2020-03-09,12:00:00,15,independent_ou,0.026587266644249985,0.03805278187675701
stress,2020-03-09,12:00:00,15,flexible_moments,0.1140617940655892,0.08934536556422165
stress,2020-03-09,12:00:00,15,heterogeneous,0.0767391729944295,0.08435390074193153
stress,2020-03-09,12:00:00,15,time_of_day,-0.023307412969740066,-0.006943998264919357
stress,2020-03-09,12:00:00,15,factor_spy,-0.024690417721444008,-0.0009386876626679141
stress,2020-03-09,12:00:00,15,quadratic_c0_etf,0.3412662754246114,0.2919133204091572
stress,2020-03-09,12:00:00,15,quadratic_c0_single,0.04603149975926629,0.06311753883542318
stress,2020-03-09,12:00:00,30,quadratic_c0,0.18921833047544054,0.16221157164046207
stress,2020-03-09,12:00:00,30,independent_ou,0.03994359328212624,0.049757296897865885
stress,2020-03-09,12:00:00,30,flexible_moments,0.019992160210809323,0.016637222267637794
stress,2020-03-09,12:00:00,30,heterogeneous,0.055149230225904344,0.032258201639085174
stress,2020-03-09,12:00:00,30,time_of_day,-0.07789978476845692,-0.06336436878283319
stress,2020-03-09,12:00:00,30,factor_spy,0.04206851780666676,0.037065207882412146
stress,2020-03-09,12:00:00,30,quadratic_c0_etf,0.09536448231847716,0.09578859100833421
stress,2020-03-09,12:00:00,30,quadratic_c0_single,0.23495452555458832,0.22140188800793065
stress,2020-03-09,12:15:00,1,quadratic_c0,-0.002437782922434517,0.010829914920852418
stress,2020-03-09,12:15:00,1,independent_ou,0.023557709994612958,0.01780165827844997
stress,2020-03-09,12:15:00,1,flexible_moments,0.14091211309899654,0.09958552251426185
stress,2020-03-09,12:15:00,1,heterogeneous,0.08888115502393443,0.06273449449925321
stress,2020-03-09,12:15:00,1,time_of_day,-0.017943246755669245,0.0018868931408256157
stress,2020-03-09,12:15:00,1,factor_spy,-0.010514134612771758,0.010521053938553265
stress,2020-03-09,12:15:00,1,quadratic_c0_etf,0.4523364577866947,0.44250609674484137
stress,2020-03-09,12:15:00,1,quadratic_c0_single,0.07733491196371967,0.06813888615465911
stress,2020-03-09,12:15:00,5,quadratic_c0,0.15235106034770274,0.1398648429088936
stress,2020-03-09,12:15:00,5,independent_ou,-0.05287592898250418,-0.02162985356798644
stress,2020-03-09,12:15:00,5,flexible_moments,-0.04664655811359614,-0.021200590133287955
stress,2020-03-09,12:15:00,5,heterogeneous,-0.04453279525242415,-0.01835576746033707
stress,2020-03-09,12:15:00,5,time_of_day,-0.10125858098011287,-0.0690128811489453
stress,2020-03-09,12:15:00,5,factor_spy,-0.07930369525450079,-0.06233383921224797
stress,2020-03-09,12:15:00,5,quadratic_c0_etf,0.12139743955252508,0.10436917707211005
stress,2020-03-09,12:15:00,5,quadratic_c0_single,0.30477205366618065,0.29856594009781146
stress,2020-03-09,12:15:00,15,quadratic_c0,0.0077027353172653135,0.015196020869707005
stress,2020-03-09,12:15:00,15,independent_ou,-0.020236350977054035,-0.02936380873184831
stress,2020-03-09,12:15:00,15,flexible_moments,0.004790609742821139,-0.005288125370411262
stress,2020-03-09,12:15:00,15,heterogeneous,0.008656178171656592,-0.01577328886789367
stress,2020-03-09,12:15:00,15,time_of_day,-0.12303055453566396,-0.09946611153720901
stress,2020-03-09,12:15:00,15,factor_spy,0.08559874702743467,0.07264152641926733
stress,2020-03-09,12:15:00,15,quadratic_c0_etf,0.0937048682430329,0.11991712937942772
stress,2020-03-09,12:15:00,15,quadratic_c0_single,0.009836740567252145,0.01977786378196489
stress,2020-03-09,12:15:00,30,quadratic_c0,-0.03323664358440315,-0.02902800331140709
stress,2020-03-09,12:15:00,30,independent_ou,-0.05393274897698175,-0.05221511717595087
stress,2020-03-09,12:15:00,30,flexible_moments,0.00794623681866058,0.014512487138633512
stress,2020-03-09,12:15:00,30,heterogeneous,-0.03148442324974149,-0.029121543046427584
stress,2020-03-09,12:15:00,30,time_of_day,-0.04399107723376405,-0.03664853811090271
stress,2020-03-09,12:15:00,30,factor_spy,-0.10229532275814435,-0.11879584032372281
stress,2020-03-09,12:15:00,30,quadratic_c0_etf,-0.06037159874526232,-0.06461390109067341
stress,2020-03-09,12:15:00,30,quadratic_c0_single,0.013769628823185942,0.006326189115755443
stress,2020-03-09,12:30:00,1,quadratic_c0,0.0808599598842025,0.10272836518156683
stress,2020-03-09,12:30:00,1,independent_ou,-0.005054727477177667,6.384616373172891e-05
stress,2020-03-09,12:30:00,1,flexible_moments,0.11032589857498679,0.13770551114480237
stress,2020-03-09,12:30:00,1,heterogeneous,0.031732317592128384,0.06046749177814861
stress,2020-03-09,12:30:00,1,time_of_day,0.004471361207481539,0.014237969703296799
stress,2020-03-09,12:30:00,1,factor_spy,0.037804373875656355,0.042761138526644815
stress,2020-03-09,12:30:00,1,quadratic_c0_etf,0.41376882550449545,0.4465244416049843
stress,2020-03-09,12:30:00,1,quadratic_c0_single,0.06532569342568592,0.05973193080405417
stress,2020-03-09,12:30:00,5,quadratic_c0,0.12336967344379805,0.08080618483153809
stress,2020-03-09,12:30:00,5,independent_ou,0.10080290378407007,0.0761947030739363
stress,2020-03-09,12:30:00,5,flexible_moments,0.07683772227466766,0.05694866454637772
stress,2020-03-09,12:30:00,5,heterogeneous,0.02225112114560336,0.02379317860059174
stress,2020-03-09,12:30:00,5,time_of_day,0.020352831896646023,0.013472397340890285
stress,2020-03-09,12:30:00,5,factor_spy,0.08301426726832108,0.06135896514491153
stress,2020-03-09,12:30:00,5,quadratic_c0_etf,0.25567421549982977,0.2552732346105516
stress,2020-03-09,12:30:00,5,quadratic_c0_single,0.17376464166949496,0.12955502962469145
stress,2020-03-09,12:30:00,15,quadratic_c0,0.089208360200323,0.0740950048087059
stress,2020-03-09,12:30:00,15,independent_ou,0.06741590969393127,0.06493747242762768
stress,2020-03-09,12:30:00,15,flexible_moments,0.13061308626523402,0.14038840608399192
stress,2020-03-09,12:30:00,15,heterogeneous,0.043008533110750036,0.028167120003682933
stress,2020-03-09,12:30:00,15,time_of_day,0.07720037416735284,0.07533173157188905
stress,2020-03-09,12:30:00,15,factor_spy,0.04544836378098671,0.054516597297809916
stress,2020-03-09,12:30:00,15,quadratic_c0_etf,0.17445276178028438,0.16080076696158033
stress,2020-03-09,12:30:00,15,quadratic_c0_single,0.09031520911491467,0.07621947904766016
stress,2020-03-09,12:30:00,30,quadratic_c0,0.15879943635608418,0.15907467032093342
stress,2020-03-09,12:30:00,30,independent_ou,-0.028857385754160025,-0.03297310191850322
stress,2020-03-09,12:30:00,30,flexible_moments,0.1285800039797686,0.11352003012794332
stress,2020-03-09,12:30:00,30,heterogeneous,0.1087747638512323,0.05295824937736232
stress,2020-03-09,12:30:00,30,time_of_day,-0.015946561469329545,-0.028272790010973575
stress,2020-03-09,12:30:00,30,factor_spy,0.05950149149195755,0.055028259529047
stress,2020-03-09,12:30:00,30,quadratic_c0_etf,0.6446587055086448,0.6651392734819801
stress,2020-03-09,12:30:00,30,quadratic_c0_single,0.026671291486631943,0.03228440943493577
stress,2020-03-09,12:45:00,1,quadratic_c0,0.08247326465611478,0.08049761769321125
stress,2020-03-09,12:45:00,1,independent_ou,0.029003050874700342,0.04542202107899215
stress,2020-03-09,12:45:00,1,flexible_moments,0.09089344863259909,0.08982109644166826
stress,2020-03-09,12:45:00,1,heterogeneous,0.21449296008220375,0.18820725965824292
stress,2020-03-09,12:45:00,1,time_of_day,0.11207980914755815,0.11089521501215639
stress,2020-03-09,12:45:00,1,factor_spy,0.11043465590245326,0.09625351821108434
stress,2020-03-09,12:45:00,1,quadratic_c0_etf,0.11758049992205531,0.11439178637046661
stress,2020-03-09,12:45:00,1,quadratic_c0_single,0.14193667154127604,0.13807266854415995
stress,2020-03-09,12:45:00,5,quadratic_c0,-0.15520312997110808,-0.11989322176480119
stress,2020-03-09,12:45:00,5,independent_ou,-0.07578399727944429,-0.05964046657806171
stress,2020-03-09,12:45:00,5,flexible_moments,-0.15785319342015183,-0.12039091278255665
stress,2020-03-09,12:45:00,5,heterogeneous,-0.0680191441140342,-0.07805513320071891
stress,2020-03-09,12:45:00,5,time_of_day,-0.15185102748581672,-0.12992008369426905
stress,2020-03-09,12:45:00,5,factor_spy,-0.10220653697902735,-0.09244893274462915
stress,2020-03-09,12:45:00,5,quadratic_c0_etf,0.062462711175791885,0.056177635993227615
stress,2020-03-09,12:45:00,5,quadratic_c0_single,-0.09389582962513551,-0.06500542085123365
stress,2020-03-09,12:45:00,15,quadratic_c0,-0.020733110979499925,0.0061469179219929004
stress,2020-03-09,12:45:00,15,independent_ou,-0.1794232797631985,-0.13375232701639359
stress,2020-03-09,12:45:00,15,flexible_moments,-0.12931424388325824,-0.09916826193480194
stress,2020-03-09,12:45:00,15,heterogeneous,-0.1780289139183044,-0.16040063746103003
stress,2020-03-09,12:45:00,15,time_of_day,-0.17402694780581873,-0.14967705672837825
stress,2020-03-09,12:45:00,15,factor_spy,-0.14178186738649162,-0.10636179887825001
stress,2020-03-09,12:45:00,15,quadratic_c0_etf,0.27491353574889466,0.23883079036238225
stress,2020-03-09,12:45:00,15,quadratic_c0_single,-0.03529055513893303,-0.021575689696598177
stress,2020-03-09,12:45:00,30,quadratic_c0,-0.052176042218516544,-0.07661264109245927
stress,2020-03-09,12:45:00,30,independent_ou,-0.07900909194903374,-0.06560004909130795
stress,2020-03-09,12:45:00,30,flexible_moments,-0.142108918728877,-0.12654404365256444
stress,2020-03-09,12:45:00,30,heterogeneous,-0.11834010524646571,-0.11237093892272675
stress,2020-03-09,12:45:00,30,time_of_day,-0.15292312933134902,-0.1315935227678966
stress,2020-03-09,12:45:00,30,factor_spy,-0.041571782996222995,-0.031507641198353725
stress,2020-03-09,12:45:00,30,quadratic_c0_etf,0.016378336820352724,0.04650199729002488
stress,2020-03-09,12:45:00,30,quadratic_c0_single,0.054185734416131504,0.03720504523131721
stress,2020-03-09,13:00:00,1,quadratic_c0,-0.07779749456470722,-0.05241759358397033
stress,2020-03-09,13:00:00,1,independent_ou,-0.06657994992722857,-0.026272631006331523
stress,2020-03-09,13:00:00,1,flexible_moments,-0.062322236219988586,-0.04428139414361339
stress,2020-03-09,13:00:00,1,heterogeneous,0.11602031419125286,0.107161276918387
stress,2020-03-09,13:00:00,1,time_of_day,0.003127118801394102,0.038332596169198485
stress,2020-03-09,13:00:00,1,factor_spy,0.024652272076470777,0.026963247934537832
stress,2020-03-09,13:00:00,1,quadratic_c0_etf,0.08513693948321199,0.12149667966961264
stress,2020-03-09,13:00:00,1,quadratic_c0_single,-0.07882124222152567,-0.06129830797941234
stress,2020-03-09,13:00:00,5,quadratic_c0,-0.016032889332244588,0.017942142415494744
stress,2020-03-09,13:00:00,5,independent_ou,0.0682182366995143,0.07670546508560924
stress,2020-03-09,13:00:00,5,flexible_moments,0.06151148221654501,0.06404088041923006
stress,2020-03-09,13:00:00,5,heterogeneous,0.07740639373639258,0.11159835761075385
stress,2020-03-09,13:00:00,5,time_of_day,-0.03768791711063177,-0.0004388418004343392
stress,2020-03-09,13:00:00,5,factor_spy,0.023444570166613277,0.052447916933809485
stress,2020-03-09,13:00:00,5,quadratic_c0_etf,0.06395835868665778,0.07489491247137736
stress,2020-03-09,13:00:00,5,quadratic_c0_single,0.04879935792117934,0.08099684030458174
stress,2020-03-09,13:00:00,15,quadratic_c0,-0.04615752441229119,-0.03424321909483975
stress,2020-03-09,13:00:00,15,independent_ou,0.07392179269025437,0.07943627927531806
stress,2020-03-09,13:00:00,15,flexible_moments,0.012620089338948703,0.018549324158530806
stress,2020-03-09,13:00:00,15,heterogeneous,0.06660748372193706,0.04244796204885003
stress,2020-03-09,13:00:00,15,time_of_day,-0.019012717334222995,-0.008782275557354807
stress,2020-03-09,13:00:00,15,factor_spy,0.0640718851395308,0.04826975831407458
stress,2020-03-09,13:00:00,15,quadratic_c0_etf,0.06964273092763193,0.0677898899028251
stress,2020-03-09,13:00:00,15,quadratic_c0_single,-0.02611589439154162,-0.019893529552182126
stress,2020-03-09,13:00:00,30,quadratic_c0,-0.09017950047377749,-0.052951780226013045
stress,2020-03-09,13:00:00,30,independent_ou,-0.1524075836954258,-0.11342327293101742
stress,2020-03-09,13:00:00,30,flexible_moments,-0.08127916860481901,-0.049549002813178866
stress,2020-03-09,13:00:00,30,heterogeneous,-0.09445532408604473,-0.06982649496335991
stress,2020-03-09,13:00:00,30,time_of_day,-0.21747689619637817,-0.16028883592607845
stress,2020-03-09,13:00:00,30,factor_spy,-0.14874237041570276,-0.10142962157676438
stress,2020-03-09,13:00:00,30,quadratic_c0_etf,-0.18393707802226267,-0.125453453808551
stress,2020-03-09,13:00:00,30,quadratic_c0_single,-0.03314308899374535,-0.011081546946004883
stress,2020-03-09,13:15:00,1,quadratic_c0,0.019737111767222038,0.028036963041338264
stress,2020-03-09,13:15:00,1,independent_ou,0.03685901109143733,0.058767398088135164
stress,2020-03-09,13:15:00,1,flexible_moments,0.05949699003380124,0.06766015979445653
stress,2020-03-09,13:15:00,1,heterogeneous,-0.06732088567388267,-0.046036691288277504
stress,2020-03-09,13:15:00,1,time_of_day,-0.05108302919751767,-0.026436460398645348
stress,2020-03-09,13:15:00,1,factor_spy,0.00904566638709517,0.0178610715054911
stress,2020-03-09,13:15:00,1,quadratic_c0_etf,0.26532162621720246,0.2876110495370898
stress,2020-03-09,13:15:00,1,quadratic_c0_single,0.04014221912007396,0.053110914818086
stress,2020-03-09,13:15:00,5,quadratic_c0,-0.0960133139791094,-0.08487739153375999
stress,2020-03-09,13:15:00,5,independent_ou,-0.04093036474584891,-0.039373075367975574
stress,2020-03-09,13:15:00,5,flexible_moments,-0.0012213392389087419,0.010952537703172144
stress,2020-03-09,13:15:00,5,heterogeneous,0.05565728375208423,0.029165626819396717
stress,2020-03-09,13:15:00,5,time_of_day,-0.07072051681133121,-0.08067539297042634
stress,2020-03-09,13:15:00,5,factor_spy,-0.04407238247377859,-0.04480276671309086
stress,2020-03-09,13:15:00,5,quadratic_c0_etf,0.028189280935068395,0.036926999044894215
stress,2020-03-09,13:15:00,5,quadratic_c0_single,-0.09753089299305359,-0.0791806018482934
stress,2020-03-09,13:15:00,15,quadratic_c0,-0.040179713720757876,-0.022762356946000012
stress,2020-03-09,13:15:00,15,independent_ou,0.03417594230164231,0.03590419531810288
stress,2020-03-09,13:15:00,15,flexible_moments,-0.056005452356159086,-0.04363031787234653
stress,2020-03-09,13:15:00,15,heterogeneous,-0.017271514058817244,0.002611196758843609
stress,2020-03-09,13:15:00,15,time_of_day,-0.10273356016323547,-0.06792814653234865
stress,2020-03-09,13:15:00,15,factor_spy,0.07373739577685628,0.08789648658186724
stress,2020-03-09,13:15:00,15,quadratic_c0_etf,-0.08499618506159357,-0.05491004336538127
stress,2020-03-09,13:15:00,15,quadratic_c0_single,0.029126989267049264,0.03208371959104034
stress,2020-03-09,13:15:00,30,quadratic_c0,0.03717217227016542,0.034613404300382344
stress,2020-03-09,13:15:00,30,independent_ou,0.07965100737584307,0.06569862773537484
stress,2020-03-09,13:15:00,30,flexible_moments,0.028222032536231623,0.03889645556695988
stress,2020-03-09,13:15:00,30,heterogeneous,-0.002556774341157586,0.01840670232266073
stress,2020-03-09,13:15:00,30,time_of_day,0.03416588663285017,0.05097318715251674
stress,2020-03-09,13:15:00,30,factor_spy,0.03373623570032988,0.04736309711574878
stress,2020-03-09,13:15:00,30,quadratic_c0_etf,0.2323095332995083,0.20236865666344733
stress,2020-03-09,13:15:00,30,quadratic_c0_single,0.05986656541384103,0.0638069715827848
stress,2020-03-09,13:30:00,1,quadratic_c0,0.07261773779200498,0.09236670692242063
stress,2020-03-09,13:30:00,1,independent_ou,-0.028747106011724505,0.012965079464708096
stress,2020-03-09,13:30:00,1,flexible_moments,0.047994280837439285,0.07036102357696525
stress,2020-03-09,13:30:00,1,heterogeneous,0.0959995678459799,0.1019596152166237
stress,2020-03-09,13:30:00,1,time_of_day,0.041832587009009714,0.05774464070411073
stress,2020-03-09,13:30:00,1,factor_spy,0.07210740950647959,0.0988604522028218
stress,2020-03-09,13:30:00,1,quadratic_c0_etf,0.2134984479659635,0.17060286897224494
stress,2020-03-09,13:30:00,1,quadratic_c0_single,0.050535353606440625,0.07450695805060742
stress,2020-03-09,13:30:00,5,quadratic_c0,-0.046557657567052255,-0.02782812368483198
stress,2020-03-09,13:30:00,5,independent_ou,0.04160696786699741,0.013836111003274934
stress,2020-03-09,13:30:00,5,flexible_moments,0.005340140379943514,0.0029561105579926084
stress,2020-03-09,13:30:00,5,heterogeneous,0.0020463204945469216,0.01428045741101186
stress,2020-03-09,13:30:00,5,time_of_day,-0.07240006595068352,-0.05403970680726956
stress,2020-03-09,13:30:00,5,factor_spy,0.04832236418197974,0.023200381911301693
stress,2020-03-09,13:30:00,5,quadratic_c0_etf,0.3431681615543675,0.3087240166849195
stress,2020-03-09,13:30:00,5,quadratic_c0_single,0.049977492665627204,0.057977667386233195
stress,2020-03-09,13:30:00,15,quadratic_c0,0.05919265316087491,0.04948362535215538
stress,2020-03-09,13:30:00,15,independent_ou,0.0300340982276035,0.03700834095549811
stress,2020-03-09,13:30:00,15,flexible_moments,0.09682597490301378,0.10077441224400661
stress,2020-03-09,13:30:00,15,heterogeneous,-0.01715998413227121,-0.010572293664931398
stress,2020-03-09,13:30:00,15,time_of_day,0.004366015008357843,0.015759803601396213
stress,2020-03-09,13:30:00,15,factor_spy,0.012854157082811707,-0.02363818956293838
stress,2020-03-09,13:30:00,15,quadratic_c0_etf,0.4281591910171413,0.45124415775248394
stress,2020-03-09,13:30:00,15,quadratic_c0_single,0.07904540517630962,0.06386000281769981
stress,2020-03-09,13:30:00,30,quadratic_c0,0.12485865315874911,0.13514518479010684
stress,2020-03-09,13:30:00,30,independent_ou,0.18399641740388506,0.14652205035499194
stress,2020-03-09,13:30:00,30,flexible_moments,0.0853653707175413,0.10511480541278298
stress,2020-03-09,13:30:00,30,heterogeneous,0.07231973318513907,0.08447921812703255
stress,2020-03-09,13:30:00,30,time_of_day,0.11261766546387947,0.09044602801391019
stress,2020-03-09,13:30:00,30,factor_spy,0.013742583573533418,0.02471076424811755
stress,2020-03-09,13:30:00,30,quadratic_c0_etf,0.18314333361956847,0.17531524052426453
stress,2020-03-09,13:30:00,30,quadratic_c0_single,0.15402348978597052,0.16292958342334332
stress,2020-03-09,13:45:00,1,quadratic_c0,0.05843925022041238,0.057334788532459796
stress,2020-03-09,13:45:00,1,independent_ou,0.09476168495495696,0.0911005792387688
stress,2020-03-09,13:45:00,1,flexible_moments,0.09237988889233673,0.04614996154980523
stress,2020-03-09,13:45:00,1,heterogeneous,0.15756452824879122,0.12490047447964911
stress,2020-03-09,13:45:00,1,time_of_day,0.029233296998788405,0.023408758391013487
stress,2020-03-09,13:45:00,1,factor_spy,0.03107578663425023,0.019909803970864157
stress,2020-03-09,13:45:00,1,quadratic_c0_etf,0.17120763252105756,0.14331333664915108
stress,2020-03-09,13:45:00,1,quadratic_c0_single,0.06033407039954053,0.04871269918967423
stress,2020-03-09,13:45:00,5,quadratic_c0,-0.06294830572937707,-0.06641959437158382
stress,2020-03-09,13:45:00,5,independent_ou,-0.0852289351920191,-0.07907730243215813
stress,2020-03-09,13:45:00,5,flexible_moments,0.03426283004460612,0.012106607264850022
stress,2020-03-09,13:45:00,5,heterogeneous,0.09016285105521421,0.09424134011026519
stress,2020-03-09,13:45:00,5,time_of_day,-0.04888561100005334,-0.04558341876503233
stress,2020-03-09,13:45:00,5,factor_spy,0.015465394940742672,0.0018051381140880562
stress,2020-03-09,13:45:00,5,quadratic_c0_etf,-0.0990324332585312,-0.08083176114690127
stress,2020-03-09,13:45:00,5,quadratic_c0_single,0.014148522667077057,0.010501939552442052
stress,2020-03-09,13:45:00,15,quadratic_c0,-0.03552200914687942,-0.009107411774547436
stress,2020-03-09,13:45:00,15,independent_ou,0.09934799108004924,0.08179143873323183
stress,2020-03-09,13:45:00,15,flexible_moments,0.036212564912779105,0.046553422720394366
stress,2020-03-09,13:45:00,15,heterogeneous,-0.05587974940685486,-0.015108688163289585
stress,2020-03-09,13:45:00,15,time_of_day,0.025568941541336127,0.011415681572142872
stress,2020-03-09,13:45:00,15,factor_spy,-0.02171072155866874,-0.014747863720356524
stress,2020-03-09,13:45:00,15,quadratic_c0_etf,-0.029964491763243034,0.0031955830048568667
stress,2020-03-09,13:45:00,15,quadratic_c0_single,-0.017101656968449785,0.008325389438378294
stress,2020-03-09,13:45:00,30,quadratic_c0,0.04051595672613645,0.038511313247570414
stress,2020-03-09,13:45:00,30,independent_ou,0.13604701955816823,0.10147532028726793
stress,2020-03-09,13:45:00,30,flexible_moments,-0.012834487579138687,-0.0029070066045479154
stress,2020-03-09,13:45:00,30,heterogeneous,0.05293839486754373,0.05154379506547517
stress,2020-03-09,13:45:00,30,time_of_day,-0.03919420794702702,-0.02471672061814266
stress,2020-03-09,13:45:00,30,factor_spy,0.09127968467441563,0.081021769631494
stress,2020-03-09,13:45:00,30,quadratic_c0_etf,0.021933554495889657,0.025300476505199246
stress,2020-03-09,13:45:00,30,quadratic_c0_single,0.08900158052569132,0.0710036144640298
stress,2020-03-09,14:00:00,1,quadratic_c0,-0.06031731146823721,-0.033762690948653085
stress,2020-03-09,14:00:00,1,independent_ou,-0.028717521427123027,0.0027537722404033793
stress,2020-03-09,14:00:00,1,flexible_moments,-0.027897161495717082,-0.00642514602849889
stress,2020-03-09,14:00:00,1,heterogeneous,-0.025724886789016438,-0.0063244251985443145
stress,2020-03-09,14:00:00,1,time_of_day,-0.11596422620675323,-0.0892490255378719
stress,2020-03-09,14:00:00,1,factor_spy,-0.02179667507587471,-0.006170004066501006
stress,2020-03-09,14:00:00,1,quadratic_c0_etf,-0.012490382823861335,0.012015619308330727
stress,2020-03-09,14:00:00,1,quadratic_c0_single,-0.006874326559072552,0.015112533210616785
stress,2020-03-09,14:00:00,5,quadratic_c0,-0.07697718275289414,-0.03930315922416788
stress,2020-03-09,14:00:00,5,independent_ou,-0.045007651747455996,-0.017978359887011144
stress,2020-03-09,14:00:00,5,flexible_moments,-0.052509011906822084,-0.024150631829321728
stress,2020-03-09,14:00:00,5,heterogeneous,0.02636462624313246,0.03675342234591911
stress,2020-03-09,14:00:00,5,time_of_day,-0.10758137715098307,-0.0652431741046246
stress,2020-03-09,14:00:00,5,factor_spy,0.04240629724044681,0.07644314040558281
stress,2020-03-09,14:00:00,5,quadratic_c0_etf,0.04061007882792933,0.057928756287756344
stress,2020-03-09,14:00:00,5,quadratic_c0_single,-0.061947476452269945,-0.032973576668866356
stress,2020-03-09,14:00:00,15,quadratic_c0,-0.06208222515651329,0.001399802455337107
stress,2020-03-09,14:00:00,15,independent_ou,-0.10913068729004677,-0.05047214541116038
stress,2020-03-09,14:00:00,15,flexible_moments,-0.1289595348569548,-0.04967092219861877
stress,2020-03-09,14:00:00,15,heterogeneous,-0.11159329860076969,-0.06528579284201545
stress,2020-03-09,14:00:00,15,time_of_day,-0.17988839217784705,-0.10792167553466503
stress,2020-03-09,14:00:00,15,factor_spy,0.030430975587346087,0.06621510511709316
stress,2020-03-09,14:00:00,15,quadratic_c0_etf,0.0475250078246135,0.09517580181603824
stress,2020-03-09,14:00:00,15,quadratic_c0_single,-0.07159233499150885,-0.0036483180551853955
stress,2020-03-09,14:00:00,30,quadratic_c0,-0.06475230782040184,-0.03589211700518438
stress,2020-03-09,14:00:00,30,independent_ou,-0.14017309524090799,-0.08152875752807656
stress,2020-03-09,14:00:00,30,flexible_moments,-0.12911178477874627,-0.06576345724335617
stress,2020-03-09,14:00:00,30,heterogeneous,-0.14660533590255329,-0.06872771807482986
stress,2020-03-09,14:00:00,30,time_of_day,-0.21090509198456436,-0.14221072670704304
stress,2020-03-09,14:00:00,30,factor_spy,-0.11839148432194016,-0.048753761720464306
stress,2020-03-09,14:00:00,30,quadratic_c0_etf,-0.0038633470027869543,0.05714033637750077
stress,2020-03-09,14:00:00,30,quadratic_c0_single,-0.029402832680067215,-0.0024845960636326048
stress,2020-03-09,14:15:00,1,quadratic_c0,0.04066315744116332,0.055568011557430796
stress,2020-03-09,14:15:00,1,independent_ou,0.08940404675879841,0.08261566601535184
stress,2020-03-09,14:15:00,1,flexible_moments,0.021153493993187153,0.03671453333327772
stress,2020-03-09,14:15:00,1,heterogeneous,0.18631307169930417,0.1856056643078288
stress,2020-03-09,14:15:00,1,time_of_day,0.029108499428467396,0.04364584776426396
stress,2020-03-09,14:15:00,1,factor_spy,0.053814729915298246,0.06533677931157467
stress,2020-03-09,14:15:00,1,quadratic_c0_etf,0.4649741633506058,0.4695099898708657
stress,2020-03-09,14:15:00,1,quadratic_c0_single,0.07206200224153846,0.08551510256898226
stress,2020-03-09,14:15:00,5,quadratic_c0,-0.00021199288656661985,0.019946941343627844
stress,2020-03-09,14:15:00,5,independent_ou,0.011636897816189345,0.030912018803193053
stress,2020-03-09,14:15:00,5,flexible_moments,-0.04992436884243445,-0.010885033756517004
stress,2020-03-09,14:15:00,5,heterogeneous,-0.047364602287933016,-0.023121785632335273
stress,2020-03-09,14:15:00,5,time_of_day,-0.0653566057715379,-0.048975470711054625
stress,2020-03-09,14:15:00,5,factor_spy,-0.02988937132142544,-0.04093127977836894
stress,2020-03-09,14:15:00,5,quadratic_c0_etf,0.04190378595293209,0.08390278056495909
stress,2020-03-09,14:15:00,5,quadratic_c0_single,0.07621981056618626,0.10776076836729087
stress,2020-03-09,14:15:00,15,quadratic_c0,0.0957823527527762,0.09707525751796227
stress,2020-03-09,14:15:00,15,independent_ou,0.0558512349944338,0.052948942193271814
stress,2020-03-09,14:15:00,15,flexible_moments,0.1684857902924985,0.16549167255820474
stress,2020-03-09,14:15:00,15,heterogeneous,0.18461017160477766,0.14945063495323818
stress,2020-03-09,14:15:00,15,time_of_day,0.0036557438443761553,-0.00027807941411810144
stress,2020-03-09,14:15:00,15,factor_spy,0.15368015210146585,0.12984280571889278
stress,2020-03-09,14:15:00,15,quadratic_c0_etf,0.12904545112321358,0.12322907857438566
stress,2020-03-09,14:15:00,15,quadratic_c0_single,0.1056350316631217,0.10194194942499517
stress,2020-03-09,14:15:00,30,quadratic_c0,0.09592370999504002,0.1074912596156582
stress,2020-03-09,14:15:00,30,independent_ou,0.18433870791569518,0.20921036096300522
stress,2020-03-09,14:15:00,30,flexible_moments,0.11835558412168035,0.13956918172229088
stress,2020-03-09,14:15:00,30,heterogeneous,0.017089355713726995,0.023941767972091188
stress,2020-03-09,14:15:00,30,time_of_day,0.008974679643717787,0.023930724949816573
stress,2020-03-09,14:15:00,30,factor_spy,0.022842266823565105,0.034945281234556036
stress,2020-03-09,14:15:00,30,quadratic_c0_etf,0.5991896750572135,0.5393121348378169
stress,2020-03-09,14:15:00,30,quadratic_c0_single,-0.0063750526401461505,0.008786581448604225
stress,2020-03-09,14:30:00,1,quadratic_c0,0.041568540899399375,0.06192980720215491
stress,2020-03-09,14:30:00,1,independent_ou,0.02794473600606484,0.058805121043169706
stress,2020-03-09,14:30:00,1,flexible_moments,0.031584972539298484,0.05675876636790639
stress,2020-03-09,14:30:00,1,heterogeneous,-0.030305644710477142,-0.0011822033385139319
stress,2020-03-09,14:30:00,1,time_of_day,-0.045291519157826254,-0.010872908971088502
stress,2020-03-09,14:30:00,1,factor_spy,-0.07172964432478046,-0.027893638742117866
stress,2020-03-09,14:30:00,1,quadratic_c0_etf,-0.05057338796741684,-0.019764313645033366
stress,2020-03-09,14:30:00,1,quadratic_c0_single,0.11559882843251135,0.10881624488947778
stress,2020-03-09,14:30:00,5,quadratic_c0,0.04742488214272608,0.07155437805650963
stress,2020-03-09,14:30:00,5,independent_ou,-0.006215908025260758,0.00026514747966030483
stress,2020-03-09,14:30:00,5,flexible_moments,0.0377087285733424,0.04978867470716028
stress,2020-03-09,14:30:00,5,heterogeneous,0.0025315479431605448,0.014847688252980995
stress,2020-03-09,14:30:00,5,time_of_day,-0.1074477154366887,-0.07552579390453312
stress,2020-03-09,14:30:00,5,factor_spy,-0.005546236701818641,0.010204503496823059
stress,2020-03-09,14:30:00,5,quadratic_c0_etf,0.07049237114620874,0.07504893988916284
stress,2020-03-09,14:30:00,5,quadratic_c0_single,0.05363050971559907,0.0794911893656513
stress,2020-03-09,14:30:00,15,quadratic_c0,0.08366051811543018,0.09559759940564255
stress,2020-03-09,14:30:00,15,independent_ou,0.1606407416832939,0.17393141312600874
stress,2020-03-09,14:30:00,15,flexible_moments,-0.0611447151953437,-0.0397496261626403
stress,2020-03-09,14:30:00,15,heterogeneous,-0.11983733534295882,-0.08613919015562724
stress,2020-03-09,14:30:00,15,time_of_day,0.03110235044123627,0.039733284657184176
stress,2020-03-09,14:30:00,15,factor_spy,0.11501216485974008,0.13133891045898144
stress,2020-03-09,14:30:00,15,quadratic_c0_etf,-0.04656354276242841,-0.04234139753796945
stress,2020-03-09,14:30:00,15,quadratic_c0_single,0.1533771075408462,0.15903347652031258
stress,2020-03-09,14:30:00,30,quadratic_c0,-0.04643449130413543,-0.019597405844622606
stress,2020-03-09,14:30:00,30,independent_ou,0.12642302752645052,0.12389245548225764
stress,2020-03-09,14:30:00,30,flexible_moments,0.1221443623192926,0.12031948800657966
stress,2020-03-09,14:30:00,30,heterogeneous,0.0703788614837314,0.060562487679378135
stress,2020-03-09,14:30:00,30,time_of_day,0.025401395216051753,0.02698626683061539
stress,2020-03-09,14:30:00,30,factor_spy,0.13030244762763865,0.1518570438677458
stress,2020-03-09,14:30:00,30,quadratic_c0_etf,0.18699694167511954,0.19499594996998076
stress,2020-03-09,14:30:00,30,quadratic_c0_single,-0.03386067276313054,-0.018925985586539268
stress,2020-03-09,14:45:00,1,quadratic_c0,-0.016639966149758906,-0.006484953261946869
stress,2020-03-09,14:45:00,1,independent_ou,-0.05379926891532805,-0.03921515438754121
stress,2020-03-09,14:45:00,1,flexible_moments,-0.08936416085943072,-0.054014644958097074
stress,2020-03-09,14:45:00,1,heterogeneous,0.05406888907866558,0.08511994123251368
stress,2020-03-09,14:45:00,1,time_of_day,0.0910545486885384,0.11475462934278374
stress,2020-03-09,14:45:00,1,factor_spy,-0.037874527563653115,-0.01302420548669879
stress,2020-03-09,14:45:00,1,quadratic_c0_etf,0.036726075972071115,0.03332299456983806
stress,2020-03-09,14:45:00,1,quadratic_c0_single,0.00551709508128978,-0.0019612497936563056
stress,2020-03-09,14:45:00,5,quadratic_c0,-0.13560059333274677,-0.09843006425625186
stress,2020-03-09,14:45:00,5,independent_ou,-0.11865781589528485,-0.10252035251571884
stress,2020-03-09,14:45:00,5,flexible_moments,-0.15447589941481826,-0.09573854887819333
stress,2020-03-09,14:45:00,5,heterogeneous,-0.14110439858663437,-0.09909706567914148
stress,2020-03-09,14:45:00,5,time_of_day,-0.19926361372113724,-0.1484980779062958
stress,2020-03-09,14:45:00,5,factor_spy,-0.2571494845298223,-0.19816529028464555
stress,2020-03-09,14:45:00,5,quadratic_c0_etf,-0.20010189595657185,-0.15695201231900877
stress,2020-03-09,14:45:00,5,quadratic_c0_single,-0.10432540728053868,-0.06563766209206012
stress,2020-03-09,14:45:00,15,quadratic_c0,0.01259181160549061,0.07344615075701322
stress,2020-03-09,14:45:00,15,independent_ou,0.09284177723746218,0.1586146129438113
stress,2020-03-09,14:45:00,15,flexible_moments,-0.08143455423765139,-0.020356144219822542
stress,2020-03-09,14:45:00,15,heterogeneous,-0.06038197315514618,0.006887932627646198
stress,2020-03-09,14:45:00,15,time_of_day,-0.06317401206779219,-0.010115482454774005
stress,2020-03-09,14:45:00,15,factor_spy,-0.01792553627768806,0.024798282273924444
stress,2020-03-09,14:45:00,15,quadratic_c0_etf,0.35970078837919617,0.4148813828701777
stress,2020-03-09,14:45:00,15,quadratic_c0_single,-0.015121580052262162,0.05669069866642329
stress,2020-03-09,14:45:00,30,quadratic_c0,-0.23525709063652311,-0.19817542783052056
stress,2020-03-09,14:45:00,30,independent_ou,-0.2136711036530068,-0.19168516166820163
stress,2020-03-09,14:45:00,30,flexible_moments,-0.1439478433103999,-0.14158113641486608
stress,2020-03-09,14:45:00,30,heterogeneous,-0.14506374291055646,-0.12945180869164394
stress,2020-03-09,14:45:00,30,time_of_day,-0.2465440403543956,-0.2356896962456928
stress,2020-03-09,14:45:00,30,factor_spy,-0.18704877102277773,-0.1841670277697306
stress,2020-03-09,14:45:00,30,quadratic_c0_etf,-0.2672204257123121,-0.22303348553021154
stress,2020-03-09,14:45:00,30,quadratic_c0_single,-0.21206250557984677,-0.17569003804965666
stress,2020-03-09,15:00:00,1,quadratic_c0,-0.016072533302438075,0.02110253184768554
stress,2020-03-09,15:00:00,1,independent_ou,0.01032535021370179,0.04625670330231224
stress,2020-03-09,15:00:00,1,flexible_moments,-0.045465246688085464,-0.0007076863822280677
stress,2020-03-09,15:00:00,1,heterogeneous,-0.005365380691158689,0.01290113656576411
stress,2020-03-09,15:00:00,1,time_of_day,-0.11155233698106168,-0.06681679054143233
stress,2020-03-09,15:00:00,1,factor_spy,0.011768686072978846,0.04378386138688767
stress,2020-03-09,15:00:00,1,quadratic_c0_etf,0.20124383524525175,0.24463753235754618
stress,2020-03-09,15:00:00,1,quadratic_c0_single,0.015183328095849435,0.047454103681904974
stress,2020-03-09,15:00:00,5,quadratic_c0,-0.020815145535452884,-0.04390667049280625
stress,2020-03-09,15:00:00,5,independent_ou,-0.04329448084467086,-0.03252151607265019
stress,2020-03-09,15:00:00,5,flexible_moments,-0.05284155829250817,-0.0580668207438656
stress,2020-03-09,15:00:00,5,heterogeneous,-0.0706790170345161,-0.051847562391104884
stress,2020-03-09,15:00:00,5,time_of_day,-0.10916214615131142,-0.09118786918602169
stress,2020-03-09,15:00:00,5,factor_spy,-0.014852991520399594,-0.024875107088189297
stress,2020-03-09,15:00:00,5,quadratic_c0_etf,0.008149418519181634,-0.03957848560496144
stress,2020-03-09,15:00:00,5,quadratic_c0_single,0.00904632665962607,-0.017628379894365248
stress,2020-03-09,15:00:00,15,quadratic_c0,-0.03613116455282617,-0.03841719027199447
stress,2020-03-09,15:00:00,15,independent_ou,-0.022027483876842197,-0.0304815426809133
stress,2020-03-09,15:00:00,15,flexible_moments,0.06885940482337932,0.038074443812421394
stress,2020-03-09,15:00:00,15,heterogeneous,-0.027421453668686868,-0.0076482476630369
stress,2020-03-09,15:00:00,15,time_of_day,-0.09847684875010843,-0.08675086330911147
stress,2020-03-09,15:00:00,15,factor_spy,0.03810885377125506,0.024711247094176603
stress,2020-03-09,15:00:00,15,quadratic_c0_etf,-0.06027448004447783,-0.0172888281834023
stress,2020-03-09,15:00:00,15,quadratic_c0_single,-0.00745199109968997,-0.00813233031773225
stress,2020-03-09,15:00:00,30,quadratic_c0,-0.0747392011989973,-0.05759177509998961
stress,2020-03-09,15:00:00,30,independent_ou,-0.0747983618746152,-0.06384602275551585
stress,2020-03-09,15:00:00,30,flexible_moments,0.01964065522383912,0.0403036222942863
stress,2020-03-09,15:00:00,30,heterogeneous,-0.0772328044387249,-0.05670861032610164
stress,2020-03-09,15:00:00,30,time_of_day,-0.12517993322807913,-0.09740738154899115
stress,2020-03-09,15:00:00,30,factor_spy,-0.04995125737847325,-0.019047642037823775
stress,2020-03-09,15:00:00,30,quadratic_c0_etf,0.16002139993236664,0.0987094518992633
stress,2020-03-09,15:00:00,30,quadratic_c0_single,-0.0425926848360377,-0.023407177482838964
stress,2020-03-09,15:15:00,1,quadratic_c0,0.0006104484128394705,0.021503960673292327
stress,2020-03-09,15:15:00,1,independent_ou,-0.025282710008090264,-0.00916738539800678
stress,2020-03-09,15:15:00,1,flexible_moments,0.017695739488940238,0.03238596585282891
stress,2020-03-09,15:15:00,1,heterogeneous,0.09667102512308934,0.08048106597784993
stress,2020-03-09,15:15:00,1,time_of_day,0.017022130541370417,0.025251575689293704
stress,2020-03-09,15:15:00,1,factor_spy,-0.05548718456721019,-0.030255081084740412
stress,2020-03-09,15:15:00,1,quadratic_c0_etf,0.020782688793218068,0.02526925829750018
stress,2020-03-09,15:15:00,1,quadratic_c0_single,0.042397312376520946,0.055108141938237626
stress,2020-03-09,15:15:00,5,quadratic_c0,0.025046264179813926,0.03433753779172205
stress,2020-03-09,15:15:00,5,independent_ou,-0.05815841719080725,-0.04620278148328211
stress,2020-03-09,15:15:00,5,flexible_moments,0.045441365110883675,0.05638043995336692
stress,2020-03-09,15:15:00,5,heterogeneous,-0.0009713426763637845,0.00705655454825771
stress,2020-03-09,15:15:00,5,time_of_day,0.0088460834446637,0.028472856350693326
stress,2020-03-09,15:15:00,5,factor_spy,0.08027604537951497,0.09171095032440013
stress,2020-03-09,15:15:00,5,quadratic_c0_etf,0.26934460589399645,0.27933426209268064
stress,2020-03-09,15:15:00,5,quadratic_c0_single,0.0701733538371124,0.08969238395243556
stress,2020-03-09,15:15:00,15,quadratic_c0,0.014413236950766767,0.03779808113761485
stress,2020-03-09,15:15:00,15,independent_ou,-0.07067849978885551,-0.039476064072579226
stress,2020-03-09,15:15:00,15,flexible_moments,0.122898843332238,0.15478181064716176
stress,2020-03-09,15:15:00,15,heterogeneous,0.00562276768845113,0.003748064495878972
stress,2020-03-09,15:15:00,15,time_of_day,-0.10721965777874426,-0.06724862476518462
stress,2020-03-09,15:15:00,15,factor_spy,-0.061188783770722344,-0.020069293538841404
stress,2020-03-09,15:15:00,15,quadratic_c0_etf,-0.04189920250359158,-0.03283088690761135
stress,2020-03-09,15:15:00,15,quadratic_c0_single,0.10766642735144527,0.12450408401089094
stress,2020-03-09,15:15:00,30,quadratic_c0,0.06921748286887577,0.09025811227536717
stress,2020-03-09,15:15:00,30,independent_ou,0.11691815805602188,0.130871637406957
stress,2020-03-09,15:15:00,30,flexible_moments,0.1488140619124427,0.15920112351257193
stress,2020-03-09,15:15:00,30,heterogeneous,0.09991747633624612,0.11915126155735312
stress,2020-03-09,15:15:00,30,time_of_day,-0.007305440826961579,0.00968260348452224
stress,2020-03-09,15:15:00,30,factor_spy,0.09394804079337263,0.10725729217202495
stress,2020-03-09,15:15:00,30,quadratic_c0_etf,0.17936835635683343,0.2056904260196724
stress,2020-03-09,15:15:00,30,quadratic_c0_single,0.07487706824943882,0.07575201696259151
stress,2020-03-09,15:30:00,1,quadratic_c0,-0.07426156128041594,-0.06315349502813097
stress,2020-03-09,15:30:00,1,independent_ou,0.0029878304604343264,0.024391592254117633
stress,2020-03-09,15:30:00,1,flexible_moments,-0.12765687587283145,-0.11966878115114493
stress,2020-03-09,15:30:00,1,heterogeneous,0.048402941155887114,0.06648023309509815
stress,2020-03-09,15:30:00,1,time_of_day,-0.08894243111283379,-0.057433102857934126
stress,2020-03-09,15:30:00,1,factor_spy,-0.06404475119497133,-0.036035463073506746
stress,2020-03-09,15:30:00,1,quadratic_c0_etf,-0.129534617978746,-0.10680572197683777
stress,2020-03-09,15:30:00,1,quadratic_c0_single,-0.011147953090947349,-0.01841142941340812
stress,2020-03-09,15:30:00,5,quadratic_c0,-0.014843345347841874,-0.01557506126797742
stress,2020-03-09,15:30:00,5,independent_ou,0.025003639540974232,0.022217984616839714
stress,2020-03-09,15:30:00,5,flexible_moments,-0.0041419465971070935,-0.029507897337624905
stress,2020-03-09,15:30:00,5,heterogeneous,0.006543138021300687,0.02376122183101706
stress,2020-03-09,15:30:00,5,time_of_day,-0.08316974680208356,-0.07086866784137609
stress,2020-03-09,15:30:00,5,factor_spy,-0.03687518193038111,-0.047449034060513234
stress,2020-03-09,15:30:00,5,quadratic_c0_etf,-0.051794612644141674,-0.031890676785835737
stress,2020-03-09,15:30:00,5,quadratic_c0_single,0.01723856758892231,0.0022586961686623386
stress,2020-03-09,15:30:00,15,quadratic_c0,-0.08437044639330096,-0.050638198905918336
stress,2020-03-09,15:30:00,15,independent_ou,-0.11565119010865546,-0.07297414102250882
stress,2020-03-09,15:30:00,15,flexible_moments,-0.04900648922305706,-0.002816242316343809
stress,2020-03-09,15:30:00,15,heterogeneous,0.02419562623157845,0.027524390011924582
stress,2020-03-09,15:30:00,15,time_of_day,-0.10329193434204714,-0.07123942970392405
stress,2020-03-09,15:30:00,15,factor_spy,-0.04953607368794727,-0.0007103572555732796
stress,2020-03-09,15:30:00,15,quadratic_c0_etf,0.1182300067253293,0.16895212103133853
stress,2020-03-09,15:30:00,15,quadratic_c0_single,-0.09155129542622989,-0.04322546319086529
stress,2020-03-09,15:45:00,1,quadratic_c0,-0.08011097001797235,-0.02896817708385771
stress,2020-03-09,15:45:00,1,independent_ou,0.0757823257915175,0.1103580945821703
stress,2020-03-09,15:45:00,1,flexible_moments,-0.019045770192082617,0.019119502549661105
stress,2020-03-09,15:45:00,1,heterogeneous,-0.05785962353176277,-0.035495477497423406
stress,2020-03-09,15:45:00,1,time_of_day,-0.16281332108272734,-0.10397980045314172
stress,2020-03-09,15:45:00,1,factor_spy,-0.013691721187261585,0.022306976916105115
stress,2020-03-09,15:45:00,1,quadratic_c0_etf,-0.12719067670879747,-0.08227589737659512
stress,2020-03-09,15:45:00,1,quadratic_c0_single,-0.0453783584923913,-0.001593051642698906
stress,2020-03-09,15:45:00,5,quadratic_c0,0.07919873674834113,0.05570811803926233
stress,2020-03-09,15:45:00,5,independent_ou,0.08905194915798528,0.09848749505988107
stress,2020-03-09,15:45:00,5,flexible_moments,0.10639358606941024,0.11470769509010968
stress,2020-03-09,15:45:00,5,heterogeneous,0.1774887346131908,0.16092256907190716
stress,2020-03-09,15:45:00,5,time_of_day,-0.007145669417020023,0.007116951560936502
stress,2020-03-09,15:45:00,5,factor_spy,0.03723982651561114,0.046817133041960876
stress,2020-03-09,15:45:00,5,quadratic_c0_etf,0.2315085631913963,0.24170351181324823
stress,2020-03-09,15:45:00,5,quadratic_c0_single,0.08803920937363505,0.059567837596365594
stress_fixed_am_pm,2020-03-09,10:00:00,300,quadratic_c0,0.004012278211829923,0.04642129170578513
stress_fixed_am_pm,2020-03-09,10:00:00,300,independent_ou,-0.12989455815401718,-0.09177463116112866
stress,2020-03-12,09:45:00,1,quadratic_c0,0.0999914766139344,0.10521844688822138
stress,2020-03-12,09:45:00,1,independent_ou,0.044834637542072675,0.06024268659686129
stress,2020-03-12,09:45:00,1,flexible_moments,0.0997338127889992,0.10820395640971339
stress,2020-03-12,09:45:00,1,heterogeneous,0.17597236706588545,0.17977950432494796
stress,2020-03-12,09:45:00,1,time_of_day,0.24449395072723748,0.23389164917227798
stress,2020-03-12,09:45:00,1,factor_spy,0.12419808395015344,0.12491888319493369
stress,2020-03-12,09:45:00,1,quadratic_c0_etf,0.04550262385567769,0.07183760130769318
stress,2020-03-12,09:45:00,1,quadratic_c0_single,0.1484628166016819,0.13764628732289821
stress,2020-03-12,09:45:00,5,quadratic_c0,0.16043662132077316,0.14869649092270196
stress,2020-03-12,09:45:00,5,independent_ou,0.23565288127132814,0.21165582610320677
stress,2020-03-12,09:45:00,5,flexible_moments,0.14406091100022309,0.14614095677979175
stress,2020-03-12,09:45:00,5,heterogeneous,0.2837032834525365,0.24973708003253214
stress,2020-03-12,09:45:00,5,time_of_day,0.19225241974043764,0.17617703846462524
stress,2020-03-12,09:45:00,5,factor_spy,0.09990767695685218,0.11168218650914641
stress,2020-03-12,09:45:00,5,quadratic_c0_etf,0.36431477435617254,0.39210094236731563
stress,2020-03-12,09:45:00,5,quadratic_c0_single,0.37946742132388145,0.3450296718737198
stress,2020-03-12,09:45:00,15,quadratic_c0,0.06137174411708077,0.08458796327488637
stress,2020-03-12,09:45:00,15,independent_ou,0.023229545127984252,0.05819065796042204
stress,2020-03-12,09:45:00,15,flexible_moments,0.13014731855723677,0.16800504334773858
stress,2020-03-12,09:45:00,15,heterogeneous,0.0930964117428989,0.1271060397472833
stress,2020-03-12,09:45:00,15,time_of_day,0.07319090292390037,0.07836206303681224
stress,2020-03-12,09:45:00,15,factor_spy,0.10042540926180166,0.12935480924140935
stress,2020-03-12,09:45:00,15,quadratic_c0_etf,0.10212941136384107,0.14489239845127144
stress,2020-03-12,09:45:00,15,quadratic_c0_single,0.15737010773370513,0.16975389716123312
stress,2020-03-12,09:45:00,30,quadratic_c0,0.0005596593419732732,-0.03516262590738417
stress,2020-03-12,09:45:00,30,independent_ou,-0.019376211422876627,-0.04808053860716166
stress,2020-03-12,09:45:00,30,flexible_moments,-0.059838772386934524,-0.08278207720376941
stress,2020-03-12,09:45:00,30,heterogeneous,-0.10947374303689608,-0.09799828081263444
stress,2020-03-12,09:45:00,30,time_of_day,-0.11375668869639485,-0.10710003486768839
stress,2020-03-12,09:45:00,30,factor_spy,-0.1433221920265702,-0.12408207104235644
stress,2020-03-12,09:45:00,30,quadratic_c0_etf,-0.0046806412973968425,0.00904987337424737
stress,2020-03-12,09:45:00,30,quadratic_c0_single,0.07213706388227431,0.04932159607481512
stress,2020-03-12,10:00:00,1,quadratic_c0,0.06707366667832576,0.08852114506726627
stress,2020-03-12,10:00:00,1,independent_ou,-0.08370116467559591,-0.05692949254906754
stress,2020-03-12,10:00:00,1,flexible_moments,-0.08979072726741466,-0.08642060857087555
stress,2020-03-12,10:00:00,1,heterogeneous,-0.0982045685378799,-0.038817050974518985
stress,2020-03-12,10:00:00,1,time_of_day,-0.14112384547355172,-0.08093417466808084
stress,2020-03-12,10:00:00,1,factor_spy,-0.14414636817779747,-0.0808139089181158
stress,2020-03-12,10:00:00,1,quadratic_c0_etf,-0.07424248116303872,-0.03830321800839864
stress,2020-03-12,10:00:00,1,quadratic_c0_single,0.18340641178645012,0.18134861568566613
stress,2020-03-12,10:00:00,5,quadratic_c0,-0.011328242933344002,-0.00801081467177589
stress,2020-03-12,10:00:00,5,independent_ou,0.05138358246563077,0.05100843245300504
stress,2020-03-12,10:00:00,5,flexible_moments,-0.015681493129193452,-0.010297796699462625
stress,2020-03-12,10:00:00,5,heterogeneous,0.07394707092371819,0.049407898853003646
stress,2020-03-12,10:00:00,5,time_of_day,-0.029242907996676476,-0.013385687203972235
stress,2020-03-12,10:00:00,5,factor_spy,-0.02522460898340448,-0.022967538729958298
stress,2020-03-12,10:00:00,5,quadratic_c0_etf,0.05983916999424563,0.07681221566926325
stress,2020-03-12,10:00:00,5,quadratic_c0_single,-0.023451131599913355,-0.017277338595286518
stress,2020-03-12,10:00:00,15,quadratic_c0,-0.06257621525962001,-0.07434262576966508
stress,2020-03-12,10:00:00,15,independent_ou,-0.006257410552110654,-0.06144238151213652
stress,2020-03-12,10:00:00,15,flexible_moments,-0.12145616065695997,-0.11002859052875817
stress,2020-03-12,10:00:00,15,heterogeneous,-0.02603342004097553,-0.039501272858073005
stress,2020-03-12,10:00:00,15,time_of_day,-0.1282196238754564,-0.12630405780788545
stress,2020-03-12,10:00:00,15,factor_spy,-0.10265819430989268,-0.09374595746967546
stress,2020-03-12,10:00:00,15,quadratic_c0_etf,-0.11964752657424715,-0.103631349809685
stress,2020-03-12,10:00:00,15,quadratic_c0_single,-0.009238563927600474,-0.01928469474225769
stress,2020-03-12,10:00:00,30,quadratic_c0,0.002697888009978555,0.008763139319933777
stress,2020-03-12,10:00:00,30,independent_ou,-0.0692107813888233,-0.05863789167955913
stress,2020-03-12,10:00:00,30,flexible_moments,-0.1221347021465305,-0.11100936645306154
stress,2020-03-12,10:00:00,30,heterogeneous,-0.09025496774169758,-0.0971529871014451
stress,2020-03-12,10:00:00,30,time_of_day,-0.1561999919619951,-0.14991626979767944
stress,2020-03-12,10:00:00,30,factor_spy,-0.12118171632694422,-0.12755945021793835
stress,2020-03-12,10:00:00,30,quadratic_c0_etf,0.03286474420932034,0.012088480708274285
stress,2020-03-12,10:00:00,30,quadratic_c0_single,0.014062102469256266,0.016255107131995405
stress,2020-03-12,10:15:00,1,quadratic_c0,0.05908903663795256,0.05808434213298362
stress,2020-03-12,10:15:00,1,independent_ou,0.015858649168532413,0.020149002117809622
stress,2020-03-12,10:15:00,1,flexible_moments,0.016128365130752775,0.032555762050474044
stress,2020-03-12,10:15:00,1,heterogeneous,0.04358630461142152,0.03682307610107262
stress,2020-03-12,10:15:00,1,time_of_day,0.004371538947731762,0.018143383153117004
stress,2020-03-12,10:15:00,1,factor_spy,0.05176515684707214,0.06696658844643498
stress,2020-03-12,10:15:00,1,quadratic_c0_etf,0.31063504495196287,0.2167228065410241
stress,2020-03-12,10:15:00,1,quadratic_c0_single,0.07680627375838012,0.09654042585826526
stress,2020-03-12,10:15:00,5,quadratic_c0,-0.019703705551919082,-0.0205818313303142
stress,2020-03-12,10:15:00,5,independent_ou,0.1472946242848891,0.1549320783624734
stress,2020-03-12,10:15:00,5,flexible_moments,0.07969932778578526,0.08272312653097777
stress,2020-03-12,10:15:00,5,heterogeneous,-0.01106473018273088,-0.006145601948828086
stress,2020-03-12,10:15:00,5,time_of_day,-0.03402060037872098,-0.021503482944874128
stress,2020-03-12,10:15:00,5,factor_spy,0.16309034903805675,0.1612958010441944
stress,2020-03-12,10:15:00,5,quadratic_c0_etf,0.055655462023842084,0.02005412003965104
stress,2020-03-12,10:15:00,5,quadratic_c0_single,0.021581802802458944,0.02466139060843034
stress,2020-03-12,10:15:00,15,quadratic_c0,-0.004391487129602634,0.005006344992437947
stress,2020-03-12,10:15:00,15,independent_ou,0.05927895437014938,0.08126685219735508
stress,2020-03-12,10:15:00,15,flexible_moments,0.051081409689284846,0.06622977532786678
stress,2020-03-12,10:15:00,15,heterogeneous,0.060646556550053576,0.058637051576661714
stress,2020-03-12,10:15:00,15,time_of_day,-0.03873433189122247,-0.02357550725928978
stress,2020-03-12,10:15:00,15,factor_spy,-0.016629931791836916,0.010082364758911333
stress,2020-03-12,10:15:00,15,quadratic_c0_etf,0.054733779996745,0.06915912196227994
stress,2020-03-12,10:15:00,15,quadratic_c0_single,0.04537177331790321,0.06305103359196562
stress,2020-03-12,10:15:00,30,quadratic_c0,0.142987548385486,0.13380852363656334
stress,2020-03-12,10:15:00,30,independent_ou,0.028140260641891096,0.01132451831707934
stress,2020-03-12,10:15:00,30,flexible_moments,-0.029711431725798598,-0.019286977248381798
stress,2020-03-12,10:15:00,30,heterogeneous,0.09670674920607047,0.06466157729498487
stress,2020-03-12,10:15:00,30,time_of_day,0.03936532917107613,0.038207033522966116
stress,2020-03-12,10:15:00,30,factor_spy,0.1290074183572527,0.12499798127421971
stress,2020-03-12,10:15:00,30,quadratic_c0_etf,0.192513102234796,0.1605177058235054
stress,2020-03-12,10:15:00,30,quadratic_c0_single,0.20926915464626067,0.18636459221930227
stress,2020-03-12,10:30:00,1,quadratic_c0,0.11613764217822942,0.09298609218881959
stress,2020-03-12,10:30:00,1,independent_ou,0.04680733434202239,0.048397801732594004
stress,2020-03-12,10:30:00,1,flexible_moments,0.06916703909327582,0.06667276556523172
stress,2020-03-12,10:30:00,1,heterogeneous,0.176072583931987,0.1486023848337841
stress,2020-03-12,10:30:00,1,time_of_day,-0.0275373289446528,-0.027419735013723856
stress,2020-03-12,10:30:00,1,factor_spy,0.07594555460083385,0.078502995112404
stress,2020-03-12,10:30:00,1,quadratic_c0_etf,0.3177782338995718,0.190622012942845
stress,2020-03-12,10:30:00,1,quadratic_c0_single,0.10938130098879267,0.10357309567665629
stress,2020-03-12,10:30:00,5,quadratic_c0,0.04160479331008732,0.06659947992032163
stress,2020-03-12,10:30:00,5,independent_ou,-0.014648839231310384,0.006222726388458763
stress,2020-03-12,10:30:00,5,flexible_moments,0.08880726756473822,0.07036178142624937
stress,2020-03-12,10:30:00,5,heterogeneous,0.015194301838336421,0.03785887517807991
stress,2020-03-12,10:30:00,5,time_of_day,-0.015645960435642897,0.006277303551941893
stress,2020-03-12,10:30:00,5,factor_spy,0.12761744599217992,0.07854653126279658
stress,2020-03-12,10:30:00,5,quadratic_c0_etf,0.3625584747020433,0.3050047264644208
stress,2020-03-12,10:30:00,5,quadratic_c0_single,0.10134783272830783,0.12783056519131486
stress,2020-03-12,10:30:00,15,quadratic_c0,0.08852820762644573,0.09161258834757491
stress,2020-03-12,10:30:00,15,independent_ou,-0.048721469350474916,-0.042832304798790605
stress,2020-03-12,10:30:00,15,flexible_moments,0.03490163949915623,0.06319071640495302
stress,2020-03-12,10:30:00,15,heterogeneous,0.029313514514431233,0.02916517117797804
stress,2020-03-12,10:30:00,15,time_of_day,0.028208319379921853,0.03527400210201026
stress,2020-03-12,10:30:00,15,factor_spy,0.08168470016210597,0.09195185337550821
stress,2020-03-12,10:30:00,15,quadratic_c0_etf,0.11008003305045874,0.1001006731529436
stress,2020-03-12,10:30:00,15,quadratic_c0_single,0.12017596682463763,0.10788752979872804
stress,2020-03-12,10:30:00,30,quadratic_c0,0.06669102657921516,0.08843947017270685
stress,2020-03-12,10:30:00,30,independent_ou,0.04865837965576211,0.06844080780885749
stress,2020-03-12,10:30:00,30,flexible_moments,0.034811416817375596,0.06391004197104948
stress,2020-03-12,10:30:00,30,heterogeneous,0.09233846961176678,0.11037834802156092
stress,2020-03-12,10:30:00,30,time_of_day,0.04100749499297651,0.04927961420078507
stress,2020-03-12,10:30:00,30,factor_spy,0.031852582577557714,0.02870587504088755
stress,2020-03-12,10:30:00,30,quadratic_c0_etf,0.36038219610511446,0.3210923182520264
stress,2020-03-12,10:30:00,30,quadratic_c0_single,0.07187043885934744,0.09201905129629755
stress,2020-03-12,10:45:00,1,quadratic_c0,0.0032302702004355643,-0.00535475707222588
stress,2020-03-12,10:45:00,1,independent_ou,-0.018162294095635412,-0.0074631468209353236
stress,2020-03-12,10:45:00,1,flexible_moments,0.041097512460825186,0.020997948563518554
stress,2020-03-12,10:45:00,1,heterogeneous,-0.046061504348449855,-0.06005126622518929
stress,2020-03-12,10:45:00,1,time_of_day,-0.10868637238295609,-0.10152886051510521
stress,2020-03-12,10:45:00,1,factor_spy,-0.03104933258933168,-0.02479715258734605
stress,2020-03-12,10:45:00,1,quadratic_c0_etf,0.0920756209572488,0.07578900687902482
stress,2020-03-12,10:45:00,1,quadratic_c0_single,0.04953457701947181,0.029708318484255147
stress,2020-03-12,10:45:00,5,quadratic_c0,0.10040137269886859,0.05703476365174681
stress,2020-03-12,10:45:00,5,independent_ou,0.12455125182415083,0.07507065582437306
stress,2020-03-12,10:45:00,5,flexible_moments,-0.03686132155006355,-0.044610365668015045
stress,2020-03-12,10:45:00,5,heterogeneous,0.028787314810314296,0.019974454439978667
stress,2020-03-12,10:45:00,5,time_of_day,0.07757170266800259,0.0683248079706748
stress,2020-03-12,10:45:00,5,factor_spy,0.07920888636444648,0.07276106165063315
stress,2020-03-12,10:45:00,5,quadratic_c0_etf,0.056343677138075254,0.05455134155621427
stress,2020-03-12,10:45:00,5,quadratic_c0_single,0.16263343622781823,0.13212413093996045
stress,2020-03-12,10:45:00,15,quadratic_c0,0.11526648605330263,0.1288582819844014
stress,2020-03-12,10:45:00,15,independent_ou,0.05758783865409735,0.06720883696974411
stress,2020-03-12,10:45:00,15,flexible_moments,0.05361470549757795,0.06647333282395185
stress,2020-03-12,10:45:00,15,heterogeneous,0.19632754644302813,0.1972927737991087
stress,2020-03-12,10:45:00,15,time_of_day,0.10714982796715554,0.09278150808293309
stress,2020-03-12,10:45:00,15,factor_spy,0.22200935667970034,0.22057045819354415
stress,2020-03-12,10:45:00,15,quadratic_c0_etf,0.45090660226028256,0.32412975354869805
stress,2020-03-12,10:45:00,15,quadratic_c0_single,0.11745236954498593,0.13060039474139473
stress,2020-03-12,10:45:00,30,quadratic_c0,0.00927150822574227,0.012091754944583671
stress,2020-03-12,10:45:00,30,independent_ou,-0.020526468150568716,-0.018003126947646275
stress,2020-03-12,10:45:00,30,flexible_moments,-0.055910701062092893,-0.04461973877815445
stress,2020-03-12,10:45:00,30,heterogeneous,0.028530803778304747,0.033091895981961855
stress,2020-03-12,10:45:00,30,time_of_day,-0.01840546552622438,-0.017367499125579222
stress,2020-03-12,10:45:00,30,factor_spy,-0.07316333862498237,-0.06765645357199229
stress,2020-03-12,10:45:00,30,quadratic_c0_etf,-0.05449464082818875,-0.0244014754821337
stress,2020-03-12,10:45:00,30,quadratic_c0_single,0.041540608297386206,0.04783112392551042
stress,2020-03-12,11:00:00,1,quadratic_c0,0.036773889935132364,0.02050268317543294
stress,2020-03-12,11:00:00,1,independent_ou,0.04800219529301117,0.05745234180812189
stress,2020-03-12,11:00:00,1,flexible_moments,0.09331537730633963,0.10522877302593833
stress,2020-03-12,11:00:00,1,heterogeneous,-0.021689533319210363,-0.02297425935588862
stress,2020-03-12,11:00:00,1,time_of_day,-0.06586644555580301,-0.05806347600386624
stress,2020-03-12,11:00:00,1,factor_spy,0.018654174574732396,0.022481788256732915
stress,2020-03-12,11:00:00,1,quadratic_c0_etf,0.008863710330210939,0.022072661816388006
stress,2020-03-12,11:00:00,1,quadratic_c0_single,0.06554882751713939,0.03986043468783504
stress,2020-03-12,11:00:00,5,quadratic_c0,-0.04893856925528259,-0.041963181430839575
stress,2020-03-12,11:00:00,5,independent_ou,0.09512682507040782,0.05371608128102512
stress,2020-03-12,11:00:00,5,flexible_moments,0.04815427132413766,0.030082117871311265
stress,2020-03-12,11:00:00,5,heterogeneous,0.04887593939440599,0.039624439984448895
stress,2020-03-12,11:00:00,5,time_of_day,-0.08497137789241806,-0.09750911852990483
stress,2020-03-12,11:00:00,5,factor_spy,-0.0091598174179007,-0.010623518370886764
stress,2020-03-12,11:00:00,5,quadratic_c0_etf,0.0442391165566548,0.02435138505205664
stress,2020-03-12,11:00:00,5,quadratic_c0_single,0.02020566283882469,0.0274663252737668
stress,2020-03-12,11:00:00,15,quadratic_c0,0.16124014741548953,0.15037333474965286
stress,2020-03-12,11:00:00,15,independent_ou,0.01848260133552243,-0.017046474860661104
stress,2020-03-12,11:00:00,15,flexible_moments,-0.0365080225154939,-0.04924092617968068
stress,2020-03-12,11:00:00,15,heterogeneous,0.11465362627530984,0.09555600875768766
stress,2020-03-12,11:00:00,15,time_of_day,-0.023674399694184306,-0.02816184515941131
stress,2020-03-12,11:00:00,15,factor_spy,0.05272429115777488,0.04252510202518281
stress,2020-03-12,11:00:00,15,quadratic_c0_etf,0.18890119543098582,0.1384735251446404
stress,2020-03-12,11:00:00,15,quadratic_c0_single,0.17626827842818493,0.16229105851579662
stress,2020-03-12,11:00:00,30,quadratic_c0,-0.10145497667323872,-0.048799628740547524
stress,2020-03-12,11:00:00,30,independent_ou,-0.06700382882852207,-0.013499545645383693
stress,2020-03-12,11:00:00,30,flexible_moments,-0.0825287930040664,-0.046870913289532856
stress,2020-03-12,11:00:00,30,heterogeneous,-0.11348929787220893,-0.07614934604829095
stress,2020-03-12,11:00:00,30,time_of_day,-0.1609354176158151,-0.1098674166532854
stress,2020-03-12,11:00:00,30,factor_spy,-0.11816277987704657,-0.07219461631490177
stress,2020-03-12,11:00:00,30,quadratic_c0_etf,0.23697402222426767,0.18767826782193459
stress,2020-03-12,11:00:00,30,quadratic_c0_single,-0.053878797178911725,-0.016649975762551367
stress,2020-03-12,11:15:00,1,quadratic_c0,-0.12303610158664452,-0.12301155243788112
stress,2020-03-12,11:15:00,1,independent_ou,0.011236921211896067,0.01941615872668262
stress,2020-03-12,11:15:00,1,flexible_moments,-0.08775323110562797,-0.08023247418949345
stress,2020-03-12,11:15:00,1,heterogeneous,-0.019780483906182922,-0.02322601128638674
stress,2020-03-12,11:15:00,1,time_of_day,-0.12249548075830297,-0.10726089334061797
stress,2020-03-12,11:15:00,1,factor_spy,0.07500999218831256,0.06681941730968405
stress,2020-03-12,11:15:00,1,quadratic_c0_etf,-0.12525999162599075,-0.1390456776281633
stress,2020-03-12,11:15:00,1,quadratic_c0_single,-0.08173373992107344,-0.07684358657146712
stress,2020-03-12,11:15:00,5,quadratic_c0,-0.05687914678047229,-0.035340190724273135
stress,2020-03-12,11:15:00,5,independent_ou,-0.004218145128003892,0.021591606712203087
stress,2020-03-12,11:15:00,5,flexible_moments,0.05722250209420554,0.08000651262795691
stress,2020-03-12,11:15:00,5,heterogeneous,0.0366002194375637,0.06684389696258561
stress,2020-03-12,11:15:00,5,time_of_day,-0.11361829109798692,-0.08199219763655229
stress,2020-03-12,11:15:00,5,factor_spy,-0.12875348632802155,-0.09304986624528155
stress,2020-03-12,11:15:00,5,quadratic_c0_etf,-0.011195079383450962,0.008712823625822291
stress,2020-03-12,11:15:00,5,quadratic_c0_single,-0.06405145459902162,-0.04036568303344509
stress,2020-03-12,11:15:00,15,quadratic_c0,0.021628354562138158,0.047270445755016044
stress,2020-03-12,11:15:00,15,independent_ou,-0.02758645064112525,-0.0004390720702334705
stress,2020-03-12,11:15:00,15,flexible_moments,-0.019009804612621917,-0.017491774092681267
stress,2020-03-12,11:15:00,15,heterogeneous,-0.02946642366351232,-0.007257403047053385
stress,2020-03-12,11:15:00,15,time_of_day,-0.12483966628131195,-0.09632711551050788
stress,2020-03-12,11:15:00,15,factor_spy,-0.038148142367997157,-0.0215274189971556
stress,2020-03-12,11:15:00,15,quadratic_c0_etf,0.20879166377347938,0.16185892392690335
stress,2020-03-12,11:15:00,15,quadratic_c0_single,0.0020870834544694794,0.022714914368463485
stress,2020-03-12,11:15:00,30,quadratic_c0,-0.039853209776751525,-0.014563049160003588
stress,2020-03-12,11:15:00,30,independent_ou,-0.013726549109992214,0.015784230421990772
stress,2020-03-12,11:15:00,30,flexible_moments,0.23606585338857028,0.25760856646200503
stress,2020-03-12,11:15:00,30,heterogeneous,0.040491398822881886,0.016536048853147495
stress,2020-03-12,11:15:00,30,time_of_day,-0.06167799726852924,-0.03284339546916708
stress,2020-03-12,11:15:00,30,factor_spy,0.03674124215676752,0.05714079331244758
stress,2020-03-12,11:15:00,30,quadratic_c0_etf,0.03776638685454825,0.05619515907349558
stress,2020-03-12,11:15:00,30,quadratic_c0_single,-0.023673246008603877,-0.00174074362774565
stress,2020-03-12,11:30:00,1,quadratic_c0,0.021056417316127007,0.020522663447453432
stress,2020-03-12,11:30:00,1,independent_ou,-0.018797062604261117,0.0032879290367135994
stress,2020-03-12,11:30:00,1,flexible_moments,0.006468081531147557,0.029326093140398662
stress,2020-03-12,11:30:00,1,heterogeneous,0.014093771475608474,0.03816602858856194
stress,2020-03-12,11:30:00,1,time_of_day,-0.002938424477720858,-0.0029236341649654662
stress,2020-03-12,11:30:00,1,factor_spy,-0.02175681614241648,0.0066476322245977715
stress,2020-03-12,11:30:00,1,quadratic_c0_etf,-0.035995688813942744,0.007590259047778519
stress,2020-03-12,11:30:00,1,quadratic_c0_single,0.05322059745958496,0.06241369648031997
stress,2020-03-12,11:30:00,5,quadratic_c0,0.008484612766616967,0.006221636490825924
stress,2020-03-12,11:30:00,5,independent_ou,-0.005989232107300901,-0.00487734553908617
stress,2020-03-12,11:30:00,5,flexible_moments,0.03599792246884817,0.013882283558503794
stress,2020-03-12,11:30:00,5,heterogeneous,0.03975162169810609,0.04116115422595332
stress,2020-03-12,11:30:00,5,time_of_day,-0.07369288081491959,-0.05820552900383297
stress,2020-03-12,11:30:00,5,factor_spy,0.03734152839422314,0.025162637804781285
stress,2020-03-12,11:30:00,5,quadratic_c0_etf,0.13616145956182538,0.11140191718285719
stress,2020-03-12,11:30:00,5,quadratic_c0_single,0.06200272775662449,0.044560675151473855
stress,2020-03-12,11:30:00,15,quadratic_c0,0.04331782087941141,0.07282290248949387
stress,2020-03-12,11:30:00,15,independent_ou,0.033881756784200995,0.04796616333254487
stress,2020-03-12,11:30:00,15,flexible_moments,0.061217747170667,0.08244673220992817
stress,2020-03-12,11:30:00,15,heterogeneous,-0.03126119515651296,-0.01503700198733092
stress,2020-03-12,11:30:00,15,time_of_day,-0.04717625706366496,-0.03468056922208766
stress,2020-03-12,11:30:00,15,factor_spy,-0.004993141504317011,-0.0010258494013231506
stress,2020-03-12,11:30:00,15,quadratic_c0_etf,0.17188497791273172,0.18266888439838136
stress,2020-03-12,11:30:00,15,quadratic_c0_single,0.061008676927416156,0.09190612582396242
stress,2020-03-12,11:30:00,30,quadratic_c0,-0.019540709447739335,0.013362884738914255
stress,2020-03-12,11:30:00,30,independent_ou,-0.03978631279235853,-0.023695870519307438
stress,2020-03-12,11:30:00,30,flexible_moments,0.03229285646116056,0.035823663392067245
stress,2020-03-12,11:30:00,30,heterogeneous,0.05595488061086348,0.05911405214994908
stress,2020-03-12,11:30:00,30,time_of_day,-0.02929145294974886,-0.008883779038906303
stress,2020-03-12,11:30:00,30,factor_spy,-0.03274431270348932,-0.008673239301369179
stress,2020-03-12,11:30:00,30,quadratic_c0_etf,0.08299307848473544,0.05595767157239254
stress,2020-03-12,11:30:00,30,quadratic_c0_single,0.010702448154681576,0.03329703515112556
stress,2020-03-12,11:45:00,1,quadratic_c0,0.0760331643600076,0.06570298941492425
stress,2020-03-12,11:45:00,1,independent_ou,-0.011469238948774885,-0.01532961969860508
stress,2020-03-12,11:45:00,1,flexible_moments,0.010621943046185467,0.008225623574512814
stress,2020-03-12,11:45:00,1,heterogeneous,-0.03974182752471507,-0.030298880093453856
stress,2020-03-12,11:45:00,1,time_of_day,-0.04820397201599336,-0.046055979378086795
stress,2020-03-12,11:45:00,1,factor_spy,0.043391491296102536,0.045769643341208616
stress,2020-03-12,11:45:00,1,quadratic_c0_etf,0.0341890199610618,0.037724464408072034
stress,2020-03-12,11:45:00,1,quadratic_c0_single,0.10933939275651192,0.08256541867818776
stress,2020-03-12,11:45:00,5,quadratic_c0,0.031159265512187367,0.03971052435485416
stress,2020-03-12,11:45:00,5,independent_ou,0.009561979685209249,0.02033747113395508
stress,2020-03-12,11:45:00,5,flexible_moments,-0.04615870313454559,-0.028194037525576365
stress,2020-03-12,11:45:00,5,heterogeneous,0.1250439176705495,0.0738188536736054
stress,2020-03-12,11:45:00,5,time_of_day,-0.06522776142800508,-0.048836450859196294
stress,2020-03-12,11:45:00,5,factor_spy,0.009883724714588482,0.00943610935882322
stress,2020-03-12,11:45:00,5,quadratic_c0_etf,0.23231997107272512,0.19902729442838013
stress,2020-03-12,11:45:00,5,quadratic_c0_single,0.0660571240614799,0.05722385151014141
stress,2020-03-12,11:45:00,15,quadratic_c0,0.024735196547283705,0.04181261631912593
stress,2020-03-12,11:45:00,15,independent_ou,0.07214134722338639,0.0906262616901276
stress,2020-03-12,11:45:00,15,flexible_moments,0.05472036493719562,0.08240728289800732
stress,2020-03-12,11:45:00,15,heterogeneous,0.03306730649685222,0.03540217312797113
stress,2020-03-12,11:45:00,15,time_of_day,0.044568717805435004,0.06227331883934793
stress,2020-03-12,11:45:00,15,factor_spy,0.09298934425955116,0.11440906314758355
stress,2020-03-12,11:45:00,15,quadratic_c0_etf,0.20007293462465162,0.11692476789098914
stress,2020-03-12,11:45:00,15,quadratic_c0_single,0.06620768040650088,0.08646801830823235
stress,2020-03-12,11:45:00,30,quadratic_c0,0.12891590937182432,0.12355756252530384
stress,2020-03-12,11:45:00,30,independent_ou,0.08094143857001201,0.08204410674920745
stress,2020-03-12,11:45:00,30,flexible_moments,0.15942262336159294,0.15804908680389596
stress,2020-03-12,11:45:00,30,heterogeneous,-0.022847483161801366,-0.014079833173170811
stress,2020-03-12,11:45:00,30,time_of_day,0.04485623330219127,0.03738051855655866
stress,2020-03-12,11:45:00,30,factor_spy,0.18628474282997,0.20726193648348545
stress,2020-03-12,11:45:00,30,quadratic_c0_etf,0.11221508898918622,0.12774156190997196
stress,2020-03-12,11:45:00,30,quadratic_c0_single,0.15049049509295778,0.12436260402199031
stress,2020-03-12,12:00:00,1,quadratic_c0,0.0040163028959826486,0.019983754935869985
stress,2020-03-12,12:00:00,1,independent_ou,-0.005692385519024179,-0.00010277735318570125
stress,2020-03-12,12:00:00,1,flexible_moments,-0.03568472516966015,-0.028751776935663942
stress,2020-03-12,12:00:00,1,heterogeneous,-0.02446260776190695,-0.016144306848726475
stress,2020-03-12,12:00:00,1,time_of_day,-0.11825411417843139,-0.08664120684543683
stress,2020-03-12,12:00:00,1,factor_spy,-0.06293891674720167,-0.0507706393880268
stress,2020-03-12,12:00:00,1,quadratic_c0_etf,0.05368288798393647,-0.008419045830619504
stress,2020-03-12,12:00:00,1,quadratic_c0_single,0.02260898642977857,0.05174037990259675
stress,2020-03-12,12:00:00,5,quadratic_c0,0.00429582485438354,-0.016707078818189752
stress,2020-03-12,12:00:00,5,independent_ou,-0.0343646432350862,-0.0247256064202086
stress,2020-03-12,12:00:00,5,flexible_moments,0.07552472875105529,0.08018881703377026
stress,2020-03-12,12:00:00,5,heterogeneous,0.04528183032013458,-0.012914950760607169
stress,2020-03-12,12:00:00,5,time_of_day,-0.07467845464514312,-0.04794389356608915
stress,2020-03-12,12:00:00,5,factor_spy,-0.026751512006701728,-0.01527236524587694
stress,2020-03-12,12:00:00,5,quadratic_c0_etf,0.31856662384800516,0.30500575621503
stress,2020-03-12,12:00:00,5,quadratic_c0_single,0.004091346010814151,0.006101511060083692
stress,2020-03-12,12:00:00,15,quadratic_c0,0.03187347427445322,0.025117264408807752
stress,2020-03-12,12:00:00,15,independent_ou,0.19919389465904191,0.15571466114597993
stress,2020-03-12,12:00:00,15,flexible_moments,0.11348970890496979,0.11119497160659929
stress,2020-03-12,12:00:00,15,heterogeneous,0.006906642417156328,0.010329675556403503
stress,2020-03-12,12:00:00,15,time_of_day,0.045381873041089316,0.026144891466000145
stress,2020-03-12,12:00:00,15,factor_spy,0.11199696337302745,0.08851790618217088
stress,2020-03-12,12:00:00,15,quadratic_c0_etf,0.11904098965766641,0.10521383147222117
stress,2020-03-12,12:00:00,15,quadratic_c0_single,0.10398734759445658,0.10460086907680712
stress,2020-03-12,12:00:00,30,quadratic_c0,-0.062437669946682955,-0.04924435950343048
stress,2020-03-12,12:00:00,30,independent_ou,-0.11018629740771113,-0.1020240858240591
stress,2020-03-12,12:00:00,30,flexible_moments,-0.03093394252156506,-0.040756189412910565
stress,2020-03-12,12:00:00,30,heterogeneous,-0.022225014359497947,-0.006329946757371835
stress,2020-03-12,12:00:00,30,time_of_day,-0.11317023284679167,-0.09211765910547413
stress,2020-03-12,12:00:00,30,factor_spy,-0.1488715499634217,-0.1342607752451484
stress,2020-03-12,12:00:00,30,quadratic_c0_etf,0.06825678603118351,0.06814952477122158
stress,2020-03-12,12:00:00,30,quadratic_c0_single,-0.028445293072800415,-0.017678760353062206
stress,2020-03-12,12:15:00,1,quadratic_c0,0.041238453216552395,0.05985872085078606
stress,2020-03-12,12:15:00,1,independent_ou,-0.020476203147375777,0.011087173152573404
stress,2020-03-12,12:15:00,1,flexible_moments,0.0693989056516841,0.08684152615274354
stress,2020-03-12,12:15:00,1,heterogeneous,0.027552647436665967,0.06705872637435614
stress,2020-03-12,12:15:00,1,time_of_day,-0.11476508824480874,-0.06346270310582072
stress,2020-03-12,12:15:00,1,factor_spy,-0.09538897626436416,-0.05166895560603384
stress,2020-03-12,12:15:00,1,quadratic_c0_etf,0.09815468775354125,0.08085207331455191
stress,2020-03-12,12:15:00,1,quadratic_c0_single,0.11111058463285978,0.0788192873745675
stress,2020-03-12,12:15:00,5,quadratic_c0,0.07863263619017055,0.07357629721642533
stress,2020-03-12,12:15:00,5,independent_ou,0.09694969051669725,0.08261209620460733
stress,2020-03-12,12:15:00,5,flexible_moments,0.09288048064286106,0.08024067140705693
stress,2020-03-12,12:15:00,5,heterogeneous,0.18461069961977167,0.18597653927788904
stress,2020-03-12,12:15:00,5,time_of_day,0.0815236229487461,0.06777303218016123
stress,2020-03-12,12:15:00,5,factor_spy,0.11154106963775182,0.1264213357165353
stress,2020-03-12,12:15:00,5,quadratic_c0_etf,0.17167337373331837,0.14960244123434321
stress,2020-03-12,12:15:00,5,quadratic_c0_single,0.05051886146556078,0.05498650630184132
stress,2020-03-12,12:15:00,15,quadratic_c0,-0.027232277710751263,0.007924413760402815
stress,2020-03-12,12:15:00,15,independent_ou,-0.0409792577114326,-0.037882843067477356
stress,2020-03-12,12:15:00,15,flexible_moments,-0.07915005797628571,-0.06236459228158181
stress,2020-03-12,12:15:00,15,heterogeneous,-0.14448024369534745,-0.09780836695088053
stress,2020-03-12,12:15:00,15,time_of_day,-0.15530313510272492,-0.12014044117984508
stress,2020-03-12,12:15:00,15,factor_spy,-0.08458985375411449,-0.06567414152723666
stress,2020-03-12,12:15:00,15,quadratic_c0_etf,0.061892145131876575,0.08634365676759709
stress,2020-03-12,12:15:00,15,quadratic_c0_single,-0.018727901333534525,0.03139424259813722
stress,2020-03-12,12:15:00,30,quadratic_c0,-0.010921075837651617,0.029476679168044972
stress,2020-03-12,12:15:00,30,independent_ou,-0.15116198264417768,-0.10899835209002204
stress,2020-03-12,12:15:00,30,flexible_moments,-0.14665130350087865,-0.10598907459073256
stress,2020-03-12,12:15:00,30,heterogeneous,-0.08700599101995918,-0.04738876131010056
stress,2020-03-12,12:15:00,30,time_of_day,-0.2325690925695435,-0.18510430986464776
stress,2020-03-12,12:15:00,30,factor_spy,-0.06723298679177137,-0.05430160722834798
stress,2020-03-12,12:15:00,30,quadratic_c0_etf,0.06166857942185716,0.11440118993843124
stress,2020-03-12,12:15:00,30,quadratic_c0_single,0.01081297440082496,0.03679854069606575
stress,2020-03-12,12:30:00,1,quadratic_c0,-0.059706594573188096,-0.043262819562347385
stress,2020-03-12,12:30:00,1,independent_ou,-0.017817591752049722,-0.012759493163756797
stress,2020-03-12,12:30:00,1,flexible_moments,0.004889236136560643,-0.0036731123874325644
stress,2020-03-12,12:30:00,1,heterogeneous,0.02179937191049397,-0.0036999832941336797
stress,2020-03-12,12:30:00,1,time_of_day,-0.019779604446949206,-0.029454340205245552
stress,2020-03-12,12:30:00,1,factor_spy,-0.03929799716491475,-0.027407355173651365
stress,2020-03-12,12:30:00,1,quadratic_c0_etf,-0.02446351856943854,-0.010355558309678298
stress,2020-03-12,12:30:00,1,quadratic_c0_single,-0.03973701689783865,-0.02698622547978559
stress,2020-03-12,12:30:00,5,quadratic_c0,0.03184002289106669,0.05387328495519328
stress,2020-03-12,12:30:00,5,independent_ou,0.0536875703849686,0.05214146217810364
stress,2020-03-12,12:30:00,5,flexible_moments,-0.05508264623412394,-0.028798190873913998
stress,2020-03-12,12:30:00,5,heterogeneous,0.02030120068538116,0.014076892326041882
stress,2020-03-12,12:30:00,5,time_of_day,-0.05880745765069584,-0.042535317879790716
stress,2020-03-12,12:30:00,5,factor_spy,0.0579349457679067,0.06796930496778861
stress,2020-03-12,12:30:00,5,quadratic_c0_etf,0.18110053343570126,0.18538643810075275
stress,2020-03-12,12:30:00,5,quadratic_c0_single,0.0433339887969621,0.062127245855789465
stress,2020-03-12,12:30:00,15,quadratic_c0,0.053924473928410876,0.0446083743777787
stress,2020-03-12,12:30:00,15,independent_ou,0.04502083897155143,0.05208748648325015
stress,2020-03-12,12:30:00,15,flexible_moments,0.06905914308232824,0.026596312905664665
stress,2020-03-12,12:30:00,15,heterogeneous,0.14606918492206014,0.14605802370590878
stress,2020-03-12,12:30:00,15,time_of_day,-0.06849109042976227,-0.05951195052131483
stress,2020-03-12,12:30:00,15,factor_spy,0.07776973373756518,0.05612574473856244
stress,2020-03-12,12:30:00,15,quadratic_c0_etf,0.14359326975063022,0.12970150038319364
stress,2020-03-12,12:30:00,15,quadratic_c0_single,0.09439480993780172,0.0867120860421908
stress,2020-03-12,12:30:00,30,quadratic_c0,0.09067809924505506,0.08212788498924652
stress,2020-03-12,12:30:00,30,independent_ou,0.012680145226169073,0.01641599129422415
stress,2020-03-12,12:30:00,30,flexible_moments,0.06826675030752964,0.062258189977243264
stress,2020-03-12,12:30:00,30,heterogeneous,0.2115161504269038,0.21297245728841813
stress,2020-03-12,12:30:00,30,time_of_day,0.02463237987878862,0.024512521746635763
stress,2020-03-12,12:30:00,30,factor_spy,-0.0011170891204373007,0.00584678641260912
stress,2020-03-12,12:30:00,30,quadratic_c0_etf,0.25965312877422114,0.24382916596881876
stress,2020-03-12,12:30:00,30,quadratic_c0_single,0.19869619744468936,0.19377482541529384
stress,2020-03-12,12:45:00,1,quadratic_c0,-0.02614748677407154,0.003200157917202781
stress,2020-03-12,12:45:00,1,independent_ou,0.019584989583649293,0.049887102114271706
stress,2020-03-12,12:45:00,1,flexible_moments,0.02113255464655528,0.045680424401836686
stress,2020-03-12,12:45:00,1,heterogeneous,0.020714095477711775,0.03932363654376918
stress,2020-03-12,12:45:00,1,time_of_day,-0.015523369594065917,0.014566726716378126
stress,2020-03-12,12:45:00,1,factor_spy,0.10284199541233596,0.10543591009017868
stress,2020-03-12,12:45:00,1,quadratic_c0_etf,0.21927760091716053,0.2229378728545674
stress,2020-03-12,12:45:00,1,quadratic_c0_single,0.01600993728209915,0.03865273167587081
stress,2020-03-12,12:45:00,5,quadratic_c0,-0.07343271774429594,-0.04196976882769249
stress,2020-03-12,12:45:00,5,independent_ou,-0.16990102395024714,-0.1336573630223508
stress,2020-03-12,12:45:00,5,flexible_moments,-0.09696321682395204,-0.06734771634358575
stress,2020-03-12,12:45:00,5,heterogeneous,-0.07291167812442928,-0.037606887254223786
stress,2020-03-12,12:45:00,5,time_of_day,-0.14786897849881697,-0.11841609002647027
stress,2020-03-12,12:45:00,5,factor_spy,-0.1338920255668602,-0.10085262795646263
stress,2020-03-12,12:45:00,5,quadratic_c0_etf,-0.10155815252683503,-0.09727662442618173
stress,2020-03-12,12:45:00,5,quadratic_c0_single,-0.004275913619931682,0.019116193821711647
stress,2020-03-12,12:45:00,15,quadratic_c0,0.020715397990916262,0.035863683655386946
stress,2020-03-12,12:45:00,15,independent_ou,0.013421560343519129,0.02185333943608353
stress,2020-03-12,12:45:00,15,flexible_moments,0.05200007917389196,0.061939942555666816
stress,2020-03-12,12:45:00,15,heterogeneous,0.0014748272155123698,0.002846347954326922
stress,2020-03-12,12:45:00,15,time_of_day,-0.024327489016090137,-0.01169018687293126
stress,2020-03-12,12:45:00,15,factor_spy,0.01097656649314227,0.011001521533954506
stress,2020-03-12,12:45:00,15,quadratic_c0_etf,0.12954047502609045,0.15726627297235618
stress,2020-03-12,12:45:00,15,quadratic_c0_single,0.10864853160785637,0.10997808374147189
stress,2020-03-12,12:45:00,30,quadratic_c0,0.08384903824408976,0.04067860177056126
stress,2020-03-12,12:45:00,30,independent_ou,-0.008598165736256519,0.012775903568366415
stress,2020-03-12,12:45:00,30,flexible_moments,-0.1021722519904262,-0.0830772756546712
stress,2020-03-12,12:45:00,30,heterogeneous,0.027425520974446782,0.041922409457196386
stress,2020-03-12,12:45:00,30,time_of_day,-0.1122029770432671,-0.09105695733348843
stress,2020-03-12,12:45:00,30,factor_spy,-0.06219538386133469,-0.04354565736454705
stress,2020-03-12,12:45:00,30,quadratic_c0_etf,0.31986372038211275,0.28405174100528796
stress,2020-03-12,12:45:00,30,quadratic_c0_single,0.0023047496959335,-0.020269192637283107
stress,2020-03-12,13:00:00,1,quadratic_c0,0.0651502689285541,0.061874167800102964
stress,2020-03-12,13:00:00,1,independent_ou,0.0059275913574757255,0.0012732909837090967
stress,2020-03-12,13:00:00,1,flexible_moments,-0.003465119107112058,-0.007136880288169417
stress,2020-03-12,13:00:00,1,heterogeneous,0.18292333186995727,0.19046154314824712
stress,2020-03-12,13:00:00,1,time_of_day,0.1611778564607986,0.17113916787722808
stress,2020-03-12,13:00:00,1,factor_spy,0.06788944199998762,0.06007367872897448
stress,2020-03-12,13:00:00,1,quadratic_c0_etf,0.05329785235859594,0.04454781301404029
stress,2020-03-12,13:00:00,1,quadratic_c0_single,0.1077834722296531,0.10411694368884658
stress,2020-03-12,13:00:00,5,quadratic_c0,-0.05554718333696851,-0.06756566878759879
stress,2020-03-12,13:00:00,5,independent_ou,0.00010366524807656208,-0.006281005981597809
stress,2020-03-12,13:00:00,5,flexible_moments,-0.07080988937512783,-0.0680610663647261
stress,2020-03-12,13:00:00,5,heterogeneous,-0.08039975168866692,-0.08652697962124165
stress,2020-03-12,13:00:00,5,time_of_day,-0.10880662309535892,-0.09526274193467858
stress,2020-03-12,13:00:00,5,factor_spy,0.09351836624526924,0.09526707727970904
stress,2020-03-12,13:00:00,5,quadratic_c0_etf,0.2054999570693841,0.1252344414320448
stress,2020-03-12,13:00:00,5,quadratic_c0_single,-0.0003756107531382169,-0.005174068770940593
stress,2020-03-12,13:00:00,15,quadratic_c0,0.07237401592577011,0.07426757046881606
stress,2020-03-12,13:00:00,15,independent_ou,-0.018518773393177757,-0.0004971396788097382
stress,2020-03-12,13:00:00,15,flexible_moments,0.180742400655163,0.1675101037331661
stress,2020-03-12,13:00:00,15,heterogeneous,0.026016115463266015,0.030596310752382408
stress,2020-03-12,13:00:00,15,time_of_day,-0.060569396308850915,-0.03815094729195674
stress,2020-03-12,13:00:00,15,factor_spy,0.008722504046977858,0.008126086331505258
stress,2020-03-12,13:00:00,15,quadratic_c0_etf,0.45106435497132324,0.3786585971899345
stress,2020-03-12,13:00:00,15,quadratic_c0_single,0.008279146095821782,0.0038895563465830146
stress,2020-03-12,13:00:00,30,quadratic_c0,0.10170417149156075,0.10316454377534794
stress,2020-03-12,13:00:00,30,independent_ou,0.14186339461097466,0.10600875974825964
stress,2020-03-12,13:00:00,30,flexible_moments,0.1942820726509118,0.16753121449912206
stress,2020-03-12,13:00:00,30,heterogeneous,0.11409665330706967,0.09009263260663873
stress,2020-03-12,13:00:00,30,time_of_day,0.0713373786919464,0.07188858575607875
stress,2020-03-12,13:00:00,30,factor_spy,0.045014817334060875,0.04367340569188874
stress,2020-03-12,13:00:00,30,quadratic_c0_etf,0.23121577543136446,0.22432542283020812
stress,2020-03-12,13:00:00,30,quadratic_c0_single,0.09318631576262795,0.09012432279034625
stress,2020-03-12,13:15:00,1,quadratic_c0,-0.006651612100162407,0.016065576333513604
stress,2020-03-12,13:15:00,1,independent_ou,0.10864132347574271,0.14766375884899885
stress,2020-03-12,13:15:00,1,flexible_moments,-0.04243405071325221,-0.020242325492563495
stress,2020-03-12,13:15:00,1,heterogeneous,0.030283700963224497,0.045154759553395735
stress,2020-03-12,13:15:00,1,time_of_day,-0.04369281476982875,-0.0188109512161711
stress,2020-03-12,13:15:00,1,factor_spy,0.01746743204980894,0.04104040223944361
stress,2020-03-12,13:15:00,1,quadratic_c0_etf,-0.010789594555335985,0.00026727788521110907
stress,2020-03-12,13:15:00,1,quadratic_c0_single,0.080517184073677,0.08909427352296478
stress,2020-03-12,13:15:00,5,quadratic_c0,0.2838400013806841,0.29361270362006203
stress,2020-03-12,13:15:00,5,independent_ou,0.009278361214193231,0.010484065401363346
stress,2020-03-12,13:15:00,5,flexible_moments,0.05082568962744882,0.07172874063434459
stress,2020-03-12,13:15:00,5,heterogeneous,0.01075612390489289,0.019186098036524574
stress,2020-03-12,13:15:00,5,time_of_day,-0.03411059434180405,-0.021414041023962077
stress,2020-03-12,13:15:00,5,factor_spy,-0.03746328734024115,-0.013407199428388722
stress,2020-03-12,13:15:00,5,quadratic_c0_etf,0.5177912304483057,0.486512707378609
stress,2020-03-12,13:15:00,5,quadratic_c0_single,0.2698292117953063,0.2349040068239825
stress,2020-03-12,13:15:00,15,quadratic_c0,0.0015170492009446979,0.02643249290548534
stress,2020-03-12,13:15:00,15,independent_ou,0.07045845668069964,0.08795219089322488
stress,2020-03-12,13:15:00,15,flexible_moments,0.03978220994673126,0.054722106810128415
stress,2020-03-12,13:15:00,15,heterogeneous,0.09836940907988886,0.1129016645375051
stress,2020-03-12,13:15:00,15,time_of_day,0.032668819560261936,0.04434378346525712
stress,2020-03-12,13:15:00,15,factor_spy,0.18108108368188727,0.18190277194663884
stress,2020-03-12,13:15:00,15,quadratic_c0_etf,0.25235135052692526,0.27003204712105283
stress,2020-03-12,13:15:00,15,quadratic_c0_single,0.09928849595046024,0.08805302969128308
stress,2020-03-12,13:15:00,30,quadratic_c0,0.020853913951599218,0.03141034244621557
stress,2020-03-12,13:15:00,30,independent_ou,-0.006524311515787001,0.003812607344975155
stress,2020-03-12,13:15:00,30,flexible_moments,-0.018283563847716677,-0.0019003740994811835
stress,2020-03-12,13:15:00,30,heterogeneous,0.15063242299839077,0.07657984032466839
stress,2020-03-12,13:15:00,30,time_of_day,0.01997320631987437,0.035998699544785934
stress,2020-03-12,13:15:00,30,factor_spy,0.06398216684786145,0.07675365896191541
stress,2020-03-12,13:15:00,30,quadratic_c0_etf,0.08048753723543542,0.08033940554171806
stress,2020-03-12,13:15:00,30,quadratic_c0_single,0.02394234467656381,0.0353446354528518
stress,2020-03-12,13:30:00,1,quadratic_c0,-0.08481585464140032,-0.062048700693782016
stress,2020-03-12,13:30:00,1,independent_ou,-0.061801079304608014,-0.0329753423740316
stress,2020-03-12,13:30:00,1,flexible_moments,-0.06743845714273497,-0.04411348637453252
stress,2020-03-12,13:30:00,1,heterogeneous,-0.10687033630606102,-0.07661283000679707
stress,2020-03-12,13:30:00,1,time_of_day,-0.07787733174433628,-0.05601140492469503
stress,2020-03-12,13:30:00,1,factor_spy,0.013160440274193774,0.014917558944646442
stress,2020-03-12,13:30:00,1,quadratic_c0_etf,0.15332959014140862,0.11536752552423862
stress,2020-03-12,13:30:00,1,quadratic_c0_single,-0.05520849830903446,-0.04751419196487386
stress,2020-03-12,13:30:00,5,quadratic_c0,0.04531353049123077,0.025411072812815044
stress,2020-03-12,13:30:00,5,independent_ou,0.03686730480428568,0.041609213691823146
stress,2020-03-12,13:30:00,5,flexible_moments,0.11293239135472305,0.10265374923576663
stress,2020-03-12,13:30:00,5,heterogeneous,-0.0042478584558401505,0.0029887885115150725
stress,2020-03-12,13:30:00,5,time_of_day,-0.04371855997751066,-0.03811426715173794
stress,2020-03-12,13:30:00,5,factor_spy,0.1147540012039785,0.07319150923681957
stress,2020-03-12,13:30:00,5,quadratic_c0_etf,0.36513879661723886,0.3633107979652982
stress,2020-03-12,13:30:00,5,quadratic_c0_single,0.066333816361165,0.06371209667012247
stress,2020-03-12,13:30:00,15,quadratic_c0,0.01706357211752954,0.011539330288848737
stress,2020-03-12,13:30:00,15,independent_ou,-0.05980714189945929,-0.04835064053203787
stress,2020-03-12,13:30:00,15,flexible_moments,-0.017239977326623468,0.004854780572385892
stress,2020-03-12,13:30:00,15,heterogeneous,0.015187145769008092,0.03143432127966089
stress,2020-03-12,13:30:00,15,time_of_day,0.028532338699086446,0.0523514466939595
stress,2020-03-12,13:30:00,15,factor_spy,0.13935841250272438,0.14697430946570159
stress,2020-03-12,13:30:00,15,quadratic_c0_etf,0.22798994844496676,0.23759908559969087
stress,2020-03-12,13:30:00,15,quadratic_c0_single,0.041761058552006125,0.04918732496431
stress,2020-03-12,13:30:00,30,quadratic_c0,-0.02717052863029376,-0.00442212217763488
stress,2020-03-12,13:30:00,30,independent_ou,-0.11067804293976172,-0.08760029450676013
stress,2020-03-12,13:30:00,30,flexible_moments,-0.11677073470907523,-0.10495027374326388
stress,2020-03-12,13:30:00,30,heterogeneous,-0.10236896270117898,-0.09478122650574114
stress,2020-03-12,13:30:00,30,time_of_day,-0.08762460704220029,-0.06791364118908103
stress,2020-03-12,13:30:00,30,factor_spy,-0.1334148426552207,-0.12161968532374033
stress,2020-03-12,13:30:00,30,quadratic_c0_etf,0.3486019434399079,0.3373037351592032
stress,2020-03-12,13:30:00,30,quadratic_c0_single,-0.08570199591514116,-0.07552211215959964
stress,2020-03-12,13:45:00,1,quadratic_c0,0.07394798133383959,0.08483517366024645
stress,2020-03-12,13:45:00,1,independent_ou,-0.0027975248154730736,0.028306214289737786
stress,2020-03-12,13:45:00,1,flexible_moments,0.03637963965631261,0.05438194702552704
stress,2020-03-12,13:45:00,1,heterogeneous,0.17474393049680734,0.14257032876559456
stress,2020-03-12,13:45:00,1,time_of_day,0.09445426534001841,0.1028901768349608
stress,2020-03-12,13:45:00,1,factor_spy,0.16128273401344487,0.1548337663656023
stress,2020-03-12,13:45:00,1,quadratic_c0_etf,0.15755390268573907,0.13980813572173678
stress,2020-03-12,13:45:00,1,quadratic_c0_single,0.08511772399593934,0.08582913619134958
stress,2020-03-12,13:45:00,5,quadratic_c0,0.00903128278264212,0.014709906351038485
stress,2020-03-12,13:45:00,5,independent_ou,0.037717533442225754,0.05007914525138142
stress,2020-03-12,13:45:00,5,flexible_moments,0.05799325295062649,0.06772053241626617
stress,2020-03-12,13:45:00,5,heterogeneous,0.015656524021687407,0.018849698955027486
stress,2020-03-12,13:45:00,5,time_of_day,-0.039899051437978394,-0.02205697412391487
stress,2020-03-12,13:45:00,5,factor_spy,0.05458749914865063,0.06679571897259258
stress,2020-03-12,13:45:00,5,quadratic_c0_etf,0.14221155730508944,0.1461140849323856
stress,2020-03-12,13:45:00,5,quadratic_c0_single,0.03886389974758489,0.03327988104451075
stress,2020-03-12,13:45:00,15,quadratic_c0,0.008038226342409721,-0.009724698178274815
stress,2020-03-12,13:45:00,15,independent_ou,-0.06790079039995237,-0.06109850162441752
stress,2020-03-12,13:45:00,15,flexible_moments,-0.07363044962882417,-0.08342437117053764
stress,2020-03-12,13:45:00,15,heterogeneous,0.01724920599064997,0.0290166445723819
stress,2020-03-12,13:45:00,15,time_of_day,-0.06157249528033443,-0.05224604092617238
stress,2020-03-12,13:45:00,15,factor_spy,-0.11353042528747645,-0.11439737878174237
stress,2020-03-12,13:45:00,15,quadratic_c0_etf,0.31343254279737987,0.25073016445968577
stress,2020-03-12,13:45:00,15,quadratic_c0_single,-0.040420475800967415,-0.06226898896479696
stress,2020-03-12,13:45:00,30,quadratic_c0,-0.09220589596824377,-0.06104433136873744
stress,2020-03-12,13:45:00,30,independent_ou,0.01771183483490446,0.060374967801947343
stress,2020-03-12,13:45:00,30,flexible_moments,0.0937909425127677,0.08874714465086131
stress,2020-03-12,13:45:00,30,heterogeneous,0.04224592345508804,0.016152667091167444
stress,2020-03-12,13:45:00,30,time_of_day,-0.09740551599708355,-0.0786440717458706
stress,2020-03-12,13:45:00,30,factor_spy,0.014542917650228082,0.026381319876880333
stress,2020-03-12,13:45:00,30,quadratic_c0_etf,0.039576548264097344,0.06452549839328481
stress,2020-03-12,13:45:00,30,quadratic_c0_single,0.012146558875643532,0.04401356577182025
stress,2020-03-12,14:00:00,1,quadratic_c0,0.0620042275026472,0.0674687934684007
stress,2020-03-12,14:00:00,1,independent_ou,0.034296451083069696,0.05235714180813253
stress,2020-03-12,14:00:00,1,flexible_moments,0.03830593710333094,0.049491738461932375
stress,2020-03-12,14:00:00,1,heterogeneous,0.1476061229173217,0.15205665392606874
stress,2020-03-12,14:00:00,1,time_of_day,-0.02129978956898264,-0.007921922238769794
stress,2020-03-12,14:00:00,1,factor_spy,0.026193891035941913,0.04654045892299119
stress,2020-03-12,14:00:00,1,quadratic_c0_etf,0.2734325974219486,0.268198995556333
stress,2020-03-12,14:00:00,1,quadratic_c0_single,0.10961443006184213,0.1155753730750898
stress,2020-03-12,14:00:00,5,quadratic_c0,0.0007982765359647037,-0.009216555630502665
stress,2020-03-12,14:00:00,5,independent_ou,0.10201682199341508,0.10276462548360318
stress,2020-03-12,14:00:00,5,flexible_moments,0.12810411119394852,0.14406185041356037
stress,2020-03-12,14:00:00,5,heterogeneous,0.09908871298859781,0.0922163177583333
stress,2020-03-12,14:00:00,5,time_of_day,0.164384909516732,0.16819875410390053
stress,2020-03-12,14:00:00,5,factor_spy,0.026396153396445104,0.024588249606071422
stress,2020-03-12,14:00:00,5,quadratic_c0_etf,0.4509379651785662,0.42637288678120566
stress,2020-03-12,14:00:00,5,quadratic_c0_single,0.12062222035770284,0.10887342504706873
stress,2020-03-12,14:00:00,15,quadratic_c0,0.06105184827142235,0.050973057838995944
stress,2020-03-12,14:00:00,15,independent_ou,0.05370986056169544,0.04123445728676875
stress,2020-03-12,14:00:00,15,flexible_moments,0.0874398875080705,0.054506066728791214
stress,2020-03-12,14:00:00,15,heterogeneous,0.06455585948965212,0.06269363541945813
stress,2020-03-12,14:00:00,15,time_of_day,0.008489419628431638,-0.012776663533175386
stress,2020-03-12,14:00:00,15,factor_spy,0.05350503910600146,0.0008776492004602954
stress,2020-03-12,14:00:00,15,quadratic_c0_etf,0.24684482281021378,0.171448039667631
stress,2020-03-12,14:00:00,15,quadratic_c0_single,0.13990404512425184,0.1459484851215065
stress,2020-03-12,14:00:00,30,quadratic_c0,0.06635151031771011,0.09120780254405422
stress,2020-03-12,14:00:00,30,independent_ou,-0.012870176252647053,0.01676694383281324
stress,2020-03-12,14:00:00,30,flexible_moments,-0.0326125565886847,0.0055864704625391
stress,2020-03-12,14:00:00,30,heterogeneous,0.06370006808021941,0.0922746758227953
stress,2020-03-12,14:00:00,30,time_of_day,-0.06213319110746568,-0.02638933984601323
stress,2020-03-12,14:00:00,30,factor_spy,0.048457287379022135,0.060151100526614154
stress,2020-03-12,14:00:00,30,quadratic_c0_etf,-0.08606863460527608,-0.05283315695105041
stress,2020-03-12,14:00:00,30,quadratic_c0_single,0.14226531104267728,0.1733167445004409
stress,2020-03-12,14:15:00,1,quadratic_c0,-0.03432448424301571,-0.015614956208472253
stress,2020-03-12,14:15:00,1,independent_ou,-0.013756732680288486,-0.01784718122249568
stress,2020-03-12,14:15:00,1,flexible_moments,0.06513906486579796,0.08836978600420342
stress,2020-03-12,14:15:00,1,heterogeneous,-0.1674435123201356,-0.14794448777598904
stress,2020-03-12,14:15:00,1,time_of_day,-0.13460681672040503,-0.11028958488235263
stress,2020-03-12,14:15:00,1,factor_spy,0.04263384407125975,0.0567069910684192
stress,2020-03-12,14:15:00,1,quadratic_c0_etf,-0.10230315473292961,-0.07733359644880558
stress,2020-03-12,14:15:00,1,quadratic_c0_single,0.007827302436645589,0.0067534745918149675
stress,2020-03-12,14:15:00,5,quadratic_c0,-0.14983513719985422,-0.13839570570206902
stress,2020-03-12,14:15:00,5,independent_ou,-0.13139050692633028,-0.10769262286399825
stress,2020-03-12,14:15:00,5,flexible_moments,-0.11101170680459138,-0.08806697178985137
stress,2020-03-12,14:15:00,5,heterogeneous,-0.06768934438159369,-0.04862410759540142
stress,2020-03-12,14:15:00,5,time_of_day,-0.16262584524891233,-0.12850622694268488
stress,2020-03-12,14:15:00,5,factor_spy,-0.10426213105782917,-0.06576898310362417
stress,2020-03-12,14:15:00,5,quadratic_c0_etf,0.22383254772261563,0.06402683026116313
stress,2020-03-12,14:15:00,5,quadratic_c0_single,-0.17636544817682331,-0.15349252775657146
stress,2020-03-12,14:15:00,15,quadratic_c0,0.10887734183934877,0.12858536151996908
stress,2020-03-12,14:15:00,15,independent_ou,0.1155462324218613,0.12815701248258687
stress,2020-03-12,14:15:00,15,flexible_moments,0.08756571969835042,0.08801265501594406
stress,2020-03-12,14:15:00,15,heterogeneous,0.09650724169231795,0.10882506161233534
stress,2020-03-12,14:15:00,15,time_of_day,-0.01194328160461064,0.006869095850417534
stress,2020-03-12,14:15:00,15,factor_spy,0.14899720275194983,0.14131708484099198
stress,2020-03-12,14:15:00,15,quadratic_c0_etf,0.33113247187058986,0.34763113260627765
stress,2020-03-12,14:15:00,15,quadratic_c0_single,0.09500005694714436,0.09794309377451506
stress,2020-03-12,14:15:00,30,quadratic_c0,-0.061168589337254886,-0.061615670596876365
stress,2020-03-12,14:15:00,30,independent_ou,-0.12601110982598734,-0.10448922182773775
stress,2020-03-12,14:15:00,30,flexible_moments,-0.010990464068730776,0.017566455654900892
stress,2020-03-12,14:15:00,30,heterogeneous,-0.08735327177126095,-0.06122061379376764
stress,2020-03-12,14:15:00,30,time_of_day,-0.16043334575687807,-0.12527311744666866
stress,2020-03-12,14:15:00,30,factor_spy,-0.14055947104570377,-0.10673508638451694
stress,2020-03-12,14:15:00,30,quadratic_c0_etf,0.23682608470969557,0.12992697305376777
stress,2020-03-12,14:15:00,30,quadratic_c0_single,-0.031519164820296874,-0.019071125571754527
stress,2020-03-12,14:30:00,1,quadratic_c0,0.03907473794586125,0.0587196790451229
stress,2020-03-12,14:30:00,1,independent_ou,-0.005733496809588373,0.012976223737459519
stress,2020-03-12,14:30:00,1,flexible_moments,0.051780688715734075,0.10519754398679401
stress,2020-03-12,14:30:00,1,heterogeneous,0.08455061600150218,0.10207853319116952
stress,2020-03-12,14:30:00,1,time_of_day,-0.02012135110104943,0.014055190681320356
stress,2020-03-12,14:30:00,1,factor_spy,0.030611661701095833,0.0698864903599396
stress,2020-03-12,14:30:00,1,quadratic_c0_etf,0.0043243075035302725,0.06168414183762841
stress,2020-03-12,14:30:00,1,quadratic_c0_single,0.08433711712408051,0.11475616286509313
stress,2020-03-12,14:30:00,5,quadratic_c0,-0.025980850067457817,-0.0065002161211909215
stress,2020-03-12,14:30:00,5,independent_ou,-0.07958881148992403,-0.053631087284710485
stress,2020-03-12,14:30:00,5,flexible_moments,-0.06926734021935653,-0.04092202955234557
stress,2020-03-12,14:30:00,5,heterogeneous,-0.03082568444561498,-0.004163908460404986
stress,2020-03-12,14:30:00,5,time_of_day,-0.11688329741946975,-0.07733054218926114
stress,2020-03-12,14:30:00,5,factor_spy,0.024265238587500015,0.03545794519842088
stress,2020-03-12,14:30:00,5,quadratic_c0_etf,0.09398309382254749,0.09220781935059721
stress,2020-03-12,14:30:00,5,quadratic_c0_single,-0.05539947280077659,-0.03557241874103362
stress,2020-03-12,14:30:00,15,quadratic_c0,-0.06698754923435571,-0.051559862972323026
stress,2020-03-12,14:30:00,15,independent_ou,-0.0609557774820072,-0.04291930375889605
stress,2020-03-12,14:30:00,15,flexible_moments,0.003526380620163111,0.023727088410699787
stress,2020-03-12,14:30:00,15,heterogeneous,-0.032971153940011266,-0.03316024564296591
stress,2020-03-12,14:30:00,15,time_of_day,-0.10702165842472681,-0.08149256317417583
stress,2020-03-12,14:30:00,15,factor_spy,-0.08501558387389332,-0.06714404629056772
stress,2020-03-12,14:30:00,15,quadratic_c0_etf,-0.018373164445623813,0.009413848597861485
stress,2020-03-12,14:30:00,15,quadratic_c0_single,-0.003892591672829959,0.007857854141521625
stress,2020-03-12,14:30:00,30,quadratic_c0,0.013044796757455374,0.03756768993498738
stress,2020-03-12,14:30:00,30,independent_ou,-0.08110720379868935,-0.07743256463388919
stress,2020-03-12,14:30:00,30,flexible_moments,-0.0677299548574607,-0.03139216336268899
stress,2020-03-12,14:30:00,30,heterogeneous,-0.03783402109626602,-0.024867598037460498
stress,2020-03-12,14:30:00,30,time_of_day,0.0004054000541209579,0.031160819025949332
stress,2020-03-12,14:30:00,30,factor_spy,-0.10956392943147097,-0.08345093441614129
stress,2020-03-12,14:30:00,30,quadratic_c0_etf,0.09998028303465259,0.1102243918366515
stress,2020-03-12,14:30:00,30,quadratic_c0_single,0.0042619674949575526,0.026321937344256224
stress,2020-03-12,14:45:00,1,quadratic_c0,0.055435769641622695,0.061126406484693904
stress,2020-03-12,14:45:00,1,independent_ou,0.023945608613793468,0.03322087939980396
stress,2020-03-12,14:45:00,1,flexible_moments,0.03179525440888445,0.05192303378278969
stress,2020-03-12,14:45:00,1,heterogeneous,0.05867296646233447,0.0710154310886031
stress,2020-03-12,14:45:00,1,time_of_day,-0.018209191813219255,-0.017753385449990194
stress,2020-03-12,14:45:00,1,factor_spy,0.004672508086901561,0.007974410185536948
stress,2020-03-12,14:45:00,1,quadratic_c0_etf,0.1401433313340134,0.11435956568757204
stress,2020-03-12,14:45:00,1,quadratic_c0_single,0.09056971480480519,0.07653194551048613
stress,2020-03-12,14:45:00,5,quadratic_c0,-0.031552711797029814,-0.013446989374834434
stress,2020-03-12,14:45:00,5,independent_ou,-0.01562900099206055,-0.03762038770170137
stress,2020-03-12,14:45:00,5,flexible_moments,-0.043901939643883614,-0.05111465005941643
stress,2020-03-12,14:45:00,5,heterogeneous,0.026619822382989017,0.00456817587947958
stress,2020-03-12,14:45:00,5,time_of_day,-0.04421641381090516,-0.03099503188468941
stress,2020-03-12,14:45:00,5,factor_spy,-0.005424044804524741,-0.005969646037562226
stress,2020-03-12,14:45:00,5,quadratic_c0_etf,-0.018157037070329785,-0.04030976231371358
stress,2020-03-12,14:45:00,5,quadratic_c0_single,-0.012260659406019087,-0.0008093612298892827
stress,2020-03-12,14:45:00,15,quadratic_c0,-0.07062400454128068,-0.08079379672511053
stress,2020-03-12,14:45:00,15,independent_ou,-0.08042948591615429,-0.11595630950780657
stress,2020-03-12,14:45:00,15,flexible_moments,0.0016731489852592762,-0.01628326605696434
stress,2020-03-12,14:45:00,15,heterogeneous,-0.015334828533027561,-0.04979483668841547
stress,2020-03-12,14:45:00,15,time_of_day,0.010485243012640283,0.011539050260530759
stress,2020-03-12,14:45:00,15,factor_spy,-0.014460387760309418,-0.03180565727412121
stress,2020-03-12,14:45:00,15,quadratic_c0_etf,0.11228008670149922,0.07956205378026918
stress,2020-03-12,14:45:00,15,quadratic_c0_single,0.04635260178331471,0.016984996005153796
stress,2020-03-12,14:45:00,30,quadratic_c0,0.004971295921627039,0.009878590508035245
stress,2020-03-12,14:45:00,30,independent_ou,0.02356424882433089,0.03840977923913297
stress,2020-03-12,14:45:00,30,flexible_moments,-0.00458323309671782,-0.01870659861411575
stress,2020-03-12,14:45:00,30,heterogeneous,0.12298777720135262,0.13554967434259224
stress,2020-03-12,14:45:00,30,time_of_day,-0.025913014879737295,-0.01933274316298364
stress,2020-03-12,14:45:00,30,factor_spy,-0.010102378590008232,-0.03544661432736784
stress,2020-03-12,14:45:00,30,quadratic_c0_etf,0.28528521396369766,0.2747616171981661
stress,2020-03-12,14:45:00,30,quadratic_c0_single,-0.036636637032667174,-0.03431854251862587
stress,2020-03-12,15:00:00,1,quadratic_c0,-0.015530619601432233,-0.006652291100838648
stress,2020-03-12,15:00:00,1,independent_ou,-0.03525698915080708,-0.02622147735429109
stress,2020-03-12,15:00:00,1,flexible_moments,0.016795312497882353,-0.007266822288424735
stress,2020-03-12,15:00:00,1,heterogeneous,0.016140344610591384,0.015527169837488919
stress,2020-03-12,15:00:00,1,time_of_day,-0.10773240252369456,-0.09562849031106928
stress,2020-03-12,15:00:00,1,factor_spy,0.0025523618507926615,0.005467959451364995
stress,2020-03-12,15:00:00,1,quadratic_c0_etf,0.04260226643434506,0.04014933698094586
stress,2020-03-12,15:00:00,1,quadratic_c0_single,-0.004758500067270854,0.000718163256614307
stress,2020-03-12,15:00:00,5,quadratic_c0,-0.026942342543766373,-0.02943395927133141
stress,2020-03-12,15:00:00,5,independent_ou,-0.19153973942774732,-0.17364696646580619
stress,2020-03-12,15:00:00,5,flexible_moments,0.02397410990798804,0.02880814545365229
stress,2020-03-12,15:00:00,5,heterogeneous,-0.1742313547183029,-0.16395800864652774
stress,2020-03-12,15:00:00,5,time_of_day,-0.1708173371918305,-0.1629284846381812
stress,2020-03-12,15:00:00,5,factor_spy,-0.09812660398906814,-0.07578242664556256
stress,2020-03-12,15:00:00,5,quadratic_c0_etf,-0.09444453736462816,-0.10441826284472061
stress,2020-03-12,15:00:00,5,quadratic_c0_single,0.00935505968939171,-0.0028891042705335712
stress,2020-03-12,15:00:00,15,quadratic_c0,0.041275058063452136,0.04433870797183749
stress,2020-03-12,15:00:00,15,independent_ou,0.031303220938254384,0.015843516735753058
stress,2020-03-12,15:00:00,15,flexible_moments,0.18547938664557848,0.17798070723147746
stress,2020-03-12,15:00:00,15,heterogeneous,0.14263761424880508,0.1404642500655825
stress,2020-03-12,15:00:00,15,time_of_day,0.12204861299878586,0.1193269937842502
stress,2020-03-12,15:00:00,15,factor_spy,0.06439974603128473,0.045336430388721385
stress,2020-03-12,15:00:00,15,quadratic_c0_etf,0.057935035940983454,0.06265776684990369
stress,2020-03-12,15:00:00,15,quadratic_c0_single,0.0811036505392283,0.08043394248392492
stress,2020-03-12,15:00:00,30,quadratic_c0,0.033491154230637074,0.0365125941326557
stress,2020-03-12,15:00:00,30,independent_ou,0.10149164361084327,0.07995969281537846
stress,2020-03-12,15:00:00,30,flexible_moments,0.24762853857443712,0.21419930897317968
stress,2020-03-12,15:00:00,30,heterogeneous,0.07435237434549614,0.06400812616215903
stress,2020-03-12,15:00:00,30,time_of_day,0.09892916653421034,0.09411015605798889
stress,2020-03-12,15:00:00,30,factor_spy,0.060226865533299354,0.04735557005619653
stress,2020-03-12,15:00:00,30,quadratic_c0_etf,0.10785582913335907,0.11170896557746235
stress,2020-03-12,15:00:00,30,quadratic_c0_single,0.05687756263347592,0.0721257595531683
stress,2020-03-12,15:15:00,1,quadratic_c0,-0.0022784714880988433,-0.0017331907519727574
stress,2020-03-12,15:15:00,1,independent_ou,-0.011493213972724736,0.005593641394443988
stress,2020-03-12,15:15:00,1,flexible_moments,0.034681087121694015,0.053825384035133456
stress,2020-03-12,15:15:00,1,heterogeneous,0.0737610866771557,0.058664881823633386
stress,2020-03-12,15:15:00,1,time_of_day,-0.0029002566764154414,-0.012459847413268055
stress,2020-03-12,15:15:00,1,factor_spy,-0.04578635287988181,-0.027276022450190673
stress,2020-03-12,15:15:00,1,quadratic_c0_etf,0.08253981061509286,0.09532875770156576
stress,2020-03-12,15:15:00,1,quadratic_c0_single,0.005735832358590154,0.0028398315000058294
stress,2020-03-12,15:15:00,5,quadratic_c0,-0.0767515825285903,-0.06730698759265216
stress,2020-03-12,15:15:00,5,independent_ou,-0.062285791495360815,-0.06212695685348768
stress,2020-03-12,15:15:00,5,flexible_moments,-0.12711735410953945,-0.13063956494656281
stress,2020-03-12,15:15:00,5,heterogeneous,-0.15085449544789958,-0.13896366097781387
stress,2020-03-12,15:15:00,5,time_of_day,-0.18823360288247457,-0.17055028792641114
stress,2020-03-12,15:15:00,5,factor_spy,-0.11170667347911023,-0.10137781238982102
stress,2020-03-12,15:15:00,5,quadratic_c0_etf,0.03749379693902127,0.05226146828726236
stress,2020-03-12,15:15:00,5,quadratic_c0_single,0.03334315054569026,0.04332429406361005
stress,2020-03-12,15:15:00,15,quadratic_c0,0.12109180935360925,0.1004567601902527
stress,2020-03-12,15:15:00,15,independent_ou,0.043770402904059036,0.030069078052260292
stress,2020-03-12,15:15:00,15,flexible_moments,0.06604047185749895,0.05038029660425315
stress,2020-03-12,15:15:00,15,heterogeneous,0.08502405836930277,0.06361286778054888
stress,2020-03-12,15:15:00,15,time_of_day,0.09511910978028726,0.0755066452182259
stress,2020-03-12,15:15:00,15,factor_spy,0.07324120108828894,0.033121834593778474
stress,2020-03-12,15:15:00,15,quadratic_c0_etf,0.3112948838727953,0.20385771288710408
stress,2020-03-12,15:15:00,15,quadratic_c0_single,0.09606917108408444,0.0828265013798012
stress,2020-03-12,15:15:00,30,quadratic_c0,0.10264207552069125,0.08507513028526181
stress,2020-03-12,15:15:00,30,independent_ou,0.16684383026138694,0.16276921063506888
stress,2020-03-12,15:15:00,30,flexible_moments,0.2553859661433846,0.24602565704663118
stress,2020-03-12,15:15:00,30,heterogeneous,0.17651938221031005,0.14104673333522494
stress,2020-03-12,15:15:00,30,time_of_day,0.08194283317221947,0.0751399436925469
stress,2020-03-12,15:15:00,30,factor_spy,0.02448867675803547,0.021445026353906785
stress,2020-03-12,15:15:00,30,quadratic_c0_etf,0.24353567009192373,0.20382612517517393
stress,2020-03-12,15:15:00,30,quadratic_c0_single,0.0868954513989879,0.07669783734216945
stress,2020-03-12,15:30:00,1,quadratic_c0,-0.009663243827888468,0.003023496069767817
stress,2020-03-12,15:30:00,1,independent_ou,0.03551733010846064,0.015389545306623273
stress,2020-03-12,15:30:00,1,flexible_moments,0.021905520421566793,0.019879674716101012
stress,2020-03-12,15:30:00,1,heterogeneous,0.01283100620203026,0.012102936512281726
stress,2020-03-12,15:30:00,1,time_of_day,0.08094969505605926,0.07612301250151902
stress,2020-03-12,15:30:00,1,factor_spy,0.06004768225101467,0.057819532337459054
stress,2020-03-12,15:30:00,1,quadratic_c0_etf,0.08935151643290903,0.08226279433446769
stress,2020-03-12,15:30:00,1,quadratic_c0_single,0.03359112191934899,0.04241549738989596
stress,2020-03-12,15:30:00,5,quadratic_c0,0.013199223124902043,-0.0029684117022430595
stress,2020-03-12,15:30:00,5,independent_ou,0.11975119766859701,0.11233694062375088
stress,2020-03-12,15:30:00,5,flexible_moments,0.02920253263515149,0.028937270515767666
stress,2020-03-12,15:30:00,5,heterogeneous,0.1046014965954023,0.08772410273856396
stress,2020-03-12,15:30:00,5,time_of_day,-0.05464156573739039,-0.045467224533226075
stress,2020-03-12,15:30:00,5,factor_spy,0.09449382218966007,0.09655706984149337
stress,2020-03-12,15:30:00,5,quadratic_c0_etf,0.23616798336669306,0.15612165153006072
stress,2020-03-12,15:30:00,5,quadratic_c0_single,0.06667561969017102,0.047692379666054135
stress,2020-03-12,15:30:00,15,quadratic_c0,0.01837671334789727,0.017319598545948167
stress,2020-03-12,15:30:00,15,independent_ou,0.075544996754817,0.07184014083444504
stress,2020-03-12,15:30:00,15,flexible_moments,0.16998932679703876,0.1484211044333076
stress,2020-03-12,15:30:00,15,heterogeneous,0.22398817229648965,0.19254959253564125
stress,2020-03-12,15:30:00,15,time_of_day,0.06506834342439648,0.05765112954394777
stress,2020-03-12,15:30:00,15,factor_spy,0.011568664734392248,-0.012737771548025661
stress,2020-03-12,15:30:00,15,quadratic_c0_etf,0.14031482909753412,0.14304495868713638
stress,2020-03-12,15:30:00,15,quadratic_c0_single,0.03394597017325686,0.029087887096398243
stress,2020-03-12,15:45:00,1,quadratic_c0,-0.05476093529647144,-0.013746834650601003
stress,2020-03-12,15:45:00,1,independent_ou,-0.014616536282620052,0.007469543860158773
stress,2020-03-12,15:45:00,1,flexible_moments,-0.038330316675166565,-0.02113574605466903
stress,2020-03-12,15:45:00,1,heterogeneous,-0.009181244647573389,0.028032012602745765
stress,2020-03-12,15:45:00,1,time_of_day,-0.16877942034464938,-0.11347282500709575
stress,2020-03-12,15:45:00,1,factor_spy,-0.07670734075011895,-0.03362830088802932
stress,2020-03-12,15:45:00,1,quadratic_c0_etf,0.04024906116443294,0.08732296847668145
stress,2020-03-12,15:45:00,1,quadratic_c0_single,-0.03346415616919299,-0.011384991278392903
stress,2020-03-12,15:45:00,5,quadratic_c0,-0.028113426426713467,-0.011151013252875472
stress,2020-03-12,15:45:00,5,independent_ou,0.08258208496760763,0.10042127764851849
stress,2020-03-12,15:45:00,5,flexible_moments,-0.03179051547185083,0.0038073878200251265
stress,2020-03-12,15:45:00,5,heterogeneous,0.01677534417505827,0.0450664096665577
stress,2020-03-12,15:45:00,5,time_of_day,-0.11711757459656409,-0.07790444768305488
stress,2020-03-12,15:45:00,5,factor_spy,0.02987666835775385,0.043830821637745127
stress,2020-03-12,15:45:00,5,quadratic_c0_etf,0.2252698206945071,0.20855427528931303
stress,2020-03-12,15:45:00,5,quadratic_c0_single,-0.01574151168406343,0.0018055069241937338
stress_fixed_am_pm,2020-03-12,10:00:00,300,quadratic_c0,0.024133146691727947,0.012884983311287512
stress_fixed_am_pm,2020-03-12,10:00:00,300,independent_ou,0.09001072972454832,0.09248773096130014
stress,2020-03-16,09:45:00,1,quadratic_c0,-0.04382385731504854,-0.021829594287512494
stress,2020-03-16,09:45:00,1,independent_ou,0.008059159605085658,0.01088142318566021
stress,2020-03-16,09:45:00,1,flexible_moments,-0.08248753311015622,-0.0686630099385614
stress,2020-03-16,09:45:00,1,heterogeneous,0.09103548275715384,0.09273390079160662
stress,2020-03-16,09:45:00,1,time_of_day,-0.05002269905199852,-0.0340354068679882
stress,2020-03-16,09:45:00,1,factor_spy,0.029759678396703293,0.015037167830506737
stress,2020-03-16,09:45:00,1,quadratic_c0_etf,0.13382335460871353,0.16838824825045076
stress,2020-03-16,09:45:00,1,quadratic_c0_single,-0.014947670508988903,0.013184019853868217
stress,2020-03-16,09:45:00,5,quadratic_c0,0.30511334275718305,0.25042154317863874
stress,2020-03-16,09:45:00,5,independent_ou,0.21160030596821347,0.1681821955181728
stress,2020-03-16,09:45:00,5,flexible_moments,0.1686839310161831,0.1519536253096381
stress,2020-03-16,09:45:00,5,heterogeneous,0.12935817446289896,0.10439552425822116
stress,2020-03-16,09:45:00,5,time_of_day,0.14316114820916317,0.11862139161972268
stress,2020-03-16,09:45:00,5,factor_spy,0.1796232986434095,0.13733987709751186
stress,2020-03-16,09:45:00,5,quadratic_c0_etf,0.30601428739722936,0.24356650446002745
stress,2020-03-16,09:45:00,5,quadratic_c0_single,0.3332330457648319,0.2752601669801641
stress,2020-03-16,09:45:00,15,quadratic_c0,-0.03914162074994654,-0.014695704680212696
stress,2020-03-16,09:45:00,15,independent_ou,-0.022445562053375168,-0.03989158117794747
stress,2020-03-16,09:45:00,15,flexible_moments,0.028328730540029323,0.03666401687946519
stress,2020-03-16,09:45:00,15,heterogeneous,0.08685902831511683,0.11699877253457897
stress,2020-03-16,09:45:00,15,time_of_day,-0.12277285036505914,-0.10030256978865255
stress,2020-03-16,09:45:00,15,factor_spy,-0.1263822261175678,-0.09902341363237536
stress,2020-03-16,09:45:00,15,quadratic_c0_etf,0.48356987889242975,0.49714286162592547
stress,2020-03-16,09:45:00,15,quadratic_c0_single,-0.15780704659585204,-0.12700896550323088
stress,2020-03-16,09:45:00,30,quadratic_c0,-0.010782499995056816,0.015443171195238886
stress,2020-03-16,09:45:00,30,independent_ou,-0.11478150318415162,-0.06441582809226626
stress,2020-03-16,09:45:00,30,flexible_moments,0.16161848320273992,0.20854016640137896
stress,2020-03-16,09:45:00,30,heterogeneous,-0.12551003031277363,-0.07088710756235236
stress,2020-03-16,09:45:00,30,time_of_day,-0.06581237777008611,-0.027121495019378716
stress,2020-03-16,09:45:00,30,factor_spy,-0.040242410301287196,-0.010930325961976795
stress,2020-03-16,09:45:00,30,quadratic_c0_etf,0.005785197595375657,-0.017331922900519853
stress,2020-03-16,09:45:00,30,quadratic_c0_single,0.021426909751064982,0.03246459585112943
stress,2020-03-16,10:00:00,1,quadratic_c0,0.020111154912983098,0.037589074550823415
stress,2020-03-16,10:00:00,1,independent_ou,-0.001843084093942099,0.004727646289139881
stress,2020-03-16,10:00:00,1,flexible_moments,-0.02856251271219265,-0.01249175247666276
stress,2020-03-16,10:00:00,1,heterogeneous,-0.048097619878718606,-0.03924477770001425
stress,2020-03-16,10:00:00,1,time_of_day,-0.07399656278663774,-0.06523908349578889
stress,2020-03-16,10:00:00,1,factor_spy,-0.023656583055988722,-0.018405029308299015
stress,2020-03-16,10:00:00,1,quadratic_c0_etf,0.3071651740281283,0.23622729208339224
stress,2020-03-16,10:00:00,1,quadratic_c0_single,-0.03165075049439778,-0.020485140045910066
stress,2020-03-16,10:00:00,5,quadratic_c0,0.14294141110086772,0.12414991149360224
stress,2020-03-16,10:00:00,5,independent_ou,0.14323106777268024,0.12034288934333612
stress,2020-03-16,10:00:00,5,flexible_moments,0.195375825317623,0.1843305609703925
stress,2020-03-16,10:00:00,5,heterogeneous,0.16833253030344597,0.15966341998874847
stress,2020-03-16,10:00:00,5,time_of_day,0.009612718333568457,0.01283453122633657
stress,2020-03-16,10:00:00,5,factor_spy,0.1608380721796362,0.12115249232195435
stress,2020-03-16,10:00:00,5,quadratic_c0_etf,0.14532902840207523,0.1496964904603048
stress,2020-03-16,10:00:00,5,quadratic_c0_single,0.16788843706028855,0.13280535059842902
stress,2020-03-16,10:00:00,15,quadratic_c0,0.12858978342656296,0.13788455948513106
stress,2020-03-16,10:00:00,15,independent_ou,0.17784108572645074,0.15387149428885238
stress,2020-03-16,10:00:00,15,flexible_moments,0.24595171256616566,0.2374632242378338
stress,2020-03-16,10:00:00,15,heterogeneous,0.12107451532766787,0.1313145684003998
stress,2020-03-16,10:00:00,15,time_of_day,0.09706715176681276,0.08739383093859618
stress,2020-03-16,10:00:00,15,factor_spy,-0.005272787823017433,0.0013859538660407345
stress,2020-03-16,10:00:00,15,quadratic_c0_etf,0.39630684127597116,0.3887286433771596
stress,2020-03-16,10:00:00,15,quadratic_c0_single,0.36994986055930673,0.3457378074968166
stress,2020-03-16,10:00:00,30,quadratic_c0,-0.029301764703380084,-0.029821922705300125
stress,2020-03-16,10:00:00,30,independent_ou,0.00046068265230392313,0.0024025515818121013
stress,2020-03-16,10:00:00,30,flexible_moments,0.01677125289598666,-0.005286178590590718
stress,2020-03-16,10:00:00,30,heterogeneous,0.03122918843866007,0.04006067735815966
stress,2020-03-16,10:00:00,30,time_of_day,-0.07448566411482882,-0.06204886851618825
stress,2020-03-16,10:00:00,30,factor_spy,0.03583767914114941,0.02753243674902278
stress,2020-03-16,10:00:00,30,quadratic_c0_etf,0.17495149618806732,0.14717034302543117
stress,2020-03-16,10:00:00,30,quadratic_c0_single,0.03922749629076985,0.036906709139581356
stress,2020-03-16,10:15:00,1,quadratic_c0,0.0015249930380593912,-0.0023972946767138598
stress,2020-03-16,10:15:00,1,independent_ou,0.0052522713656207864,-0.01873396159406357
stress,2020-03-16,10:15:00,1,flexible_moments,0.022201462849061132,0.022559560125904904
stress,2020-03-16,10:15:00,1,heterogeneous,0.023733929190161346,-0.0007074454086563597
stress,2020-03-16,10:15:00,1,time_of_day,0.0009596453833559948,0.012599248083304426
stress,2020-03-16,10:15:00,1,factor_spy,-0.029752237307795693,-0.03399179426491783
stress,2020-03-16,10:15:00,1,quadratic_c0_etf,0.11801931580495276,0.10740672335448989
stress,2020-03-16,10:15:00,1,quadratic_c0_single,0.025696189205162284,0.023509227836567725
stress,2020-03-16,10:15:00,5,quadratic_c0,0.07336972582726922,0.07856000073078788
stress,2020-03-16,10:15:00,5,independent_ou,0.0003728871667560696,0.019166555856027737
stress,2020-03-16,10:15:00,5,flexible_moments,-0.0006629668040207815,0.01879536804546464
stress,2020-03-16,10:15:00,5,heterogeneous,0.05454916763524742,0.06989996762690671
stress,2020-03-16,10:15:00,5,time_of_day,0.015208881278950592,0.022206746701560823
stress,2020-03-16,10:15:00,5,factor_spy,0.0736593509812446,0.08654300011648582
stress,2020-03-16,10:15:00,5,quadratic_c0_etf,0.44773031032801625,0.4241572780931846
stress,2020-03-16,10:15:00,5,quadratic_c0_single,0.04026342693247775,0.03845454009610903
stress,2020-03-16,10:15:00,15,quadratic_c0,0.011008382872266576,0.020052182394817875
stress,2020-03-16,10:15:00,15,independent_ou,-0.08228523166071175,-0.07484649413847197
stress,2020-03-16,10:15:00,15,flexible_moments,0.04173003577968504,0.060603692348451754
stress,2020-03-16,10:15:00,15,heterogeneous,-0.06868443748772418,-0.07701850863815884
stress,2020-03-16,10:15:00,15,time_of_day,-0.15589831641220941,-0.13819495642685448
stress,2020-03-16,10:15:00,15,factor_spy,-0.11430600339277244,-0.11457620674347069
stress,2020-03-16,10:15:00,15,quadratic_c0_etf,0.018593472194868677,0.012361240215508051
stress,2020-03-16,10:15:00,15,quadratic_c0_single,0.022235999263837403,0.031092438512585585
stress,2020-03-16,10:15:00,30,quadratic_c0,-0.116991569681382,-0.10411934549518279
stress,2020-03-16,10:15:00,30,independent_ou,-0.10522027602876396,-0.09499572354260878
stress,2020-03-16,10:15:00,30,flexible_moments,-0.10644115737895235,-0.09447887786872336
stress,2020-03-16,10:15:00,30,heterogeneous,-0.042892283699825756,-0.034630433676804545
stress,2020-03-16,10:15:00,30,time_of_day,-0.10094757793052164,-0.10841330805979382
stress,2020-03-16,10:15:00,30,factor_spy,-0.038663205031074704,-0.06341557805866843
stress,2020-03-16,10:15:00,30,quadratic_c0_etf,0.01700246501238395,0.003594141496184977
stress,2020-03-16,10:15:00,30,quadratic_c0_single,-0.1090057881400833,-0.0987211752829668
stress,2020-03-16,10:30:00,1,quadratic_c0,0.07238649996079288,0.029699585383342997
stress,2020-03-16,10:30:00,1,independent_ou,0.07634322394254667,0.0872903208188385
stress,2020-03-16,10:30:00,1,flexible_moments,-0.05432992970036343,-0.04517883223820916
stress,2020-03-16,10:30:00,1,heterogeneous,-0.03992304182806411,-0.039498150490393624
stress,2020-03-16,10:30:00,1,time_of_day,-0.11704449754879884,-0.09541647424096995
stress,2020-03-16,10:30:00,1,factor_spy,-0.012770934368591419,0.00744701914212087
stress,2020-03-16,10:30:00,1,quadratic_c0_etf,0.005721619305993325,0.01804006946593481
stress,2020-03-16,10:30:00,1,quadratic_c0_single,0.13729373328987604,0.11249356741341002
stress,2020-03-16,10:30:00,5,quadratic_c0,0.15395072233992352,0.17536451174610918
stress,2020-03-16,10:30:00,5,independent_ou,0.1526367814232233,0.16318266309980667
stress,2020-03-16,10:30:00,5,flexible_moments,0.11892843005694773,0.13348037397433604
stress,2020-03-16,10:30:00,5,heterogeneous,0.14564032874956223,0.14746677278133263
stress,2020-03-16,10:30:00,5,time_of_day,0.05208028677372742,0.05836178860250231
stress,2020-03-16,10:30:00,5,factor_spy,0.18011473501565073,0.18749469074013986
stress,2020-03-16,10:30:00,5,quadratic_c0_etf,0.0746445364700753,0.09190709620129021
stress,2020-03-16,10:30:00,5,quadratic_c0_single,0.23404312313844566,0.24264811974709172
stress,2020-03-16,10:30:00,15,quadratic_c0,-0.09435921942274608,-0.0818051506165578
stress,2020-03-16,10:30:00,15,independent_ou,-0.04197006421335353,-0.02428947441122986
stress,2020-03-16,10:30:00,15,flexible_moments,-0.049582523964673525,-0.023535594691603934
stress,2020-03-16,10:30:00,15,heterogeneous,-0.07056541887959555,-0.047910052833866096
stress,2020-03-16,10:30:00,15,time_of_day,-0.09785326181048756,-0.0964829673560555
stress,2020-03-16,10:30:00,15,factor_spy,-0.03317800954783376,-0.027183698210229257
stress,2020-03-16,10:30:00,15,quadratic_c0_etf,0.024160759433218493,-0.028115512119060132
stress,2020-03-16,10:30:00,15,quadratic_c0_single,-0.09669417826608348,-0.0717321878813961
stress,2020-03-16,10:30:00,30,quadratic_c0,-0.0669957256856166,-0.0427854790591983
stress,2020-03-16,10:30:00,30,independent_ou,0.010979255532541282,0.00835450071148075
stress,2020-03-16,10:30:00,30,flexible_moments,-0.04201434291808415,-0.024634378174550497
stress,2020-03-16,10:30:00,30,heterogeneous,0.1328849994576369,0.1336422306074261
stress,2020-03-16,10:30:00,30,time_of_day,-0.06446590125752544,-0.0553623647509931
stress,2020-03-16,10:30:00,30,factor_spy,0.00933126167026438,0.012887119241707157
stress,2020-03-16,10:30:00,30,quadratic_c0_etf,0.03069532394718133,0.039869526488842844
stress,2020-03-16,10:30:00,30,quadratic_c0_single,-0.027601593137436237,-0.0038352055508680816
stress,2020-03-16,10:45:00,1,quadratic_c0,0.031332343750159836,0.017681798756217115
stress,2020-03-16,10:45:00,1,independent_ou,-0.053270295447992694,-0.03260173749960196
stress,2020-03-16,10:45:00,1,flexible_moments,0.011623404700327883,0.023953476199785717
stress,2020-03-16,10:45:00,1,heterogeneous,0.034763431123787186,0.031091653249003204
stress,2020-03-16,10:45:00,1,time_of_day,-0.006192764566207654,0.004545540560822875
stress,2020-03-16,10:45:00,1,factor_spy,-0.013521438493632826,-0.008482126033889842
stress,2020-03-16,10:45:00,1,quadratic_c0_etf,0.01902814396557123,0.04336747671422994
stress,2020-03-16,10:45:00,1,quadratic_c0_single,0.05162932622790212,0.03398819852125595
stress,2020-03-16,10:45:00,5,quadratic_c0,0.02562249395918173,0.036738094557184006
stress,2020-03-16,10:45:00,5,independent_ou,0.03759838423674913,0.05393444032683374
stress,2020-03-16,10:45:00,5,flexible_moments,-0.049130375102128476,-0.029783559021155398
stress,2020-03-16,10:45:00,5,heterogeneous,0.14639719252042463,0.16199548766130328
stress,2020-03-16,10:45:00,5,time_of_day,-0.008927185498123186,0.013430620882606562
stress,2020-03-16,10:45:00,5,factor_spy,0.016375851967090987,0.0391953572243582
stress,2020-03-16,10:45:00,5,quadratic_c0_etf,0.19874367705769,0.19864150023657462
stress,2020-03-16,10:45:00,5,quadratic_c0_single,0.023070835843155224,0.04558981858416099
stress,2020-03-16,10:45:00,15,quadratic_c0,0.0748757411594666,0.09450578970768503
stress,2020-03-16,10:45:00,15,independent_ou,0.06337671823754279,0.08563693705426406
stress,2020-03-16,10:45:00,15,flexible_moments,0.12187489790637987,0.11768628410750195
stress,2020-03-16,10:45:00,15,heterogeneous,0.09446025673672367,0.08183985136784391
stress,2020-03-16,10:45:00,15,time_of_day,-0.026858239100474357,-0.00834522688099229
stress,2020-03-16,10:45:00,15,factor_spy,0.046970148011215906,0.0481656513917256
stress,2020-03-16,10:45:00,15,quadratic_c0_etf,0.16100780719407778,0.17878644465240018
stress,2020-03-16,10:45:00,15,quadratic_c0_single,0.08210324384983295,0.0872730864391239
stress,2020-03-16,10:45:00,30,quadratic_c0,0.0331962456903252,0.0507843824507217
stress,2020-03-16,10:45:00,30,independent_ou,-0.045989624643152316,-0.015896465859066317
stress,2020-03-16,10:45:00,30,flexible_moments,0.05586589498889266,0.06832275846337552
stress,2020-03-16,10:45:00,30,heterogeneous,-0.007279341118455129,0.024178550322171893
stress,2020-03-16,10:45:00,30,time_of_day,-0.08864244942345842,-0.05466865592375142
stress,2020-03-16,10:45:00,30,factor_spy,-0.09695489108535638,-0.06278741903469626
stress,2020-03-16,10:45:00,30,quadratic_c0_etf,0.014913189095728363,0.028721554189999998
stress,2020-03-16,10:45:00,30,quadratic_c0_single,0.05010484177819441,0.07092536641931371
stress,2020-03-16,11:00:00,1,quadratic_c0,0.049210698879773834,0.07915955695531268
stress,2020-03-16,11:00:00,1,independent_ou,0.03199909334329967,0.04097325413406258
stress,2020-03-16,11:00:00,1,flexible_moments,0.020939027156331946,0.04990000557167182
stress,2020-03-16,11:00:00,1,heterogeneous,0.004775536321148993,0.02669874001018792
stress,2020-03-16,11:00:00,1,time_of_day,0.0022063541626915206,0.025134569858416625
stress,2020-03-16,11:00:00,1,factor_spy,0.014940970826947286,0.032486581821455224
stress,2020-03-16,11:00:00,1,quadratic_c0_etf,0.061796110635662815,0.07552118465140101
stress,2020-03-16,11:00:00,1,quadratic_c0_single,0.0663171328701265,0.0870937301916315
stress,2020-03-16,11:00:00,5,quadratic_c0,-0.06422369946278729,-0.039395475854991216
stress,2020-03-16,11:00:00,5,independent_ou,0.13401433150047468,0.12865234674313203
stress,2020-03-16,11:00:00,5,flexible_moments,0.06630506659588797,0.054608440300060956
stress,2020-03-16,11:00:00,5,heterogeneous,0.037580036155467594,0.05161254603942739
stress,2020-03-16,11:00:00,5,time_of_day,-0.062047912432888624,-0.05044103201694311
stress,2020-03-16,11:00:00,5,factor_spy,0.14593669572233406,0.1471309329482046
stress,2020-03-16,11:00:00,5,quadratic_c0_etf,0.08437496133052222,0.07395001500868278
stress,2020-03-16,11:00:00,5,quadratic_c0_single,-0.02444833880720379,-0.011750545778465113
stress,2020-03-16,11:00:00,15,quadratic_c0,0.060709153030730933,0.0512055302967937
stress,2020-03-16,11:00:00,15,independent_ou,0.01611719084052135,0.004416255641866068
stress,2020-03-16,11:00:00,15,flexible_moments,0.06262198897130122,0.06988687827104759
stress,2020-03-16,11:00:00,15,heterogeneous,-0.07944678454418447,-0.07893675823385389
stress,2020-03-16,11:00:00,15,time_of_day,-0.054980844902103004,-0.04304826533108441
stress,2020-03-16,11:00:00,15,factor_spy,-0.05651801623455591,-0.04399867972865418
stress,2020-03-16,11:00:00,15,quadratic_c0_etf,0.03450887373840705,0.007141951082549142
stress,2020-03-16,11:00:00,15,quadratic_c0_single,0.09204936309537626,0.07014125683362413
stress,2020-03-16,11:00:00,30,quadratic_c0,0.13652635067118288,0.13638664138436501
stress,2020-03-16,11:00:00,30,independent_ou,0.11461554613188432,0.11297879222638625
stress,2020-03-16,11:00:00,30,flexible_moments,0.04675672708273507,0.06165634985939551
stress,2020-03-16,11:00:00,30,heterogeneous,0.07945066452660754,0.08340691123935558
stress,2020-03-16,11:00:00,30,time_of_day,0.023713349049724275,0.03700243876875736
stress,2020-03-16,11:00:00,30,factor_spy,0.11931677192756379,0.1151659684536341
stress,2020-03-16,11:00:00,30,quadratic_c0_etf,0.20116680060696107,0.2141522949503602
stress,2020-03-16,11:00:00,30,quadratic_c0_single,0.1450536157252219,0.13102345634737173
stress,2020-03-16,11:15:00,1,quadratic_c0,0.003991550213040679,-0.017600724166963594
stress,2020-03-16,11:15:00,1,independent_ou,0.05382183179964628,0.04669628040123208
stress,2020-03-16,11:15:00,1,flexible_moments,0.0003160559326634005,-0.00405275114255596
stress,2020-03-16,11:15:00,1,heterogeneous,0.08799139167237313,0.08296727363520842
stress,2020-03-16,11:15:00,1,time_of_day,-0.08664839861475525,-0.08670034762132478
stress,2020-03-16,11:15:00,1,factor_spy,-0.030648501762549463,-0.033740091379722836
stress,2020-03-16,11:15:00,1,quadratic_c0_etf,0.027851562449222406,0.011208839322204622
stress,2020-03-16,11:15:00,1,quadratic_c0_single,0.07269242288140315,0.048287758769766875
stress,2020-03-16,11:15:00,5,quadratic_c0,-0.10274640603920382,-0.1323568926245017
stress,2020-03-16,11:15:00,5,independent_ou,-0.10000289722291544,-0.1338237630921504
stress,2020-03-16,11:15:00,5,flexible_moments,-0.07305310374527446,-0.08671100865171033
stress,2020-03-16,11:15:00,5,heterogeneous,0.02700267502780823,0.017688661163163144
stress,2020-03-16,11:15:00,5,time_of_day,-0.16465591231361926,-0.16428597729408526
stress,2020-03-16,11:15:00,5,factor_spy,0.11799888566255984,0.10777754490624813
stress,2020-03-16,11:15:00,5,quadratic_c0_etf,-0.210437797242723,-0.21588468684949774
stress,2020-03-16,11:15:00,5,quadratic_c0_single,-0.041366654207432074,-0.0896391223475036
stress,2020-03-16,11:15:00,15,quadratic_c0,-0.0737952412979887,-0.055639559454985554
stress,2020-03-16,11:15:00,15,independent_ou,-0.11075415634017163,-0.09874691359390059
stress,2020-03-16,11:15:00,15,flexible_moments,-0.13610410763369807,-0.10967958020630561
stress,2020-03-16,11:15:00,15,heterogeneous,0.006087754496499509,-0.0052000214750264895
stress,2020-03-16,11:15:00,15,time_of_day,-0.12951249489464572,-0.11491845441200584
stress,2020-03-16,11:15:00,15,factor_spy,-0.06787677922319849,-0.05993450921940646
stress,2020-03-16,11:15:00,15,quadratic_c0_etf,0.07352715223832801,0.07223240754287871
stress,2020-03-16,11:15:00,15,quadratic_c0_single,-0.08176029416789762,-0.06525257947968649
stress,2020-03-16,11:15:00,30,quadratic_c0,0.1743855443152741,0.1592743554502229
stress,2020-03-16,11:15:00,30,independent_ou,0.0028226907863449363,0.009585051969720024
stress,2020-03-16,11:15:00,30,flexible_moments,0.08385389604161489,0.08315891310545546
stress,2020-03-16,11:15:00,30,heterogeneous,0.14752563063231583,0.1384271211919178
stress,2020-03-16,11:15:00,30,time_of_day,0.05949039667991854,0.06122902998651107
stress,2020-03-16,11:15:00,30,factor_spy,0.04865267981052601,0.049711023814247315
stress,2020-03-16,11:15:00,30,quadratic_c0_etf,0.3236995114712687,0.3111380559214423
stress,2020-03-16,11:15:00,30,quadratic_c0_single,0.13449388730783512,0.11305496835028657
stress,2020-03-16,11:30:00,1,quadratic_c0,0.005020961158513665,0.03851522521076431
stress,2020-03-16,11:30:00,1,independent_ou,0.041242068315629765,0.06365613019645805
stress,2020-03-16,11:30:00,1,flexible_moments,-0.024080760879060636,0.016244051957559597
stress,2020-03-16,11:30:00,1,heterogeneous,0.016615855597642948,0.04900212306359206
stress,2020-03-16,11:30:00,1,time_of_day,-0.01196052019037358,0.00616056990661859
stress,2020-03-16,11:30:00,1,factor_spy,0.11366576293131647,0.12522312304442704
stress,2020-03-16,11:30:00,1,quadratic_c0_etf,0.2827084893105284,0.254283684763095
stress,2020-03-16,11:30:00,1,quadratic_c0_single,0.040045247382404336,0.07769834671982231
stress,2020-03-16,11:30:00,5,quadratic_c0,0.08224904571151584,0.10162490209815525
stress,2020-03-16,11:30:00,5,independent_ou,0.01171826604870288,0.0321587907749723
stress,2020-03-16,11:30:00,5,flexible_moments,0.046185258299133114,0.02587797943472786
stress,2020-03-16,11:30:00,5,heterogeneous,0.0937606741873844,0.1023532417922687
stress,2020-03-16,11:30:00,5,time_of_day,0.02898192865479665,0.04058422856412627
stress,2020-03-16,11:30:00,5,factor_spy,8.867185347832818e-05,0.02456481115033507
stress,2020-03-16,11:30:00,5,quadratic_c0_etf,0.18190377783621073,0.12878293155069295
stress,2020-03-16,11:30:00,5,quadratic_c0_single,0.10447988544583767,0.12491199176350234
stress,2020-03-16,11:30:00,15,quadratic_c0,-0.033208595644946076,-0.010738666103185912
stress,2020-03-16,11:30:00,15,independent_ou,-0.08100377753387678,-0.050113319604354875
stress,2020-03-16,11:30:00,15,flexible_moments,0.2506490558114611,0.2903697289957856
stress,2020-03-16,11:30:00,15,heterogeneous,-0.03227657041896262,0.0007534463463362562
stress,2020-03-16,11:30:00,15,time_of_day,-0.05877231395152696,-0.02346231401983853
stress,2020-03-16,11:30:00,15,factor_spy,-0.037319654577108285,-0.031797449432113045
stress,2020-03-16,11:30:00,15,quadratic_c0_etf,0.4667945412354057,0.5045062922670726
stress,2020-03-16,11:30:00,15,quadratic_c0_single,-0.023075980722344347,0.003566185965114932
stress,2020-03-16,11:30:00,30,quadratic_c0,0.0156822892667709,0.03374565818600622
stress,2020-03-16,11:30:00,30,independent_ou,-0.07922649255303246,-0.07655093713799072
stress,2020-03-16,11:30:00,30,flexible_moments,-0.00994314186112133,-0.012022632457873439
stress,2020-03-16,11:30:00,30,heterogeneous,-0.03445934870593867,-0.031586157148146304
stress,2020-03-16,11:30:00,30,time_of_day,-0.12231019111175254,-0.09590820826703161
stress,2020-03-16,11:30:00,30,factor_spy,-0.009564008750434394,0.007448137034756469
stress,2020-03-16,11:30:00,30,quadratic_c0_etf,0.24806338174202042,0.25012930969053804
stress,2020-03-16,11:30:00,30,quadratic_c0_single,-0.0011979402092337499,0.020678049825360867
stress,2020-03-16,11:45:00,1,quadratic_c0,0.01242095925172057,0.0033997782894568396
stress,2020-03-16,11:45:00,1,independent_ou,-0.016436966765680933,-0.0010580452587300865
stress,2020-03-16,11:45:00,1,flexible_moments,-0.02350345592164771,-0.007841552716708264
stress,2020-03-16,11:45:00,1,heterogeneous,0.03938129729842721,0.031357563883073564
stress,2020-03-16,11:45:00,1,time_of_day,-0.01947502911982557,-0.012268071036613759
stress,2020-03-16,11:45:00,1,factor_spy,0.06327823285495549,0.06348352269874738
stress,2020-03-16,11:45:00,1,quadratic_c0_etf,0.21562507939046582,0.14982929392641398
stress,2020-03-16,11:45:00,1,quadratic_c0_single,0.043361239885198855,0.025546690835303976
stress,2020-03-16,11:45:00,5,quadratic_c0,0.07547456966792587,0.06261695106317439
stress,2020-03-16,11:45:00,5,independent_ou,0.023160462350330785,0.022458454517493592
stress,2020-03-16,11:45:00,5,flexible_moments,0.0366945188069622,0.03109636600161063
stress,2020-03-16,11:45:00,5,heterogeneous,0.08171708592315113,0.07295028341371979
stress,2020-03-16,11:45:00,5,time_of_day,0.008353756637898113,0.01534623952423049
stress,2020-03-16,11:45:00,5,factor_spy,0.06836556929361848,0.07419625949298281
stress,2020-03-16,11:45:00,5,quadratic_c0_etf,0.15663646875252396,0.14742953020558175
stress,2020-03-16,11:45:00,5,quadratic_c0_single,0.149227109589531,0.1368779163252141
stress,2020-03-16,11:45:00,15,quadratic_c0,0.17227425634913907,0.18503803383284412
stress,2020-03-16,11:45:00,15,independent_ou,0.10697873772904513,0.09028251235833432
stress,2020-03-16,11:45:00,15,flexible_moments,0.09352075081174353,0.07344713502331598
stress,2020-03-16,11:45:00,15,heterogeneous,0.08244563363372721,0.073213909844521
stress,2020-03-16,11:45:00,15,time_of_day,0.05061811916858962,0.059922473384797115
stress,2020-03-16,11:45:00,15,factor_spy,0.1655379180697491,0.17200696902575605
stress,2020-03-16,11:45:00,15,quadratic_c0_etf,0.19509232550905292,0.16893585526108723
stress,2020-03-16,11:45:00,15,quadratic_c0_single,0.20151005806331396,0.20788931669033173
stress,2020-03-16,11:45:00,30,quadratic_c0,-0.06688493679968108,-0.056741352074989176
stress,2020-03-16,11:45:00,30,independent_ou,-0.06692302696991892,-0.06403266335173019
stress,2020-03-16,11:45:00,30,flexible_moments,-0.05372478243398432,-0.04950151849838459
stress,2020-03-16,11:45:00,30,heterogeneous,-0.03814048642551912,-0.04956560911755546
stress,2020-03-16,11:45:00,30,time_of_day,-0.11492278885258383,-0.10671279540699775
stress,2020-03-16,11:45:00,30,factor_spy,0.028107946450286275,0.01987202040718064
stress,2020-03-16,11:45:00,30,quadratic_c0_etf,-0.0035820319099243714,0.010997291307011464
stress,2020-03-16,11:45:00,30,quadratic_c0_single,-0.05290463294226627,-0.03721727011327941
stress,2020-03-16,12:00:00,1,quadratic_c0,-0.03008466058542769,-0.03360381262119205
stress,2020-03-16,12:00:00,1,independent_ou,0.06259849779491705,0.07471041043287774
stress,2020-03-16,12:00:00,1,flexible_moments,-0.08363143072137127,-0.07377954683788662
stress,2020-03-16,12:00:00,1,heterogeneous,-0.12130526124398894,-0.11428864861226345
stress,2020-03-16,12:00:00,1,time_of_day,-0.1433484513632686,-0.12809888254711824
stress,2020-03-16,12:00:00,1,factor_spy,-0.08884610735678133,-0.08279899764615764
stress,2020-03-16,12:00:00,1,quadratic_c0_etf,-0.007433265465491223,0.008732979161092114
stress,2020-03-16,12:00:00,1,quadratic_c0_single,0.001260857094950052,-0.004395632324259102
stress,2020-03-16,12:00:00,5,quadratic_c0,-0.09351358538584137,-0.1080269164126604
stress,2020-03-16,12:00:00,5,independent_ou,-0.08298114473137161,-0.0775538385743362
stress,2020-03-16,12:00:00,5,flexible_moments,0.042475970020402765,0.03794496466122052
stress,2020-03-16,12:00:00,5,heterogeneous,-0.07032769487480126,-0.08881377412992994
stress,2020-03-16,12:00:00,5,time_of_day,-0.1266993454561999,-0.12720939529014064
stress,2020-03-16,12:00:00,5,factor_spy,-0.03710625190271913,-0.03205874746629789
stress,2020-03-16,12:00:00,5,quadratic_c0_etf,0.3725900934435027,0.3486634136873886
stress,2020-03-16,12:00:00,5,quadratic_c0_single,-0.08316889900806018,-0.08675835691142059
stress,2020-03-16,12:00:00,15,quadratic_c0,-0.04759184608206779,-0.052887767483232845
stress,2020-03-16,12:00:00,15,independent_ou,-0.14430745178034304,-0.1287019678254237
stress,2020-03-16,12:00:00,15,flexible_moments,-0.11814144683831274,-0.11652398415025134
stress,2020-03-16,12:00:00,15,heterogeneous,-0.03417815188291823,-0.047098346086635934
stress,2020-03-16,12:00:00,15,time_of_day,-0.15934072042980482,-0.14649689229764778
stress,2020-03-16,12:00:00,15,factor_spy,-0.01667777090260361,-0.009014337839774428
stress,2020-03-16,12:00:00,15,quadratic_c0_etf,0.0177374446083802,-0.025726500727768192
stress,2020-03-16,12:00:00,15,quadratic_c0_single,-0.046819861480250774,-0.04613076881367498
stress,2020-03-16,12:00:00,30,quadratic_c0,-0.12307847260921656,-0.13290687770787976
stress,2020-03-16,12:00:00,30,independent_ou,-0.01811346963925664,-0.002312524687116513
stress,2020-03-16,12:00:00,30,flexible_moments,-0.10405546730611417,-0.10511573002340388
stress,2020-03-16,12:00:00,30,heterogeneous,-0.0331038967090439,-0.04874949470474399
stress,2020-03-16,12:00:00,30,time_of_day,-0.18928562983010222,-0.1723536729270817
stress,2020-03-16,12:00:00,30,factor_spy,-0.10053320492704493,-0.1147296332715464
stress,2020-03-16,12:00:00,30,quadratic_c0_etf,0.028720461092460847,0.03059690657671582
stress,2020-03-16,12:00:00,30,quadratic_c0_single,-0.039854770074996826,-0.033907240635486724
stress,2020-03-16,12:15:00,1,quadratic_c0,0.0984108468449119,0.08787628657547139
stress,2020-03-16,12:15:00,1,independent_ou,0.0299288601377848,0.036652963545947465
stress,2020-03-16,12:15:00,1,flexible_moments,0.03823785678205617,0.04279682938788412
stress,2020-03-16,12:15:00,1,heterogeneous,0.04760042667469121,0.05734830864077023
stress,2020-03-16,12:15:00,1,time_of_day,-0.030068837240321875,-0.021313607599825535
stress,2020-03-16,12:15:00,1,factor_spy,-0.019473708249038504,-0.011853358036439221
stress,2020-03-16,12:15:00,1,quadratic_c0_etf,-0.015265615169119257,-0.010203050688489118
stress,2020-03-16,12:15:00,1,quadratic_c0_single,0.1649331316749043,0.1623559098291517
stress,2020-03-16,12:15:00,5,quadratic_c0,0.035726179985623246,0.04712458241347407
stress,2020-03-16,12:15:00,5,independent_ou,0.12172285169054048,0.10512141403070151
stress,2020-03-16,12:15:00,5,flexible_moments,0.061486680494949736,0.06445175932808601
stress,2020-03-16,12:15:00,5,heterogeneous,0.0010138706895856664,0.018864414505236057
stress,2020-03-16,12:15:00,5,time_of_day,-0.047486744851255466,-0.023223689137175763
stress,2020-03-16,12:15:00,5,factor_spy,0.009218456571962463,0.02205666629821121
stress,2020-03-16,12:15:00,5,quadratic_c0_etf,0.22493235961786734,0.23561560332772513
stress,2020-03-16,12:15:00,5,quadratic_c0_single,0.10029311859472462,0.10034390576248288
stress,2020-03-16,12:15:00,15,quadratic_c0,0.0015831475403158268,0.013066010846455783
stress,2020-03-16,12:15:00,15,independent_ou,-0.01588467331352314,-0.005267563552644794
stress,2020-03-16,12:15:00,15,flexible_moments,-0.03234660225367858,-0.021780621737508832
stress,2020-03-16,12:15:00,15,heterogeneous,0.031307112566864664,0.014607091222333002
stress,2020-03-16,12:15:00,15,time_of_day,-0.04253994777352438,-0.026229182225272
stress,2020-03-16,12:15:00,15,factor_spy,0.20910666468451256,0.18921776250058328
stress,2020-03-16,12:15:00,15,quadratic_c0_etf,0.06315655313589028,0.09195791149831992
stress,2020-03-16,12:15:00,15,quadratic_c0_single,0.06327244609867391,0.06859115541297536
stress,2020-03-16,12:15:00,30,quadratic_c0,-0.06152040153186927,-0.036788370671580736
stress,2020-03-16,12:15:00,30,independent_ou,0.01178917242970734,-0.002012784111164262
stress,2020-03-16,12:15:00,30,flexible_moments,-0.050827773488114514,-0.03473964606235905
stress,2020-03-16,12:15:00,30,heterogeneous,0.10440574291980514,0.044995544978183505
stress,2020-03-16,12:15:00,30,time_of_day,0.07321668110455826,0.08513638586371772
stress,2020-03-16,12:15:00,30,factor_spy,0.022030228605538466,0.00488866643302327
stress,2020-03-16,12:15:00,30,quadratic_c0_etf,0.1571028655638605,0.18070464563334485
stress,2020-03-16,12:15:00,30,quadratic_c0_single,-0.022347027454522356,-0.011399867325704138
stress,2020-03-16,12:30:00,1,quadratic_c0,0.1021060515814062,0.12582992076960078
stress,2020-03-16,12:30:00,1,independent_ou,0.012497090431651287,0.04056552476435313
stress,2020-03-16,12:30:00,1,flexible_moments,0.014487537073789164,0.04127732972722456
stress,2020-03-16,12:30:00,1,heterogeneous,0.2159067176154635,0.2285081906168501
stress,2020-03-16,12:30:00,1,time_of_day,0.08067962576247292,0.10823783512348675
stress,2020-03-16,12:30:00,1,factor_spy,0.0921624995330119,0.12035596918584021
stress,2020-03-16,12:30:00,1,quadratic_c0_etf,0.33217204607167927,0.3330491260431431
stress,2020-03-16,12:30:00,1,quadratic_c0_single,0.07340338396662785,0.10856739126368406
stress,2020-03-16,12:30:00,5,quadratic_c0,0.13432944504804795,0.16665711672660172
stress,2020-03-16,12:30:00,5,independent_ou,0.1464371602455931,0.1468226384855693
stress,2020-03-16,12:30:00,5,flexible_moments,0.0795854696962826,0.07285479266489701
stress,2020-03-16,12:30:00,5,heterogeneous,0.11283872610651008,0.10296529278190684
stress,2020-03-16,12:30:00,5,time_of_day,0.10294927452154357,0.11178010314394642
stress,2020-03-16,12:30:00,5,factor_spy,0.1892432819658243,0.20247341332132207
stress,2020-03-16,12:30:00,5,quadratic_c0_etf,0.30081371865061146,0.2980047015793271
stress,2020-03-16,12:30:00,5,quadratic_c0_single,0.1624029861170604,0.16093707973624088
stress,2020-03-16,12:30:00,15,quadratic_c0,0.032890092376912455,0.057212046670349834
stress,2020-03-16,12:30:00,15,independent_ou,0.0713139352295431,0.07650852571174048
stress,2020-03-16,12:30:00,15,flexible_moments,0.10690288393439237,0.07813993737719906
stress,2020-03-16,12:30:00,15,heterogeneous,0.11139489335684086,0.12910964962204563
stress,2020-03-16,12:30:00,15,time_of_day,0.11717798357005324,0.13134321883965283
stress,2020-03-16,12:30:00,15,factor_spy,0.0964393102342869,0.09741574104352833
stress,2020-03-16,12:30:00,15,quadratic_c0_etf,-0.02990695605515245,-0.0067553701231904545
stress,2020-03-16,12:30:00,15,quadratic_c0_single,0.055463130230511026,0.07668039091186209
stress,2020-03-16,12:30:00,30,quadratic_c0,-0.12148913584198243,-0.0828616800975715
stress,2020-03-16,12:30:00,30,independent_ou,-0.15748520816718536,-0.10693430151165167
stress,2020-03-16,12:30:00,30,flexible_moments,-0.15974355028234896,-0.10955349671810133
stress,2020-03-16,12:30:00,30,heterogeneous,-0.012851836503849356,-0.008372924345575433
stress,2020-03-16,12:30:00,30,time_of_day,-0.12974750172037214,-0.09224631663375632
stress,2020-03-16,12:30:00,30,factor_spy,-0.0764984912812032,-0.08895981444445375
stress,2020-03-16,12:30:00,30,quadratic_c0_etf,-0.042681270229974255,-0.01138179120450225
stress,2020-03-16,12:30:00,30,quadratic_c0_single,-0.12082418008456941,-0.07742817818713707
stress,2020-03-16,12:45:00,1,quadratic_c0,-0.09511268985230031,-0.06337263016201111
stress,2020-03-16,12:45:00,1,independent_ou,0.0527375852191484,0.06186259124180507
stress,2020-03-16,12:45:00,1,flexible_moments,0.012259237700575243,0.02175641460827063
stress,2020-03-16,12:45:00,1,heterogeneous,0.049537600268440785,0.06885892570948507
stress,2020-03-16,12:45:00,1,time_of_day,-0.1770830221746179,-0.13559670014931108
stress,2020-03-16,12:45:00,1,factor_spy,-0.10643213744735622,-0.08173979101078972
stress,2020-03-16,12:45:00,1,quadratic_c0_etf,0.037528715119257594,0.07115204579447834
stress,2020-03-16,12:45:00,1,quadratic_c0_single,-0.07924722187303779,-0.0526594614484987
stress,2020-03-16,12:45:00,5,quadratic_c0,-0.059142688358971796,-0.061269874511692746
stress,2020-03-16,12:45:00,5,independent_ou,-0.14783792645910737,-0.17224562490599254
stress,2020-03-16,12:45:00,5,flexible_moments,0.024060364405022405,0.01970684424222352
stress,2020-03-16,12:45:00,5,heterogeneous,-0.0005223683078771635,-0.046119890654545914
stress,2020-03-16,12:45:00,5,time_of_day,-0.14122628034014986,-0.14619441849952927
stress,2020-03-16,12:45:00,5,factor_spy,-0.18692825143969466,-0.18052422670079243
stress,2020-03-16,12:45:00,5,quadratic_c0_etf,-0.05779583446847353,-0.06209504472880811
stress,2020-03-16,12:45:00,5,quadratic_c0_single,0.0436535197809888,0.032385439680195804
stress,2020-03-16,12:45:00,15,quadratic_c0,-0.08193296765257063,-0.07131310399357957
stress,2020-03-16,12:45:00,15,independent_ou,-0.11043212652897674,-0.1068137355187247
stress,2020-03-16,12:45:00,15,flexible_moments,-0.1389918558014115,-0.16236054607090333
stress,2020-03-16,12:45:00,15,heterogeneous,0.0013458508435224004,0.0037917154567166933
stress,2020-03-16,12:45:00,15,time_of_day,-0.14967746463016318,-0.13792033615848104
stress,2020-03-16,12:45:00,15,factor_spy,-0.07820618003781593,-0.09100425294552242
stress,2020-03-16,12:45:00,15,quadratic_c0_etf,0.18811799226234027,0.13724446361295367
stress,2020-03-16,12:45:00,15,quadratic_c0_single,-0.1241013465595513,-0.12048116227377129
stress,2020-03-16,12:45:00,30,quadratic_c0,0.12664450057425578,0.15702809059593184
stress,2020-03-16,12:45:00,30,independent_ou,0.021526502907764783,0.014873281635471275
stress,2020-03-16,12:45:00,30,flexible_moments,0.014465440414211106,0.0192982017002597
stress,2020-03-16,12:45:00,30,heterogeneous,0.030877301412929437,0.036087203664789236
stress,2020-03-16,12:45:00,30,time_of_day,0.0736937697999159,0.08325885153053228
stress,2020-03-16,12:45:00,30,factor_spy,0.1007422077521816,0.118851566462193
stress,2020-03-16,12:45:00,30,quadratic_c0_etf,0.30628553772304834,0.2149821029538803
stress,2020-03-16,12:45:00,30,quadratic_c0_single,0.1641337125792798,0.18839970061918607
stress,2020-03-16,13:00:00,1,quadratic_c0,0.061768993598941335,0.07424053692032948
stress,2020-03-16,13:00:00,1,independent_ou,-0.02650165439660393,-0.017869369141212926
stress,2020-03-16,13:00:00,1,flexible_moments,0.027033674885983128,0.05471773234418767
stress,2020-03-16,13:00:00,1,heterogeneous,-0.019208846352933268,0.004970200563142707
stress,2020-03-16,13:00:00,1,time_of_day,0.006032721586370748,0.023150650250061217
stress,2020-03-16,13:00:00,1,factor_spy,0.04147628670600395,0.05052448275806051
stress,2020-03-16,13:00:00,1,quadratic_c0_etf,0.09251814083837345,0.12073446581651387
stress,2020-03-16,13:00:00,1,quadratic_c0_single,0.10411502590407645,0.11799456436449618
stress,2020-03-16,13:00:00,5,quadratic_c0,0.09456814499582925,0.09066843177257343
stress,2020-03-16,13:00:00,5,independent_ou,0.02522006510459135,0.03193413028619195
stress,2020-03-16,13:00:00,5,flexible_moments,0.028266871067980287,0.025676974964371754
stress,2020-03-16,13:00:00,5,heterogeneous,0.013392016775845256,0.021814897820321325
stress,2020-03-16,13:00:00,5,time_of_day,-0.045421229135787125,-0.04332661558749741
stress,2020-03-16,13:00:00,5,factor_spy,0.078009882624134,0.05399675180018822
stress,2020-03-16,13:00:00,5,quadratic_c0_etf,0.0043150768109107285,0.01672415742887269
stress,2020-03-16,13:00:00,5,quadratic_c0_single,0.18498909041959163,0.17241759772560705
stress,2020-03-16,13:00:00,15,quadratic_c0,-0.07884323985233371,-0.020006622256718676
stress,2020-03-16,13:00:00,15,independent_ou,-0.15438333855051156,-0.09855094810298792
stress,2020-03-16,13:00:00,15,flexible_moments,-0.1672521813689275,-0.1152626306706109
stress,2020-03-16,13:00:00,15,heterogeneous,-0.21373083928630288,-0.19244667096993404
stress,2020-03-16,13:00:00,15,time_of_day,-0.1674912969217971,-0.12925424167478078
stress,2020-03-16,13:00:00,15,factor_spy,-0.07525955423640812,-0.04340058484993842
stress,2020-03-16,13:00:00,15,quadratic_c0_etf,0.12974052549448473,0.13793901670419695
stress,2020-03-16,13:00:00,15,quadratic_c0_single,0.027531064058631982,0.07770366466782247
stress,2020-03-16,13:00:00,30,quadratic_c0,-0.0023758742914572195,0.006207848061457938
stress,2020-03-16,13:00:00,30,independent_ou,-0.08009859623146551,-0.0761293875159955
stress,2020-03-16,13:00:00,30,flexible_moments,-0.022833989571160923,-0.024141791836459564
stress,2020-03-16,13:00:00,30,heterogeneous,-0.09720835577216062,-0.11118439681051888
stress,2020-03-16,13:00:00,30,time_of_day,-0.13676311606366676,-0.11566617012872461
stress,2020-03-16,13:00:00,30,factor_spy,-0.010140752961319444,-0.0044980547016764405
stress,2020-03-16,13:00:00,30,quadratic_c0_etf,0.10450080800775327,0.09478537246427096
stress,2020-03-16,13:00:00,30,quadratic_c0_single,-0.015840193925645757,-0.011287134958122474
stress,2020-03-16,13:15:00,1,quadratic_c0,-0.0601698283733145,-0.0353578310047597
stress,2020-03-16,13:15:00,1,independent_ou,-0.05282418083539317,-0.03332749894335424
stress,2020-03-16,13:15:00,1,flexible_moments,-0.08024874938866977,-0.06913632760032157
stress,2020-03-16,13:15:00,1,heterogeneous,-0.04761929808131432,-0.07653791205020447
stress,2020-03-16,13:15:00,1,time_of_day,-0.15463437748461942,-0.1431772547008253
stress,2020-03-16,13:15:00,1,factor_spy,-0.05785673732032165,-0.04947952476893541
stress,2020-03-16,13:15:00,1,quadratic_c0_etf,0.19215126579177821,0.21066452153844023
stress,2020-03-16,13:15:00,1,quadratic_c0_single,-0.11730120118708903,-0.1019476005900033
stress,2020-03-16,13:15:00,5,quadratic_c0,-0.05214065669729351,-0.025263424133678936
stress,2020-03-16,13:15:00,5,independent_ou,-0.08757488696540061,-0.05402934363466061
stress,2020-03-16,13:15:00,5,flexible_moments,-0.1947048748580385,-0.1713202284553989
stress,2020-03-16,13:15:00,5,heterogeneous,0.05440291022198701,0.06724083039792772
stress,2020-03-16,13:15:00,5,time_of_day,-0.233787420515933,-0.20082745218910422
stress,2020-03-16,13:15:00,5,factor_spy,-0.15542915758489637,-0.1320520177949328
stress,2020-03-16,13:15:00,5,quadratic_c0_etf,0.005063972680563689,0.04615020925785446
stress,2020-03-16,13:15:00,5,quadratic_c0_single,-0.061110483670354154,-0.046553233808586225
stress,2020-03-16,13:15:00,15,quadratic_c0,-0.04657819922166603,0.005801664987892918
stress,2020-03-16,13:15:00,15,independent_ou,-0.08117650236050303,-0.03643644691767642
stress,2020-03-16,13:15:00,15,flexible_moments,-0.1341756530820335,-0.0751608190353224
stress,2020-03-16,13:15:00,15,heterogeneous,-0.03374809672499718,0.022691434577586628
stress,2020-03-16,13:15:00,15,time_of_day,-0.15213412337713184,-0.09056828467802226
stress,2020-03-16,13:15:00,15,factor_spy,-0.0992452782354119,-0.06377034143179712
stress,2020-03-16,13:15:00,15,quadratic_c0_etf,-0.03211979051846664,0.004921711503224346
stress,2020-03-16,13:15:00,15,quadratic_c0_single,-0.015279922471060636,0.024394587262419
stress,2020-03-16,13:15:00,30,quadratic_c0,-0.12292165684818424,-0.12649958725357452
stress,2020-03-16,13:15:00,30,independent_ou,-0.23258593238248168,-0.20971419653008772
stress,2020-03-16,13:15:00,30,flexible_moments,-0.15453970261098732,-0.14186040336080138
stress,2020-03-16,13:15:00,30,heterogeneous,-0.136613278390529,-0.13209115427753687
stress,2020-03-16,13:15:00,30,time_of_day,-0.16574649040689496,-0.1422975910330656
stress,2020-03-16,13:15:00,30,factor_spy,-0.23764256030176323,-0.21877568937068587
stress,2020-03-16,13:15:00,30,quadratic_c0_etf,-0.1360224496145203,-0.08680980334203192
stress,2020-03-16,13:15:00,30,quadratic_c0_single,-0.07363650289566365,-0.07424422794713953
stress,2020-03-16,13:30:00,1,quadratic_c0,0.037290994267890815,0.03553210044527981
stress,2020-03-16,13:30:00,1,independent_ou,-0.004869153804532733,-0.002817577177882974
stress,2020-03-16,13:30:00,1,flexible_moments,-0.010432764412314333,-0.007264716254282447
stress,2020-03-16,13:30:00,1,heterogeneous,0.1600295780514566,0.057447400666013074
stress,2020-03-16,13:30:00,1,time_of_day,-0.041551718627247436,-0.035602103018679124
stress,2020-03-16,13:30:00,1,factor_spy,0.04244611087161787,0.04059749502306288
stress,2020-03-16,13:30:00,1,quadratic_c0_etf,0.039733395237181696,0.038823871767015364
stress,2020-03-16,13:30:00,1,quadratic_c0_single,0.07172703524021581,0.0707853687540952
stress,2020-03-16,13:30:00,5,quadratic_c0,-0.00973543050491546,0.002202077235097938
stress,2020-03-16,13:30:00,5,independent_ou,0.14714757006375626,0.16393933624008739
stress,2020-03-16,13:30:00,5,flexible_moments,0.2306060219829801,0.23884942334807946
stress,2020-03-16,13:30:00,5,heterogeneous,0.037649797906890464,0.032516168987339084
stress,2020-03-16,13:30:00,5,time_of_day,-0.10430938068156063,-0.09380257965997318
stress,2020-03-16,13:30:00,5,factor_spy,-0.01721104015317676,-0.0790762789037482
stress,2020-03-16,13:30:00,5,quadratic_c0_etf,0.1109059635247229,0.055781038761265195
stress,2020-03-16,13:30:00,5,quadratic_c0_single,0.060480627379084356,0.06892643409665433
stress,2020-03-16,13:30:00,15,quadratic_c0,0.014899503467432268,0.021181125371407206
stress,2020-03-16,13:30:00,15,independent_ou,-0.09243533082803265,-0.08478380379870704
stress,2020-03-16,13:30:00,15,flexible_moments,-0.03791140388412034,-0.02848218288494772
stress,2020-03-16,13:30:00,15,heterogeneous,-0.011440863426157716,-0.055037914823665685
stress,2020-03-16,13:30:00,15,time_of_day,-0.008905074270858404,0.004086670466508929
stress,2020-03-16,13:30:00,15,factor_spy,-0.06260533144790353,-0.05686377310812085
stress,2020-03-16,13:30:00,15,quadratic_c0_etf,0.24995086949843962,0.24239402540339863
stress,2020-03-16,13:30:00,15,quadratic_c0_single,-0.028157929018998162,-0.04070843319225592
stress,2020-03-16,13:30:00,30,quadratic_c0,0.1025311460499527,0.08421180113341187
stress,2020-03-16,13:30:00,30,independent_ou,0.17998972674987107,0.15754857180206794
stress,2020-03-16,13:30:00,30,flexible_moments,0.16086739014079057,0.14775828080467165
stress,2020-03-16,13:30:00,30,heterogeneous,0.18100779551856988,0.16077809047431663
stress,2020-03-16,13:30:00,30,time_of_day,0.0684443308524808,0.06750454630375136
stress,2020-03-16,13:30:00,30,factor_spy,0.1010136293753405,0.08147749169500632
stress,2020-03-16,13:30:00,30,quadratic_c0_etf,0.6676339126448241,0.6662465385262715
stress,2020-03-16,13:30:00,30,quadratic_c0_single,0.12256284158385533,0.1055250702998268
stress,2020-03-16,13:45:00,1,quadratic_c0,-0.000902006410671008,0.02970149269282793
stress,2020-03-16,13:45:00,1,independent_ou,-0.03335997260420678,-0.011246261603366392
stress,2020-03-16,13:45:00,1,flexible_moments,-0.009326928027558579,0.014423847602841405
stress,2020-03-16,13:45:00,1,heterogeneous,-0.022084193914852557,0.01338782938951108
stress,2020-03-16,13:45:00,1,time_of_day,-0.11445038755154878,-0.07499861904864562
stress,2020-03-16,13:45:00,1,factor_spy,-0.07745189560992496,-0.04235200351124342
stress,2020-03-16,13:45:00,1,quadratic_c0_etf,0.06899594759706673,0.11381552309835172
stress,2020-03-16,13:45:00,1,quadratic_c0_single,0.03079015148427805,0.05715204685884617
stress,2020-03-16,13:45:00,5,quadratic_c0,0.014371473694189285,0.029723263414970724
stress,2020-03-16,13:45:00,5,independent_ou,0.010845084509645997,0.033523004388595234
stress,2020-03-16,13:45:00,5,flexible_moments,-0.10008163997099712,-0.08813540313203816
stress,2020-03-16,13:45:00,5,heterogeneous,-0.005188055380168977,0.01134170317956934
stress,2020-03-16,13:45:00,5,time_of_day,-0.16834089864450005,-0.1444026128410176
stress,2020-03-16,13:45:00,5,factor_spy,-0.07710468197170728,-0.0578474968061006
stress,2020-03-16,13:45:00,5,quadratic_c0_etf,0.3492448042484435,0.3280916409887063
stress,2020-03-16,13:45:00,5,quadratic_c0_single,-0.06065015551255348,-0.050788329140869504
stress,2020-03-16,13:45:00,15,quadratic_c0,-0.023023472192404276,-0.008861883646756052
stress,2020-03-16,13:45:00,15,independent_ou,0.0780704451018785,0.1000484301632931
stress,2020-03-16,13:45:00,15,flexible_moments,-0.14356289983338585,-0.10429019025575621
stress,2020-03-16,13:45:00,15,heterogeneous,-0.005565763571624083,0.014725015782551726
stress,2020-03-16,13:45:00,15,time_of_day,-0.12611598055312956,-0.0783067602011111
stress,2020-03-16,13:45:00,15,factor_spy,-0.07346634129873367,-0.04488205171431109
stress,2020-03-16,13:45:00,15,quadratic_c0_etf,0.276728360449197,0.28231057556036765
stress,2020-03-16,13:45:00,15,quadratic_c0_single,-0.11296497973891184,-0.07377453395633254
stress,2020-03-16,13:45:00,30,quadratic_c0,0.3101292864924826,0.32531289734608787
stress,2020-03-16,13:45:00,30,independent_ou,0.1391741889108912,0.14417228179164426
stress,2020-03-16,13:45:00,30,flexible_moments,0.0678268472187861,0.06716137145905718
stress,2020-03-16,13:45:00,30,heterogeneous,-0.026711152925740972,-0.01110205797523564
stress,2020-03-16,13:45:00,30,time_of_day,0.04972326783128614,0.06715791844328942
stress,2020-03-16,13:45:00,30,factor_spy,-0.0719647542871342,-0.05690037864914797
stress,2020-03-16,13:45:00,30,quadratic_c0_etf,0.08046805918106034,0.06399027686169581
stress,2020-03-16,13:45:00,30,quadratic_c0_single,0.4008147931308891,0.4140309639283998
stress,2020-03-16,14:00:00,1,quadratic_c0,0.069419730087253,0.08849065493391671
stress,2020-03-16,14:00:00,1,independent_ou,0.07989657247569182,0.08849187330444365
stress,2020-03-16,14:00:00,1,flexible_moments,0.0639258890770261,0.08464602264333197
stress,2020-03-16,14:00:00,1,heterogeneous,0.05502221221848083,0.06013816342719404
stress,2020-03-16,14:00:00,1,time_of_day,-0.014479168563189482,0.015507557187615137
stress,2020-03-16,14:00:00,1,factor_spy,-0.01816542404521282,0.010785615084650799
stress,2020-03-16,14:00:00,1,quadratic_c0_etf,0.47212124664391875,0.5006718303017842
stress,2020-03-16,14:00:00,1,quadratic_c0_single,0.11316093090892748,0.1250128200911304
stress,2020-03-16,14:00:00,5,quadratic_c0,-0.044407637619316515,-0.026948611083654442
stress,2020-03-16,14:00:00,5,independent_ou,-0.047430191813347566,-0.06120614765945549
stress,2020-03-16,14:00:00,5,flexible_moments,-0.05392228041536745,-0.04529691115201365
stress,2020-03-16,14:00:00,5,heterogeneous,-0.0672967115980366,-0.06556601853642824
stress,2020-03-16,14:00:00,5,time_of_day,-0.07598695371694823,-0.06209854799889135
stress,2020-03-16,14:00:00,5,factor_spy,-0.05414481878105773,-0.04559710867608496
stress,2020-03-16,14:00:00,5,quadratic_c0_etf,0.22662902685932954,0.23699228736246147
stress,2020-03-16,14:00:00,5,quadratic_c0_single,0.09072659192414753,0.09258710241436108
stress,2020-03-16,14:00:00,15,quadratic_c0,-0.05971481746278434,-0.06467368937760917
stress,2020-03-16,14:00:00,15,independent_ou,-0.07152608684696127,-0.0704319247922609
stress,2020-03-16,14:00:00,15,flexible_moments,-0.03763184193866059,-0.03252458325054203
stress,2020-03-16,14:00:00,15,heterogeneous,-0.14169173842657654,-0.1505425029740138
stress,2020-03-16,14:00:00,15,time_of_day,-0.06992013667446173,-0.05814771538344707
stress,2020-03-16,14:00:00,15,factor_spy,-0.1134430391085598,-0.11249438364729958
stress,2020-03-16,14:00:00,15,quadratic_c0_etf,-0.010756239075011997,0.016930637262364046
stress,2020-03-16,14:00:00,15,quadratic_c0_single,0.0330768948957369,0.02581698209966532
stress,2020-03-16,14:00:00,30,quadratic_c0,-0.05186581754194802,-0.01789940914601318
stress,2020-03-16,14:00:00,30,independent_ou,-0.10246749713994924,-0.0717723742448017
stress,2020-03-16,14:00:00,30,flexible_moments,-0.003656078493825432,0.013666469441903473
stress,2020-03-16,14:00:00,30,heterogeneous,0.05322956787446581,0.07513328801973213
stress,2020-03-16,14:00:00,30,time_of_day,-0.08850347769227421,-0.07078872304143852
stress,2020-03-16,14:00:00,30,factor_spy,-0.07823705106129708,-0.042557797542381426
stress,2020-03-16,14:00:00,30,quadratic_c0_etf,0.16966328895903443,0.17500835825720318
stress,2020-03-16,14:00:00,30,quadratic_c0_single,-0.09605457094324199,-0.07661046879047032
stress,2020-03-16,14:15:00,1,quadratic_c0,0.04451271793618328,0.040760892748553934
stress,2020-03-16,14:15:00,1,independent_ou,-0.004635824812164013,0.0017899332093180842
stress,2020-03-16,14:15:00,1,flexible_moments,-0.054872217247467714,-0.04739380046057279
stress,2020-03-16,14:15:00,1,heterogeneous,-0.21490052198989745,-0.20703488036376327
stress,2020-03-16,14:15:00,1,time_of_day,-0.23052374739979278,-0.22385333425920773
stress,2020-03-16,14:15:00,1,factor_spy,0.020639741939417477,0.031265625165807
stress,2020-03-16,14:15:00,1,quadratic_c0_etf,-0.05696107585016863,-0.09139060783733172
stress,2020-03-16,14:15:00,1,quadratic_c0_single,0.12355402808024013,0.09384988856825383
stress,2020-03-16,14:15:00,5,quadratic_c0,-0.0039422474213920145,-0.008658243522018993
stress,2020-03-16,14:15:00,5,independent_ou,-0.047010115883431125,-0.03568886372442573
stress,2020-03-16,14:15:00,5,flexible_moments,-0.04981694577621873,-0.07959241354221148
stress,2020-03-16,14:15:00,5,heterogeneous,-0.10856326386207642,-0.10244422108757555
stress,2020-03-16,14:15:00,5,time_of_day,-0.1332581693364399,-0.1138987010916983
stress,2020-03-16,14:15:00,5,factor_spy,-0.02440025286988856,-0.026034218965783174
stress,2020-03-16,14:15:00,5,quadratic_c0_etf,0.3885489210009704,0.3829001993943382
stress,2020-03-16,14:15:00,5,quadratic_c0_single,0.16302133265302488,0.17350301323434614
stress,2020-03-16,14:15:00,15,quadratic_c0,0.1366690754139802,0.16517462702007496
stress,2020-03-16,14:15:00,15,independent_ou,0.13961554982011387,0.1528599473192918
stress,2020-03-16,14:15:00,15,flexible_moments,0.04458769610555441,0.058651444328524205
stress,2020-03-16,14:15:00,15,heterogeneous,0.11035336949034635,0.14376609095290765
stress,2020-03-16,14:15:00,15,time_of_day,0.07921100056448968,0.09133217169568136
stress,2020-03-16,14:15:00,15,factor_spy,-0.002336509775769907,0.025769684066272475
stress,2020-03-16,14:15:00,15,quadratic_c0_etf,0.05153332196108376,0.07637233319327041
stress,2020-03-16,14:15:00,15,quadratic_c0_single,0.16698186255847058,0.19220141209779806
stress,2020-03-16,14:15:00,30,quadratic_c0,0.011951476847815584,-4.2423540254049596e-05
stress,2020-03-16,14:15:00,30,independent_ou,0.14309404642462412,0.12388481672976391
stress,2020-03-16,14:15:00,30,flexible_moments,0.15204782064176922,0.14214850373564125
stress,2020-03-16,14:15:00,30,heterogeneous,0.11503235215917582,0.08299692018471978
stress,2020-03-16,14:15:00,30,time_of_day,0.04831181555605932,0.05671938427358421
stress,2020-03-16,14:15:00,30,factor_spy,0.11672185527770604,0.12166324430429233
stress,2020-03-16,14:15:00,30,quadratic_c0_etf,0.2551155788478816,0.20592674216804058
stress,2020-03-16,14:15:00,30,quadratic_c0_single,0.03688095788613194,0.03923805587236655
stress,2020-03-16,14:30:00,1,quadratic_c0,-0.004643498110180999,0.004440846637108531
stress,2020-03-16,14:30:00,1,independent_ou,-0.12842566771958794,-0.11466585621682301
stress,2020-03-16,14:30:00,1,flexible_moments,0.05857153386629116,0.054562031350746276
stress,2020-03-16,14:30:00,1,heterogeneous,-0.10253114964129362,-0.1010702484593024
stress,2020-03-16,14:30:00,1,time_of_day,-0.17554011871354347,-0.15898020236072966
stress,2020-03-16,14:30:00,1,factor_spy,-0.07289363810683425,-0.053300573506347204
stress,2020-03-16,14:30:00,1,quadratic_c0_etf,-0.08228729425006404,-0.10216467582961028
stress,2020-03-16,14:30:00,1,quadratic_c0_single,0.07768703219668416,0.08615224484003531
stress,2020-03-16,14:30:00,5,quadratic_c0,-0.07261086255420726,-0.05647068424969684
stress,2020-03-16,14:30:00,5,independent_ou,-0.19093365113659394,-0.17344095775928048
stress,2020-03-16,14:30:00,5,flexible_moments,-0.14624514506633046,-0.13538680645964785
stress,2020-03-16,14:30:00,5,heterogeneous,-0.025623438392101794,-0.026725846643882056
stress,2020-03-16,14:30:00,5,time_of_day,-0.23760328973119993,-0.21612992231599823
stress,2020-03-16,14:30:00,5,factor_spy,-0.09905776216489592,-0.09716364225610552
stress,2020-03-16,14:30:00,5,quadratic_c0_etf,-0.131460806188789,-0.12129139532727076
stress,2020-03-16,14:30:00,5,quadratic_c0_single,0.011664985600688516,0.024380234972181503
stress,2020-03-16,14:30:00,15,quadratic_c0,0.03612672554018989,0.01481609219306139
stress,2020-03-16,14:30:00,15,independent_ou,0.015905211276388304,0.03492946651655869
stress,2020-03-16,14:30:00,15,flexible_moments,0.18589814631117135,0.21308648615271492
stress,2020-03-16,14:30:00,15,heterogeneous,0.012582384128764779,0.017796653201576654
stress,2020-03-16,14:30:00,15,time_of_day,0.01899530807552885,0.0453730929521569
stress,2020-03-16,14:30:00,15,factor_spy,-0.027105155340436837,-0.011955319557281713
stress,2020-03-16,14:30:00,15,quadratic_c0_etf,-0.0034787184407467087,0.009675316102273554
stress,2020-03-16,14:30:00,15,quadratic_c0_single,0.08484168408860726,0.06981019595230754
stress,2020-03-16,14:30:00,30,quadratic_c0,-0.24749429860015754,-0.22565955235058374
stress,2020-03-16,14:30:00,30,independent_ou,-0.1904877451302941,-0.15927373307840606
stress,2020-03-16,14:30:00,30,flexible_moments,-0.24420923053408694,-0.2154516072848383
stress,2020-03-16,14:30:00,30,heterogeneous,-0.043165295971207274,-0.046117364404983985
stress,2020-03-16,14:30:00,30,time_of_day,-0.15170424534756527,-0.12215226121098272
stress,2020-03-16,14:30:00,30,factor_spy,-0.14835570667782816,-0.11839621541202305
stress,2020-03-16,14:30:00,30,quadratic_c0_etf,0.24678844227182323,0.21880874200806216
stress,2020-03-16,14:30:00,30,quadratic_c0_single,-0.24550611436813505,-0.23559253824069412
stress,2020-03-16,14:45:00,1,quadratic_c0,-0.11224189131843978,-0.07857419004568755
stress,2020-03-16,14:45:00,1,independent_ou,-0.021202267299282485,-0.012018356947960884
stress,2020-03-16,14:45:00,1,flexible_moments,-0.029973127592754972,0.003458926297467746
stress,2020-03-16,14:45:00,1,heterogeneous,-0.06478655465287389,-0.03471636179642831
stress,2020-03-16,14:45:00,1,time_of_day,-0.13729601390430932,-0.11162708705210547
stress,2020-03-16,14:45:00,1,factor_spy,-0.021390844214051408,-0.0004837459970692404
stress,2020-03-16,14:45:00,1,quadratic_c0_etf,0.13989602496910103,0.12947804295743065
stress,2020-03-16,14:45:00,1,quadratic_c0_single,-0.07321962704911023,-0.030394230696943664
stress,2020-03-16,14:45:00,5,quadratic_c0,-0.05825710492431227,-0.05078037073886593
stress,2020-03-16,14:45:00,5,independent_ou,-0.045674669170529786,-0.04988469932084605
stress,2020-03-16,14:45:00,5,flexible_moments,-0.00394834068703967,-0.009856659542958113
stress,2020-03-16,14:45:00,5,heterogeneous,-0.09873651423763018,-0.0988219530120285
stress,2020-03-16,14:45:00,5,time_of_day,-0.11675349811070969,-0.11014708666670994
stress,2020-03-16,14:45:00,5,factor_spy,0.08283453422525788,0.0823926326964666
stress,2020-03-16,14:45:00,5,quadratic_c0_etf,0.12902221727019275,0.05791010572489802
stress,2020-03-16,14:45:00,5,quadratic_c0_single,-0.059526498152985635,-0.05471979339609623
stress,2020-03-16,14:45:00,15,quadratic_c0,-0.010116574014206403,-0.027202499308982497
stress,2020-03-16,14:45:00,15,independent_ou,-0.23285435735997073,-0.24169070399849174
stress,2020-03-16,14:45:00,15,flexible_moments,-0.14964583473473417,-0.15375108709680652
stress,2020-03-16,14:45:00,15,heterogeneous,-0.12212983312147863,-0.13762650069217772
stress,2020-03-16,14:45:00,15,time_of_day,-0.07429593257003164,-0.0717614595208253
stress,2020-03-16,14:45:00,15,factor_spy,-0.1471858216065685,-0.1480961216692652
stress,2020-03-16,14:45:00,15,quadratic_c0_etf,0.14084570049550388,0.0823556889056481
stress,2020-03-16,14:45:00,15,quadratic_c0_single,-0.04393778472069737,-0.05739498718218561
stress,2020-03-16,14:45:00,30,quadratic_c0,-0.034460608997200576,-0.012221733812779217
stress,2020-03-16,14:45:00,30,independent_ou,-0.023531233309199984,-0.005676614252069417
stress,2020-03-16,14:45:00,30,flexible_moments,0.05230340464714342,0.050058437841235426
stress,2020-03-16,14:45:00,30,heterogeneous,0.028195901205288865,0.04237528438282617
stress,2020-03-16,14:45:00,30,time_of_day,-0.03332461929481906,-0.03143069688958666
stress,2020-03-16,14:45:00,30,factor_spy,0.06115217957868527,0.05023126753025989
stress,2020-03-16,14:45:00,30,quadratic_c0_etf,0.13844051317084574,0.13859273156557558
stress,2020-03-16,14:45:00,30,quadratic_c0_single,-0.01071242090848537,0.006730931593825984
stress,2020-03-16,15:00:00,1,quadratic_c0,-0.0743755891501226,-0.06297789593184944
stress,2020-03-16,15:00:00,1,independent_ou,-0.051282794178635904,-0.03110028148472238
stress,2020-03-16,15:00:00,1,flexible_moments,0.011676755022274554,0.013071360449168956
stress,2020-03-16,15:00:00,1,heterogeneous,-0.10201766515809846,-0.13705388244130506
stress,2020-03-16,15:00:00,1,time_of_day,-0.1788558818482173,-0.16389266444863215
stress,2020-03-16,15:00:00,1,factor_spy,-0.08251781222074961,-0.06892836315412063
stress,2020-03-16,15:00:00,1,quadratic_c0_etf,0.03823907703020918,0.0186042465041375
stress,2020-03-16,15:00:00,1,quadratic_c0_single,-0.08518739497505975,-0.08610465875093617
stress,2020-03-16,15:00:00,5,quadratic_c0,0.04875829017233599,0.029134627650649475
stress,2020-03-16,15:00:00,5,independent_ou,-0.07847601565222764,-0.0741362591675105
stress,2020-03-16,15:00:00,5,flexible_moments,0.028220203545594513,0.009658319117457043
stress,2020-03-16,15:00:00,5,heterogeneous,0.02812156339952185,0.02053890577571918
stress,2020-03-16,15:00:00,5,time_of_day,-0.10022370077714238,-0.09863409483932727
stress,2020-03-16,15:00:00,5,factor_spy,-0.11819984820599293,-0.11158546949895184
stress,2020-03-16,15:00:00,5,quadratic_c0_etf,0.024444231365253033,0.0010848214565039316
stress,2020-03-16,15:00:00,5,quadratic_c0_single,0.08097911831052065,0.05250606603312705
stress,2020-03-16,15:00:00,15,quadratic_c0,-0.04183533126299016,-0.026863473209125743
stress,2020-03-16,15:00:00,15,independent_ou,0.0023894066646308887,-0.018233241441063863
stress,2020-03-16,15:00:00,15,flexible_moments,0.031581642332979554,0.012406765729140262
stress,2020-03-16,15:00:00,15,heterogeneous,-0.03407170258450129,-0.013867243023835546
stress,2020-03-16,15:00:00,15,time_of_day,-0.08484368058442046,-0.09355307776964766
stress,2020-03-16,15:00:00,15,factor_spy,-0.08433897015983643,-0.06671684879569822
stress,2020-03-16,15:00:00,15,quadratic_c0_etf,0.0436266401794394,0.04116736555969627
stress,2020-03-16,15:00:00,15,quadratic_c0_single,0.019901800427457872,0.01643425922037786
stress,2020-03-16,15:00:00,30,quadratic_c0,0.17962659313210333,0.15748682177166692
stress,2020-03-16,15:00:00,30,independent_ou,0.26213336342277277,0.23694888915621196
stress,2020-03-16,15:00:00,30,flexible_moments,0.29949817647023325,0.2828583633690305
stress,2020-03-16,15:00:00,30,heterogeneous,0.13788877251031284,0.1338814813983013
stress,2020-03-16,15:00:00,30,time_of_day,0.18885717934222818,0.16781117936243756
stress,2020-03-16,15:00:00,30,factor_spy,0.06685672637276775,0.058334583508322324
stress,2020-03-16,15:00:00,30,quadratic_c0_etf,0.24150004852482654,0.24009613518200976
stress,2020-03-16,15:00:00,30,quadratic_c0_single,0.16996864935677847,0.1384501186698275
stress,2020-03-16,15:15:00,1,quadratic_c0,-0.13010198365002512,-0.0910723686770076
stress,2020-03-16,15:15:00,1,independent_ou,0.02415228643423628,0.029090731100440054
stress,2020-03-16,15:15:00,1,flexible_moments,-0.04892037099330332,-0.02115405848357471
stress,2020-03-16,15:15:00,1,heterogeneous,-0.13325178318708283,-0.10332764397254388
stress,2020-03-16,15:15:00,1,time_of_day,-0.14183484403364588,-0.11145327361893635
stress,2020-03-16,15:15:00,1,factor_spy,-0.11867872308536068,-0.08098464669506739
stress,2020-03-16,15:15:00,1,quadratic_c0_etf,0.27834448589608835,0.2822906423907152
stress,2020-03-16,15:15:00,1,quadratic_c0_single,-0.07898860689571771,-0.06811173831488262
stress,2020-03-16,15:15:00,5,quadratic_c0,0.03371686928309625,0.09691751132313986
stress,2020-03-16,15:15:00,5,independent_ou,-0.06541796621788926,0.006291951216015557
stress,2020-03-16,15:15:00,5,flexible_moments,-0.07212101846305596,-0.011982187565095948
stress,2020-03-16,15:15:00,5,heterogeneous,-0.07954959907588866,-0.028617723817241758
stress,2020-03-16,15:15:00,5,time_of_day,-0.07078368033465054,-0.005259512647850684
stress,2020-03-16,15:15:00,5,factor_spy,-0.06978033782870385,0.0019416923090799232
stress,2020-03-16,15:15:00,5,quadratic_c0_etf,-0.10097087384083192,-0.02317656726439271
stress,2020-03-16,15:15:00,5,quadratic_c0_single,0.08477554144018307,0.14936987984196348
stress,2020-03-16,15:15:00,15,quadratic_c0,0.02588888303978326,0.029186423447418036
stress,2020-03-16,15:15:00,15,independent_ou,-0.07905729413076396,-0.058379079012632756
stress,2020-03-16,15:15:00,15,flexible_moments,0.012069434971920423,0.019557773203661588
stress,2020-03-16,15:15:00,15,heterogeneous,0.026707203264060342,0.03675716265844994
stress,2020-03-16,15:15:00,15,time_of_day,0.01809149729004511,0.014992010174521453
stress,2020-03-16,15:15:00,15,factor_spy,-0.0395053195261032,-0.03617893742429931
stress,2020-03-16,15:15:00,15,quadratic_c0_etf,0.20848694319804167,0.2382029046656877
stress,2020-03-16,15:15:00,15,quadratic_c0_single,-0.0025711649130395475,-0.003673326048642095
stress,2020-03-16,15:15:00,30,quadratic_c0,0.001475143925342648,0.011779437064118464
stress,2020-03-16,15:15:00,30,independent_ou,-0.08380178384181475,-0.03466274769034233
stress,2020-03-16,15:15:00,30,flexible_moments,-0.0240720172525912,-0.03062982902861487
stress,2020-03-16,15:15:00,30,heterogeneous,-0.04064095419010949,0.0068803271881012484
stress,2020-03-16,15:15:00,30,time_of_day,-0.1170835641737894,-0.07410606231242639
stress,2020-03-16,15:15:00,30,factor_spy,-0.02591674757766413,-0.022276151225140775
stress,2020-03-16,15:15:00,30,quadratic_c0_etf,-0.037890322652636005,0.007728025072564565
stress,2020-03-16,15:15:00,30,quadratic_c0_single,0.06537537435512325,0.06880772577376223
stress,2020-03-16,15:30:00,1,quadratic_c0,-0.055120884250803664,-0.048189957076283874
stress,2020-03-16,15:30:00,1,independent_ou,-0.006457286143889601,0.0016081385113043134
stress,2020-03-16,15:30:00,1,flexible_moments,-0.021063030126690446,-0.002929265711885759
stress,2020-03-16,15:30:00,1,heterogeneous,0.07057484474359135,0.06364131287878302
stress,2020-03-16,15:30:00,1,time_of_day,-0.0042188457310706196,-0.0008930308882754701
stress,2020-03-16,15:30:00,1,factor_spy,0.05333613261622411,0.04105242912665569
stress,2020-03-16,15:30:00,1,quadratic_c0_etf,0.09504065182568952,0.09797787719782114
stress,2020-03-16,15:30:00,1,quadratic_c0_single,-0.011591760881240865,-0.013976392764512402
stress,2020-03-16,15:30:00,5,quadratic_c0,-0.0382021940838497,-0.026321639717713202
stress,2020-03-16,15:30:00,5,independent_ou,-0.03028140789550343,-0.025228064326856203
stress,2020-03-16,15:30:00,5,flexible_moments,-0.039342475493200524,-0.0393980083950323
stress,2020-03-16,15:30:00,5,heterogeneous,-0.07030810398964202,-0.06546664846077131
stress,2020-03-16,15:30:00,5,time_of_day,-0.09026497153617549,-0.08661138272706762
stress,2020-03-16,15:30:00,5,factor_spy,0.02273550751607817,0.020146819844354763
stress,2020-03-16,15:30:00,5,quadratic_c0_etf,0.21477479057449592,0.226111873572072
stress,2020-03-16,15:30:00,5,quadratic_c0_single,-0.05641506124888915,-0.04092932980788058
stress,2020-03-16,15:30:00,15,quadratic_c0,-0.12162628790614524,-0.12322817729169
stress,2020-03-16,15:30:00,15,independent_ou,-0.02991831159357264,-0.05034226454851651
stress,2020-03-16,15:30:00,15,flexible_moments,-0.01824838998546177,-0.023745595625389998
stress,2020-03-16,15:30:00,15,heterogeneous,-0.0739212977373182,-0.10084694157754065
stress,2020-03-16,15:30:00,15,time_of_day,-0.16787557380376866,-0.16094731922502098
stress,2020-03-16,15:30:00,15,factor_spy,-0.09417014730121434,-0.11265291579522436
stress,2020-03-16,15:30:00,15,quadratic_c0_etf,0.04288677669000557,0.02713823767086529
stress,2020-03-16,15:30:00,15,quadratic_c0_single,-0.07385515754531524,-0.07179953921383217
stress,2020-03-16,15:45:00,1,quadratic_c0,0.03427005443081063,0.028653795636458618
stress,2020-03-16,15:45:00,1,independent_ou,0.04305383182661762,0.041643471201191856
stress,2020-03-16,15:45:00,1,flexible_moments,0.031182998855896066,0.03155955114285161
stress,2020-03-16,15:45:00,1,heterogeneous,-0.028238449046365743,-0.015837641031921867
stress,2020-03-16,15:45:00,1,time_of_day,-0.0646041510872169,-0.059280845402846005
stress,2020-03-16,15:45:00,1,factor_spy,-0.045105070129211056,-0.004617635199661296
stress,2020-03-16,15:45:00,1,quadratic_c0_etf,0.22725676644348267,0.234016465822724
stress,2020-03-16,15:45:00,1,quadratic_c0_single,0.001394213042419129,0.00758024675350269
stress,2020-03-16,15:45:00,5,quadratic_c0,0.044061448240338946,0.031458585744039466
stress,2020-03-16,15:45:00,5,independent_ou,0.07817597265675552,0.0722112527377039
stress,2020-03-16,15:45:00,5,flexible_moments,0.18290154416983745,0.14646963339646388
stress,2020-03-16,15:45:00,5,heterogeneous,0.1728531232358161,0.15408195148629797
stress,2020-03-16,15:45:00,5,time_of_day,-0.011300327215185452,-0.013163062231841813
stress,2020-03-16,15:45:00,5,factor_spy,0.031065565558893615,0.022374289674862616
stress,2020-03-16,15:45:00,5,quadratic_c0_etf,0.14033004125985887,0.12410891388004261
stress,2020-03-16,15:45:00,5,quadratic_c0_single,0.07111476379430226,0.061012110466315134
stress_fixed_am_pm,2020-03-16,10:00:00,300,quadratic_c0,0.10981301998427642,0.12610048886510133
stress_fixed_am_pm,2020-03-16,10:00:00,300,independent_ou,0.125915411155411,0.12399535059168283
