design,budget_per_time,samples_per_population_time,replicate,total_training_samples,a_hat,k_hat,q_hat,s0_hat,b_hat,beta_hat,genuine_b0_contact,artificial_bound_contact,profile_components,profile_full_domain,profile_hull_width,train_nll_per_sample,ridge_a_display_min,ridge_a_display_max,ridge_is_full_genuine_domain,mean_w2_min,mean_w2_max,final_w2_min,final_w2_max,sampled_test_nll_min,sampled_test_nll_max
centered,300,300,0,900,nan,1.6665187384198565,0.34448346596220886,1.704049781103833,nan,0.5740881511018399,nan,0.0,"(0,1.6665187]",1.0,1.6665187384198565,1.167375096385009,0.05,1.6665187384198565,True,0.010516964710917117,0.5600239267593652,0.00672786938876135,0.8455588392539669,1.0981590759780557,1.5808008160693992
centered,300,300,1,900,nan,2.3271919845527527,0.3855508965821808,2.066321967503965,nan,0.8972509561631784,nan,0.0,"(0,2.327192]",1.0,2.3271919845527527,1.1514760506869919,0.05,2.3271919845527527,True,0.021189102609378486,0.5601704454617373,0.033719225911796276,0.8462079400291709,1.0861899067628829,1.5156148922405834
centered,300,300,2,900,nan,1.133169171411168,0.20311804537665382,1.361878002621775,nan,0.23016710717811883,nan,0.0,"(0,1.1331692]",1.0,1.133169171411168,1.1138510124264072,0.05,1.133169171411168,True,0.04448438827106716,0.5617322537225719,0.09673102075229983,0.8510506450700187,1.0967697968792476,1.7170338513644492
centered,300,300,3,900,nan,1.5281533163856476,0.25660716545151346,1.645420280013883,nan,0.3921350908930509,nan,0.0,"(0,1.5281533]",1.0,1.5281533163856476,1.1158667833443152,0.05,1.5281533163856476,True,0.039991174945238045,0.5611517103386392,0.06809914600377576,0.8482736785769207,1.0997612023866745,1.6648121814788766
centered,300,300,4,900,nan,2.0739765043373333,0.4244441863998141,1.53218532782571,nan,0.88028726999579,nan,0.0,"(0,2.0739765]",1.0,2.0739765043373333,1.1536371386837223,0.05,2.0739765043373333,True,0.0400700243509672,0.5613173885202644,0.06474987501718642,0.8480087140564971,1.090492676668447,1.4918958382053116
centered,300,300,5,900,nan,0.5774034607692436,0.05,1.133028269149894,nan,0.028870173038462184,nan,1.0,"(0,0.57740346]",1.0,0.5774034607692436,1.1679138572867012,0.05,0.5774034607692436,True,0.19226461735794753,0.5615826103050984,0.2560181066082036,0.8510771019570984,1.1536631975243867,1.67099440817634
centered,300,300,6,900,nan,1.256218686644679,0.2567968316782494,1.5255980129036253,nan,0.3225929786253652,nan,0.0,"(0,1.2562187]",1.0,1.256218686644679,1.1568998582535155,0.05,1.256218686644679,True,0.030339852824091386,0.5606035014437369,0.053634730837724055,0.8472330943597026,1.0983963256026765,1.6339834525788075
centered,300,300,7,900,nan,0.6266592057083521,0.06670044888748136,1.1564895863319142,nan,0.04179845032021961,nan,0.0,"(0,0.62665921]",1.0,0.6266592057083521,1.1602199419901293,0.05,0.6266592057083521,True,0.16819975099906578,0.5617364828205963,0.22713347381995744,0.8521260119657307,1.1478538765086468,1.7079992825198185
centered,300,300,8,900,nan,1.7564702875238527,0.35798358829132776,1.4287478238175828,nan,0.6287875362548889,nan,0.0,"(0,1.7564703]",1.0,1.7564702875238527,1.123555875738084,0.05,1.7564702875238527,True,0.02357939607610276,0.5609829235147205,0.014480542440359678,0.845659244660813,1.099430904408136,1.5530226556774023
centered,300,300,9,900,nan,1.0188295860024623,0.33740224882073944,1.0791294631828425,nan,0.34375539348233375,nan,0.0,"(0,1.0188296]",1.0,1.0188295860024623,1.1553909561234812,0.05,1.0188295860024623,True,0.029498947388852805,0.5614579742741059,0.021725191391551366,0.8458143653828257,1.0905850842970006,1.5279930876102674
centered,300,300,10,900,nan,1.4034489335149045,0.38156110300905594,1.327273012574698,nan,0.5355015230888301,nan,0.0,"(0,1.4034489]",1.0,1.4034489335149045,1.1732892470788525,0.05,1.4034489335149045,True,0.027154144988354674,0.5603531876045913,0.040510731837841214,0.8465052565981784,1.089434699188983,1.491725893402664
centered,300,300,11,900,nan,2.2142881233598852,0.3607431818396163,2.1295676471133285,nan,0.7987893431305177,nan,0.0,"(0,2.2142881]",1.0,2.2142881233598852,1.1506677953555589,0.05,2.2142881233598852,True,0.020139093623458226,0.5603935451953669,0.014263730214268291,0.8456530094705211,1.0833992573209514,1.5431960182342037
centered,300,300,12,900,nan,2.297460895372374,0.32140754816903283,2.196063756805429,nan,0.7384212733958656,nan,0.0,"(0,2.2974609]",1.0,2.297460895372374,1.11236106880467,0.05,2.297460895372374,True,0.03382863833420281,0.5610650973563154,0.019970152652611907,0.8457692592957511,1.0879468172936604,1.612265432638982
centered,300,300,13,900,nan,2.1115710087935153,0.4045450927317852,1.6083500533732877,nan,0.8542256895621219,nan,0.0,"(0,2.111571]",1.0,2.1115710087935153,1.1432602193196038,0.05,2.1115710087935153,True,0.03383348142651599,0.5608926379993151,0.04929062277019793,0.8469689653182666,1.09264908702917,1.515912728166358
centered,300,300,14,900,nan,2.178003288542732,0.39377418061630176,1.5878985754112567,nan,0.8576414603255249,nan,0.0,"(0,2.1780033]",1.0,2.178003288542732,1.1257545341234023,0.05,2.178003288542732,True,0.03665348986489342,0.5616168486061468,0.04054187046736033,0.8465019437167965,1.095860376445991,1.5221451338187824
centered,300,300,15,900,nan,2.9386619713655855,0.38817041424043824,2.9512427150996143,nan,1.1407016347376022,nan,0.0,"(0,2.938662]",1.0,2.9386619713655855,1.1527889258914281,0.05,2.5,False,0.03391553524721626,0.5616118719165133,0.03507970622782776,0.8462547459199253,1.0893930755222128,1.5402295980387695
centered,300,300,16,900,nan,0.5924319978054434,0.12118294856689749,0.9807247535250151,nan,0.07179265631944137,nan,0.0,"(0,0.592432]",1.0,0.5924319978054434,1.1276533724178603,0.05,0.5924319978054434,True,0.1862699375918893,0.5627283393921394,0.23696595335168807,0.8486133715612266,1.1460288279623099,1.6383507563015447
centered,300,300,17,900,nan,2.104984186166243,0.3795361136959051,1.841623473031088,nan,0.7989175174088734,nan,0.0,"(0,2.1049842]",1.0,2.104984186166243,1.1499490569171629,0.05,2.104984186166243,True,0.016469618883162368,0.5599602647919006,0.029921625890544222,0.84605887349418,1.0954151499112486,1.5471553941628027
centered,300,300,18,900,nan,1.086506960337778,0.21335548735991453,1.5038463413924392,nan,0.23181222204280594,nan,0.0,"(0,1.086507]",1.0,1.086506960337778,1.1703725051891856,0.05,1.086506960337778,True,0.04423878498668443,0.561789180621313,0.07571099471082024,0.848918879938713,1.0946023831986504,1.6316335221531195
centered,300,300,19,900,nan,2.1125311679342764,0.3623793247512255,1.80227034451634,nan,0.7655376181519408,nan,0.0,"(0,2.1125312]",1.0,2.1125311679342764,1.1308611078999964,0.05,2.1125311679342764,True,0.017997764699300534,0.5601717587433219,0.015736696389823186,0.8456803230279542,1.096495325322612,1.561376732238262
centered,300,300,20,900,nan,0.5876208279769297,0.05,1.1424936421314749,nan,0.029381041398846487,nan,1.0,"(0,0.58762083]",1.0,0.5876208279769297,1.1665176211293253,0.05,0.5876208279769297,True,0.18735931006924667,0.5616772630713849,0.25061655427007196,0.8515717135931753,1.15262673058938,1.6881557823133235
centered,300,300,21,900,nan,2.061519020283141,0.3294200712086771,1.666896556396022,nan,0.6791057424597146,nan,0.0,"(0,2.061519]",1.0,2.061519020283141,1.0930014398712182,0.05,2.061519020283141,True,0.037893130474800335,0.5619005845061144,0.012315711708941572,0.845622847213229,1.0944205069608026,1.591714789159238
centered,300,300,22,900,nan,1.3787278397880551,0.36601573406357796,1.477096893197033,nan,0.5046360823539161,nan,0.0,"(0,1.3787278]",1.0,1.3787278397880551,1.1946965752139138,0.05,1.3787278397880551,True,0.029988567994129425,0.5605402567220849,0.031041546627936976,0.8461051193174398,1.0860915492870955,1.5083976966701658
centered,300,300,23,900,nan,1.46906894988119,0.37226149753719373,1.5367244354774678,nan,0.5468778072681644,nan,0.0,"(0,1.4690689]",1.0,1.46906894988119,1.1935553858299233,0.05,1.46906894988119,True,0.030120679248416955,0.5605585612228086,0.033226167877183146,0.84618706798115,1.0918327519651045,1.507342904101261
centered,300,300,24,900,nan,2.680564218349706,0.37905085139308103,3.0,nan,1.0160701491792847,nan,1.0,"(0,2.6805642]",1.0,2.680564218349706,1.1762824924032136,0.05,2.5,False,0.03683091751198216,0.5639774460267661,0.028148811134784065,0.8459957829512323,1.099566182561286,1.5419794564447946
centered,300,300,25,900,nan,0.827366569989817,0.2027046973054894,1.2430276762967165,nan,0.16771109013046687,nan,0.0,"(0,0.82736657]",1.0,0.827366569989817,1.1776496154057277,0.05,0.827366569989817,True,0.07393389591593838,0.5605061961275755,0.09376373270340843,0.847029830456858,1.1010029641772212,1.5952319243771276
centered,300,300,26,900,nan,0.6261751301832227,0.06454565592390586,1.217353037282262,nan,0.04041688450091325,nan,0.0,"(0,0.62617513]",1.0,0.6261751301832227,1.1834552406650578,0.05,0.6261751301832227,True,0.16889770849804212,0.5619818691050247,0.22385763405658568,0.851178223915889,1.1392109723749944,1.6741793302025274
centered,300,300,27,900,nan,2.176911750533593,0.37736973647068306,1.8578915869676216,nan,0.8215006136187953,nan,0.0,"(0,2.1769118]",1.0,2.176911750533593,1.1415517387138738,0.05,2.176911750533593,True,0.017451904568692143,0.5600717685408905,0.02773711091900025,0.8459860467632493,1.0876045977510154,1.533532115779543
centered,300,300,28,900,nan,0.8127947891089179,0.09744358655709877,1.351537552947393,nan,0.07920163938569368,nan,0.0,"(0,0.81279479]",1.0,0.8127947891089179,1.1587670835084711,0.05,0.8127947891089179,True,0.09763788799308504,0.5632757657988438,0.15930245552672076,0.8560216404923451,1.1243482772568965,1.7714800278255658
centered,300,300,29,900,nan,1.4782277231808059,0.3880102376640666,1.3552755799022949,nan,0.5735674901929966,nan,0.0,"(0,1.4782277]",1.0,1.4782277231808059,1.1715949740239047,0.05,1.4782277231808059,True,0.027054186587291893,0.5603703869566854,0.04358617241095475,0.8466582088990184,1.0986238184092283,1.523002263942221
centered,300,300,30,900,nan,0.5982615926419476,0.05,1.1788106438023174,nan,0.02991307963209738,nan,1.0,"(0,0.59826159]",1.0,0.5982615926419476,1.1759075382348763,0.05,0.5982615926419476,True,0.1823461379750361,0.5618210678189945,0.24337515435973592,0.8515539067176758,1.148469670323992,1.681471403094601
centered,300,300,31,900,nan,1.0177216243859224,0.18187713566581729,1.4339677931480233,nan,0.18510029394847435,nan,0.0,"(0,1.0177216]",1.0,1.0177216243859224,1.1546589939777894,0.05,1.0177216243859224,True,0.046950447050165406,0.5618500832707928,0.09756474372487142,0.8511460413243198,1.0964668226472438,1.6863935459961807
centered,300,300,32,900,nan,2.474281942486994,0.41414108038016295,1.986611212867463,nan,1.024701796826692,nan,0.0,"(0,2.4742819]",1.0,2.474281942486994,1.1526474617067335,0.05,2.474281942486994,True,0.030232864612017414,0.5605429813743795,0.05580044052573705,0.8473752198710681,1.0968668676211009,1.5044182204675447
centered,300,300,33,900,nan,1.4275648801159655,0.2897321363315835,1.4490048870103087,nan,0.4136114224679396,nan,0.0,"(0,1.4275649]",1.0,1.4275648801159655,1.1270717489121198,0.05,1.4275648801159655,True,0.023894721107765554,0.5601730468307168,0.03555094164338167,0.8462822866625345,1.0964964670348392,1.6237859984225573
centered,300,300,34,900,nan,1.5737916506042218,0.36517434102784674,1.2672781712335344,nan,0.574708328924524,nan,0.0,"(0,1.5737917]",1.0,1.5737916506042218,1.1265631139219474,0.05,1.5737916506042218,True,0.02987021657440581,0.5617085744846548,0.022458394839016405,0.8458336654429056,1.0874163891724298,1.5442136931327437
centered,300,300,35,900,nan,1.6260972813080719,0.37322139498939977,1.5541983564946493,nan,0.606894295718269,nan,0.0,"(0,1.6260973]",1.0,1.6260972813080719,1.1721938190300347,0.05,1.6260972813080719,True,0.01651334058261785,0.5599087503332376,0.029814256693335046,0.8460596563763995,1.0935973754331545,1.5289377729729905
centered,300,300,36,900,nan,1.6709856629118915,0.33038080716777224,1.6719447502943519,nan,0.5520615920786057,nan,0.0,"(0,1.6709857]",1.0,1.6709856629118915,1.151379351212967,0.05,1.6709856629118915,True,0.009841069266759027,0.5598037790423954,0.006230073571787181,0.8455570630978625,1.0954205582978682,1.572949543742726
centered,300,300,37,900,nan,1.940297983443923,0.3623948431168342,1.9478860762106875,nan,0.7031539833100702,nan,0.0,"(0,1.940298]",1.0,1.940297983443923,1.1700688833073956,0.05,1.940297983443923,True,0.016279906832521108,0.5605392217049091,0.017526342546285465,0.8457153550274685,1.098570552696709,1.5495045819476758
centered,300,300,38,900,nan,1.4923752942922912,0.31546277929998773,1.7005453750670914,nan,0.4707888580960833,nan,0.0,"(0,1.4923753]",1.0,1.4923752942922912,1.1775341095452536,0.05,1.4923752942922912,True,0.021144523324624347,0.5608404475891238,0.012963828235615397,0.8456353486585557,1.088323100603157,1.5670395065227607
centered,300,300,39,900,nan,2.7397254660984305,0.4022869712869448,2.601007483929457,nan,1.1021558599144508,nan,0.0,"(0,2.7397255]",1.0,2.7397254660984305,1.1629366858288108,0.05,2.5,False,0.033914634693105995,0.5611081935881885,0.04641802228232569,0.8468005325905088,1.0855051816733388,1.5185096360672845
centered,300,300,40,900,nan,2.04046695231356,0.3411015363014763,2.0429866857931827,nan,0.6960064122065465,nan,0.0,"(0,2.040467]",1.0,2.04046695231356,1.1494718269020783,0.05,2.04046695231356,True,0.019282777692352843,0.5604963819265893,0.0022054128005327385,0.8455368983523786,1.0933018657560265,1.5683672647970817
centered,300,300,41,900,nan,2.2039199811988994,0.4094098331968149,1.6058337711733117,nan,0.9023065118817688,nan,0.0,"(0,2.20392]",1.0,2.2039199811988994,1.1379184450834858,0.05,2.2039199811988994,True,0.038745344598552466,0.5614010188473969,0.052642439956111946,0.8471729817559285,1.0929593246696185,1.5178634959735262
centered,300,300,42,900,nan,2.652300085848898,0.39212536493105327,2.1484450709205625,nan,1.040034139070163,nan,0.0,"(0,2.6523001]",1.0,2.652300085848898,1.130836933139525,0.05,2.5,False,0.028360021464747517,0.5607457379955401,0.03841331071962603,0.8463994870292688,1.0840162565718754,1.5200888545919264
centered,300,300,43,900,nan,1.4368760792004074,0.3200547826525763,1.3815428251060828,nan,0.4598790612271724,nan,0.0,"(0,1.4368761]",1.0,1.4368760792004074,1.1351300660389658,0.05,1.4368760792004074,True,0.01470234188460372,0.5600592476058046,0.010317512377951931,0.8455984310281333,1.090206994694274,1.581533782167414
centered,300,300,44,900,nan,1.2613377650036621,0.3184473105314628,1.4497148574459116,nan,0.40166961893718245,nan,0.0,"(0,1.2613378]",1.0,1.2613377650036621,1.1815593783753369,0.05,1.2613377650036621,True,0.01594886006642682,0.5601063068412525,0.0018686549921744645,0.8455379367102244,1.0941565179390516,1.5526524058525992
centered,300,300,45,900,nan,2.119452268638697,0.3779997661440936,1.92641090428558,nan,0.801152461898996,nan,0.0,"(0,2.1194523]",1.0,2.119452268638697,1.156023567768229,0.05,2.119452268638697,True,0.017771066380289,0.5600187767559858,0.028533306988945534,0.8460170790920797,1.0989651185075147,1.5467707694479806
centered,300,300,46,900,nan,1.0375820342720787,0.2843106451995206,1.1496780103415196,nan,0.2949956176113258,nan,0.0,"(0,1.037582]",1.0,1.0375820342720787,1.1382649278053725,0.05,1.0375820342720787,True,0.017726365772564874,0.5607805022528728,0.020362294206564904,0.8457799194296071,1.0834428696541754,1.5774087847132736
centered,300,300,47,900,nan,0.6517054122835352,0.07621998166873467,1.1973653839190352,nan,0.04967297457766622,nan,0.0,"(0,0.65170541]",1.0,0.6517054122835352,1.1683063767139013,0.05,0.6517054122835352,True,0.15623006411317159,0.5617583564399855,0.2110069836073334,0.8518818418047118,1.1369974872483888,1.6869701008049205
centered,300,300,48,900,nan,1.2222029297805124,0.3180878856414149,1.2322835062696158,nan,0.38876794575862583,nan,0.0,"(0,1.2222029]",1.0,1.2222029297805124,1.1422234939619698,0.05,1.2222029297805124,True,0.012847311414733092,0.560386183304473,0.0042417369792234864,0.8455460471694428,1.081954978327696,1.5486080279430057
centered,300,300,49,900,nan,1.698462971986963,0.34255813951949066,1.8415074191278813,nan,0.5818223157265988,nan,0.0,"(0,1.698463]",1.0,1.698462971986963,1.1799099697164541,0.05,1.698462971986963,True,0.018099684104623263,0.5610257947054962,0.00468785734665818,0.8455485509278214,1.0897780513470412,1.5585737494353338
centered,300,300,50,900,nan,1.960068635022556,0.37470484933330467,1.4954708733458677,nan,0.734447222569063,nan,0.0,"(0,1.9600686]",1.0,1.960068635022556,1.1217671428666345,0.05,1.960068635022556,True,0.03015533470538653,0.5613972397704614,0.02629398410034071,0.8459423318506871,1.0902125979136241,1.5496193908183222
centered,300,300,51,900,nan,1.0822062389105922,0.2704523839087604,1.149687291873041,nan,0.29268525719430316,nan,0.0,"(0,1.0822062]",1.0,1.0822062389105922,1.1187720705635735,0.05,1.0822062389105922,True,0.03136556575366492,0.5615221220662541,0.036539930708558946,0.846323769677272,1.0882204105151807,1.5862138413514557
centered,300,300,52,900,nan,2.5232359280820735,0.38972465941271633,2.271953611947834,nan,0.9833672626897153,nan,0.0,"(0,2.5232359]",1.0,2.5232359280820735,1.1511015477423951,0.05,2.5,False,0.025426512357658117,0.5604174913710589,0.0367881372362587,0.8463272867184897,1.0740514413557443,1.512067367476578
centered,300,300,53,900,nan,0.6803346498121379,0.12894267625632772,1.094561591074769,nan,0.08772417049668858,nan,0.0,"(0,0.68033465]",1.0,0.6803346498121379,1.142102173603539,0.05,0.6803346498121379,True,0.14122884190228255,0.561474566542213,0.18497079881422457,0.8497092742795019,1.1247684324074343,1.6593603933301628
centered,300,300,54,900,nan,2.086174251618797,0.3783812557986463,1.980093956273827,nan,0.7893692331423215,nan,0.0,"(0,2.0861743]",1.0,2.086174251618797,1.1660933040495542,0.05,2.086174251618797,True,0.019908444221573562,0.5602922495108237,0.029146767267935653,0.846038202088001,1.0859835545735381,1.5170645674804821
centered,300,300,55,900,nan,1.0495535760255996,0.2443223461060558,1.2270763496932602,nan,0.2564293920585751,nan,0.0,"(0,1.0495536]",1.0,1.0495535760255996,1.1305595568489673,0.05,1.0495535760255996,True,0.027505690693907126,0.5606607372592128,0.053218262745205865,0.8472091047890692,1.0934281851370016,1.6090348064424107
centered,300,300,56,900,nan,2.1487954011239703,0.3611497776729561,1.9445688579736005,nan,0.7760369813805924,nan,0.0,"(0,2.1487954]",1.0,2.1487954011239703,1.1407257847987653,0.05,2.1487954011239703,True,0.015817657238216515,0.5600220512639278,0.014746525704859754,0.8456616207724877,1.0914993881412933,1.5430385153381154
centered,300,300,57,900,nan,1.9055855558712427,0.3902375212289364,1.6259912783313424,nan,0.7436309838128586,nan,0.0,"(0,1.9055856]",1.0,1.9055855558712427,1.157061746110448,0.05,1.9055855558712427,True,0.020737982875399387,0.5600522208188865,0.03956240706498497,0.8464566648827048,1.0994673282223197,1.5357774716521393
centered,300,300,58,900,nan,0.714709853651639,0.1408943109103673,1.0575052629860584,nan,0.10069855233109713,nan,0.0,"(0,0.71470985]",1.0,0.714709853651639,1.1197694352835224,0.05,0.714709853651639,True,0.1294014079519489,0.5625214203946562,0.16906291515172422,0.8503310802798867,1.1256759595843955,1.6990950486483953
centered,300,300,59,900,nan,1.5683980784803004,0.3183559820973401,1.5970208447957108,nan,0.49930891059417715,nan,0.0,"(0,1.5683981]",1.0,1.5683980784803004,1.1483721112888445,0.05,1.5683980784803004,True,0.010841937611739015,0.5597737821836555,0.014081653812315962,0.8456531462800466,1.0913579846553843,1.57912998501174
centered,300,300,60,900,nan,1.3540211697671098,0.30974107029029696,1.5681258071810655,nan,0.41939596631938447,nan,0.0,"(0,1.3540212]",1.0,1.3540211697671098,1.179073999516225,0.05,1.3540211697671098,True,0.018915927206643066,0.560441691660335,0.012924656691412666,0.8456327486193533,1.0876093776123863,1.5556221657969889
centered,300,300,61,900,nan,2.4004900608093958,0.39963274248940955,2.070813166678909,nan,0.9593144263198283,nan,0.0,"(0,2.4004901]",1.0,2.4004900608093958,1.155384814056439,0.05,2.4004900608093958,True,0.025251066245778137,0.5602742498837696,0.04485231753585552,0.8467157893357188,1.090970331128401,1.5150670104744204
centered,300,300,62,900,nan,0.5540005498541859,0.05,0.9849235517966868,nan,0.027700027492709296,nan,1.0,"(0,0.55400055]",1.0,0.5540005498541859,1.113263054993794,0.05,0.5540005498541859,True,0.21000392026764098,0.5639791855997958,0.2783296059741402,0.8528680585905368,1.1774608466939382,1.7348741327983987
centered,300,300,63,900,nan,3.0,0.42833140484637044,2.3989018158482476,nan,1.2849942145391113,nan,1.0,"(0,3]",1.0,3.0,1.148993478987688,0.05,2.5,False,0.03830753574957159,0.5610986511281713,0.06629895696995704,0.8481226685440444,1.086367446093176,1.486781143595715
centered,300,300,64,900,nan,1.1806881668311686,0.2834776399415786,1.5334164844723805,nan,0.3346986950402485,nan,0.0,"(0,1.1806882]",1.0,1.1806881668311686,1.1953312593833485,0.05,1.1806881668311686,True,0.031234376874104387,0.5614697989352732,0.023085327885146993,0.8458508144976101,1.092475352172606,1.5691306389295219
centered,300,300,65,900,nan,1.3421215979293264,0.30562621673371526,1.7580535206326457,nan,0.41018754637174853,nan,0.0,"(0,1.3421216]",1.0,1.3421215979293264,1.2130054346167256,0.05,1.3421215979293264,True,0.04097952993965953,0.5639931365859153,0.012713686499536154,0.8456309971905027,1.0886802236454491,1.5574387498513964
centered,300,300,66,900,nan,1.8413354573439342,0.307585276102138,2.306078424223793,nan,0.5663676750437905,nan,0.0,"(0,1.8413355]",1.0,1.8413354573439342,1.1856293888706997,0.05,1.8413354573439342,True,0.046066842121263725,0.565780761104494,0.02680752715325944,0.8459581116333622,1.0840484775064663,1.5778061297956418
centered,300,300,67,900,nan,1.6291740227018954,0.40058218101686816,1.4837253277356106,nan,0.65261808326995,nan,0.0,"(0,1.629174]",1.0,1.6291740227018954,1.1801166796183458,0.05,1.6291740227018954,True,0.02626259909245851,0.5603608246653191,0.05087749870362474,0.8470647107830749,1.0829735714783901,1.4925650881390085
centered,300,300,68,900,nan,2.5016810527725974,0.4811727683245626,2.382214630504009,nan,1.203740797627697,nan,0.0,"(0,2.5016811]",1.0,2.5016810527725974,1.2303788338603887,0.05,2.5,False,0.07083443861236208,0.5651310855805327,0.10602137816358796,0.8521484857879367,1.0930962081908935,1.4452841796136218
centered,300,300,69,900,nan,0.7095314443107239,0.13005522295101588,1.1360614159272193,nan,0.0922782701805875,nan,0.0,"(0,0.70953144]",1.0,0.7095314443107239,1.1464783350673684,0.05,0.7095314443107239,True,0.1277936758208852,0.5613111746352668,0.17100656189252658,0.8501750140644286,1.1154234786415744,1.6636618912462482
centered,300,300,70,900,nan,1.7431527225421337,0.33864512949692727,1.7087151819158273,nan,0.5903101794582022,nan,0.0,"(0,1.7431527]",1.0,1.7431527225421337,1.151272909369137,0.05,1.7431527225421337,True,0.008857245071863508,0.5598010945268455,0.00189511910988642,0.845536032465529,1.087646228224662,1.5511682521879606
centered,300,300,71,900,nan,1.3599298368956303,0.318281450104915,1.31708805839721,nan,0.43284044052808174,nan,0.0,"(0,1.3599298]",1.0,1.3599298368956303,1.1349247978879877,0.05,1.3599298368956303,True,0.015092303033697314,0.56024468134008,0.009527457957589655,0.8455896585380903,1.094422651233018,1.5702683155591848
centered,300,300,72,900,nan,2.681756012025934,0.45587823293868623,2.550175645958225,nan,1.222554191935081,nan,0.0,"(0,2.681756]",1.0,2.681756012025934,1.2068395191134156,0.05,2.5,False,0.052683552331578606,0.5632122686840357,0.0873009368504184,0.8500223307525089,1.0876357548859625,1.4575780392996813
centered,300,300,73,900,nan,1.8149048714340235,0.36108898091039937,1.989326183347067,nan,0.6553421504754309,nan,0.0,"(0,1.8149049]",1.0,1.8149048714340235,1.1929857265074086,0.05,1.8149048714340235,True,0.029636714506818734,0.5621523819017795,0.018419158589597407,0.8457331977806543,1.0951613798133677,1.5159817317027218
centered,300,300,74,900,nan,1.3015122320376138,0.35154356932398206,1.423442420172036,nan,0.45753825556932554,nan,0.0,"(0,1.3015122]",1.0,1.3015122320376138,1.1894985486340741,0.05,1.3015122320376138,True,0.024649548155857647,0.5602756208168933,0.022389833253292662,0.8458322976351558,1.0981335534270424,1.524731458788573
centered,300,300,75,900,nan,0.5796322008397538,0.05,1.0386654172748835,nan,0.02898161004198769,nan,1.0,"(0,0.5796322]",1.0,0.5796322008397538,1.125268955441322,0.05,0.5796322008397538,True,0.19506334812298495,0.5630641758185718,0.2620744527641212,0.8533846745549031,1.1665668127780486,1.7361811208401514
centered,300,300,76,900,nan,2.984982394958183,0.39403874768411074,2.629967745030691,nan,1.17619872476844,nan,0.0,"(0,2.9849824]",1.0,2.984982394958183,1.1342288149323585,0.05,2.5,False,0.028229899085466463,0.5608749922102556,0.0396720604921287,0.8464575486027979,1.092833043240424,1.5287926611655243
centered,300,300,77,900,nan,2.8348107005459315,0.43062932756738026,2.2166998084093894,nan,1.2207526257569086,nan,0.0,"(0,2.8348107]",1.0,2.8348107005459315,1.152334268712544,0.05,2.5,False,0.038483812436449716,0.561045685172546,0.06813903482156838,0.8482684936206117,1.094433521308268,1.4926004421163177
centered,300,300,78,900,nan,1.477317757485179,0.35600954935539164,1.5272259126722891,nan,0.5259392290970163,nan,0.0,"(0,1.4773178]",1.0,1.477317757485179,1.1796812317913412,0.05,1.477317757485179,True,0.01884323712269783,0.5600224668593077,0.019766637206884798,0.8457667813772259,1.0925029517330391,1.5270155033431363
centered,300,300,79,900,nan,2.64863649236399,0.41334714377133813,2.4195562570634066,nan,1.0948063290071908,nan,0.0,"(0,2.6486365]",1.0,2.64863649236399,1.1685661370171208,0.05,2.5,False,0.034712768880757694,0.5609262627398378,0.05513827369462497,0.8473232785832042,1.0984499587672858,1.507729868200793
centered,300,300,80,900,nan,1.3281893229598092,0.3501715500278996,1.3718330615256145,nan,0.465094113951343,nan,0.0,"(0,1.3281893]",1.0,1.3281893229598092,1.1736131397746534,0.05,1.3281893229598092,True,0.016256428233516838,0.55990796377161,0.01914739591332065,0.8457523763744584,1.0940692108130112,1.5351882973051
centered,300,300,81,900,nan,1.793708586393956,0.3310710356213047,1.8299779334656558,nan,0.5938449593002735,nan,0.0,"(0,1.7937086]",1.0,1.793708586393956,1.153811877635147,0.05,1.793708586393956,True,0.015537358339716832,0.5601835109721958,0.007452169991485234,0.8455659308202035,1.0825771106831512,1.5646782502162866
centered,300,300,82,900,nan,0.6010122478975007,0.0901224159109105,1.0107536783583697,nan,0.0541646757725698,nan,0.0,"(0,0.60101225]",1.0,0.6010122478975007,1.122059563099836,0.05,0.6010122478975007,True,0.18344102427796624,0.5629894838603002,0.23975112788200473,0.8510469930986273,1.1542713714635238,1.7044773853071964
centered,300,300,83,900,nan,1.8320976858803422,0.32918132957691354,1.6764668445903406,nan,0.6030923521528775,nan,0.0,"(0,1.8320977]",1.0,1.8320976858803422,1.1256376631257952,0.05,1.8320976858803422,True,0.0183718500852634,0.5600937783851682,0.009929625214163884,0.8455942746309099,1.0898242908717983,1.5785157180273508
centered,300,300,84,900,nan,1.874544683417833,0.34660638890965284,2.1015086529702818,nan,0.6497291635692435,nan,0.0,"(0,1.8745447]",1.0,1.874544683417833,1.1858903037627841,0.05,1.874544683417833,True,0.025398971204700114,0.562568066474596,0.006353086478189191,0.8455546930853631,1.0832639235920396,1.534642056992329
centered,300,300,85,900,nan,3.0,0.37091560639315574,2.9869542084831364,nan,1.1127468191794672,nan,1.0,"(0,3]",1.0,3.0,1.1336541293887659,0.05,2.5,False,0.033144157080418006,0.5615081650376157,0.021173752906667325,0.8457924314009433,1.0802953954166827,1.5380931610670787
centered,300,300,86,900,nan,0.6470416991268809,0.19667939501535242,1.0444072901495733,nan,0.12725976993398064,nan,0.0,"(0,0.6470417]",1.0,0.6470416991268809,1.1685979957850918,0.05,0.6470416991268809,True,0.1541071118692448,0.5609571180659714,0.18845173486482128,0.8458830804433829,1.1210258532354456,1.5623509773478295
centered,300,300,87,900,nan,1.9207203941228475,0.362366423991799,1.758284881362519,nan,0.696004580706415,nan,0.0,"(0,1.9207204]",1.0,1.9207203941228475,1.1502103265449657,0.05,1.9207203941228475,True,0.010511817902018782,0.5598075973071246,0.017140400300263765,0.8457096197100037,1.0897364708424229,1.54819815841838
centered,300,300,88,900,nan,1.7629061999013689,0.3471813176261946,1.8730396950506836,nan,0.6120480973331448,nan,0.0,"(0,1.7629062]",1.0,1.7629061999013689,1.1767094892642285,0.05,1.7629061999013689,True,0.01744374639794511,0.560881979482534,0.007688450619912335,0.8455671093758974,1.0842442072316387,1.547305675969792
centered,300,300,89,900,nan,1.125883325253109,0.25957475550021625,1.2243098544040414,nan,0.29225088887434625,nan,0.0,"(0,1.1258833]",1.0,1.125883325253109,1.1208816059883835,0.05,1.125883325253109,True,0.0318019019973519,0.5609869923678357,0.0476359872699612,0.8468767789639988,1.0969103970386898,1.626463926111277
centered,300,300,90,900,nan,1.2426320878698882,0.23579677050241304,1.5694641791006612,nan,0.2930086332423904,nan,0.0,"(0,1.2426321]",1.0,1.2426320878698882,1.1548557186040735,0.05,1.2426320878698882,True,0.0401240435852902,0.5613456247420979,0.07093194652863931,0.8485044203631822,1.0970443669411227,1.650975111660696
centered,300,300,91,900,nan,1.9188418125047655,0.34671897448636585,2.171716267631537,nan,0.6652988654332118,nan,0.0,"(0,1.9188418]",1.0,1.9188418125047655,1.1866392574044415,0.05,1.9188418125047655,True,0.02631966995503783,0.5630037402138062,0.005241125583320273,0.845552235035035,1.0974635687894265,1.5599823791119478
centered,300,300,92,900,nan,1.7026137973927518,0.34449395196036586,1.641282521176495,nan,0.5865401557260748,nan,0.0,"(0,1.7026138]",1.0,1.7026137973927518,1.1524635902713183,0.05,1.7026137973927518,True,0.005956967784137625,0.5597073055548141,0.005114641050527088,0.8455514543877307,1.0833755255983326,1.5379417544712788
centered,300,300,93,900,nan,1.0911319100383998,0.27170605574464224,1.1372523355368152,nan,0.29646714757365145,nan,0.0,"(0,1.0911319]",1.0,1.0911319100383998,1.114152447728968,0.05,1.0911319100383998,True,0.03410216391534392,0.5618647328436911,0.0367014703132736,0.8463303737348817,1.0977679378691436,1.6080002680964194
centered,300,300,94,900,nan,1.426699890937989,0.3382773517936705,1.5396094288078312,nan,0.4826202609108215,nan,0.0,"(0,1.4266999]",1.0,1.426699890937989,1.1788088812893809,0.05,1.426699890937989,True,0.015907831225060596,0.5600675212789742,0.007326108892200523,0.8455672617405557,1.0968244873694915,1.5440795400891425
centered,300,300,95,900,nan,0.6621747651317357,0.05,1.161092160848376,nan,0.033108738256586785,nan,1.0,"(0,0.66217477]",1.0,0.6621747651317357,1.1354607569474842,0.05,0.6621747651317357,True,0.15646446144874754,0.5630226203552503,0.2245395636848856,0.8568150438282824,1.144061385694311,1.7761533668741243
centered,300,300,96,900,nan,1.6432070976903004,0.407818944548385,1.226275907663198,nan,0.6701309842544733,nan,0.0,"(0,1.6432071]",1.0,1.6432070976903004,1.142614693266269,0.05,1.6432070976903004,True,0.04347376342405293,0.5624555569387726,0.05480681314538347,0.8473070801797039,1.087321535369448,1.496540029634159
centered,300,300,97,900,nan,1.5249932530454815,0.41132187042113466,1.5283459436248132,nan,0.6272630772222781,nan,0.0,"(0,1.5249933]",1.0,1.5249932530454815,1.2087072052121521,0.05,1.5249932530454815,True,0.04530343861104063,0.5615054473703369,0.06180638963583163,0.8477907191225809,1.0962767089324483,1.4801130697473277
centered,300,300,98,900,nan,1.9096137090989929,0.40288560565936576,1.6132073480720872,nan,0.7693558757657757,nan,0.0,"(0,1.9096137]",1.0,1.9096137090989929,1.1644442286562202,0.05,1.9096137090989929,True,0.023821570393087695,0.5602239132993964,0.049393488255765734,0.8469753517463084,1.0819387838707961,1.4885769474509236
centered,300,300,99,900,nan,1.286407384004286,0.2729731606098912,1.4889613619684672,nan,0.35115468944355194,nan,0.0,"(0,1.2864074]",1.0,1.286407384004286,1.1532935865897502,0.05,1.286407384004286,True,0.021838626880022447,0.5601277859007051,0.04202215077858726,0.8465791567718407,1.0979039719891297,1.615842648832813
centered,300,300,100,900,nan,1.360278101037261,0.3319255569073293,1.3111087780675312,nan,0.4515110662356372,nan,0.0,"(0,1.3602781]",1.0,1.360278101037261,1.1433621355528107,0.05,1.360278101037261,True,0.010793071094731517,0.5601358431428041,0.001843898923788322,0.8455380017277673,1.092679431303456,1.563773737510944
centered,300,300,101,900,nan,0.9414286431491523,0.2798818868568645,1.0130928156631258,nan,0.2634888249856825,nan,0.0,"(0,0.94142864]",1.0,0.9414286431491523,1.1170478716654046,0.05,0.9414286431491523,True,0.042279463100501166,0.5630367848619343,0.031560686815148606,0.8457674567575694,1.0896602142409493,1.5778623849292424
centered,300,300,102,900,nan,0.8217626130694462,0.17535217059776456,1.2140007596345128,nan,0.14409785791781832,nan,0.0,"(0,0.82176261]",1.0,0.8217626130694462,1.155127643835907,0.05,0.8217626130694462,True,0.0785736563197047,0.5607422590385204,0.11119497539779047,0.8488581463474255,1.0919797333026,1.6415077581693962
centered,300,300,103,900,nan,2.3068028710625437,0.41103436684470546,1.9699660511785477,nan,0.9481752575427413,nan,0.0,"(0,2.3068029]",1.0,2.3068028710625437,1.1651201145382968,0.05,2.3068028710625437,True,0.027504358069203844,0.5603577070012205,0.05397495261865599,0.8472491441529296,1.0893535881542544,1.499432155076583
centered,300,300,104,900,nan,2.3163697258669806,0.4039169927039457,1.8726103914658898,nan,0.9356210936626539,nan,0.0,"(0,2.3163697]",1.0,2.3163697258669806,1.1494912038107552,0.05,2.3163697258669806,True,0.02739731895774633,0.5603796127080554,0.04823939393922969,0.8469078488418458,1.0866600110201685,1.5053025304748442
centered,300,300,105,900,nan,2.0236876019407197,0.43343859799849044,1.7600268824120644,nan,0.8771443169721127,nan,0.0,"(0,2.0236876]",1.0,2.0236876019407197,1.1908897796189204,0.05,2.0236876019407197,True,0.037182456010505405,0.5610353839233169,0.0722324188529649,0.8486142435681631,1.0970956261808587,1.4963049320735509
centered,300,300,106,900,nan,1.7838733139208693,0.2855667277336415,1.786974336589198,nan,0.5094148649477497,nan,0.0,"(0,1.7838733]",1.0,1.7838733139208693,1.112345020963351,0.05,1.7838733139208693,True,0.036610176971407504,0.5609163705086879,0.04748676064659511,0.8468671624357301,1.0869880845963853,1.6362177986575976
centered,300,300,107,900,nan,1.5036353532269175,0.34085527153570766,1.5489222556477937,nan,0.5125220366148506,nan,0.0,"(0,1.5036354]",1.0,1.5036353532269175,1.168289085531838,0.05,1.5036353532269175,True,0.009673797132538528,0.5597952134294527,0.006937361864832345,0.8455619137662341,1.1000351093320624,1.5454576333023706
centered,300,300,108,900,nan,1.6270435605107911,0.358649005107905,1.5301441719255204,nan,0.5835375542444187,nan,0.0,"(0,1.6270436]",1.0,1.6270435605107911,1.1578856354011045,0.05,1.6270435605107911,True,0.008708396061942993,0.5597287248688122,0.01784728381956381,0.8457229616639637,1.0957560107762876,1.5390894478743717
centered,300,300,109,900,nan,2.350001853713434,0.35697099730776477,2.2484997847755785,nan,0.8388825053951805,nan,0.0,"(0,2.3500019]",1.0,2.350001853713434,1.1414756127323178,0.05,2.350001853713434,True,0.023148823250823333,0.560539272101979,0.010894858441289743,0.845599636709142,1.0974383457884958,1.5646348179885758
centered,300,300,110,900,nan,1.2243282786387513,0.2919228658862069,1.4730580056405604,nan,0.35740941988575076,nan,0.0,"(0,1.2243283]",1.0,1.2243282786387513,1.1773999423797579,0.05,1.2243282786387513,True,0.019311422040952847,0.5602730844345827,0.021085753082770532,0.8457988121336839,1.0871912021926993,1.5729099971671145
centered,300,300,111,900,nan,1.32717500100937,0.3444585676568564,1.3051285374137027,nan,0.4571567998776745,nan,0.0,"(0,1.327175]",1.0,1.32717500100937,1.156600538047746,0.05,1.32717500100937,True,0.014500744758496931,0.5600291891622268,0.013559962885343089,0.8456439852552161,1.0847114189645026,1.5303209047435986
centered,300,300,112,900,nan,1.9935596621338567,0.3717110398506304,1.9032101764975609,nan,0.7410281350160474,nan,0.0,"(0,1.9935597]",1.0,1.9935596621338567,1.164721915173823,0.05,1.9935596621338567,True,0.017076716129399906,0.5601502423824251,0.024481595294543947,0.8458873886529447,1.0826581362743533,1.5260782405611248
centered,300,300,113,900,nan,2.5292165346755,0.4024379584532758,2.1621106191765405,nan,1.017852738701077,nan,0.0,"(0,2.5292165]",1.0,2.5292165346755,1.1522507594009372,0.05,2.5,False,0.026729249127060296,0.5603844653975006,0.046771325920261994,0.8468199726809154,1.0967823149771099,1.5139494258354302
centered,300,300,114,900,nan,0.7274005531405678,0.12580715171747445,1.1637174311629723,nan,0.09151219174833025,nan,0.0,"(0,0.72740055]",1.0,0.7274005531405678,1.147017476487553,0.05,0.7274005531405678,True,0.12064951216783622,0.5613973575515753,0.16565845572429866,0.8509281104627606,1.1110390263654308,1.6835234568750457
centered,300,300,115,900,nan,0.6711641595323985,0.05,1.2234770498731742,nan,0.03355820797661992,nan,1.0,"(0,0.67116416]",1.0,0.6711641595323985,1.1555558580976357,0.05,0.6711641595323985,True,0.15153343398705096,0.5627931478678145,0.21693935050678037,0.8560635030258231,1.140836717080691,1.767960871988027
centered,300,300,116,900,nan,0.9145954341127783,0.15016981562927775,1.3356762388275314,nan,0.13734462771609518,nan,0.0,"(0,0.91459543]",1.0,0.9145954341127783,1.143640486331536,0.05,0.9145954341127783,True,0.05889973403440409,0.5619907464098282,0.11841821131671419,0.8530033763480739,1.109417452582097,1.7565280139855728
centered,300,300,117,900,nan,1.5279871709410235,0.36013456524608484,1.3502894700124237,nan,0.5502809955084407,nan,0.0,"(0,1.5279872]",1.0,1.5279871709410235,1.1439723109172169,0.05,1.5279871709410235,True,0.01964271202624731,0.5603629279846936,0.02002367362454892,0.845772802435499,1.0963253164166482,1.5449951086272269
centered,300,300,118,900,nan,3.0,0.4093498822974491,2.9557663999452957,nan,1.2280496468923474,nan,1.0,"(0,3]",1.0,3.0,1.1656737917414715,0.05,2.5,False,0.039504749720539994,0.5616785854480615,0.0517241085321305,0.8471079580587179,1.0943095248036083,1.5171585995644437
centered,300,300,119,900,nan,1.7982109029764177,0.37397403266745555,1.7203797022064293,nan,0.6724841829726775,nan,0.0,"(0,1.7982109]",1.0,1.7982109029764177,1.1711525864101044,0.05,1.7982109029764177,True,0.01640520456731897,0.5600089710269438,0.028072249928021112,0.8460009776112778,1.095326678222881,1.5278943926314486
centered,300,300,120,900,nan,1.5304745312034445,0.2796333700008852,1.7198470030624982,nan,0.4279717508609441,nan,0.0,"(0,1.5304745]",1.0,1.5304745312034445,1.1464099102790253,0.05,1.5304745312034445,True,0.029519859784621343,0.5607833085689973,0.046033164708806945,0.8467881464091227,1.090828709708828,1.614115522920398
centered,300,300,121,900,nan,2.4190402927037082,0.36960547041864944,2.328314528697909,nan,0.8940905253464215,nan,0.0,"(0,2.4190403]",1.0,2.4190402927037082,1.1505672610031081,0.05,2.4190402927037082,True,0.02376310918706484,0.5606827936561682,0.02064165483778243,0.8457873673098197,1.0859876389774785,1.5403252582901759
centered,300,300,122,900,nan,1.149956965215042,0.24013078666079335,1.2438550082630693,nan,0.2761400706831466,nan,0.0,"(0,1.149957]",1.0,1.149956965215042,1.1061062188541624,0.05,1.149956965215042,True,0.04391498963059558,0.5617127662652258,0.0669453733104801,0.8481810254758159,1.0870177245666508,1.6381837881297951
centered,300,300,123,900,nan,0.857354321124343,0.23153945106439688,1.0388502953608694,nan,0.198511348880819,nan,0.0,"(0,0.85735432]",1.0,0.857354321124343,1.1174887052335418,0.05,0.857354321124343,True,0.07030932620121605,0.5624622408019335,0.07930193635317961,0.8468405798482738,1.0901895318045298,1.6098671188678024
centered,300,300,124,900,nan,1.5665091998524188,0.3614241100052677,1.595286361468737,nan,0.5661741933717245,nan,0.0,"(0,1.5665092]",1.0,1.5665091998524188,1.1795464302081131,0.05,1.5665091998524188,True,0.019625657062701606,0.5600936119632283,0.022002228813717807,0.8458217545639957,1.0855239139804849,1.5186627106874466
centered,300,300,125,900,nan,0.5669484952198597,0.062293411511131956,1.1802122829325237,nan,0.03531715591834775,nan,0.0,"(0,0.5669485]",1.0,0.5669484952198597,1.1981252950084913,0.05,0.5669484952198597,True,0.1976166609925863,0.5617389948880073,0.2553959524434426,0.8486282903126753,1.15483688679371,1.6243656198842684
centered,300,300,126,900,nan,0.8066063486851696,0.21710413037935045,1.15833404472891,nan,0.17511756988975685,nan,0.0,"(0,0.80660635]",1.0,0.8066063486851696,1.1651620860957113,0.05,0.8066063486851696,True,0.08075359714224402,0.5603428909690316,0.09859232333591435,0.8464816717119028,1.0991419254711647,1.5918057430014678
centered,300,300,127,900,nan,0.7001329096177821,0.05,1.346363276668308,nan,0.0350066454808891,nan,1.0,"(0,0.70013291]",1.0,0.7001329096177821,1.1858263087106735,0.05,0.7001329096177821,True,0.1433345086582589,0.5641905233540694,0.20114902716349523,0.855723130427418,1.130841186374959,1.7235342597256604
centered,300,300,128,900,nan,0.8820669159533697,0.1949075438232519,1.177237765910474,nan,0.17192149607622206,nan,0.0,"(0,0.88206692]",1.0,0.8820669159533697,1.133751053358416,0.05,0.8820669159533697,True,0.059143600543514904,0.5610480164208331,0.0904177741414333,0.84877665614457,1.1013250626750977,1.6580020666480515
centered,300,300,129,900,nan,3.0,0.3882142957500397,2.5111319535035754,nan,1.164642887250119,nan,1.0,"(0,3]",1.0,3.0,1.1211452739475947,0.05,2.5,False,0.02989771110508229,0.5611950839889255,0.03502042632606515,0.8462522906692934,1.0848348524968912,1.5243365980567907
centered,300,300,130,900,nan,1.9094082272003272,0.3529011372235502,1.873687643947032,nan,0.6738323348029984,nan,0.0,"(0,1.9094082]",1.0,1.9094082272003272,1.1584991717287707,0.05,1.9094082272003272,True,0.013253950285271845,0.5600974852392002,0.00992708048783558,0.8455920499684586,1.0858744627193588,1.551381051193539
centered,300,300,131,900,nan,1.8733502654228475,0.43596414909394965,1.3784012142176099,nan,0.8167135544199965,nan,0.0,"(0,1.8733503]",1.0,1.8733502654228475,1.162203136074592,0.05,1.8733502654228475,True,0.044430483298620135,0.5618786645091094,0.0744465626985018,0.8488020945854998,1.0889945761452007,1.4707910708549699
centered,300,300,132,900,nan,1.085128832196588,0.2822788071259661,1.2276063709016618,nan,0.30630887233044546,nan,0.0,"(0,1.0851288]",1.0,1.085128832196588,1.1466939982860531,0.05,1.085128832196588,True,0.014660875980949221,0.5601501487044853,0.023904395026969845,0.8458737056197783,1.0829287634512532,1.571205161851523
centered,300,300,133,900,nan,1.3834463077601065,0.3686795500495575,1.388618825930067,nan,0.5100483622627177,nan,0.0,"(0,1.3834463]",1.0,1.3834463077601065,1.1794350137759435,0.05,1.3834463077601065,True,0.021748545489690914,0.5601040470730766,0.031893671070382594,0.8461344117872339,1.1037535693350624,1.5289198599849134
centered,300,300,134,900,nan,1.236659943020852,0.30412683727172907,1.3804337648695166,nan,0.3761014772515684,nan,0.0,"(0,1.2366599]",1.0,1.236659943020852,1.1629605906058063,0.05,1.236659943020852,True,0.007845260182328905,0.559746208756648,0.013602490183941307,0.8456453556845577,1.0906423035245862,1.5678684727777454
centered,300,300,135,900,nan,1.624790694469416,0.3548401191910559,1.573078618846477,nan,0.576540923686046,nan,0.0,"(0,1.6247907]",1.0,1.624790694469416,1.162101594691729,0.05,1.624790694469416,True,0.007970727405017516,0.5597191590121777,0.015120735356412989,0.8456686578167935,1.0811530427321085,1.531246381292935
centered,300,300,136,900,nan,1.3081585577828567,0.38887299950521387,1.3835434284302044,nan,0.5087075421934342,nan,0.0,"(0,1.3081586]",1.0,1.3081585577828567,1.2038091894353464,0.05,1.3081585577828567,True,0.03912474243076279,0.5610783543665115,0.05071513073994217,0.8470539755973582,1.0954115789033432,1.4856422361034947
centered,300,300,137,900,nan,0.9673727778079311,0.19866140928866333,1.323124239228949,nan,0.19217963934681256,nan,0.0,"(0,0.96737278]",1.0,0.9673727778079311,1.152045341227275,0.05,0.9673727778079311,True,0.03515345051983536,0.5607957053568242,0.07931660671263258,0.8491418417123249,1.0955025892413854,1.6476183093562258
centered,300,300,138,900,nan,2.1323342589590544,0.40363465121716413,1.6004483797014855,nan,0.860683994893348,nan,0.0,"(0,2.1323343]",1.0,2.1323342589590544,1.1395913046432644,0.05,2.1323342589590544,True,0.03513409391849795,0.5610708447112687,0.04845496786787803,0.8469214188800587,1.0896492510415174,1.5032247710331814
centered,300,300,139,900,nan,2.840525336438006,0.4270060068429776,2.712622810499946,nan,1.2129213812486985,nan,0.0,"(0,2.8405253]",1.0,2.840525336438006,1.1801500323916998,0.05,2.5,False,0.042701306362894945,0.5618189193233578,0.06544941996618324,0.8480566819363412,1.0855938427887228,1.4805599437150403
centered,300,300,140,900,nan,0.8954241180081743,0.19128987890561353,1.3291097157181135,nan,0.17128557110294945,nan,0.0,"(0,0.89542412]",1.0,0.8954241180081743,1.1737201832572883,0.05,0.8954241180081743,True,0.05473219375299004,0.560990195443346,0.08346923028676842,0.848428120101648,1.1076135840184906,1.6383489497036017
centered,300,300,141,900,nan,1.1159939398898147,0.229362281050088,1.6875825215830054,nan,0.25596691569120267,nan,0.0,"(0,1.1159939]",1.0,1.1159939398898147,1.2127929177502108,0.05,1.1159939398898147,True,0.05615801621860245,0.5655674598013797,0.05872593617371477,0.8475728913946299,1.0832152115275846,1.5944441518884682
centered,300,300,142,900,nan,1.6265567601789575,0.3262432866748222,1.5593481129750468,nan,0.5306532234039336,nan,0.0,"(0,1.6265568]",1.0,1.6265567601789575,1.138273266778057,0.05,1.6265567601789575,True,0.011543273440148489,0.559798294835735,0.0092906251625021,0.8455854453638603,1.0796368322662357,1.5579135400252202
centered,300,300,143,900,nan,1.2925032878324272,0.33094776049256763,1.3622440890148642,nan,0.42775106853742234,nan,0.0,"(0,1.2925033]",1.0,1.2925032878324272,1.1655857371071356,0.05,1.2925032878324272,True,0.009776317794325137,0.5597663094772862,0.005184274457937222,0.8455512492056917,1.0905097290787344,1.5435602002978799
centered,300,300,144,900,nan,1.1322726444448765,0.25243857919759854,1.3117095172078581,nan,0.2858292976279723,nan,0.0,"(0,1.1322726]",1.0,1.1322726444448765,1.1366080062836241,0.05,1.1322726444448765,True,0.02326883858226028,0.5602874504919766,0.051915966259325354,0.8471274466257437,1.0885916604415065,1.609227534075763
centered,300,300,145,900,nan,1.645403299615115,0.312663617399247,1.8117321318546222,nan,0.5144577477383189,nan,0.0,"(0,1.6454033]",1.0,1.645403299615115,1.1630379270168936,0.05,1.645403299615115,True,0.022380586722041372,0.5607864382731833,0.0199090186994915,0.8457668222117187,1.0912842132158238,1.5896468485013424
centered,300,300,146,900,nan,0.5660320026072694,0.05,1.0658705697659234,nan,0.02830160013036347,nan,1.0,"(0,0.566032]",1.0,0.5660320026072694,1.144694382614803,0.05,0.5660320026072694,True,0.1993677256254901,0.5620543589796102,0.26624907589016483,0.8517543487518663,1.1577529359506666,1.6814774578036826
centered,300,300,147,900,nan,1.6560422130119543,0.35984201599954385,1.6675932515283807,nan,0.5959135685105676,nan,0.0,"(0,1.6560422]",1.0,1.6560422130119543,1.1749488015750553,0.05,1.6560422130119543,True,0.016604543668043387,0.5600672980153591,0.018936343452820522,0.8457480052993177,1.0926968107132478,1.5298338775639837
centered,300,300,148,900,nan,1.0406413202400784,0.23762726707399726,1.3595452403607606,nan,0.2472847529329262,nan,0.0,"(0,1.0406413]",1.0,1.0406413202400784,1.1639040827948808,0.05,1.0406413202400784,True,0.02502205984699908,0.5603299678335666,0.05267625683642381,0.8471752095202894,1.0920725041033865,1.6120876140859273
centered,300,300,149,900,nan,0.5670508657405027,0.05,1.088296273463404,nan,0.028352543287025134,nan,1.0,"(0,0.56705087]",1.0,0.5670508657405027,1.1540412539509797,0.05,0.5670508657405027,True,0.19804556891531738,0.5617430931482272,0.2641484274045971,0.8513259238654904,1.1532589548487915,1.6767728019630745
centered,300,300,150,900,nan,1.0737603569324634,0.24915083195640975,1.281495617253717,nan,0.26752828625153474,nan,0.0,"(0,1.0737604]",1.0,1.0737603569324634,1.141919467282347,0.05,1.0737603569324634,True,0.02245947289224614,0.5602281881735691,0.04964515889393217,0.8469913075399937,1.0943446106602064,1.626510066481942
centered,300,300,151,900,nan,0.5643316269769085,0.05,1.1017859372030345,nan,0.02821658134884543,nan,1.0,"(0,0.56433163]",1.0,0.5643316269769085,1.161406351726606,0.05,0.5643316269769085,True,0.19898007445135915,0.5615694158287389,0.264590206164965,0.8508578428924239,1.1520048774541127,1.6643985940841197
centered,300,300,152,900,nan,0.5608546771748987,0.05,1.1368249179271719,nan,0.028042733858744937,nan,1.0,"(0,0.56085468]",1.0,0.5608546771748987,1.1781503434255574,0.05,0.5608546771748987,True,0.2003934508838332,0.5614553437003621,0.2641730086624941,0.8499423518454877,1.1623576563041327,1.6515641635224925
centered,300,300,153,900,nan,2.1721824261344893,0.3140832239562409,2.1110639318692277,nan,0.6822460594214095,nan,0.0,"(0,2.1721824]",1.0,2.1721824261344893,1.1147104886442094,0.05,2.1721824261344893,True,0.034972478401546006,0.5610012082704301,0.02574758042538811,0.8459255738853002,1.0837259663873882,1.60672852351789
centered,300,300,154,900,nan,0.5308366423570909,0.05,1.0955450926615242,nan,0.026541832117854547,nan,1.0,"(0,0.53083664]",1.0,0.5308366423570909,1.1762310502176383,0.05,0.5308366423570909,True,0.21594616573408737,0.5612735317340065,0.2838114735566028,0.84893980276158,1.1559553919744388,1.613424208020927
centered,300,300,155,900,nan,1.4171846601599594,0.23795363318533727,1.947910318377219,nan,0.33722423877958985,nan,0.0,"(0,1.4171847]",1.0,1.4171846601599594,1.1799881988700087,0.05,1.4171846601599594,True,0.06406493939248395,0.5659358325359585,0.07632847792321745,0.8489723535818443,1.1105445298808256,1.665955566314624
centered,300,300,156,900,nan,1.260032844399698,0.3130320283523631,1.0665106722344886,nan,0.394430637073035,nan,0.0,"(0,1.2600328]",1.0,1.260032844399698,1.091957405743436,0.05,1.260032844399698,True,0.042054562924531594,0.564659346379204,0.013840592207375584,0.8456488236909893,1.0948191202385926,1.587111297763648
centered,300,300,157,900,nan,0.6631578762417725,0.2299424412695123,1.0374908975249018,nan,0.15248814101013827,nan,0.0,"(0,0.66315788]",1.0,0.6631578762417725,1.175702173464663,0.05,0.6631578762417725,True,0.14670142236724415,0.5610903033957573,0.17610082986219755,0.8455510058434951,1.1173556489247765,1.5477534192639402
centered,300,300,158,900,nan,1.4710409548830845,0.3122051271080361,1.734305467290937,nan,0.4592665283004002,nan,0.0,"(0,1.471041]",1.0,1.4710409548830845,1.185067176645063,0.05,1.4710409548830845,True,0.025833451184133785,0.5614920879320355,0.014540078371025543,0.8456603328022422,1.0853116904789732,1.5686446263661318
centered,300,300,159,900,nan,2.698396852740954,0.4388116681055554,2.215708379888413,nan,1.1840880241620388,nan,0.0,"(0,2.6983969]",1.0,2.698396852740954,1.169988371530786,0.05,2.5,False,0.037360556171639005,0.5609846633611799,0.07446831705040963,0.8488003531144925,1.092105580527535,1.4795409273666364
centered,300,300,160,900,nan,1.4319903759531094,0.34727321409951045,1.3613162595528963,nan,0.4972919004168026,nan,0.0,"(0,1.4319904]",1.0,1.4319903759531094,1.1517555499886694,0.05,1.4319903759531094,True,0.012402232011044756,0.55995118813852,0.012644811218471318,0.845627476707253,1.0840040818602297,1.536818948027115
centered,300,300,161,900,nan,1.8187611539239574,0.3777559006614264,1.5099450154116523,nan,0.6870477577885596,nan,0.0,"(0,1.8187612]",1.0,1.8187611539239574,1.142829936229033,0.05,1.8187611539239574,True,0.023001750971994646,0.5603170675272748,0.030190921506017338,0.8460705502807522,1.0872865953927775,1.5250965695998098
centered,300,300,162,900,nan,2.13164176923023,0.3899849872094437,2.235116529964367,nan,0.8313082881083671,nan,0.0,"(0,2.1316418]",1.0,2.13164176923023,1.1942602959231716,0.05,2.13164176923023,True,0.03502670877473435,0.5625207049167011,0.03851746168941104,0.8464112659891907,1.0924082543082043,1.514641383017504
centered,300,300,163,900,nan,1.099700176091822,0.3489463940497918,1.1099759542932053,nan,0.3837364109831623,nan,0.0,"(0,1.0997002]",1.0,1.099700176091822,1.155387483209306,0.05,1.099700176091822,True,0.029186520286024024,0.5613220708020709,0.025607075132189263,0.8459225108243446,1.0917453852181318,1.5235547831172447
centered,300,300,164,900,nan,1.572840660763369,0.29144392484380505,1.7648077242715672,nan,0.45839485532679997,nan,0.0,"(0,1.5728407]",1.0,1.572840660763369,1.153954259093429,0.05,1.572840660763369,True,0.027371877913339043,0.5608335401869082,0.03656972001542619,0.8463261487688633,1.0988337995751016,1.6232198501761372
centered,300,300,165,900,nan,1.0424221772536988,0.21696658170390423,1.4901817670910504,nan,0.2261707764910764,nan,0.0,"(0,1.0424222]",1.0,1.0424221772536988,1.183252313227909,0.05,1.0424221772536988,True,0.04268823668603618,0.5619626870563504,0.06618424767054691,0.8481222097081219,1.0965296121077306,1.6216233586392228
centered,300,300,166,900,nan,0.9046436570847118,0.15884584301164634,1.4189270420372084,nan,0.14369888433475975,nan,0.0,"(0,0.90464366]",1.0,0.9046436570847118,1.1772822936124945,0.05,0.9046436570847118,True,0.06459319112947934,0.5625069412218627,0.10461106334354324,0.8509873033587573,1.0954209178760461,1.6872581552813941
centered,300,300,167,900,nan,1.4224321931011548,0.24939184169803347,1.618664424342213,nan,0.3547429843280698,nan,0.0,"(0,1.4224322]",1.0,1.4224321931011548,1.1291656248440158,0.05,1.4224321931011548,True,0.03777771563067928,0.5610826417003512,0.0702126911728469,0.8484461371733863,1.094177392241053,1.6708940584197067
centered,300,300,168,900,nan,0.9325750429410498,0.21098156356649395,1.2170642915536254,nan,0.1967561407027929,nan,0.0,"(0,0.93257504]",1.0,0.9325750429410498,1.1399245401049964,0.05,0.9325750429410498,True,0.040834791569121134,0.5606615948157451,0.07247993123772231,0.8481582266994534,1.0982736634524233,1.643562430655032
centered,300,300,169,900,nan,1.519870112414285,0.30988709803102005,1.6203978457011796,nan,0.470988138520143,nan,0.0,"(0,1.5198701]",1.0,1.519870112414285,1.1549038013958306,0.05,1.519870112414285,True,0.01452282897615577,0.5599581525365753,0.019725452651033405,0.8457632727542592,1.0830504889351398,1.5779881374289753
centered,300,300,170,900,nan,1.93857597511008,0.38962345844378227,2.1073764633821073,nan,0.7553146758784169,nan,0.0,"(0,1.938576]",1.0,1.93857597511008,1.2079350655508736,0.05,1.93857597511008,True,0.04350932905982068,0.5633428997914566,0.03988492535509802,0.8464730424837641,1.0924472774317382,1.5091473195716554
centered,300,300,171,900,nan,0.9468597693740665,0.29089914369761866,1.1001282165831825,nan,0.2754406961126406,nan,0.0,"(0,0.94685977]",1.0,0.9468597693740665,1.1493854085159363,0.05,0.9468597693740665,True,0.030988179891689834,0.5609074743258886,0.02328114169148528,0.8455646314450815,1.089689529409648,1.5518867788537898
centered,300,300,172,900,nan,0.7434811420215358,0.262756292019271,1.182280651510727,nan,0.19535434806383173,nan,0.0,"(0,0.74348114]",1.0,0.7434811420215358,1.2157097585407584,0.05,0.7434811420215358,True,0.11265846122024939,0.5615805175607669,0.12631066216577438,0.8456336914621742,1.1059572975638345,1.5125366304561876
centered,300,300,173,900,nan,2.683802284266315,0.38512332532295296,3.0,nan,1.0335948602259803,nan,1.0,"(0,2.6838023]",1.0,2.683802284266315,1.1808110901739903,0.05,2.5,False,0.03814320652628478,0.564125852674067,0.0330086242355537,0.8461714238125102,1.0912824708156412,1.5307493515053028
centered,300,300,174,900,nan,1.3108314752933248,0.35368847307043866,1.229520263140334,nan,0.46362598294916646,nan,0.0,"(0,1.3108315]",1.0,1.3108314752933248,1.1498640074291815,0.05,1.3108314752933248,True,0.0213361841187108,0.5606395608434213,0.020583010877237712,0.8457846435198488,1.0876330304637296,1.5284356184493135
centered,300,300,175,900,nan,1.737597200688495,0.41266308916882255,1.593179339156456,nan,0.7170422285672129,nan,0.0,"(0,1.7375972]",1.0,1.737597200688495,1.18986940865036,0.05,1.737597200688495,True,0.033347674169764176,0.5606822222851047,0.05896024048109897,0.8475854354137737,1.088887892956548,1.487173643098344
centered,300,300,176,900,nan,3.0,0.4166194630228111,2.6947654213065344,nan,1.2498583890684334,nan,1.0,"(0,3]",1.0,3.0,1.1564431172674936,0.05,2.5,False,0.03647384768716429,0.560977360744549,0.05733854031302949,0.8474693017497423,1.10056310387646,1.5164018134543515
centered,300,300,177,900,nan,0.5727228146339353,0.05117195623569633,1.128633197570508,nan,0.029307346805632555,nan,0.0,"(0,0.57272281]",1.0,0.5727228146339353,1.1690246468403116,0.05,0.5727228146339353,True,0.19447427525914418,0.5615213234731452,0.25823381248525196,0.8507489986696442,1.1444524427478535,1.6539607304146324
centered,300,300,178,900,nan,0.9122015955830652,0.21290057626967981,1.2796689308852631,nan,0.194208245373756,nan,0.0,"(0,0.9122016]",1.0,0.9122015955830652,1.1662023664235865,0.05,0.9122015955830652,True,0.04374817783446085,0.5604103430019214,0.06868081504591257,0.8474831044885311,1.0901448215762406,1.6293851493210585
centered,300,300,179,900,nan,2.2092850812524785,0.4017800269661825,1.9030332024145722,nan,0.8876466195216054,nan,0.0,"(0,2.2092851]",1.0,2.2092850812524785,1.1619059100802036,0.05,2.2092850812524785,True,0.023766043096758848,0.560190338741759,0.046981807543724025,0.846838960791164,1.0878503257905077,1.4983404220201955
shifted_only,300,300,0,900,0.9573665468991953,1.6628484207075476,0.31983880817604954,1.828384766420614,0.7054818738083523,0.5318434570565282,0.0,0.0,"[[0.8462500000000002, 1.1525]]",0.0,0.3062499999999999,1.1676042343541735,,,,,,,,,
shifted_only,300,300,1,900,0.8529125640320352,1.55868896395665,0.3231877367942959,1.5588467286598477,0.7057763999246147,0.5037491586273956,0.0,0.0,"[[0.7237500000000001, 1.03]]",0.0,0.3062499999999999,1.147451435027391,,,,,,,,,
shifted_only,300,300,2,900,1.0581644681303655,1.8699418722713201,0.3386813978582322,1.6893630639283586,0.8117774041409547,0.6333145272144906,0.0,0.0,"[[0.9075000000000001, 1.21375]]",0.0,0.30625,1.1295731402128322,,,,,,,,,
shifted_only,300,300,3,900,0.8842332866362616,0.8842332870821317,0.2164906776330498,1.3009618673725212,4.4587011860386383e-10,0.19142826350610975,1.0,0.0,"[[0.7237500000000001, 1.03]]",0.0,0.3062499999999999,1.1836078556671379,,,,,,,,,
shifted_only,300,300,4,900,1.200528270957894,1.200528270957894,0.2879468128209597,1.1990015571099624,0.0,0.34568828932378304,1.0,0.0,"[[1.03, 1.3975000000000002]]",0.0,0.36750000000000016,1.117729892530683,,,,,,,,,
shifted_only,300,300,5,900,1.119315889716451,1.2167147317422005,0.3010063018756191,1.227717307539062,0.09739884202574944,0.36623880183930574,0.0,0.0,"[[0.9687500000000001, 1.3362500000000002]]",0.0,0.36750000000000005,1.1305198761875437,,,,,,,,,
shifted_only,300,300,6,900,1.0136642846441433,1.404210015258271,0.3286174905019068,1.4405588345730829,0.3905457306141278,0.4614479713518173,0.0,0.0,"[[0.8462500000000002, 1.21375]]",0.0,0.36749999999999994,1.1583563933478238,,,,,,,,,
shifted_only,300,300,7,900,0.9552985294015786,1.2134545124775202,0.2092432261920127,1.5090930036256807,0.2581559830759417,0.25390713702805223,0.0,0.0,"[[0.8462500000000002, 1.09125]]",0.0,0.24499999999999988,1.1304447683481116,,,,,,,,,
shifted_only,300,300,8,900,0.9174121484687787,3.0,0.37756691505824586,2.8976825996952114,2.0825878515312213,1.1327007451747375,0.0,1.0,"[[0.7850000000000001, 1.09125]]",0.0,0.3062499999999999,1.1344892025650488,,,,,,,,,
shifted_only,300,300,9,900,1.1910731849747918,1.5591681990007278,0.3105748298246222,1.5480538255328697,0.36809501402593603,0.4842383980726137,0.0,0.0,"[[1.03, 1.3975000000000002]]",0.0,0.36750000000000016,1.135988609869408,,,,,,,,,
shifted_only,300,300,10,900,0.7740967296245425,0.8093882162414837,0.2076380691341488,1.3215309820474008,0.03529148661694126,0.1680598064003146,0.0,0.0,"[[0.6625000000000001, 0.9075000000000001]]",0.0,0.245,1.2106002919076473,,,,,,,,,
shifted_only,300,300,11,900,0.9929005104187029,0.9929005104187029,0.23168171838934792,1.2498923795430776,0.0,0.23003689644346573,1.0,0.0,"[[0.8462500000000002, 1.1525]]",0.0,0.3062499999999999,1.1444217836302109,,,,,,,,,
shifted_only,300,300,12,900,0.9645758524419403,1.438448213757259,0.3550683286939433,1.2679953232807553,0.4738723613153186,0.510747403171578,0.0,0.0,"[[0.8462500000000002, 1.1525]]",0.0,0.3062499999999999,1.1384831227522865,,,,,,,,,
shifted_only,300,300,13,900,1.1775800740553064,1.8502597292455598,0.3308161832959566,1.874351971291614,0.6726796551902534,0.6120958617352261,0.0,0.0,"[[1.03, 1.3975000000000002]]",0.0,0.36750000000000016,1.150262414479814,,,,,,,,,
shifted_only,300,300,14,900,1.0198113256333459,1.5920997699405295,0.3792227185426426,1.3800010587476506,0.5722884443071836,0.6037604029479635,0.0,0.0,"[[0.8462500000000002, 1.21375]]",0.0,0.36749999999999994,1.1537367853504124,,,,,,,,,
shifted_only,300,300,15,900,0.9817998404056252,3.0,0.4740247820456884,2.324385249525324,2.018200159594375,1.422074346137065,0.0,1.0,"[[0.8462500000000002, 1.1525]]",0.0,0.3062499999999999,1.1813053255801111,,,,,,,,,
shifted_only,300,300,16,900,0.7819352247215696,1.4367091975633373,0.3233922416499548,1.5020515564381853,0.6547739728417676,0.46462060799911536,0.0,0.0,"[[0.6625000000000001, 0.9075000000000001]]",0.0,0.245,1.1599340553377506,,,,,,,,,
shifted_only,300,300,17,900,0.9873104204673329,0.9927568180014709,0.24035716096342397,1.2530487061499274,0.005446397534138003,0.23861621030191613,0.0,0.0,"[[0.8462500000000002, 1.1525]]",0.0,0.3062499999999999,1.1508036374425625,,,,,,,,,
shifted_only,300,300,18,900,1.0094315518927182,3.0,0.4155590944462739,2.202701448489452,1.9905684481072818,1.2466772833388218,0.0,1.0,"[[0.8462500000000002, 1.21375]]",0.0,0.36749999999999994,1.1261006816495047,,,,,,,,,
shifted_only,300,300,19,900,0.9232764665850826,0.9773825795017219,0.2610822894500509,1.1601556923357454,0.05410611291663936,0.25517728152490593,0.0,0.0,"[[0.7850000000000001, 1.09125]]",0.0,0.3062499999999999,1.1414249368661797,,,,,,,,,
shifted_only,300,300,20,900,1.074438382622448,1.5306636634685713,0.31476494658425225,1.5814968366821391,0.45622528084612335,0.4817992662701407,0.0,0.0,"[[0.9075000000000001, 1.2750000000000001]]",0.0,0.36750000000000005,1.1499809973495123,,,,,,,,,
shifted_only,300,300,21,900,1.048146502039238,1.3468467547163525,0.36557880590935327,1.3097391117183852,0.29870025267711453,0.4923786283320918,0.0,0.0,"[[0.9075000000000001, 1.21375]]",0.0,0.30625,1.1683155890367052,,,,,,,,,
shifted_only,300,300,22,900,1.0810592390358376,1.8531085715330269,0.3498488578871805,1.9078425187895467,0.7720493324971893,0.648307917291774,0.0,0.0,"[[0.9075000000000001, 1.2750000000000001]]",0.0,0.36750000000000005,1.1687593765574251,,,,,,,,,
shifted_only,300,300,23,900,1.066907444725084,1.066907444725084,0.32369772298283633,1.0644845702940096,0.0,0.345355510490946,1.0,0.0,"[[0.9075000000000001, 1.2750000000000001]]",0.0,0.36750000000000005,1.1335838638235092,,,,,,,,,
shifted_only,300,300,24,900,0.9586820430691092,0.9586832314259952,0.19919157781432303,1.443545203390011,1.1883568860060478e-06,0.19096162549187778,1.0,0.0,"[[0.7850000000000001, 1.1525]]",0.0,0.36749999999999994,1.1886039990701092,,,,,,,,,
shifted_only,300,300,25,900,0.9156633169975029,1.198744832936989,0.2799395588572631,1.4345989036985605,0.28308151593948605,0.3355760997148043,0.0,0.0,"[[0.7850000000000001, 1.09125]]",0.0,0.3062499999999999,1.1673512600184324,,,,,,,,,
shifted_only,300,300,26,900,0.8831430215373651,1.4135023787369574,0.37212460076819903,1.404335684990456,0.5303593571995923,0.5259990083723899,0.0,0.0,"[[0.7237500000000001, 1.03]]",0.0,0.3062499999999999,1.1796525270198228,,,,,,,,,
shifted_only,300,300,27,900,1.1073863385156846,2.4773872533065844,0.372234030885182,2.3651953284767244,1.3700009147908998,0.9221678433618793,0.0,0.0,"[[0.9687500000000001, 1.2750000000000001]]",0.0,0.30625,1.148975473267443,,,,,,,,,
shifted_only,300,300,28,900,0.9897817885893795,1.8040994266377788,0.34294447807864836,1.7586161126274098,0.8143176380483993,0.6187059362702818,0.0,0.0,"[[0.8462500000000002, 1.1525]]",0.0,0.3062499999999999,1.1519252546157692,,,,,,,,,
shifted_only,300,300,29,900,1.0521057493615409,1.730143786684292,0.3433449863909319,2.081188033371421,0.678038037322751,0.5940361948934736,0.0,0.0,"[[0.9075000000000001, 1.2750000000000001]]",0.0,0.36750000000000005,1.205983589080385,,,,,,,,,
shifted_only,300,300,30,900,0.9211688549214292,3.0,0.44820531357885013,2.561781217710401,2.0788311450785706,1.3446159407365503,0.0,1.0,"[[0.7850000000000001, 1.09125]]",0.0,0.3062499999999999,1.1745913507508459,,,,,,,,,
shifted_only,300,300,31,900,0.9578202563523283,0.9578202563523283,0.2765150610867335,1.1440181024722456,0.0,0.2648517266953748,1.0,0.0,"[[0.8462500000000002, 1.1525]]",0.0,0.3062499999999999,1.1511229362837498,,,,,,,,,
shifted_only,300,300,32,900,0.8921686631628853,3.0,0.4340944748048099,2.6464867331821162,2.1078313368371147,1.3022834244144297,0.0,1.0,"[[0.7237500000000001, 1.09125]]",0.0,0.36749999999999994,1.1680563483494244,,,,,,,,,
shifted_only,300,300,33,900,0.9245386100472941,1.1442049383327955,0.3136630327164219,1.2056146070785927,0.21966632828550137,0.3588947910065711,0.0,0.0,"[[0.7850000000000001, 1.09125]]",0.0,0.3062499999999999,1.14848260716939,,,,,,,,,
shifted_only,300,300,34,900,1.1185491869574746,1.1185491869574746,0.3497435788987323,1.1807678993361967,0.0,0.3912053958207744,1.0,0.0,"[[0.9687500000000001, 1.3362500000000002]]",0.0,0.36750000000000005,1.1700995884894545,,,,,,,,,
shifted_only,300,300,35,900,1.012926587759323,1.0129290197637812,0.23938431253484907,1.2590961599674104,2.432004458263748e-06,0.24247931704275133,1.0,0.0,"[[0.8462500000000002, 1.1525]]",0.0,0.3062499999999999,1.1459113698593484,,,,,,,,,
shifted_only,300,300,36,900,0.8959723321807694,1.6430988693151738,0.33697800588012067,1.48115602261098,0.7471265371344044,0.5536881804457082,0.0,0.0,"[[0.7850000000000001, 1.03]]",0.0,0.24499999999999988,1.1313857534172171,,,,,,,,,
shifted_only,300,300,37,900,1.0258546515038311,2.005842084881177,0.3755879295104743,1.8832427424822156,0.979987433377346,0.7533700755854944,0.0,0.0,"[[0.8462500000000002, 1.21375]]",0.0,0.36749999999999994,1.1638325012798563,,,,,,,,,
shifted_only,300,300,38,900,1.0235071293966058,1.7336156796876334,0.3084394670747035,1.945921476323107,0.7101085502910276,0.5347154963552035,0.0,0.0,"[[0.8462500000000002, 1.21375]]",0.0,0.36749999999999994,1.1621096877749701,,,,,,,,,
shifted_only,300,300,39,900,1.008080348378402,1.0080814489029917,0.31077203831190886,1.0405379626892501,1.1005245896811289e-06,0.31328352666000514,1.0,0.0,"[[0.8462500000000002, 1.21375]]",0.0,0.36749999999999994,1.1302788543864135,,,,,,,,,
shifted_only,300,300,40,900,1.0161009259163685,1.0161009259163685,0.26248054277145927,1.3258360872795492,0.0,0.26670672254511074,1.0,0.0,"[[0.8462500000000002, 1.21375]]",0.0,0.36749999999999994,1.1773853359826147,,,,,,,,,
shifted_only,300,300,41,900,0.8235872706762553,1.6220497148721371,0.3001630468979389,1.5872309279137848,0.7984624441958819,0.4868793846359537,0.0,0.0,"[[0.7237500000000001, 0.9687500000000001]]",0.0,0.245,1.123014017294997,,,,,,,,,
shifted_only,300,300,42,900,1.275836254048435,1.275836254048435,0.2980712246231614,1.2728771919603417,0.0,0.3802900746628438,1.0,0.0,"[[1.09125, 1.5200000000000002]]",0.0,0.4287500000000002,1.1269568563648669,,,,,,,,,
shifted_only,300,300,43,900,1.0273491130536212,2.5658941646508673,0.34941811699040326,2.5427422735073213,1.538545051597246,0.8965699074089698,0.0,0.0,"[[0.9075000000000001, 1.21375]]",0.0,0.30625,1.132873233263446,,,,,,,,,
shifted_only,300,300,44,900,1.100412205395381,1.290169258870826,0.2245863956716353,1.6850095608678561,0.18975705347544491,0.2897544636561438,0.0,0.0,"[[0.9687500000000001, 1.2750000000000001]]",0.0,0.30625,1.1572992601798504,,,,,,,,,
shifted_only,300,300,45,900,1.029374821827822,1.5868962736031158,0.327653323869796,1.5172147863194008,0.5575214517752938,0.5199518386826542,0.0,0.0,"[[0.9075000000000001, 1.21375]]",0.0,0.30625,1.1391066735432116,,,,,,,,,
shifted_only,300,300,46,900,1.1092298771100197,1.3012703969879496,0.31357617041472835,1.5398607976339043,0.1920405198779298,0.4080473877615345,0.0,0.0,"[[0.9687500000000001, 1.2750000000000001]]",0.0,0.30625,1.1876117192891213,,,,,,,,,
shifted_only,300,300,47,900,1.0618742047772736,1.0618742047772736,0.29834805984731066,1.144146603849303,0.0,0.31680810879720545,1.0,0.0,"[[0.9075000000000001, 1.2750000000000001]]",0.0,0.36750000000000005,1.140164034423145,,,,,,,,,
shifted_only,300,300,48,900,0.8115212364776373,0.8115323542892573,0.12801995736532545,1.3685864823393674,1.1117811619998363e-05,0.10389233739669292,1.0,0.0,"[[0.6625000000000001, 0.9687500000000001]]",0.0,0.30625,1.1824100211698805,,,,,,,,,
shifted_only,300,300,49,900,0.998200129194307,0.998200129194307,0.21284851169259736,1.4417900326073732,0.0,0.21246541187036666,1.0,0.0,"[[0.8462500000000002, 1.1525]]",0.0,0.3062499999999999,1.182855799389127,,,,,,,,,
shifted_only,300,300,50,900,1.0572844875383243,1.0572844875383243,0.2728477041446194,1.366943534829023,0.0,0.28847764505255225,1.0,0.0,"[[0.9075000000000001, 1.21375]]",0.0,0.30625,1.1828900310006303,,,,,,,,,
shifted_only,300,300,51,900,1.2221013049420053,2.464417059996663,0.37061418882741887,2.3939877372975062,1.2423157550546575,0.9133479296231156,0.0,0.0,"[[1.03, 1.4587500000000002]]",0.0,0.4287500000000002,1.1514329548094804,,,,,,,,,
shifted_only,300,300,52,900,1.0954875517422213,1.0955141894136564,0.2990043525736679,1.1171512108895931,2.663767143507023e-05,0.3275635109408969,1.0,0.0,"[[0.9687500000000001, 1.2750000000000001]]",0.0,0.30625,1.1259710535938372,,,,,,,,,
shifted_only,300,300,53,900,1.102103218959173,2.1716711178470405,0.36865068928823863,1.9682338906144212,1.0695678988878674,0.8005880545016711,0.0,0.0,"[[0.9687500000000001, 1.2750000000000001]]",0.0,0.30625,1.1464661439126935,,,,,,,,,
shifted_only,300,300,54,900,0.9681054723968774,1.985493541489295,0.40085730140616277,1.5930936211899678,1.0173880690924175,0.7958995830007638,0.0,0.0,"[[0.8462500000000002, 1.1525]]",0.0,0.3062499999999999,1.1518392333800467,,,,,,,,,
shifted_only,300,300,55,900,0.9345744867655835,2.236211339104581,0.3460292672886986,2.137730704681046,1.3016368523389974,0.7737945711730376,0.0,0.0,"[[0.7850000000000001, 1.09125]]",0.0,0.3062499999999999,1.1363847322566034,,,,,,,,,
shifted_only,300,300,56,900,0.9453989940061841,1.9699681988784337,0.36612499415900734,1.8801881967874243,1.0245692048722495,0.7212545953077968,0.0,0.0,"[[0.7850000000000001, 1.09125]]",0.0,0.3062499999999999,1.160980570180841,,,,,,,,,
shifted_only,300,300,57,900,1.0058870823363384,1.5588803474607884,0.3130135440000307,1.654485763803663,0.55299326512445,0.4879506622307006,0.0,0.0,"[[0.8462500000000002, 1.1525]]",0.0,0.3062499999999999,1.155430677159797,,,,,,,,,
shifted_only,300,300,58,900,0.95132155198874,0.95132155198874,0.18259861078863976,1.1907057952243345,0.0,0.17370999380643667,1.0,0.0,"[[0.7850000000000001, 1.09125]]",0.0,0.3062499999999999,1.1099545152095698,,,,,,,,,
shifted_only,300,300,59,900,1.12578845211799,1.12578845211799,0.2677789622916307,1.3077944948918492,0.0,0.3014624634680565,1.0,0.0,"[[0.9687500000000001, 1.3362500000000002]]",0.0,0.36750000000000005,1.147655471903187,,,,,,,,,
shifted_only,300,300,60,900,0.971230456710246,1.699083623147786,0.3387556653768965,1.524010230930195,0.72785316643754,0.5755742032904163,0.0,0.0,"[[0.8462500000000002, 1.1525]]",0.0,0.3062499999999999,1.1310210078702032,,,,,,,,,
shifted_only,300,300,61,900,1.0457326426598574,1.0457326426598574,0.19497103354975473,1.4609173121367132,0.0,0.20388757415610873,1.0,0.0,"[[0.9075000000000001, 1.21375]]",0.0,0.30625,1.1609988008027359,,,,,,,,,
shifted_only,300,300,62,900,0.8887236275040307,1.6242692664135825,0.36089719418598176,1.5088752643766004,0.7355456389095518,0.5861942208511848,0.0,0.0,"[[0.7850000000000001, 1.03]]",0.0,0.24499999999999988,1.1566166101144217,,,,,,,,,
shifted_only,300,300,63,900,1.1676240197293102,1.7867815317856417,0.3199941538254351,1.8523701992794486,0.6191575120563315,0.5717596443346612,0.0,0.0,"[[1.03, 1.3975000000000002]]",0.0,0.36750000000000016,1.1492350883632343,,,,,,,,,
shifted_only,300,300,64,900,0.9618560007903674,0.9618560007903674,0.26381848128535473,1.2139543433882856,0.0,0.25375538934371966,1.0,0.0,"[[0.8462500000000002, 1.1525]]",0.0,0.3062499999999999,1.1627384714799152,,,,,,,,,
shifted_only,300,300,65,900,0.8697775814710196,1.1657953339227893,0.34619633545166395,1.2051763795692305,0.29601775245176976,0.40359407249071855,0.0,0.0,"[[0.7237500000000001, 1.03]]",0.0,0.3062499999999999,1.1649089455665553,,,,,,,,,
shifted_only,300,300,66,900,1.0325760328393216,1.2021667014800348,0.28676903737569875,1.5072712922971438,0.16959066864071315,0.3447441877485486,0.0,0.0,"[[0.8462500000000002, 1.21375]]",0.0,0.36749999999999994,1.186563869572102,,,,,,,,,
shifted_only,300,300,67,900,0.8940336813898211,1.4202384355671627,0.4038635470647143,1.4477931622008535,0.5262047541773416,0.573582532265795,0.0,0.0,"[[0.7237500000000001, 1.09125]]",0.0,0.36749999999999994,1.206591130643291,,,,,,,,,
shifted_only,300,300,68,900,0.9576858650490022,0.9576858650490022,0.31826529894156025,1.0563733193962237,0.0,0.3047981781319274,1.0,0.0,"[[0.8462500000000002, 1.1525]]",0.0,0.3062499999999999,1.150021477845373,,,,,,,,,
shifted_only,300,300,69,900,0.9530756347647861,2.7100739100290157,0.3687551373120527,2.9691533564323267,1.7569982752642295,0.9993536768185612,0.0,0.0,"[[0.7850000000000001, 1.09125]]",0.0,0.3062499999999999,1.1620909157267285,,,,,,,,,
shifted_only,300,300,70,900,0.9918665657278952,0.9918665657278952,0.18408002330396056,1.4351736652531046,0.0,0.18258282053361027,1.0,0.0,"[[0.8462500000000002, 1.1525]]",0.0,0.3062499999999999,1.1653569687676089,,,,,,,,,
shifted_only,300,300,71,900,0.8391420449540496,2.139085668268144,0.42006010315126535,1.9508728214203956,1.2999436233140944,0.89854454646211,0.0,0.0,"[[0.7237500000000001, 0.9687500000000001]]",0.0,0.245,1.1881841000269884,,,,,,,,,
shifted_only,300,300,72,900,1.0173884426243283,2.227204778546495,0.3873699243899501,2.284642535759593,1.2098163359221665,0.8627521466664912,0.0,0.0,"[[0.8462500000000002, 1.21375]]",0.0,0.36749999999999994,1.1844403092562457,,,,,,,,,
shifted_only,300,300,73,900,1.0418995292263118,2.12675879930831,0.3923538749966935,1.5626595809205,1.0848592700819981,0.8344420560919306,0.0,0.0,"[[0.9075000000000001, 1.21375]]",0.0,0.30625,1.1267720406409207,,,,,,,,,
shifted_only,300,300,74,900,0.9542470740870266,0.9542470740870266,0.16618979953671575,1.3083316244529033,0.0,0.1585861299510205,1.0,0.0,"[[0.8462500000000002, 1.09125]]",0.0,0.24499999999999988,1.1312278847593427,,,,,,,,,
shifted_only,300,300,75,900,0.9599369273806805,0.9599369273806805,0.25402204143661183,1.267861611625856,0.0,0.24384513794362905,1.0,0.0,"[[0.7850000000000001, 1.1525]]",0.0,0.36749999999999994,1.1724682787159977,,,,,,,,,
shifted_only,300,300,76,900,1.007055379558882,2.4137861229309707,0.3909135303201544,2.1500631760645685,1.4067307433720888,0.943581654752744,0.0,0.0,"[[0.8462500000000002, 1.21375]]",0.0,0.36749999999999994,1.1537160947006608,,,,,,,,,
shifted_only,300,300,77,900,0.9426935698331199,1.4173455406152196,0.3224436001795499,1.4406013007539469,0.47465197078209964,0.4570139988144019,0.0,0.0,"[[0.7850000000000001, 1.09125]]",0.0,0.3062499999999999,1.1515704502510955,,,,,,,,,
shifted_only,300,300,78,900,0.8902367069697905,0.8902367069697905,0.18188227400604656,1.2434528698626464,0.0,0.16191827666732003,1.0,0.0,"[[0.7850000000000001, 1.03]]",0.0,0.24499999999999988,1.1440132563328629,,,,,,,,,
shifted_only,300,300,79,900,0.9106858070463234,0.9571451781171848,0.14444339727277583,1.3668596296275817,0.0464593710708614,0.1382533012105023,0.0,0.0,"[[0.7850000000000001, 1.09125]]",0.0,0.3062499999999999,1.1329146275352584,,,,,,,,,
shifted_only,300,300,80,900,1.1015124590655763,1.765530879525538,0.3171102019973347,1.6300622588555091,0.6640184204599617,0.5598678538388754,0.0,0.0,"[[0.9687500000000001, 1.2750000000000001]]",0.0,0.30625,1.119329427960708,,,,,,,,,
shifted_only,300,300,81,900,0.8591774952604161,1.8280879450018526,0.43533096545829336,1.6733655399568128,0.9689104497414365,0.7958232900403239,0.0,0.0,"[[0.7237500000000001, 1.03]]",0.0,0.3062499999999999,1.2044769782834224,,,,,,,,,
shifted_only,300,300,82,900,0.9751275960029958,1.450322041893057,0.33519376942120005,1.3245527086926983,0.4751944458900611,0.48613891209678534,0.0,0.0,"[[0.8462500000000002, 1.1525]]",0.0,0.3062499999999999,1.1330822210120923,,,,,,,,,
shifted_only,300,300,83,900,1.0233490923927269,1.3181778345003732,0.2674477684643757,1.55033284617839,0.2948287421076463,0.3525437202763279,0.0,0.0,"[[0.8462500000000002, 1.21375]]",0.0,0.36749999999999994,1.1542857202486738,,,,,,,,,
shifted_only,300,300,84,900,1.0245368491272078,2.967651108775622,0.35347372533629456,3.0,1.943114259648414,1.0489866929173042,0.0,1.0,"[[0.8462500000000002, 1.21375]]",0.0,0.36749999999999994,1.1225617704544948,,,,,,,,,
shifted_only,300,300,85,900,1.0642670151439768,1.8779758860988867,0.33576326579241134,2.0584379987163888,0.8137088709549098,0.6305553165959596,0.0,0.0,"[[0.9075000000000001, 1.2750000000000001]]",0.0,0.36750000000000005,1.1721067963216207,,,,,,,,,
shifted_only,300,300,86,900,1.0562479881939553,1.0562486487135323,0.24185681600693135,1.4216810282137107,6.605195770337247e-07,0.25546093508947865,1.0,0.0,"[[0.9075000000000001, 1.21375]]",0.0,0.30625,1.177666452141438,,,,,,,,,
shifted_only,300,300,87,900,0.9971453548108183,2.336220558645953,0.41884020328861005,2.0359417080742097,1.3390752038351348,0.9785030937103011,0.0,0.0,"[[0.8462500000000002, 1.1525]]",0.0,0.3062499999999999,1.1740399871028184,,,,,,,,,
shifted_only,300,300,88,900,0.8549013036897476,1.3764080417669005,0.3357961158466753,1.394433261295475,0.5215067380771529,0.46219247424545357,0.0,0.0,"[[0.7237500000000001, 1.03]]",0.0,0.3062499999999999,1.1596574704557103,,,,,,,,,
shifted_only,300,300,89,900,0.8964718014649417,1.6303943410010304,0.38451924021566575,1.5646940684718904,0.7339225395360888,0.6269179932536373,0.0,0.0,"[[0.7850000000000001, 1.09125]]",0.0,0.3062499999999999,1.1810456378117582,,,,,,,,,
shifted_only,300,300,90,900,0.8772789705699903,0.8772821053377421,0.25667891425429523,1.1674572889425765,3.1347677518223094e-06,0.2251798182928139,1.0,0.0,"[[0.7237500000000001, 1.03]]",0.0,0.3062499999999999,1.1682478635187676,,,,,,,,,
shifted_only,300,300,91,900,1.1082400240419055,1.6159843617362237,0.3207143082565644,1.5796926559911566,0.5077443376943183,0.5182693067276587,0.0,0.0,"[[0.9687500000000001, 1.2750000000000001]]",0.0,0.30625,1.1390398911462485,,,,,,,,,
shifted_only,300,300,92,900,1.1074461827142028,1.1074461827142028,0.29942247981161424,1.3250464261433625,0.0,0.33159428228619264,1.0,0.0,"[[0.9687500000000001, 1.2750000000000001]]",0.0,0.30625,1.1765982948498515,,,,,,,,,
shifted_only,300,300,93,900,0.9552871257174889,0.9552871257174889,0.223596640462275,1.208574368946098,0.0,0.21359899198729346,1.0,0.0,"[[0.7850000000000001, 1.1525]]",0.0,0.36749999999999994,1.1383261409973076,,,,,,,,,
shifted_only,300,300,94,900,1.0387058743465283,1.0387058743465283,0.20799517942029871,1.3184825647990026,0.0,0.2160458146996244,1.0,0.0,"[[0.9075000000000001, 1.21375]]",0.0,0.30625,1.1343583887870445,,,,,,,,,
shifted_only,300,300,95,900,0.9461338810362864,1.6518533921978114,0.3082630378965637,1.9745746941374904,0.705719511161525,0.5092053448386412,0.0,0.0,"[[0.7850000000000001, 1.09125]]",0.0,0.3062499999999999,1.1815675868749023,,,,,,,,,
shifted_only,300,300,96,900,1.0368003520934028,2.820953507988393,0.43851356591290064,2.3028844506632584,1.7841531558949901,1.2370263820624965,0.0,0.0,"[[0.9075000000000001, 1.21375]]",0.0,0.30625,1.1654819852273612,,,,,,,,,
shifted_only,300,300,97,900,0.9303296304550903,2.122615309916955,0.38101224405961304,2.0914622398093816,1.1922856794618646,0.80874242250675,0.0,0.0,"[[0.7850000000000001, 1.09125]]",0.0,0.3062499999999999,1.1747829232647409,,,,,,,,,
shifted_only,300,300,98,900,0.9490750271154522,1.8005188300512158,0.35508507808389717,1.703401754384522,0.8514438029357636,0.6393373693602631,0.0,0.0,"[[0.7850000000000001, 1.09125]]",0.0,0.3062499999999999,1.154419802361212,,,,,,,,,
shifted_only,300,300,99,900,0.9650028284159021,3.0,0.39629192731222385,2.629990238806821,2.0349971715840978,1.1888757819366715,0.0,1.0,"[[0.8462500000000002, 1.1525]]",0.0,0.3062499999999999,1.1353980671142085,,,,,,,,,
shifted_only,300,300,100,900,1.134801293818607,1.2578050466507034,0.2945841913977093,1.250732958909983,0.12300375283209641,0.3705294826035555,0.0,0.0,"[[0.9687500000000001, 1.3362500000000002]]",0.0,0.36750000000000005,1.123036422355506,,,,,,,,,
shifted_only,300,300,101,900,0.8128931867882147,1.401563616151191,0.35688626582549393,1.392880360067391,0.5886704293629764,0.5001988052850745,0.0,0.0,"[[0.6625000000000001, 0.9687500000000001]]",0.0,0.30625,1.169352436626017,,,,,,,,,
shifted_only,300,300,102,900,1.0296735790076825,1.0296735790076825,0.22652467770230877,1.254282847543401,0.0,0.23324647562329806,1.0,0.0,"[[0.9075000000000001, 1.21375]]",0.0,0.30625,1.1316942373658878,,,,,,,,,
shifted_only,300,300,103,900,1.1312791373817654,1.1312791373817654,0.25687496358244577,1.397201317290313,0.0,0.29059728721652167,1.0,0.0,"[[0.9687500000000001, 1.3362500000000002]]",0.0,0.36750000000000005,1.1605580679148073,,,,,,,,,
shifted_only,300,300,104,900,0.8487641673230046,1.7018022831747306,0.35216651902997115,1.2256933733688566,0.853038115851726,0.5993177861429021,0.0,0.0,"[[0.7237500000000001, 0.9687500000000001]]",0.0,0.245,1.0929040425034657,,,,,,,,,
shifted_only,300,300,105,900,1.0716580445921717,1.271238491876229,0.29036905967465676,1.4637273352772902,0.19958044728405722,0.3691283255083294,0.0,0.0,"[[0.9075000000000001, 1.2750000000000001]]",0.0,0.36750000000000005,1.163640774960047,,,,,,,,,
shifted_only,300,300,106,900,1.0668027359561496,1.9939209054995135,0.38678003753294266,2.0064492302643124,0.9271181695433639,0.7712088026668208,0.0,0.0,"[[0.9075000000000001, 1.2750000000000001]]",0.0,0.36750000000000005,1.1873509217648262,,,,,,,,,
shifted_only,300,300,107,900,1.081882145380981,1.5679271322853834,0.3535500765102636,1.522136143756336,0.48604498690440234,0.5543407575820155,0.0,0.0,"[[0.9075000000000001, 1.2750000000000001]]",0.0,0.36750000000000005,1.1621363912976355,,,,,,,,,
shifted_only,300,300,108,900,1.0603672634334829,1.2132427397207666,0.316302580330438,1.233780647021601,0.1528754762872837,0.38375180914084844,0.0,0.0,"[[0.9075000000000001, 1.2750000000000001]]",0.0,0.36750000000000005,1.1431122153305933,,,,,,,,,
shifted_only,300,300,109,900,0.9844770504871899,1.8762573771206295,0.3829456488227595,1.7301174788740588,0.8917803266334395,0.7185045986399484,0.0,0.0,"[[0.8462500000000002, 1.1525]]",0.0,0.3062499999999999,1.1683672461369037,,,,,,,,,
shifted_only,300,300,110,900,0.9548152300811571,0.9548152300811571,0.23828189422965781,1.1968181337324046,0.0,0.22751518166306467,1.0,0.0,"[[0.8462500000000002, 1.09125]]",0.0,0.24499999999999988,1.1441875353447633,,,,,,,,,
shifted_only,300,300,111,900,1.0576819135748374,2.8587581385915772,0.45036053882063204,2.5282940045193616,1.8010762250167398,1.2874718556539697,0.0,0.0,"[[0.9075000000000001, 1.2750000000000001]]",0.0,0.36750000000000005,1.1857530976374813,,,,,,,,,
shifted_only,300,300,112,900,0.9354265743808986,0.9354265743808986,0.13741934464646713,1.4338083981592895,0.0,0.12854570681631283,1.0,0.0,"[[0.7850000000000001, 1.09125]]",0.0,0.3062499999999999,1.1562527825754836,,,,,,,,,
shifted_only,300,300,113,900,1.0982688724306477,1.128466245577505,0.3433337294023391,1.1292837076999303,0.03019737314685722,0.3874405245987806,0.0,0.0,"[[0.9075000000000001, 1.2750000000000001]]",0.0,0.36750000000000005,1.1515535520654738,,,,,,,,,
shifted_only,300,300,114,900,1.1064432705302454,1.106459943794165,0.23036221870353332,1.4456093861943426,1.6673263919519954e-05,0.2548865675590106,1.0,0.0,"[[0.9687500000000001, 1.2750000000000001]]",0.0,0.30625,1.1615457145955352,,,,,,,,,
shifted_only,300,300,115,900,1.0089958543986715,2.684149048824467,0.3868532300982101,2.642270996325813,1.6751531944257954,1.0383717296027832,0.0,0.0,"[[0.8462500000000002, 1.21375]]",0.0,0.36749999999999994,1.1586740837308254,,,,,,,,,
shifted_only,300,300,116,900,0.9767782309400952,1.4814086703898697,0.3784533785518388,1.3649017817860687,0.5046304394497745,0.5606441163250335,0.0,0.0,"[[0.8462500000000002, 1.1525]]",0.0,0.3062499999999999,1.1663352399734843,,,,,,,,,
shifted_only,300,300,117,900,0.8739380997364289,1.531595342662341,0.34232035735154814,1.502686555417062,0.6576572429259121,0.5242962650181394,0.0,0.0,"[[0.7237500000000001, 1.03]]",0.0,0.3062499999999999,1.156777823933362,,,,,,,,,
shifted_only,300,300,118,900,1.0864081177431593,1.0864081177431593,0.25592115001180216,1.3150599046076754,0.0,0.27803481487498666,1.0,0.0,"[[0.9075000000000001, 1.2750000000000001]]",0.0,0.36750000000000005,1.1516660484984442,,,,,,,,,
shifted_only,300,300,119,900,0.9212495557166939,1.529055426248722,0.3626033253398458,1.4642956550419306,0.6078058705320281,0.5544405821867219,0.0,0.0,"[[0.7850000000000001, 1.09125]]",0.0,0.3062499999999999,1.165186662774207,,,,,,,,,
shifted_only,300,300,120,900,1.082307937080378,1.5788473177324622,0.32332243744530487,1.7286116100836322,0.49653938065208414,0.5104767631232414,0.0,0.0,"[[0.9075000000000001, 1.2750000000000001]]",0.0,0.36750000000000005,1.1709324165987112,,,,,,,,,
shifted_only,300,300,121,900,0.9387753919663543,0.9387753919663543,0.20068127567024055,1.4084986663632437,0.0,0.18839464322763808,1.0,0.0,"[[0.7850000000000001, 1.09125]]",0.0,0.3062499999999999,1.186565487065091,,,,,,,,,
shifted_only,300,300,122,900,1.0807107168928254,2.439547182251171,0.45766564920974917,1.7729307179210212,1.3588364653583458,1.1164969449427966,0.0,0.0,"[[0.9075000000000001, 1.2750000000000001]]",0.0,0.36750000000000005,1.1714129210171442,,,,,,,,,
shifted_only,300,300,123,900,1.0043139891127586,1.0043233125520847,0.2583299944833171,1.1163744126552286,9.323439326136551e-06,0.2594468357910468,1.0,0.0,"[[0.8462500000000002, 1.1525]]",0.0,0.3062499999999999,1.1199553473246817,,,,,,,,,
shifted_only,300,300,124,900,1.0185752922557245,1.0185752922557245,0.17465544279454645,1.4480208409894992,0.0,0.17789971868850812,1.0,0.0,"[[0.9075000000000001, 1.1525]]",0.0,0.245,1.153314630076298,,,,,,,,,
shifted_only,300,300,125,900,1.0012282349951138,1.6695781382955952,0.3449448641980822,1.608537678187206,0.6683499033004814,0.5759124041824609,0.0,0.0,"[[0.8462500000000002, 1.1525]]",0.0,0.3062499999999999,1.153144795165446,,,,,,,,,
shifted_only,300,300,126,900,0.9423934597811612,1.9104676999191057,0.3191971411474695,1.8219940820677842,0.9680742401379445,0.6098158280687602,0.0,0.0,"[[0.7850000000000001, 1.09125]]",0.0,0.3062499999999999,1.124727798486227,,,,,,,,,
shifted_only,300,300,127,900,1.0283955036046664,1.0283980513366364,0.1954806677161554,1.3058581019735302,2.5477319700595302e-06,0.20103193775327877,1.0,0.0,"[[0.9075000000000001, 1.21375]]",0.0,0.30625,1.1246811975945656,,,,,,,,,
shifted_only,300,300,128,900,1.020616816998135,1.2827995331268813,0.25815566179516486,1.3397824409939894,0.26218271612874644,0.33116196242489854,0.0,0.0,"[[0.9075000000000001, 1.21375]]",0.0,0.30625,1.1110346318719062,,,,,,,,,
shifted_only,300,300,129,900,1.0200652238908865,1.2547762123601982,0.24097449353837805,1.4770093147071806,0.2347109884693117,0.30236906227750304,0.0,0.0,"[[0.9075000000000001, 1.21375]]",0.0,0.30625,1.1355053473757974,,,,,,,,,
shifted_only,300,300,130,900,0.8711011578311796,1.9350912708277805,0.40547076127918835,1.7120082489747774,1.063990112996601,0.7846229307272522,0.0,0.0,"[[0.7237500000000001, 1.03]]",0.0,0.3062499999999999,1.1753637966118013,,,,,,,,,
shifted_only,300,300,131,900,0.9883756639012531,0.9883756639012531,0.23943609795964974,1.3042797014491063,0.0,0.23665281228279428,1.0,0.0,"[[0.8462500000000002, 1.1525]]",0.0,0.3062499999999999,1.1655577953365335,,,,,,,,,
shifted_only,300,300,132,900,0.9533508864612326,1.5013355815775984,0.34462509074291586,1.4244305363512746,0.5479846951163658,0.5173979110367483,0.0,0.0,"[[0.7850000000000001, 1.1525]]",0.0,0.36749999999999994,1.1499666676818066,,,,,,,,,
shifted_only,300,300,133,900,1.062269236493874,1.1307943297087515,0.279655558586425,1.222120617152864,0.06852509321487754,0.31623291992106295,0.0,0.0,"[[0.9075000000000001, 1.2750000000000001]]",0.0,0.36750000000000005,1.132971418636266,,,,,,,,,
shifted_only,300,300,134,900,0.9639241194281675,2.3685858555938717,0.34329582216577664,2.1159050529037264,1.4046617361657043,0.8131256286663276,0.0,0.0,"[[0.8462500000000002, 1.1525]]",0.0,0.3062499999999999,1.115405238760425,,,,,,,,,
shifted_only,300,300,135,900,0.8638075592259069,1.4643251018666876,0.3255540959680255,1.5630523648012165,0.6005175426407807,0.4767170347414963,0.0,0.0,"[[0.7237500000000001, 1.03]]",0.0,0.3062499999999999,1.1670293945511179,,,,,,,,,
shifted_only,300,300,136,900,1.140829653231158,1.140829653231158,0.2949754154465238,1.5001105644019674,0.0,0.33651670091557445,1.0,0.0,"[[0.9687500000000001, 1.3362500000000002]]",0.0,0.36750000000000005,1.2053046564793224,,,,,,,,,
shifted_only,300,300,137,900,0.923486592147748,2.5971733233389633,0.39593048328586666,2.3924430110420745,1.6736867311912154,1.0283000890867562,0.0,0.0,"[[0.7850000000000001, 1.09125]]",0.0,0.3062499999999999,1.1576818202697454,,,,,,,,,
shifted_only,300,300,138,900,0.9068667993941556,2.5159631923618453,0.40600191240642736,2.7569349459981103,1.6090963929676896,1.0214858676430894,0.0,0.0,"[[0.7850000000000001, 1.09125]]",0.0,0.3062499999999999,1.2005393267535158,,,,,,,,,
shifted_only,300,300,139,900,1.0085599199531896,1.0085605897377015,0.3004855801853577,1.2413669743423665,6.697845118530665e-07,0.3030579139594197,1.0,0.0,"[[0.8462500000000002, 1.21375]]",0.0,0.36749999999999994,1.1796196876598894,,,,,,,,,
shifted_only,300,300,140,900,0.9887896604298587,1.4968597545778959,0.26650864464547147,1.5577158539191036,0.5080700941480372,0.3989260644169081,0.0,0.0,"[[0.8462500000000002, 1.1525]]",0.0,0.3062499999999999,1.114991451448151,,,,,,,,,
shifted_only,300,300,141,900,0.9044694619505631,0.9044694619505631,0.17846673952073985,1.305376242464038,0.0,0.16141771587039488,1.0,0.0,"[[0.7850000000000001, 1.09125]]",0.0,0.3062499999999999,1.155823498194549,,,,,,,,,
shifted_only,300,300,142,900,1.0809001776010332,2.443451862570945,0.4283641376107029,1.654903867482475,1.3625516849699117,1.0466871499034687,0.0,0.0,"[[0.9075000000000001, 1.2750000000000001]]",0.0,0.36750000000000005,1.137602785792462,,,,,,,,,
shifted_only,300,300,143,900,0.9363731250752589,1.8622228239431577,0.34675042552079777,2.0609594233325947,0.9258496988678988,0.6457265566168316,0.0,0.0,"[[0.7850000000000001, 1.09125]]",0.0,0.3062499999999999,1.1833143114901394,,,,,,,,,
shifted_only,300,300,144,900,0.8867332279784873,2.259208696976044,0.3726943430874136,2.1143351440032907,1.372475468997557,0.8419943012168585,0.0,0.0,"[[0.7850000000000001, 1.03]]",0.0,0.24499999999999988,1.1533601935205484,,,,,,,,,
shifted_only,300,300,145,900,1.2318364207121115,1.6458780205279957,0.3592336743218372,1.4277199529485942,0.4140415998158842,0.5912548087998242,0.0,0.0,"[[1.03, 1.4587500000000002]]",0.0,0.4287500000000002,1.1393551933926478,,,,,,,,,
shifted_only,300,300,146,900,0.9732968916680607,0.9732968916680607,0.2453469512032439,1.1592457768606184,0.0,0.23879542498635264,1.0,0.0,"[[0.8462500000000002, 1.1525]]",0.0,0.3062499999999999,1.13235524351424,,,,,,,,,
shifted_only,300,300,147,900,1.0601136043179986,1.4325375338876816,0.28636349678407164,1.484754408226103,0.37242392956968295,0.410226457478507,0.0,0.0,"[[0.9075000000000001, 1.21375]]",0.0,0.30625,1.1303322716639266,,,,,,,,,
shifted_only,300,300,148,900,1.0578582765182647,1.2751876082001679,0.2833460299489472,1.3734117870458962,0.21732933168190316,0.3613193462236111,0.0,0.0,"[[0.9075000000000001, 1.21375]]",0.0,0.30625,1.1387569496938628,,,,,,,,,
shifted_only,300,300,149,900,1.1576775877992205,1.3333918193255974,0.30210978059391536,1.2101575683210477,0.17571423152637689,0.40283070998217785,0.0,0.0,"[[0.9687500000000001, 1.3362500000000002]]",0.0,0.36750000000000005,1.104871359077604,,,,,,,,,
shifted_only,300,300,150,900,0.8470125225331661,1.597260441682396,0.4081525883155915,1.4491791559680576,0.7502479191492298,0.6519259834867748,0.0,0.0,"[[0.7237500000000001, 1.03]]",0.0,0.3062499999999999,1.184233289558652,,,,,,,,,
shifted_only,300,300,151,900,0.8507260972692561,2.069135292432566,0.35504133642085745,2.121628695170528,1.2184091951633098,0.7346285594608198,0.0,0.0,"[[0.7237500000000001, 1.03]]",0.0,0.3062499999999999,1.1648752603615644,,,,,,,,,
shifted_only,300,300,152,900,1.0634182812406283,2.103465244401175,0.43554970280803995,1.911401778759269,1.040046963160547,0.916163662065973,0.0,0.0,"[[0.9075000000000001, 1.2750000000000001]]",0.0,0.36750000000000005,1.1994202693433642,,,,,,,,,
shifted_only,300,300,153,900,0.9273464886487334,0.9273464886487334,0.2118403319053236,1.143741007266586,0.0,0.19644938794658406,1.0,0.0,"[[0.7850000000000001, 1.09125]]",0.0,0.3062499999999999,1.1193550448287912,,,,,,,,,
shifted_only,300,300,154,900,1.0765681022718137,2.3088227197778384,0.396584311741567,1.919435711531435,1.2322546175060247,0.9156428692563868,0.0,0.0,"[[0.9075000000000001, 1.2750000000000001]]",0.0,0.36750000000000005,1.148782461617961,,,,,,,,,
shifted_only,300,300,155,900,1.053796373676833,1.2449892123706012,0.23725403582286136,1.6437224694898862,0.19119283869376824,0.29537871519085057,0.0,0.0,"[[0.9075000000000001, 1.21375]]",0.0,0.30625,1.1706563646395058,,,,,,,,,
shifted_only,300,300,156,900,0.8963718567007414,0.8963718567007414,0.15612346624885778,1.4264315670645595,0.0,0.13994468131604418,1.0,0.0,"[[0.7850000000000001, 1.03]]",0.0,0.24499999999999988,1.1810221959976892,,,,,,,,,
shifted_only,300,300,157,900,0.8789090334470796,2.855508959446609,0.43315826566876464,2.1755411933487885,1.9765999259995297,1.236887308475512,0.0,0.0,"[[0.7237500000000001, 1.03]]",0.0,0.3062499999999999,1.1500761726294548,,,,,,,,,
shifted_only,300,300,158,900,0.9856075729691856,1.5204140000257322,0.37088978631431496,1.3098027405318053,0.5348064270565467,0.5639060235788367,0.0,0.0,"[[0.8462500000000002, 1.1525]]",0.0,0.3062499999999999,1.1456286718306494,,,,,,,,,
shifted_only,300,300,159,900,0.9571358954283964,2.677092349541212,0.36574557720035394,2.367560214258175,1.7199564541128156,0.9791346866016023,0.0,0.0,"[[0.8462500000000002, 1.09125]]",0.0,0.24499999999999988,1.1218721348104725,,,,,,,,,
shifted_only,300,300,160,900,1.1571325542515514,2.3898243315723757,0.4352861229078058,2.0841378778878417,1.2326917773208244,1.040257367720878,0.0,0.0,"[[0.9687500000000001, 1.3975000000000002]]",0.0,0.4287500000000001,1.185273295347271,,,,,,,,,
shifted_only,300,300,161,900,0.8956179441559778,1.4910768077378673,0.30391922005765865,1.4376389512230212,0.5954588635818895,0.45316690045375607,0.0,0.0,"[[0.7850000000000001, 1.03]]",0.0,0.24499999999999988,1.123720106321152,,,,,,,,,
shifted_only,300,300,162,900,0.8596678727738057,0.8596685239276006,0.22398703295636752,1.1471618214807167,6.511537948838964e-07,0.1925546020005233,1.0,0.0,"[[0.7237500000000001, 1.03]]",0.0,0.3062499999999999,1.148488767532161,,,,,,,,,
shifted_only,300,300,163,900,1.0200194442293895,1.0200194442293895,0.2560532269147703,1.247102436675744,0.0,0.2611792702107457,1.0,0.0,"[[0.9075000000000001, 1.21375]]",0.0,0.30625,1.1515053766416137,,,,,,,,,
shifted_only,300,300,164,900,0.9330131476976651,0.9330131476976651,0.1821089475361243,1.2549578206471,0.0,0.1699100423645883,1.0,0.0,"[[0.7850000000000001, 1.09125]]",0.0,0.3062499999999999,1.1329671938789245,,,,,,,,,
shifted_only,300,300,165,900,0.9655848547835967,0.96558632741678,0.2457156955087664,1.3073538972959962,1.472633183285943e-06,0.23725971601496954,1.0,0.0,"[[0.8462500000000002, 1.1525]]",0.0,0.3062499999999999,1.1766029648465333,,,,,,,,,
shifted_only,300,300,166,900,1.032917852487229,1.3018057745801446,0.2904803888540213,1.3662030764778583,0.2688879220929157,0.3781490476124508,0.0,0.0,"[[0.9075000000000001, 1.21375]]",0.0,0.30625,1.1365963048665448,,,,,,,,,
shifted_only,300,300,167,900,1.1232558539409159,1.1232558539409159,0.2444423930744925,1.4739414406554512,0.0,0.2745713489722501,1.0,0.0,"[[0.9687500000000001, 1.3362500000000002]]",0.0,0.36750000000000005,1.1726269659354602,,,,,,,,,
shifted_only,300,300,168,900,1.036974632916908,3.0,0.44210960106321784,1.8045024860999905,1.963025367083092,1.3263288031896536,0.0,1.0,"[[0.9075000000000001, 1.21375]]",0.0,0.30625,1.1231168667335503,,,,,,,,,
shifted_only,300,300,169,900,0.9830988155967549,1.8805463792557138,0.3084629614028967,1.8955898747235231,0.8974475636589588,0.5800789052007124,0.0,0.0,"[[0.8462500000000002, 1.1525]]",0.0,0.3062499999999999,1.129858592098495,,,,,,,,,
shifted_only,300,300,170,900,1.225803786557756,1.225803786557756,0.2584326886004944,1.3384610220448767,0.0,0.31678776825678745,1.0,0.0,"[[1.03, 1.4587500000000002]]",0.0,0.4287500000000002,1.1242198031277657,,,,,,,,,
shifted_only,300,300,171,900,1.0632520164648334,1.0632520164648334,0.2869995750935854,1.1771181237960342,0.0,0.3051528769428051,1.0,0.0,"[[0.9075000000000001, 1.2750000000000001]]",0.0,0.36750000000000005,1.141563042269812,,,,,,,,,
shifted_only,300,300,172,900,1.132344619634963,1.3359020540625606,0.267567758528121,1.4628122597617885,0.20355743442759766,0.35744431821863204,0.0,0.0,"[[0.9687500000000001, 1.3362500000000002]]",0.0,0.36750000000000005,1.13257260124231,,,,,,,,,
shifted_only,300,300,173,900,0.9019083998615586,1.0757864428395656,0.2389891875017276,1.3904396296648516,0.17387804297800702,0.2571013278996015,0.0,0.0,"[[0.7850000000000001, 1.09125]]",0.0,0.3062499999999999,1.162506678924775,,,,,,,,,
shifted_only,300,300,174,900,1.0421503563967283,1.042151737873317,0.3054973274125639,1.1950458026026418,1.3814765886799307e-06,0.3183745706786572,1.0,0.0,"[[0.9075000000000001, 1.21375]]",0.0,0.30625,1.1644018447125295,,,,,,,,,
shifted_only,300,300,175,900,1.004843158069779,2.0092695963898333,0.3648258888065917,1.9451685615916936,1.0044264383200543,0.7330335663549827,0.0,0.0,"[[0.8462500000000002, 1.21375]]",0.0,0.36749999999999994,1.161970510073085,,,,,,,,,
shifted_only,300,300,176,900,0.9804347157026335,2.0532799888324615,0.3669814358775155,1.7399609917816719,1.0728452731298281,0.7535156385603058,0.0,0.0,"[[0.8462500000000002, 1.1525]]",0.0,0.3062499999999999,1.1347301745779796,,,,,,,,,
shifted_only,300,300,177,900,0.939045919459845,0.939045919459845,0.18091687783937732,1.217848227089893,0.0,0.16988925589648252,1.0,0.0,"[[0.7850000000000001, 1.09125]]",0.0,0.3062499999999999,1.1186513021295872,,,,,,,,,
shifted_only,300,300,178,900,1.0568196975925301,2.114675644687959,0.34316183082560475,1.7514483874267535,1.057855947095429,0.7256759658334361,0.0,0.0,"[[0.9075000000000001, 1.21375]]",0.0,0.30625,1.1085591776056183,,,,,,,,,
shifted_only,300,300,179,900,0.9431786272667746,1.7791526016263037,0.30995770748201756,1.9396259376775673,0.8359739743595291,0.5514620616607564,0.0,0.0,"[[0.7850000000000001, 1.09125]]",0.0,0.3062499999999999,1.1541703536014323,,,,,,,,,
mixed,300,100,0,900,0.9061277022656837,1.2071066310213887,0.30920389532669,1.5210721543596564,0.300978928755705,0.3732420723864909,0.0,0.0,"[[0.7237500000000001, 1.1525]]",0.0,0.42874999999999996,1.2023096039257457,,,,,,,,,
mixed,300,100,1,900,0.7944746116134903,2.115430982352792,0.3739989105660914,1.972640204358725,1.3209563707393017,0.7911688827777007,0.0,0.0,"[[0.6625000000000001, 0.9687500000000001]]",0.0,0.30625,1.1581838031484577,,,,,,,,,
mixed,300,100,2,900,0.9231074920033088,1.9121072693715617,0.3838018347923638,1.7561152038959058,0.988999777368253,0.733870278304622,0.0,0.0,"[[0.7237500000000001, 1.1525]]",0.0,0.42874999999999996,1.1674832318271349,,,,,,,,,
mixed,300,100,3,900,1.1583860591046846,2.2093185772584043,0.4050024085800206,1.6880953907808225,1.0509325181537197,0.8947793451102382,0.0,0.0,"[[0.9075000000000001, 1.4587500000000002]]",0.0,0.5512500000000001,1.1426091749348735,,,,,,,,,
mixed,300,100,4,900,1.2100642457031139,1.6358040677913004,0.3105734010341321,1.6291423067804067,0.4257398220881865,0.5080372327594121,0.0,0.0,"[[0.9687500000000001, 1.4587500000000002]]",0.0,0.4900000000000001,1.135551313174277,,,,,,,,,
mixed,300,100,5,900,0.9346744124993205,0.9346843417569357,0.21319760302754626,1.2715546534277269,9.929257615226561e-06,0.19927246124995857,1.0,0.0,"[[0.7850000000000001, 1.1525]]",0.0,0.36749999999999994,1.1566330466871444,,,,,,,,,
mixed,300,100,6,900,0.9818073514101507,2.294788114624444,0.37583305712617354,1.7964665086498324,1.3129807632142936,0.8624572325761128,0.0,0.0,"[[0.7850000000000001, 1.21375]]",0.0,0.42874999999999996,1.1211201637336075,,,,,,,,,
mixed,300,100,7,900,1.0945674827460479,2.690906060044127,0.3899428197465777,2.6311182586925033,1.5963385772980792,1.0492994967267606,0.0,0.0,"[[0.9075000000000001, 1.3362500000000002]]",0.0,0.4287500000000001,1.1597672613616434,,,,,,,,,
mixed,300,100,8,900,0.9049508350799995,0.9049900996833216,0.26322927342957975,1.235598335525098,3.926460332204229e-05,0.23821988640060368,1.0,0.0,"[[0.7237500000000001, 1.09125]]",0.0,0.36749999999999994,1.1844534201532042,,,,,,,,,
mixed,300,100,9,900,1.1428878695288658,2.7333428189114097,0.3866416273634412,2.4359815444467436,1.590454949382544,1.0568241156460831,0.0,0.0,"[[0.9075000000000001, 1.3975000000000002]]",0.0,0.4900000000000001,1.1393584391290617,,,,,,,,,
mixed,300,100,10,900,0.9317406068431602,1.9348630136938276,0.36506197689001857,1.7451269590921803,1.0031224068506674,0.7063449167904478,0.0,0.0,"[[0.7850000000000001, 1.1525]]",0.0,0.36749999999999994,1.1488090816842087,,,,,,,,,
mixed,300,100,11,900,0.8751444296240075,0.8751444296240075,0.25247832419653915,1.0668598027424459,0.0,0.2209549990214055,1.0,0.0,"[[0.7237500000000001, 1.09125]]",0.0,0.36749999999999994,1.1345467386655401,,,,,,,,,
mixed,300,100,12,900,1.1433360985898018,1.8289044579236722,0.3154798250195671,1.544152929612028,0.6855683593338704,0.5769824583632663,0.0,0.0,"[[0.9687500000000001, 1.3975000000000002]]",0.0,0.4287500000000001,1.0957365133286174,,,,,,,,,
mixed,300,100,13,900,0.9862902104889478,0.9862902104889478,0.195281515528613,1.3496786526048468,0.0,0.19260424705531645,1.0,0.0,"[[0.7850000000000001, 1.21375]]",0.0,0.42874999999999996,1.1511288884626518,,,,,,,,,
mixed,300,100,14,900,1.125589367458497,2.970776222004482,0.3995615348622658,2.976037025355468,1.8451868545459853,1.1870079069964343,0.0,0.0,"[[0.9075000000000001, 1.3975000000000002]]",0.0,0.4900000000000001,1.1606707367555622,,,,,,,,,
mixed,300,100,15,900,1.0491244271759275,1.049124932115845,0.27339115461639724,1.239603489705038,5.049399174339442e-07,0.2868214765280002,1.0,0.0,"[[0.8462500000000002, 1.2750000000000001]]",0.0,0.42874999999999996,1.1551425108349107,,,,,,,,,
mixed,300,100,16,900,1.147785326363815,2.6750857698863584,0.4111718476741788,2.2764314584985104,1.5273004435225435,1.099919958691077,0.0,0.0,"[[0.9687500000000001, 1.3975000000000002]]",0.0,0.4287500000000001,1.1541623538304873,,,,,,,,,
mixed,300,100,17,900,0.9591592776921716,0.9591592776921716,0.23856910095915698,1.1869091846531672,0.0,0.22882576655565576,1.0,0.0,"[[0.7850000000000001, 1.1525]]",0.0,0.36749999999999994,1.1401665261214444,,,,,,,,,
mixed,300,100,18,900,0.9378952295112535,1.7444879438451673,0.33552083947462485,2.0288809725413737,0.8065927143339138,0.5853120593722927,0.0,0.0,"[[0.7850000000000001, 1.1525]]",0.0,0.36749999999999994,1.1912517635804294,,,,,,,,,
mixed,300,100,19,900,0.8173394744715596,0.8173394744715596,0.22881530335901756,1.2362841786109977,0.0,0.18701977979850992,1.0,0.0,"[[0.6625000000000001, 1.03]]",0.0,0.36749999999999994,1.19274666438645,,,,,,,,,
mixed,300,100,20,900,0.9455727461129083,1.5219216035846057,0.32229305641900513,1.6367929965282935,0.5763488574716974,0.49050476524939607,0.0,0.0,"[[0.7850000000000001, 1.1525]]",0.0,0.36749999999999994,1.1662880899605568,,,,,,,,,
mixed,300,100,21,900,0.9584324189512604,2.4248460946752224,0.39991002866112274,2.163332845170722,1.4664136757239619,0.9697202712203797,0.0,0.0,"[[0.7850000000000001, 1.1525]]",0.0,0.36749999999999994,1.160913037716497,,,,,,,,,
mixed,300,100,22,900,0.9912057430086667,1.972552760167989,0.3407070004551905,2.0541680957747652,0.9813470171593224,0.6720625341564422,0.0,0.0,"[[0.7850000000000001, 1.21375]]",0.0,0.42874999999999996,1.1604921946264302,,,,,,,,,
mixed,300,100,23,900,0.887521987875586,1.635896209553477,0.34938716312052787,1.4811692680323076,0.748374221677891,0.5715611358155139,0.0,0.0,"[[0.7237500000000001, 1.09125]]",0.0,0.36749999999999994,1.1419531407190018,,,,,,,,,
mixed,300,100,24,900,1.135272294045847,1.135272294045847,0.32579262285651,1.1979029562484471,0.0,0.3698633383335236,1.0,0.0,"[[0.9075000000000001, 1.3975000000000002]]",0.0,0.4900000000000001,1.155403283929347,,,,,,,,,
mixed,300,100,25,900,1.0200212024438615,2.255866632114232,0.38237617397664025,1.7587955186428883,1.2358454296703707,0.8625896517894092,0.0,0.0,"[[0.8462500000000002, 1.2750000000000001]]",0.0,0.42874999999999996,1.1268125298448608,,,,,,,,,
mixed,300,100,26,900,1.0665996171512908,1.9834050382918438,0.3479931601800851,2.005791364860955,0.916805421140553,0.6902113871922814,0.0,0.0,"[[0.8462500000000002, 1.2750000000000001]]",0.0,0.42874999999999996,1.1592038234041406,,,,,,,,,
mixed,300,100,27,900,0.9882146392433505,2.2789667212803186,0.4102207812629423,1.8358712758171034,1.2907520820369682,0.9348795088758584,0.0,0.0,"[[0.7850000000000001, 1.21375]]",0.0,0.42874999999999996,1.1547186531116442,,,,,,,,,
mixed,300,100,28,900,1.1948627977385655,1.1948627977385655,0.2792246027391986,1.3086928018677364,0.0,0.33363509002639835,1.0,0.0,"[[0.9687500000000001, 1.4587500000000002]]",0.0,0.4900000000000001,1.1393155671576214,,,,,,,,,
mixed,300,100,29,900,1.0303623983449557,2.115710267831137,0.38667592246024013,1.6712177150315715,1.0853478694861811,0.8180942194722065,0.0,0.0,"[[0.8462500000000002, 1.2750000000000001]]",0.0,0.42874999999999996,1.1356874505903827,,,,,,,,,
mixed,300,100,30,900,1.015285550541971,1.5199835540912048,0.3243042048135944,1.4854197119023187,0.5046980035492339,0.4929370578392892,0.0,0.0,"[[0.8462500000000002, 1.2750000000000001]]",0.0,0.42874999999999996,1.1425966226016473,,,,,,,,,
mixed,300,100,31,900,0.8344537993910564,1.963067837654157,0.33030425645322087,2.0058764092760133,1.1286140382631007,0.6484096624835884,0.0,0.0,"[[0.6625000000000001, 1.03]]",0.0,0.36749999999999994,1.1481097607346173,,,,,,,,,
mixed,300,100,32,900,0.9632074433935002,1.5106081533563729,0.3663125265719351,1.3916622010130162,0.5474007099628727,0.5533546893161382,0.0,0.0,"[[0.7850000000000001, 1.21375]]",0.0,0.42874999999999996,1.1582324146604097,,,,,,,,,
mixed,300,100,33,900,1.1732444599120042,1.1732444998650116,0.2709624815429825,1.374954552857112,3.995300734693785e-08,0.31790524114007895,1.0,0.0,"[[0.9687500000000001, 1.4587500000000002]]",0.0,0.4900000000000001,1.1538085971891783,,,,,,,,,
mixed,300,100,34,900,0.9352420685330219,0.9352420685330219,0.21176438196392364,1.187345247700487,0.0,0.1980509586295569,1.0,0.0,"[[0.7850000000000001, 1.1525]]",0.0,0.36749999999999994,1.130507797757407,,,,,,,,,
mixed,300,100,35,900,0.949280035533209,0.949280035533209,0.24288094903107665,1.1562512370036135,0.0,0.23056203592656,1.0,0.0,"[[0.7850000000000001, 1.1525]]",0.0,0.36749999999999994,1.1364367196468146,,,,,,,,,
mixed,300,100,36,900,1.0321707459099154,2.1984320473079224,0.3741116875142293,2.1653855765003263,1.166261301398007,0.8224591231037288,0.0,0.0,"[[0.8462500000000002, 1.2750000000000001]]",0.0,0.42874999999999996,1.1668526011549254,,,,,,,,,
mixed,300,100,37,900,1.0684214269431187,1.3928980437850218,0.33853324583842503,1.426697959942979,0.3244766168419031,0.4715422958845361,0.0,0.0,"[[0.8462500000000002, 1.3362500000000002]]",0.0,0.49,1.1646959006316007,,,,,,,,,
mixed,300,100,38,900,0.9386887844054924,1.9122592644068777,0.39857340257976714,1.896116393554115,0.9735704800013852,0.7621756816293318,0.0,0.0,"[[0.7237500000000001, 1.1525]]",0.0,0.42874999999999996,1.1946932748687373,,,,,,,,,
mixed,300,100,39,900,1.2220992582614625,1.4850036185398894,0.3306890359668121,1.5263561863190693,0.2629043602784269,0.4910744150221836,0.0,0.0,"[[1.03, 1.5200000000000002]]",0.0,0.4900000000000002,1.1605409358793861,,,,,,,,,
mixed,300,100,40,900,1.1024610334813716,1.1024610334813716,0.23535974659180212,1.60064098466415,0.0,0.2594749494675119,1.0,0.0,"[[0.9075000000000001, 1.3362500000000002]]",0.0,0.4287500000000001,1.201639613781296,,,,,,,,,
mixed,300,100,41,900,1.1100989079298764,1.1100989079298764,0.21145031867051614,1.3952486036773841,0.0,0.23473076783756433,1.0,0.0,"[[0.9075000000000001, 1.3362500000000002]]",0.0,0.4287500000000001,1.1344412370842536,,,,,,,,,
mixed,300,100,42,900,0.8670212482667253,1.7723236641292226,0.3498981459971869,1.583416444966752,0.9053024158624973,0.6201327641857559,0.0,0.0,"[[0.7237500000000001, 1.09125]]",0.0,0.36749999999999994,1.1378503271530125,,,,,,,,,
mixed,300,100,43,900,1.136215727971346,1.136216720335684,0.305807132379948,1.3081541635310563,9.923643380371772e-07,0.3474631770080049,1.0,0.0,"[[0.9075000000000001, 1.3975000000000002]]",0.0,0.4900000000000001,1.170047403009784,,,,,,,,,
mixed,300,100,44,900,0.9146666910397646,1.1256119556142696,0.3603089631928049,1.1380046989654267,0.21094526457450502,0.40556807668480305,0.0,0.0,"[[0.7237500000000001, 1.1525]]",0.0,0.42874999999999996,1.1647602221701345,,,,,,,,,
mixed,300,100,45,900,1.0567398237263892,1.056771034054433,0.260901501400188,1.2648018462831876,3.121032804376256e-05,0.27571314942103076,1.0,0.0,"[[0.8462500000000002, 1.2750000000000001]]",0.0,0.42874999999999996,1.1496333683927515,,,,,,,,,
mixed,300,100,46,900,0.8790578109368492,0.8790610905494441,0.1751848873726321,1.167399473079077,3.2796125949419164e-06,0.15399821814156753,1.0,0.0,"[[0.7237500000000001, 1.09125]]",0.0,0.36749999999999994,1.119302726056442,,,,,,,,,
mixed,300,100,47,900,1.0279159257756136,1.027916350200706,0.28094547096649825,1.1931342959151408,4.2442509240459003e-07,0.2887884431213013,1.0,0.0,"[[0.8462500000000002, 1.2750000000000001]]",0.0,0.42874999999999996,1.150546893188704,,,,,,,,,
mixed,300,100,48,900,0.856602253384899,1.8095527742356348,0.3463492798428135,1.8191201582803775,0.9529505208507357,0.6267373001940774,0.0,0.0,"[[0.7237500000000001, 1.03]]",0.0,0.3062499999999999,1.16165346507775,,,,,,,,,
mixed,300,100,49,900,1.0083226726503078,1.4178020498636752,0.3204172660791656,1.5865436744873147,0.40947937721336736,0.4542882566587556,0.0,0.0,"[[0.8462500000000002, 1.21375]]",0.0,0.36749999999999994,1.176563372493409,,,,,,,,,
mixed,300,100,50,900,0.8006139619064738,2.1016569302781116,0.4648383488199657,1.6152681370627053,1.3010429683716378,0.9769307372565152,0.0,0.0,"[[0.6625000000000001, 0.9687500000000001]]",0.0,0.30625,1.1899261596915673,,,,,,,,,
mixed,300,100,51,900,1.2067817730886874,1.2067817730886874,0.3456649272121665,1.1612652752810368,0.0,0.4171421337556704,1.0,0.0,"[[0.9687500000000001, 1.4587500000000002]]",0.0,0.4900000000000001,1.1478893917767565,,,,,,,,,
mixed,300,100,52,900,0.9571728787407691,1.1087673453927496,0.3032729744541015,1.3591088487924796,0.1515944666519805,0.3362591708148373,0.0,0.0,"[[0.7850000000000001, 1.1525]]",0.0,0.36749999999999994,1.1865192040761905,,,,,,,,,
mixed,300,100,53,900,1.080695863511827,1.080698252687673,0.31090501813251775,1.2486018539829347,2.3891758460514723e-06,0.33599450984764123,1.0,0.0,"[[0.8462500000000002, 1.3362500000000002]]",0.0,0.49,1.1716954027927422,,,,,,,,,
mixed,300,100,54,900,1.0514069735036784,1.0514312292417287,0.26498882281506253,1.1627711373421576,2.425573805031611e-05,0.27861752370775983,1.0,0.0,"[[0.8462500000000002, 1.2750000000000001]]",0.0,0.42874999999999996,1.126205587534396,,,,,,,,,
mixed,300,100,55,900,1.1128779781137539,1.1128779781137539,0.34690018396818356,1.2543801838870612,0.0,0.3860575753418014,1.0,0.0,"[[0.9075000000000001, 1.3975000000000002]]",0.0,0.4900000000000001,1.1873810595092733,,,,,,,,,
mixed,300,100,56,900,1.263277810467942,1.2976275414240526,0.36023590874402317,1.3960052913954686,0.03434973095611049,0.46745203659616613,0.0,0.0,"[[1.03, 1.5812500000000003]]",0.0,0.5512500000000002,1.190360996824418,,,,,,,,,
mixed,300,100,57,900,0.9548832024131789,3.0,0.4524958715253447,2.764024285968261,2.045116797586821,1.3574876145760342,0.0,1.0,"[[0.7850000000000001, 1.21375]]",0.0,0.42874999999999996,1.1891018268690687,,,,,,,,,
mixed,300,100,58,900,1.0397448494403003,1.4099684611890544,0.357079204568464,1.4206753055622374,0.37022361174875407,0.5034704165880087,0.0,0.0,"[[0.8462500000000002, 1.2750000000000001]]",0.0,0.42874999999999996,1.1731921417080997,,,,,,,,,
mixed,300,100,59,900,0.8192712633337568,1.5306809880671437,0.3147992671133359,1.6298155476423437,0.7114097247333869,0.48185725322785367,0.0,0.0,"[[0.6625000000000001, 1.03]]",0.0,0.36749999999999994,1.158039330842033,,,,,,,,,
mixed,300,100,60,900,0.9316673024982531,1.4220396476078787,0.24305534289377487,1.850246780967421,0.4903723451096256,0.34563433415787576,0.0,0.0,"[[0.7850000000000001, 1.1525]]",0.0,0.36749999999999994,1.1659537982992723,,,,,,,,,
mixed,300,100,61,900,1.0951495731692438,1.0951495731692438,0.30161281722497857,1.2996400892712476,0.0,0.3303111480463084,1.0,0.0,"[[0.9075000000000001, 1.3362500000000002]]",0.0,0.4287500000000001,1.1745519654355379,,,,,,,,,
mixed,300,100,62,900,0.9614425711840818,3.0,0.3866270539919225,2.744348834718926,2.0385574288159183,1.1598811619757674,0.0,1.0,"[[0.7850000000000001, 1.1525]]",0.0,0.36749999999999994,1.1336398695926841,,,,,,,,,
mixed,300,100,63,900,1.2037795954566113,2.729264497836129,0.35380300822013,2.676571301534748,1.5254849023795176,0.9656219895628249,0.0,0.0,"[[0.9687500000000001, 1.4587500000000002]]",0.0,0.4900000000000001,1.1275999030878459,,,,,,,,,
mixed,300,100,64,900,1.059188793384403,1.2143962835991584,0.3281000967748792,1.3459002423031579,0.15520749021475533,0.39844353817193756,0.0,0.0,"[[0.8462500000000002, 1.3362500000000002]]",0.0,0.49,1.1757477805122474,,,,,,,,,
mixed,300,100,65,900,0.9481748976118688,1.432122233100159,0.41579112087407544,1.1773655012994046,0.4839473354882903,0.5954637085293991,0.0,0.0,"[[0.7850000000000001, 1.1525]]",0.0,0.36749999999999994,1.1637273358864897,,,,,,,,,
mixed,300,100,66,900,1.0051141134495987,1.814287693472686,0.3491458659246864,1.8066096840428711,0.8091735800230873,0.633451047774023,0.0,0.0,"[[0.8462500000000002, 1.21375]]",0.0,0.36749999999999994,1.16143375412847,,,,,,,,,
mixed,300,100,67,900,0.7969970415310755,0.7969970415310755,0.19494878611252117,1.2887132334683542,0.0,0.1553736057817538,1.0,0.0,"[[0.6625000000000001, 0.9687500000000001]]",0.0,0.30625,1.1986049136871773,,,,,,,,,
mixed,300,100,68,900,1.0592408860690306,1.6555849608124218,0.32488264960745344,1.7589914177359356,0.5963440747433912,0.5378708287189916,0.0,0.0,"[[0.8462500000000002, 1.2750000000000001]]",0.0,0.42874999999999996,1.1626949743239108,,,,,,,,,
mixed,300,100,69,900,1.2593190868019113,1.2593190868019113,0.3429175826992298,1.3051905024939854,0.0,0.4318426570931129,1.0,0.0,"[[1.03, 1.5200000000000002]]",0.0,0.4900000000000002,1.1678513774945285,,,,,,,,,
mixed,300,100,70,900,0.992844630208663,1.5714374732950607,0.31274972287555886,1.7054041906158564,0.5785928430863977,0.49146663428929865,0.0,0.0,"[[0.7850000000000001, 1.21375]]",0.0,0.42874999999999996,1.1609601370515843,,,,,,,,,
mixed,300,100,71,900,1.1512188499952307,1.4866522595577678,0.33709952436367246,1.4312563666330567,0.3354334095625371,0.5011497695911025,0.0,0.0,"[[0.9687500000000001, 1.3975000000000002]]",0.0,0.4287500000000001,1.148169846948672,,,,,,,,,
mixed,300,100,72,900,0.8271903080771159,0.8271903080771159,0.13081244196530636,1.2206559350862152,0.0,0.10820678416960161,1.0,0.0,"[[0.6625000000000001, 1.03]]",0.0,0.36749999999999994,1.128854160826087,,,,,,,,,
mixed,300,100,73,900,1.3252753217861588,1.870027158672059,0.3674579918973167,1.742583571276553,0.5447518368859001,0.6871564245190797,0.0,0.0,"[[1.09125, 1.6425000000000003]]",0.0,0.5512500000000002,1.15909796928691,,,,,,,,,
mixed,300,100,74,900,0.81627426318797,1.304017321064931,0.29662170350642886,1.2551708610474681,0.48774305787696104,0.3867998391761696,0.0,0.0,"[[0.6625000000000001, 1.03]]",0.0,0.36749999999999994,1.1163775260755533,,,,,,,,,
mixed,300,100,75,900,1.0051508448636877,3.0,0.4110390512720195,2.4896250739274732,1.9948491551363123,1.2331171538160586,0.0,1.0,"[[0.8462500000000002, 1.21375]]",0.0,0.36749999999999994,1.1397910614662143,,,,,,,,,
mixed,300,100,76,900,1.0130863075601644,1.0130863075601644,0.2260587822073845,1.340633389450332,0.0,0.22901705695802657,1.0,0.0,"[[0.8462500000000002, 1.21375]]",0.0,0.36749999999999994,1.1600868723396494,,,,,,,,,
mixed,300,100,77,900,1.1373630967545123,1.6192122257506978,0.3081264215629262,1.8192448536027834,0.4818491289961855,0.49892206887150353,0.0,0.0,"[[0.9075000000000001, 1.3975000000000002]]",0.0,0.4900000000000001,1.1657039935473938,,,,,,,,,
mixed,300,100,78,900,0.8750504695056069,1.5837807622854698,0.40310967450700813,1.340846679531733,0.7087302927798629,0.638437347575357,0.0,0.0,"[[0.7237500000000001, 1.09125]]",0.0,0.36749999999999994,1.165229453109919,,,,,,,,,
mixed,300,100,79,900,1.0414773458859667,3.0,0.38873885067073305,2.5486224703756544,1.9585226541140333,1.1662165520121992,0.0,1.0,"[[0.8462500000000002, 1.2750000000000001]]",0.0,0.42874999999999996,1.123893123714979,,,,,,,,,
mixed,300,100,80,900,0.8116479645781276,0.8116479645781276,0.12975712093061537,1.2338650147708141,0.0,0.10531710309285192,1.0,0.0,"[[0.6625000000000001, 0.9687500000000001]]",0.0,0.30625,1.1391118427507074,,,,,,,,,
mixed,300,100,81,900,0.8401684797571913,1.6248764063314298,0.3402760976062369,1.5954655596023957,0.7847079265742385,0.552906602638905,0.0,0.0,"[[0.6625000000000001, 1.03]]",0.0,0.36749999999999994,1.1548417282820507,,,,,,,,,
mixed,300,100,82,900,1.0350641701591312,1.035068789502314,0.33126539232711255,1.0046096147744938,4.619343182854507e-06,0.3428824686400335,1.0,0.0,"[[0.8462500000000002, 1.2750000000000001]]",0.0,0.42874999999999996,1.1276600466111466,,,,,,,,,
mixed,300,100,83,900,0.8666497420263123,2.383254046528103,0.3768099003641888,2.4928907580472237,1.516604304501791,0.8980337198148044,0.0,0.0,"[[0.7237500000000001, 1.09125]]",0.0,0.36749999999999994,1.1741800299998044,,,,,,,,,
mixed,300,100,84,900,1.061647169922947,1.3123277539519316,0.31342965177629134,1.41377815227852,0.2506805840289845,0.41132243093751647,0.0,0.0,"[[0.8462500000000002, 1.2750000000000001]]",0.0,0.42874999999999996,1.1603812023038447,,,,,,,,,
mixed,300,100,85,900,1.1202301380542847,2.286234286329514,0.45095392987196165,1.5790259296497908,1.1660041482752295,1.030986336028314,0.0,0.0,"[[0.9075000000000001, 1.3975000000000002]]",0.0,0.4900000000000001,1.1604896490006937,,,,,,,,,
mixed,300,100,86,900,1.079241267910969,1.268192661280001,0.2870083765583963,1.3572860435029477,0.18895139336903188,0.36398191687724524,0.0,0.0,"[[0.9075000000000001, 1.3362500000000002]]",0.0,0.4287500000000001,1.1393665762339118,,,,,,,,,
mixed,300,100,87,900,1.1263189940345666,1.3376346283520846,0.3532572067882533,1.1297439330952772,0.211315634317518,0.47252907251490067,0.0,0.0,"[[0.9075000000000001, 1.3975000000000002]]",0.0,0.4900000000000001,1.1237837999190645,,,,,,,,,
mixed,300,100,88,900,1.00629338870594,2.106439551072735,0.39072978450985374,1.8223258635437363,1.100146162366795,0.8230486718736828,0.0,0.0,"[[0.7850000000000001, 1.2750000000000001]]",0.0,0.49,1.156533688001433,,,,,,,,,
mixed,300,100,89,900,1.0452613473501797,1.5709269795809897,0.32430647179969085,1.6161615250208148,0.52566563223081,0.5094617862028558,0.0,0.0,"[[0.8462500000000002, 1.2750000000000001]]",0.0,0.42874999999999996,1.1554635834808924,,,,,,,,,
mixed,300,100,90,900,0.9026389829979543,0.9445265153489584,0.2453399449369885,1.1438175557126482,0.041887532351004064,0.23173008326723907,0.0,0.0,"[[0.7237500000000001, 1.09125]]",0.0,0.36749999999999994,1.1355651585090218,,,,,,,,,
mixed,300,100,91,900,1.0912393151570703,1.191660380178682,0.3617416832779731,1.2309429587434562,0.10042106502161174,0.43107323182150586,0.0,0.0,"[[0.9075000000000001, 1.3362500000000002]]",0.0,0.4287500000000001,1.1757867540490918,,,,,,,,,
mixed,300,100,92,900,0.8169905428679688,3.0,0.3859389851735226,2.3657780567424953,2.183009457132031,1.1578169555205677,0.0,1.0,"[[0.6625000000000001, 1.03]]",0.0,0.36749999999999994,1.110082252276773,,,,,,,,,
mixed,300,100,93,900,1.0786458107350885,1.9002854130885256,0.3872914914577425,1.6761282607568835,0.8216396023534371,0.7359643718304474,0.0,0.0,"[[0.8462500000000002, 1.3362500000000002]]",0.0,0.49,1.1617814592390214,,,,,,,,,
mixed,300,100,94,900,0.8137724912952168,0.8137724912952168,0.21915390165847803,1.1901127884448282,0.0,0.1783414165296866,1.0,0.0,"[[0.6625000000000001, 1.03]]",0.0,0.36749999999999994,1.1741802346773487,,,,,,,,,
mixed,300,100,95,900,1.0103889401507322,2.357357840005678,0.33001383667643847,2.2310303907205182,1.3469688998549456,0.7779607051995555,0.0,0.0,"[[0.8462500000000002, 1.21375]]",0.0,0.36749999999999994,1.115510379964502,,,,,,,,,
mixed,300,100,96,900,1.1263368799322615,1.2795786057928944,0.2951898874588137,1.4986790513863704,0.1532417258606329,0.37771866463871023,0.0,0.0,"[[0.9075000000000001, 1.3975000000000002]]",0.0,0.4900000000000001,1.172140282908932,,,,,,,,,
mixed,300,100,97,900,1.182320609141092,1.300388705967019,0.2833364345466084,1.3320922363543817,0.1180680968259269,0.3684474994733731,0.0,0.0,"[[0.9687500000000001, 1.4587500000000002]]",0.0,0.4900000000000001,1.1243262877372837,,,,,,,,,
mixed,300,100,98,900,1.0616011254860527,1.8619183478950199,0.2992626242707619,1.9255661996093267,0.8003172224089672,0.5572025709689451,0.0,0.0,"[[0.9075000000000001, 1.2750000000000001]]",0.0,0.36750000000000005,1.129105311705734,,,,,,,,,
mixed,300,100,99,900,1.0121264271787185,2.838495728992327,0.4083989872513031,2.735645840538346,1.8263693018136085,1.1592387810376157,0.0,0.0,"[[0.8462500000000002, 1.2750000000000001]]",0.0,0.42874999999999996,1.1667676151862767,,,,,,,,,
mixed,300,100,100,900,0.8932306112042291,0.9331155218700534,0.30329392719175474,1.2262074320499803,0.039884910665824336,0.2830082711515522,0.0,0.0,"[[0.7237500000000001, 1.1525]]",0.0,0.42874999999999996,1.195813944000011,,,,,,,,,
mixed,300,100,101,900,0.9999757509210542,1.800303690434188,0.39718654579966217,1.709117290629733,0.8003279395131339,0.7150564041939395,0.0,0.0,"[[0.7850000000000001, 1.21375]]",0.0,0.42874999999999996,1.1861356691180243,,,,,,,,,
mixed,300,100,102,900,1.1805541410871079,1.3426307052801996,0.33476257180107283,1.5956152418237777,0.1620765641930917,0.44946250787868786,0.0,0.0,"[[0.9687500000000001, 1.4587500000000002]]",0.0,0.4900000000000001,1.2028937489798823,,,,,,,,,
mixed,300,100,103,900,1.0627014448510683,1.0627154109947703,0.26057595651681736,1.1914400900409599,1.3966143701971134e-05,0.27691808472512497,1.0,0.0,"[[0.8462500000000002, 1.2750000000000001]]",0.0,0.42874999999999996,1.1282518549150404,,,,,,,,,
mixed,300,100,104,900,1.017158406343601,1.5936660974217607,0.3330856057309707,1.6339695548170912,0.5765076910781597,0.5308272373926393,0.0,0.0,"[[0.8462500000000002, 1.2750000000000001]]",0.0,0.42874999999999996,1.160774715870982,,,,,,,,,
mixed,300,100,105,900,1.130666724017465,2.015660728963696,0.36497368136550046,1.9435323733152323,0.884994004946231,0.7356631166337484,0.0,0.0,"[[0.9075000000000001, 1.3975000000000002]]",0.0,0.4900000000000001,1.161025165805483,,,,,,,,,
mixed,300,100,106,900,0.9815242200398391,1.3704498510612217,0.3481557905901467,1.2991744552029667,0.38892563102138267,0.4771300513603684,0.0,0.0,"[[0.7850000000000001, 1.21375]]",0.0,0.42874999999999996,1.1505487080606114,,,,,,,,,
mixed,300,100,107,900,1.1516787580432912,1.1697855866972255,0.3739714036949015,1.168268291006582,0.018106828653934315,0.43746635787922533,0.0,0.0,"[[0.9075000000000001, 1.3975000000000002]]",0.0,0.4900000000000001,1.1727366686131693,,,,,,,,,
mixed,300,100,108,900,1.038787907172768,2.4435114194593153,0.38982179756368707,2.5369846610915636,1.4047235122865473,0.9525340139010269,0.0,0.0,"[[0.8462500000000002, 1.2750000000000001]]",0.0,0.42874999999999996,1.1805884021562767,,,,,,,,,
mixed,300,100,109,900,0.8389299047056683,1.0791512973655248,0.2323547031462817,1.3770145773358202,0.24022139265985654,0.2507458793492913,0.0,0.0,"[[0.6625000000000001, 1.03]]",0.0,0.36749999999999994,1.1538603952446824,,,,,,,,,
mixed,300,100,110,900,0.9220957892305699,2.469319011390297,0.37544039172574706,2.3703603185475903,1.5472232221597273,0.9270820969322077,0.0,0.0,"[[0.7237500000000001, 1.1525]]",0.0,0.42874999999999996,1.1529790990023854,,,,,,,,,
mixed,300,100,111,900,1.0796813020141696,1.9345452620899888,0.3656203127217589,1.87099933207373,0.8548639600758192,0.7073090436997387,0.0,0.0,"[[0.9075000000000001, 1.3362500000000002]]",0.0,0.4287500000000001,1.1644045106244747,,,,,,,,,
mixed,300,100,112,900,0.9551958062765796,2.8003175377506357,0.3738211560643723,2.6298170904543565,1.8451217314740562,1.0468179393092791,0.0,0.0,"[[0.7850000000000001, 1.1525]]",0.0,0.36749999999999994,1.134624663298712,,,,,,,,,
mixed,300,100,113,900,0.9149864915834798,1.4122462767057757,0.32018770928579476,1.3628612652486998,0.49725978512229596,0.452183900285815,0.0,0.0,"[[0.7237500000000001, 1.1525]]",0.0,0.42874999999999996,1.1360127921294878,,,,,,,,,
mixed,300,100,114,900,0.9460973000829135,1.9438102954874301,0.3302033978576724,2.094283978756129,0.9977129954045166,0.6418527643606756,0.0,0.0,"[[0.7850000000000001, 1.1525]]",0.0,0.36749999999999994,1.161189301475657,,,,,,,,,
mixed,300,100,115,900,1.1477850678241541,1.6421634907845093,0.36180000130296935,1.646257192126238,0.49437842296035517,0.5941347531055242,0.0,0.0,"[[0.9687500000000001, 1.3975000000000002]]",0.0,0.4287500000000001,1.175388851632868,,,,,,,,,
mixed,300,100,116,900,1.132373819442398,1.3102751448479704,0.28944530919153605,1.3041876243883541,0.17790132540557235,0.37925299442650545,0.0,0.0,"[[0.9075000000000001, 1.3975000000000002]]",0.0,0.4900000000000001,1.1206854217193205,,,,,,,,,
mixed,300,100,117,900,1.1016579473370978,2.664718780346446,0.42462115248384563,2.2348971427193405,1.563060833009348,1.1314959595560554,0.0,0.0,"[[0.9075000000000001, 1.3362500000000002]]",0.0,0.4287500000000001,1.1630091477381346,,,,,,,,,
mixed,300,100,118,900,1.0822292636142288,1.731410840159568,0.3304509346753731,1.422709999221121,0.6491815765453393,0.5721463304378023,0.0,0.0,"[[0.9075000000000001, 1.3362500000000002]]",0.0,0.4287500000000001,1.1037646767966713,,,,,,,,,
mixed,300,100,119,900,0.9407032741009475,1.2349352229559107,0.2838700598139147,1.5209963235253277,0.2942319488549633,0.3505611356068045,0.0,0.0,"[[0.7850000000000001, 1.1525]]",0.0,0.36749999999999994,1.1795859768361634,,,,,,,,,
mixed,300,100,120,900,0.9635968988464882,1.6116103240743669,0.3250269208768202,1.6309024573359188,0.6480134252278786,0.5238167412871858,0.0,0.0,"[[0.7850000000000001, 1.21375]]",0.0,0.42874999999999996,1.1511771764756633,,,,,,,,,
mixed,300,100,121,900,1.189146835273167,2.1824784447408194,0.35580323524556057,2.023984021297601,0.9933316094676525,0.776532891492483,0.0,0.0,"[[0.9687500000000001, 1.4587500000000002]]",0.0,0.4900000000000001,1.1402347391070913,,,,,,,,,
mixed,300,100,122,900,0.9356735313125939,2.7029745755239993,0.39159718456924375,3.0,1.7673010442114054,1.0584772337374448,0.0,1.0,"[[0.7850000000000001, 1.1525]]",0.0,0.36749999999999994,1.1858663680033907,,,,,,,,,
mixed,300,100,123,900,0.789784259863007,0.789784259863007,0.264296801580444,1.0004798375862598,0.0,0.20873745382037098,1.0,0.0,"[[0.6625000000000001, 0.9687500000000001]]",0.0,0.30625,1.1414009667947658,,,,,,,,,
mixed,300,100,124,900,0.8529119096303168,2.6804410702110983,0.3798724380015967,2.1772533044317597,1.8275291605807815,1.018225684260699,0.0,0.0,"[[0.7237500000000001, 1.03]]",0.0,0.3062499999999999,1.1197643165737285,,,,,,,,,
mixed,300,100,125,900,1.1842570115683908,1.1842570115683908,0.3463294002014759,1.250789303658136,0.0,0.4101430205008731,1.0,0.0,"[[0.9687500000000001, 1.4587500000000002]]",0.0,0.4900000000000001,1.171874598040448,,,,,,,,,
mixed,300,100,126,900,0.7953458662190309,1.2079821241693123,0.23694001826839742,1.608966778467048,0.41263625795028136,0.28621930656857436,0.0,0.0,"[[0.6625000000000001, 0.9687500000000001]]",0.0,0.30625,1.1736135520509856,,,,,,,,,
mixed,300,100,127,900,1.1035936835601896,1.898789613181155,0.3595002264614974,2.1563200566953604,0.7951959296209654,0.6826152959413643,0.0,0.0,"[[0.9075000000000001, 1.3975000000000002]]",0.0,0.4900000000000001,1.1976498414305217,,,,,,,,,
mixed,300,100,128,900,0.8999061961635871,2.350193820260714,0.3804561457978096,2.097276986438394,1.4502876240971267,0.8941456827342213,0.0,0.0,"[[0.7237500000000001, 1.09125]]",0.0,0.36749999999999994,1.1475373927585786,,,,,,,,,
mixed,300,100,129,900,0.9113696708840572,0.9113696708840572,0.2017367787650825,1.1692995594321758,0.0,0.1838567816683431,1.0,0.0,"[[0.7237500000000001, 1.09125]]",0.0,0.36749999999999994,1.1259381877139947,,,,,,,,,
mixed,300,100,130,900,1.1246522037023414,1.1246522037023414,0.3191319607031781,1.326359816103081,0.0,0.3589124628766783,1.0,0.0,"[[0.9075000000000001, 1.3975000000000002]]",0.0,0.4900000000000001,1.1848572073183024,,,,,,,,,
mixed,300,100,131,900,0.9736051461221198,2.7785856199359293,0.38064994961406967,2.433114755971123,1.8049804738138095,1.0576684762269901,0.0,0.0,"[[0.7850000000000001, 1.21375]]",0.0,0.42874999999999996,1.1295638589805124,,,,,,,,,
mixed,300,100,132,900,1.0347666567960776,1.6288185990081787,0.3520414880622468,1.339977924733525,0.5940519422121011,0.5734117233783033,0.0,0.0,"[[0.8462500000000002, 1.2750000000000001]]",0.0,0.42874999999999996,1.1217516632887634,,,,,,,,,
mixed,300,100,133,900,0.9181934062799644,1.5365615856172246,0.3547591712744782,1.6808131732122296,0.6183681793372602,0.5451093147257647,0.0,0.0,"[[0.7237500000000001, 1.1525]]",0.0,0.42874999999999996,1.1933258995704834,,,,,,,,,
mixed,300,100,134,900,1.003664257859697,1.003664257859697,0.22562614225905464,1.4059041746770031,0.0,0.2264528946241805,1.0,0.0,"[[0.8462500000000002, 1.21375]]",0.0,0.36749999999999994,1.1795242006027016,,,,,,,,,
mixed,300,100,135,900,0.9158996947303417,0.9158996947303417,0.2160334666816971,1.4109466654331746,0.0,0.19786498618530382,1.0,0.0,"[[0.7237500000000001, 1.09125]]",0.0,0.36749999999999994,1.2036722520069094,,,,,,,,,
mixed,300,100,136,900,0.9988248570233266,2.8156047834725424,0.3743284578489243,2.749362574930584,1.816779926449216,1.0539609965093313,0.0,0.0,"[[0.7850000000000001, 1.21375]]",0.0,0.42874999999999996,1.1412093295789503,,,,,,,,,
mixed,300,100,137,900,1.0201651268218597,1.5127134935387228,0.3896844179685338,1.4929042357280615,0.4925483667168631,0.5894808772827846,0.0,0.0,"[[0.8462500000000002, 1.2750000000000001]]",0.0,0.42874999999999996,1.1908725041897765,,,,,,,,,
mixed,300,100,138,900,1.1131919236498695,1.3971162039353073,0.32775553524668033,1.419669999458251,0.2839242802854378,0.45791256922262685,0.0,0.0,"[[0.9075000000000001, 1.3362500000000002]]",0.0,0.4287500000000001,1.1551179446043918,,,,,,,,,
mixed,300,100,139,900,0.8319848117347454,2.444478383639353,0.4177685366669453,1.665814716159909,1.6124935719046074,1.0212261572469923,0.0,0.0,"[[0.6625000000000001, 1.03]]",0.0,0.36749999999999994,1.1298758101591742,,,,,,,,,
mixed,300,100,140,900,0.9288428069521578,1.2224293649310545,0.25898684332787786,1.5657752747489924,0.29358655797889666,0.31659312241479626,0.0,0.0,"[[0.7237500000000001, 1.1525]]",0.0,0.42874999999999996,1.1755104866145405,,,,,,,,,
mixed,300,100,141,900,1.0353179561687755,1.0353179561687755,0.3384388414505919,1.1457429089611002,0.0,0.35039180961875505,1.0,0.0,"[[0.8462500000000002, 1.2750000000000001]]",0.0,0.42874999999999996,1.1707470118710483,,,,,,,,,
mixed,300,100,142,900,1.0591003554765732,1.4080621986493447,0.32770604714877516,1.452230024597668,0.34896184317277146,0.46143049725899016,0.0,0.0,"[[0.8462500000000002, 1.3362500000000002]]",0.0,0.49,1.1591859628297463,,,,,,,,,
mixed,300,100,143,900,1.17258450126871,1.876934670442415,0.34342829363693095,1.7903111687367257,0.7043501691737051,0.644592471138034,0.0,0.0,"[[0.9687500000000001, 1.4587500000000002]]",0.0,0.4900000000000001,1.1454977182013224,,,,,,,,,
mixed,300,100,144,900,1.2713941632692518,1.2713941632692518,0.2831597276614492,1.2607988895277515,0.0,0.36000762502167744,1.0,0.0,"[[1.03, 1.5200000000000002]]",0.0,0.4900000000000002,1.113818275463096,,,,,,,,,
mixed,300,100,145,900,1.1301733949393897,1.2830192171308326,0.3254386201647779,1.0570419932336201,0.15284582219144283,0.41754400366795175,0.0,0.0,"[[0.9075000000000001, 1.3975000000000002]]",0.0,0.4900000000000001,1.0950951924415588,,,,,,,,,
mixed,300,100,146,900,0.985849807073284,1.7757015347033145,0.31976740136657156,1.6397556129692485,0.7898517276300305,0.5678114653547118,0.0,0.0,"[[0.7850000000000001, 1.21375]]",0.0,0.42874999999999996,1.121326189621878,,,,,,,,,
mixed,300,100,147,900,0.9173644470961039,1.3128088346480857,0.2901725385331305,1.3636789179681648,0.39544438755198186,0.3809410721585558,0.0,0.0,"[[0.7237500000000001, 1.09125]]",0.0,0.36749999999999994,1.1335297867836267,,,,,,,,,
mixed,300,100,148,900,1.1940311270468698,1.7867782907492242,0.3705770901681901,1.9345498575782378,0.5927471637023545,0.66213909976154,0.0,0.0,"[[0.9687500000000001, 1.4587500000000002]]",0.0,0.4900000000000001,1.1975728011103954,,,,,,,,,
mixed,300,100,149,900,1.0920744007975647,2.356724114705753,0.32336776931163774,2.362745603074397,1.2646497139081885,0.7620886198553437,0.0,0.0,"[[0.9075000000000001, 1.3362500000000002]]",0.0,0.4287500000000001,1.1214926895110429,,,,,,,,,
mixed,300,100,150,900,1.0467960348035967,1.0467960348035967,0.18334469402705753,1.3930050948259631,0.0,0.1919244987098025,1.0,0.0,"[[0.8462500000000002, 1.2750000000000001]]",0.0,0.42874999999999996,1.1348431049542058,,,,,,,,,
mixed,300,100,151,900,0.8674357130870043,1.0045763384375868,0.23325879090381596,1.1526277719920288,0.13714062535058247,0.2343262620745341,0.0,0.0,"[[0.7237500000000001, 1.09125]]",0.0,0.36749999999999994,1.1139784555169407,,,,,,,,,
mixed,300,100,152,900,1.010131214094676,1.0328218950020955,0.14007326754322044,1.4554110440130912,0.022690680907419436,0.14467073762312446,0.0,0.0,"[[0.8462500000000002, 1.21375]]",0.0,0.36749999999999994,1.1261450517761815,,,,,,,,,
mixed,300,100,153,900,1.125044866696577,2.1617860138754286,0.35897363035024854,2.0970717129796017,1.0367411471788515,0.7760241734412554,0.0,0.0,"[[0.9075000000000001, 1.3975000000000002]]",0.0,0.4900000000000001,1.1528596058726537,,,,,,,,,
mixed,300,100,154,900,0.9479096612357889,1.3303527993210338,0.28928902043607657,1.3803181573234908,0.3824431380852449,0.3848564581499742,0.0,0.0,"[[0.7850000000000001, 1.1525]]",0.0,0.36749999999999994,1.1327414210552231,,,,,,,,,
mixed,300,100,155,900,1.1497099197215437,1.8769711677453536,0.3499096677006626,2.1108024262441436,0.7272612480238099,0.6567703575895013,0.0,0.0,"[[0.9687500000000001, 1.3975000000000002]]",0.0,0.4287500000000001,1.1890175020483975,,,,,,,,,
mixed,300,100,156,900,1.0077240264844678,1.036902397068014,0.26548779898194735,1.1345056935132092,0.02917837058354622,0.2752849351566923,0.0,0.0,"[[0.8462500000000002, 1.21375]]",0.0,0.36749999999999994,1.1219325663855606,,,,,,,,,
mixed,300,100,157,900,0.7629855460227496,1.672393604346241,0.3330285433703924,1.4547408783281726,0.9094080583234915,0.556954805997389,0.0,0.0,"[[0.6012500000000001, 0.9687500000000001]]",0.0,0.36750000000000005,1.119577156713704,,,,,,,,,
mixed,300,100,158,900,0.9466639255456608,1.9074317910395413,0.4064315694995045,1.5763487477160256,0.9607678654938805,0.7752404965454517,0.0,0.0,"[[0.7850000000000001, 1.1525]]",0.0,0.36749999999999994,1.1626985998668613,,,,,,,,,
mixed,300,100,159,900,0.9741555489095166,0.9741814649509599,0.2743840975708223,1.170942702865232,2.5916041443307947e-05,0.2672999021307908,1.0,0.0,"[[0.7850000000000001, 1.21375]]",0.0,0.42874999999999996,1.1534990112901704,,,,,,,,,
mixed,300,100,160,900,0.941676844558056,1.8896931832180237,0.3508258224059403,2.036500349809566,0.9480163386599677,0.6629531650973624,0.0,0.0,"[[0.7850000000000001, 1.1525]]",0.0,0.36749999999999994,1.1791321921257112,,,,,,,,,
mixed,300,100,161,900,0.9498068526620307,1.8568900735493854,0.38992217472543683,1.9544350136860058,0.9070832208873547,0.7240426157044527,0.0,0.0,"[[0.7850000000000001, 1.1525]]",0.0,0.36749999999999994,1.202997470805715,,,,,,,,,
mixed,300,100,162,900,0.9659403361265999,1.7233661064647572,0.27048150412103616,1.9227955190895534,0.7574257703381573,0.4661386566278013,0.0,0.0,"[[0.7850000000000001, 1.1525]]",0.0,0.36749999999999994,1.130261003675829,,,,,,,,,
mixed,300,100,163,900,0.8257593024136047,2.0069300581718403,0.3489998320172628,2.264460843645565,1.1811707557582356,0.7004182531723677,0.0,0.0,"[[0.6012500000000001, 1.1525]]",0.0,0.55125,1.1799674199045365,,,,,,,,,
mixed,300,100,164,900,0.9992897290241894,1.4801011507444464,0.32829974684709795,1.5539304503566833,0.4808114217202569,0.4859168330975001,0.0,0.0,"[[0.7850000000000001, 1.21375]]",0.0,0.42874999999999996,1.1644761867030624,,,,,,,,,
mixed,300,100,165,900,0.9531213318944615,0.9531213318944615,0.1810695716752683,1.283054397209063,0.0,0.17258127132069137,1.0,0.0,"[[0.7850000000000001, 1.1525]]",0.0,0.36749999999999994,1.1338935730721889,,,,,,,,,
mixed,300,100,166,900,0.7385601054221187,0.7385601054221187,0.1747408852920232,1.0909111626149177,0.0,0.129056646662831,1.0,0.0,"[[0.6012500000000001, 0.9075000000000001]]",0.0,0.30625,1.1421672658208368,,,,,,,,,
mixed,300,100,167,900,0.9334273678060429,1.6907184636846946,0.34797562631872037,1.5661416006474038,0.7572910958786517,0.5883288163293062,0.0,0.0,"[[0.7850000000000001, 1.1525]]",0.0,0.36749999999999994,1.1458045088889761,,,,,,,,,
mixed,300,100,168,900,0.9478035880429921,1.148636369403207,0.23137590396786756,1.3953244905632138,0.20083278136021476,0.26576677830103645,0.0,0.0,"[[0.7850000000000001, 1.1525]]",0.0,0.36749999999999994,1.138154112539826,,,,,,,,,
mixed,300,100,169,900,0.9989126310298623,1.3654295319213705,0.2912527704643901,1.4698787788161882,0.36651690089150823,0.3976851340459945,0.0,0.0,"[[0.8462500000000002, 1.21375]]",0.0,0.36749999999999994,1.1449802950760233,,,,,,,,,
mixed,300,100,170,900,1.0577909861631538,1.2419061160933398,0.2546212496015139,1.699770486771523,0.18411512993018597,0.31621568716744897,0.0,0.0,"[[0.8462500000000002, 1.3362500000000002]]",0.0,0.49,1.1944398565467236,,,,,,,,,
mixed,300,100,171,900,1.1330458564440802,2.548341084900997,0.37519671438126717,2.093966499512731,1.415295228456917,0.956129202177648,0.0,0.0,"[[0.9075000000000001, 1.3975000000000002]]",0.0,0.4900000000000001,1.121871679563393,,,,,,,,,
mixed,300,100,172,900,1.090588057649416,1.090588057649416,0.22398302946900714,1.4562007044324292,0.0,0.2442732170550364,1.0,0.0,"[[0.9075000000000001, 1.3362500000000002]]",0.0,0.4287500000000001,1.1645974476291656,,,,,,,,,
mixed,300,100,173,900,0.9160138517889401,2.0100910802845666,0.32857540727091766,2.0749021193209125,1.0940772284956264,0.6604664953561403,0.0,0.0,"[[0.7237500000000001, 1.09125]]",0.0,0.36749999999999994,1.1472948663435347,,,,,,,,,
mixed,300,100,174,900,0.8626058770757016,0.8626058770757016,0.17567929564940987,1.2409259411929912,0.0,0.15154199290770068,1.0,0.0,"[[0.7237500000000001, 1.09125]]",0.0,0.36749999999999994,1.1492154460111443,,,,,,,,,
mixed,300,100,175,900,1.1985570085209352,1.5605599485960489,0.3311988328173834,1.71143595980217,0.3620029400751137,0.5168556335165672,0.0,0.0,"[[0.9687500000000001, 1.4587500000000002]]",0.0,0.4900000000000001,1.1773484863280586,,,,,,,,,
mixed,300,100,176,900,0.9058714916325252,1.8390624374614841,0.36884610672223705,1.7358278600755388,0.9331909458289589,0.678331020076776,0.0,0.0,"[[0.7237500000000001, 1.09125]]",0.0,0.36749999999999994,1.1635886114559737,,,,,,,,,
mixed,300,100,177,900,1.028759927971615,1.7190508594879177,0.31171737774320396,1.9779382810522468,0.6902909315163026,0.5358580261267747,0.0,0.0,"[[0.8462500000000002, 1.2750000000000001]]",0.0,0.42874999999999996,1.171635669621108,,,,,,,,,
mixed,300,100,178,900,1.171444222413619,2.3706243093982344,0.39306326948572706,2.2315688515791328,1.1991800869846154,0.9318053417744139,0.0,0.0,"[[0.9687500000000001, 1.4587500000000002]]",0.0,0.4900000000000001,1.1670935155640356,,,,,,,,,
mixed,300,100,179,900,0.9934198877041891,1.1250799292454858,0.24990895244708108,1.4753828446500097,0.13166004154129674,0.28116754653697545,0.0,0.0,"[[0.7850000000000001, 1.21375]]",0.0,0.42874999999999996,1.1760013909354141,,,,,,,,,
centered,1200,1200,0,3600,nan,1.4176424762958313,0.33372201394580714,1.3811313957095925,nan,0.47309850224456595,nan,0.0,"(0,1.4176425]",1.0,1.4176424762958313,1.1483383154258153,0.05,1.4176424762958313,True,0.0073096498513755565,0.5598401176969194,0.0025588855488551747,0.8455382914045331,1.0980446354117137,1.5854466738566917
centered,1200,1200,1,3600,nan,1.6123343111133106,0.35160494522470026,1.4616606635208014,nan,0.5669047171429004,nan,0.0,"(0,1.6123343]",1.0,1.6123343111133106,1.1440006282819037,0.05,1.6123343111133106,True,0.01220297144418091,0.5599286831190551,0.011874212752489935,0.8456193477363689,1.0854414278489957,1.5332293712000673
centered,1200,1200,2,3600,nan,1.447348628743188,0.32276595518746315,1.5018871512281735,nan,0.46715486264556005,nan,0.0,"(0,1.4473486]",1.0,1.447348628743188,1.1574666361421335,0.05,1.447348628743188,True,0.0051943745368894356,0.5596838712171152,0.0072630332088955965,0.8455649531054823,1.0867147806288981,1.5647735480440224
centered,1200,1200,3,3600,nan,1.6581454755805438,0.3336401382070592,1.6797550274281385,nan,0.5532238856401025,nan,0.0,"(0,1.6581455]",1.0,1.6581454755805438,1.1571475312800488,0.05,1.6581454755805438,True,0.007962174537466976,0.5598539498053152,0.0029139034187820848,0.8455408021893105,1.0923636996939978,1.5569487134830498
centered,1200,1200,4,3600,nan,1.8852751007156439,0.35479996153653026,1.7805619459674071,nan,0.6688955332196886,nan,0.0,"(0,1.8852751]",1.0,1.8852751007156439,1.1519951942560465,0.05,1.8852751007156439,True,0.01071564081339452,0.5598304014671759,0.011376668023324696,0.8456122232098726,1.0863562978404606,1.5451237937724605
centered,1200,1200,5,3600,nan,1.692678593937928,0.3754475767167787,1.4901889599657094,nan,0.6355120762543593,nan,0.0,"(0,1.6926786]",1.0,1.692678593937928,1.1546430143656221,0.05,1.692678593937928,True,0.018161164008786396,0.5599970895311237,0.029994358753651723,0.8460649657045323,1.0897343760434173,1.5219391124742414
centered,1200,1200,6,3600,nan,2.099029674699365,0.35240455255187897,1.9025458649047438,nan,0.7397076133055458,nan,0.0,"(0,2.0990297]",1.0,2.099029674699365,1.1353550329548447,0.05,2.099029674699365,True,0.01521962344391806,0.5600352060596091,0.007966246364731712,0.8455698688518689,1.0964182240654818,1.5699480619763668
centered,1200,1200,7,3600,nan,1.3826352687903674,0.322815213662751,1.4415101155742505,nan,0.4463356997122176,nan,0.0,"(0,1.3826353]",1.0,1.3826352687903674,1.1585183270245831,0.05,1.3826352687903674,True,0.003999678501075237,0.5596715740412397,0.005351082395326183,0.845550504448921,1.0915125883030479,1.569991459514156
centered,1200,1200,8,3600,nan,1.6938376382772042,0.3740721311333928,1.5117274522401831,nan,0.6336174551443068,nan,0.0,"(0,1.6938376]",1.0,1.6938376382772042,1.1566981835556955,0.05,1.6938376382772042,True,0.01622970380252828,0.5599147800366628,0.028960549259209035,0.8460296053488303,1.098432569417135,1.528437893638379
centered,1200,1200,9,3600,nan,1.1492783043371229,0.290145691145172,1.3070119773282447,nan,0.33345814793004586,nan,0.0,"(0,1.1492783]",1.0,1.1492783043371229,1.1565862715600677,0.05,1.1492783043371229,True,0.011444410642106582,0.5598278412494304,0.020608006007148395,0.8457863942356333,1.0899993533655474,1.5785583773653844
centered,1200,1200,10,3600,nan,2.4702044728530983,0.3942590773077584,2.1686535566983682,nan,0.9739005362285602,nan,0.0,"(0,2.4702045]",1.0,2.4702044728530983,1.1520512292997724,0.05,2.4702044728530983,True,0.02474658664882907,0.5603171888898901,0.040295893791959435,0.8464952258098688,1.0891482223984184,1.5066896089139965
centered,1200,1200,11,3600,nan,1.5567775690782744,0.34732052800996677,1.5858609754643307,nan,0.5407008072863387,nan,0.0,"(0,1.5567776]",1.0,1.5567775690782744,1.1697673444733676,0.05,1.5567775690782744,True,0.011495572393914414,0.5598496001851084,0.010773742296471944,0.8456028814963049,1.083330911671695,1.5337507213528667
centered,1200,1200,12,3600,nan,1.6286169677564706,0.35388695679706245,1.5135288144486934,nan,0.5763463025073969,nan,0.0,"(0,1.628617]",1.0,1.6286169677564706,1.1515434778838167,0.05,1.6286169677564706,True,0.009167027508194005,0.5597480501646211,0.013780239804858731,0.8456475096285052,1.0860102490714911,1.5472856806000062
centered,1200,1200,13,3600,nan,1.5443900235662962,0.34544058198106986,1.5103267156581324,nan,0.5334949885464996,nan,0.0,"(0,1.54439]",1.0,1.5443900235662962,1.1581883478112163,0.05,1.5443900235662962,True,0.004266055095480765,0.5596732068043321,0.00894820450052223,0.8455821284338217,1.0902614337673977,1.5490041590437493
centered,1200,1200,14,3600,nan,1.175826108529221,0.31839919858494314,1.1993326453411142,nan,0.37438209063095634,nan,0.0,"(0,1.1758261]",1.0,1.175826108529221,1.1437076684657397,0.05,1.175826108529221,True,0.013687805959844463,0.560532386985716,0.001972794921702876,0.845537727687726,1.0934928324439435,1.5503418789307766
centered,1200,1200,15,3600,nan,2.0230425349200356,0.3813773081692914,1.7461892160514076,nan,0.7715425162797829,nan,0.0,"(0,2.0230425]",1.0,2.0230425349200356,1.1505757442621265,0.05,2.0230425349200356,True,0.016842601363856728,0.5599550050518951,0.031674525113169955,0.84612780706593,1.0882459657689898,1.5350972028601642
centered,1200,1200,16,3600,nan,1.870384582575785,0.3859020139478729,1.623238546137874,nan,0.7217851772730469,nan,0.0,"(0,1.8703846]",1.0,1.870384582575785,1.1577698184479865,0.05,1.870384582575785,True,0.01844108804351115,0.5599732104055724,0.036445443235279255,0.846318015449526,1.0954429709258489,1.5173427258683403
centered,1200,1200,17,3600,nan,1.7200748628764408,0.34819693144332237,1.7245559550643577,nan,0.5989247891063701,nan,0.0,"(0,1.7200749]",1.0,1.7200748628764408,1.164372793115576,0.05,1.7200748628764408,True,0.008968642777097713,0.5599585587042542,0.008399732640889905,0.8455764530196122,1.0949516941766082,1.5642467480120912
centered,1200,1200,18,3600,nan,0.8850296677011618,0.23057537588855564,1.1492588126184757,nan,0.20406604830271888,nan,0.0,"(0,0.88502967]",1.0,0.8850296677011618,1.1453548739604014,0.05,0.8850296677011618,True,0.052459100178401566,0.5605805739566307,0.06768920962717047,0.8467426443278876,1.0914993324302924,1.583858381381604
centered,1200,1200,19,3600,nan,1.4449920639139284,0.3171063469517686,1.6207842160473993,nan,0.45821615476204236,nan,0.0,"(0,1.4449921]",1.0,1.4449920639139284,1.1748015680786026,0.05,1.4449920639139284,True,0.01664563203459871,0.5603659200875148,0.010459038484153372,0.8455996773596752,1.0960091188095489,1.5735616716285483
centered,1200,1200,20,3600,nan,1.4478647868245065,0.3384587053948617,1.3769674070553832,nan,0.4900424413354299,nan,0.0,"(0,1.4478648]",1.0,1.4478647868245065,1.145767901322505,0.05,1.4478647868245065,True,0.009942631387428737,0.5599361648651587,0.005219136206797309,0.8455495323088236,1.0876400255482912,1.5544985606482349
centered,1200,1200,21,3600,nan,1.8224497665162018,0.36452379991827494,1.6923208629030029,nan,0.6643263140506588,nan,0.0,"(0,1.8224498]",1.0,1.8224497665162018,1.156990062167001,0.05,1.8224497665162018,True,0.010905726737018485,0.5597738184593412,0.020005635194698362,0.8457705124161593,1.0910208055988073,1.5324703199968135
centered,1200,1200,22,3600,nan,2.1140508776998503,0.361542531613678,2.0699836746635314,nan,0.7643193062837219,nan,0.0,"(0,2.1140509]",1.0,2.1140508776998503,1.1585196226120298,0.05,2.1140508776998503,True,0.01841743065679903,0.560450329103777,0.01539618399078363,0.8456746354451472,1.0848541060731944,1.5423490491315306
centered,1200,1200,23,3600,nan,0.980608575705059,0.20249594254288722,1.2897736973265985,nan,0.1985692578030341,nan,0.0,"(0,0.98060858]",1.0,0.980608575705059,1.1407168010911761,0.05,0.980608575705059,True,0.0330809658775654,0.5607931057739846,0.07908790011934728,0.8491899416888884,1.0956089414599182,1.6578015880974155
centered,1200,1200,24,3600,nan,1.7018271088787589,0.347983243990152,1.6380315011747797,nan,0.5922073180580122,nan,0.0,"(0,1.7018271]",1.0,1.7018271088787589,1.1547462123943353,0.05,1.7018271088787589,True,0.005727483185299203,0.5597076367193493,0.008027258084949909,0.8455740909204739,1.0965702259410297,1.5547310488628785
centered,1200,1200,25,3600,nan,1.0605448065718823,0.2624094107470388,1.3350480083896614,nan,0.27829693776335984,nan,0.0,"(0,1.0605448]",1.0,1.0605448065718823,1.167701379594994,0.05,1.0605448065718823,True,0.016437816420999396,0.560028617510271,0.034448992147262124,0.8462372219101479,1.094138054493721,1.5813338581626013
centered,1200,1200,26,3600,nan,1.6398221386120264,0.34143146888837195,1.5642379052345015,nan,0.5598868815019756,nan,0.0,"(0,1.6398221]",1.0,1.6398221386120264,1.148450540186932,0.05,1.6398221386120264,True,0.004944350914012906,0.5596891698169992,0.0037824779712220626,0.8455430143213241,1.0907097376124337,1.5607103979310515
centered,1200,1200,27,3600,nan,2.284003110782587,0.40341513114891403,2.1011209942016182,nan,0.9214014144808849,nan,0.0,"(0,2.2840031]",1.0,2.284003110782587,1.1735537470608577,0.05,2.284003110782587,True,0.02861309302660576,0.560633121520978,0.04809435184458145,0.8469026690579359,1.0888379434818476,1.5075693471110356
centered,1200,1200,28,3600,nan,2.3746902484631973,0.3896333055302212,2.182741656877132,nan,0.9252584111190978,nan,0.0,"(0,2.3746902]",1.0,2.3746902484631973,1.1597481274422832,0.05,2.3746902484631973,True,0.024909927270836383,0.560419502271605,0.03689587131709997,0.8463405501934393,1.0919771323812364,1.5242683471362803
centered,1200,1200,29,3600,nan,1.865587709538498,0.3530536679189675,1.814658478044917,nan,0.658652583677112,nan,0.0,"(0,1.8655877]",1.0,1.865587709538498,1.1577671536727463,0.05,1.865587709538498,True,0.01143864094385983,0.5599597643063888,0.010340280990427143,0.845598253961413,1.0975006244089405,1.568375567440376
centered,1200,1200,30,3600,nan,1.42779525530842,0.3088932893848019,1.52857905291831,nan,0.4410363729802309,nan,0.0,"(0,1.4277953]",1.0,1.42779525530842,1.1561004518073803,0.05,1.42779525530842,True,0.011127190765999535,0.5597933724660917,0.017788578872240557,0.8457222504631865,1.088604264130859,1.5761685220737702
centered,1200,1200,31,3600,nan,2.3644480688653235,0.3861827427581197,2.19625601025871,nan,0.9131090403435501,nan,0.0,"(0,2.3644481]",1.0,2.3644480688653235,1.159289784894152,0.05,2.3644480688653235,True,0.02435872098743925,0.5604506250350048,0.0342350002657878,0.8462264426958581,1.0873804847915236,1.5172209846595965
centered,1200,1200,32,3600,nan,2.007806802357619,0.34821236929797433,2.0374207423970723,nan,0.6991431637415362,nan,0.0,"(0,2.0078068]",1.0,2.007806802357619,1.1593163738539831,0.05,2.007806802357619,True,0.017747509682014037,0.5606375400278267,0.0053004229994101605,0.8455512724624645,1.0950633496400108,1.5550338626004123
centered,1200,1200,33,3600,nan,1.4970436122825492,0.3359782199687383,1.5030130927237755,nan,0.5029740480702609,nan,0.0,"(0,1.4970436]",1.0,1.4970436122825492,1.1581593361810105,0.05,1.4970436122825492,True,0.0024312224400193185,0.5596610242023191,0.0025715032861851205,0.8455392410083182,1.094358408305973,1.5651806272987747
centered,1200,1200,34,3600,nan,1.287031304495474,0.30737530747838765,1.3428859929378507,nan,0.39560164295360667,nan,0.0,"(0,1.2870313]",1.0,1.287031304495474,1.146605243203166,0.05,1.287031304495474,True,0.009308886787081253,0.5598468533436673,0.01475026830090614,0.8456643922972233,1.0863894250738728,1.5787706318010692
centered,1200,1200,35,3600,nan,1.389601995504126,0.3290892265813,1.413599764387567,nan,0.457303045956284,nan,0.0,"(0,1.389602]",1.0,1.389601995504126,1.1562765620286406,0.05,1.389601995504126,True,0.003938537683741364,0.5596903130772705,0.0005764876100732626,0.845536069098325,1.0926593707248258,1.5621250305931784
centered,1200,1200,36,3600,nan,1.7857613294432868,0.36526025125153594,1.5722256354483009,nan,0.6522676318677317,nan,0.0,"(0,1.7857613]",1.0,1.7857613294432868,1.1462694317711024,0.05,1.7857613294432868,True,0.014437400784742236,0.5598966401933178,0.02067351037263057,0.8457866251306547,1.095668159159388,1.543427443608036
centered,1200,1200,37,3600,nan,1.7801502875086896,0.3667365869719128,1.7177303754656703,nan,0.6528462407380061,nan,0.0,"(0,1.7801503]",1.0,1.7801502875086896,1.1680656151815012,0.05,1.7801502875086896,True,0.013416889327348693,0.5599410120269374,0.022453119567603905,0.8458338207151903,1.0986669939939868,1.5418109336642807
centered,1200,1200,38,3600,nan,1.209640350395625,0.26492466993766106,1.3907987999042322,nan,0.3204635705718376,nan,0.0,"(0,1.2096404]",1.0,1.209640350395625,1.1447566879053828,0.05,1.209640350395625,True,0.018554563742312735,0.5600523949171707,0.04551814759805532,0.8467594667607494,1.0894933746627906,1.613389997615726
centered,1200,1200,39,3600,nan,1.3320595302533975,0.30236116566485516,1.429402725343622,nan,0.40276307230239666,nan,0.0,"(0,1.3320595]",1.0,1.3320595302533975,1.1518240221113905,0.05,1.3320595302533975,True,0.008551862999248481,0.5597340642285488,0.02006670129192963,0.8457740040359262,1.0834986048876991,1.5808070938238383
centered,1200,1200,40,3600,nan,1.938780289425177,0.36207331919410335,1.7584968121077087,nan,0.7019806145802783,nan,0.0,"(0,1.9387803]",1.0,1.938780289425177,1.1475703365098058,0.05,1.938780289425177,True,0.01093335556778102,0.5598194448522386,0.01685668547597131,0.8457009762270895,1.0933064081810475,1.5447198591046918
centered,1200,1200,41,3600,nan,1.1081548965916979,0.2861547040477947,1.191790081780688,nan,0.31710373647331186,nan,0.0,"(0,1.1081549]",1.0,1.1081548965916979,1.1346566111940362,0.05,1.1081548965916979,True,0.01930437877573443,0.5606430370269996,0.023906155034247565,0.8458733577186797,1.091742457527179,1.592074232766866
centered,1200,1200,42,3600,nan,1.5794943785127855,0.30098137980470774,1.8012071926818893,nan,0.4753983974385575,nan,0.0,"(0,1.5794944]",1.0,1.5794943785127855,1.1654538799484468,0.05,1.5794943785127855,True,0.027850034628287168,0.561149357334262,0.028111404990427784,0.8459998428394679,1.0832698524702795,1.5832990015100408
centered,1200,1200,43,3600,nan,1.4527842630826011,0.3392614910931157,1.513198685807803,nan,0.49287375533001654,nan,0.0,"(0,1.4527843]",1.0,1.4527842630826011,1.17008274277615,0.05,1.4527842630826011,True,0.010393062847290468,0.5597979362672185,0.0068688401201559,0.8455629577315559,1.0899786459487952,1.5525871508174804
centered,1200,1200,44,3600,nan,1.5549999885727934,0.31196753348413697,1.5695087914633898,nan,0.48510951100291555,nan,0.0,"(0,1.555]",1.0,1.5549999885727934,1.1414075419890624,0.05,1.5549999885727934,True,0.013011036644440473,0.5598112493538818,0.01946339290261972,0.8457590239135061,1.0945146687012999,1.5907460326632463
centered,1200,1200,45,3600,nan,2.0639692776630043,0.3909905980674422,1.7675399568305248,nan,0.8069925822662847,nan,0.0,"(0,2.0639693]",1.0,2.0639692776630043,1.1556651975811958,0.05,2.0639692776630043,True,0.01931604345892894,0.5600300923968614,0.039162888905841596,0.8464383100182521,1.0991890271438196,1.5343872806868355
centered,1200,1200,46,3600,nan,1.5046280822946778,0.3326225004278285,1.5723029149412022,nan,0.5004731549467842,nan,0.0,"(0,1.5046281]",1.0,1.5046280822946778,1.1661984498532638,0.05,1.5046280822946778,True,0.007758609183460311,0.5598260039558498,0.0018117313522963262,0.8455359948446739,1.0829623017855485,1.5549724273199872
centered,1200,1200,47,3600,nan,1.5928718150654262,0.34785636555670885,1.5650514719299844,nan,0.5540906003863773,nan,0.0,"(0,1.5928718]",1.0,1.5928718150654262,1.1608660532150672,0.05,1.5928718150654262,True,0.005782491298228411,0.5596971955255166,0.009955660306302726,0.8455944035308642,1.093667463821589,1.546403441796255
centered,1200,1200,48,3600,nan,1.0978028771471378,0.26449655251686865,1.2162911135794465,nan,0.29036507634851744,nan,0.0,"(0,1.0978029]",1.0,1.0978028771471378,1.1289608460590235,0.05,1.0978028771471378,True,0.025908823790891038,0.5606906097575393,0.04090249483934733,0.8465244424922879,1.0829052437504278,1.5973190451069843
centered,1200,1200,49,3600,nan,1.3997124272858963,0.3038159052231917,1.4105543979999784,nan,0.4252548981480154,nan,0.0,"(0,1.3997124]",1.0,1.3997124272858963,1.1356392022233472,0.05,1.3997124272858963,True,0.016720760032587396,0.5599496541897089,0.022503096488503814,0.8458327872106672,1.0898050826976509,1.597264097603592
centered,1200,1200,50,3600,nan,1.1268563098332545,0.2973480414349136,1.2902287548539015,nan,0.3350685167074924,nan,0.0,"(0,1.1268563]",1.0,1.1268563098332545,1.1623225188336401,0.05,1.1268563098332545,True,0.012298521007480811,0.5598363116995957,0.01303426889513928,0.8456363072164502,1.08948025365631,1.57262090437926
centered,1200,1200,51,3600,nan,1.1152879509749014,0.24631508870531085,1.3478948056970037,nan,0.27471225057634724,nan,0.0,"(0,1.115288]",1.0,1.1152879509749014,1.1458720687045194,0.05,1.1152879509749014,True,0.022266042178483665,0.5602088898964619,0.05449782034487473,0.8472904596103159,1.0887864492296293,1.6058833553780587
centered,1200,1200,52,3600,nan,1.6225239947398702,0.31757290289018475,1.6581260869801022,nan,0.5152696550185194,nan,0.0,"(0,1.622524]",1.0,1.6225239947398702,1.147848469230129,0.05,1.6225239947398702,True,0.014222744197202757,0.559878163225439,0.016070002579327246,0.8456846375470674,1.072035081934523,1.5641421198591579
centered,1200,1200,53,3600,nan,0.8776742254117631,0.178331864467353,1.2548359565443472,nan,0.15651728101261955,nan,0.0,"(0,0.87767423]",1.0,0.8776742254117631,1.1498491407012843,0.05,0.8776742254117631,True,0.06009361153405865,0.5608941029984622,0.09881994857140652,0.8495813276332301,1.101559618096796,1.6615663836832866
centered,1200,1200,54,3600,nan,1.662047397546161,0.37480734258600945,1.5393519689771127,nan,0.6229475683262694,nan,0.0,"(0,1.6620474]",1.0,1.662047397546161,1.1658274508116762,0.05,1.662047397546161,True,0.013429186677144277,0.5598628992959713,0.03024966001779055,0.8460755551674422,1.08590967637024,1.5106544656320136
centered,1200,1200,55,3600,nan,1.4503219294347773,0.3225382905164601,1.4628262522037818,nan,0.46778435581842714,nan,0.0,"(0,1.4503219]",1.0,1.4503219294347773,1.149690164756629,0.05,1.4503219294347773,True,0.005411383126950831,0.5596841420484793,0.007978718985512953,0.8455714377363753,1.089731205860251,1.5511244837184308
centered,1200,1200,56,3600,nan,1.8977775887615103,0.3665320159604345,1.5977622042026183,nan,0.6955962454532888,nan,0.0,"(0,1.8977776]",1.0,1.8977775887615103,1.1360619228779034,0.05,1.8977775887615103,True,0.018464102222982323,0.5601860087817155,0.020453096599811746,0.8457812518364799,1.0918288546379538,1.5343353880638892
centered,1200,1200,57,3600,nan,1.5395346836312254,0.32460056361829037,1.7062902577844834,nan,0.4997338260166021,nan,0.0,"(0,1.5395347]",1.0,1.5395346836312254,1.1757713748530443,0.05,1.5395346836312254,True,0.017554505439134626,0.5606100947351587,0.007267270415954285,0.845564057075916,1.0989797203542704,1.5814189725303025
centered,1200,1200,58,3600,nan,1.407063111676976,0.3483388695028205,1.36380826485764,nan,0.4901347736406787,nan,0.0,"(0,1.4070631]",1.0,1.407063111676976,1.1571223102097974,0.05,1.407063111676976,True,0.01212567357350428,0.559884595296444,0.01423254670913709,0.8456557678294512,1.0914293296733972,1.5501025635851005
centered,1200,1200,59,3600,nan,1.4461279661524,0.30652031050330886,1.5229092978468501,nan,0.44326759321255216,nan,0.0,"(0,1.446128]",1.0,1.4461279661524,1.1497468838159688,0.05,1.4461279661524,True,0.010771110041778161,0.5597759435892824,0.02072417180264199,0.8457883966493771,1.0915144743228704,1.584943219154096
centered,1200,1200,60,3600,nan,1.4559961149811569,0.33710549514418875,1.3875001108103187,nan,0.49082429126873806,nan,0.0,"(0,1.4559961]",1.0,1.4559961149811569,1.145383733223606,0.05,1.4559961149811569,True,0.008738095442525113,0.5599066109242559,0.0035172685917168865,0.8455432202802363,1.086922325731045,1.545420457578424
centered,1200,1200,61,3600,nan,1.7324850120659923,0.3506981635794753,1.6580699184822745,nan,0.6075793121605086,nan,0.0,"(0,1.732485]",1.0,1.7324850120659923,1.1549670282795508,0.05,1.7324850120659923,True,0.006926754218232797,0.5597227087203578,0.009898720204154651,0.8455928294818238,1.0895945374779896,1.5460493061882115
centered,1200,1200,62,3600,nan,2.233726352635218,0.3908844689334479,2.059392765528957,nan,0.8731289390924647,nan,0.0,"(0,2.2337264]",1.0,2.233726352635218,1.1657137387040275,0.05,2.233726352635218,True,0.024142659372591104,0.5603595844870659,0.03840779784851466,0.8464065386460528,1.0945503778252628,1.5306539364681824
centered,1200,1200,63,3600,nan,1.1006222188717814,0.2937698052239485,1.2407350101415469,nan,0.32332957486311326,nan,0.0,"(0,1.1006222]",1.0,1.1006222188717814,1.1538432218259393,0.05,1.1006222188717814,True,0.013789386828914563,0.5600083121397746,0.015301075159632044,0.8456726620434739,1.0823785102187393,1.5516272508371234
centered,1200,1200,64,3600,nan,2.023681526059885,0.33781895665596723,2.0818401223743153,nan,0.6836379817375059,nan,0.0,"(0,2.0236815]",1.0,2.023681526059885,1.1535200923028734,0.05,2.023681526059885,True,0.02125833850123079,0.5608183917820277,0.0041079086292345095,0.8455444936096954,1.0915135999258974,1.571347846568427
centered,1200,1200,65,3600,nan,1.381609375412642,0.3005191088103502,1.552703924349306,nan,0.41520001822303176,nan,0.0,"(0,1.3816094]",1.0,1.381609375412642,1.164011095453836,0.05,1.381609375412642,True,0.017273709443077573,0.560062037234605,0.02252904110210242,0.8458343096618917,1.0860832245263483,1.5799121054337324
centered,1200,1200,66,3600,nan,0.6654869865438664,0.12768703456913486,1.1399044802990101,nan,0.08497405985613606,nan,0.0,"(0,0.66548699]",1.0,0.6654869865438664,1.165448280521237,0.05,0.6654869865438664,True,0.1462151309626542,0.5609287707404272,0.1893413353310053,0.8487270687115527,1.111689972473096,1.617147709423508
centered,1200,1200,67,3600,nan,1.7135311431273648,0.35788857971959814,1.6884454555779282,nan,0.613253227119152,nan,0.0,"(0,1.7135311]",1.0,1.7135311431273648,1.1675069646050902,0.05,1.7135311431273648,True,0.012105197682204565,0.5599098673779636,0.016454080808362026,0.8456920463694289,1.0802135967983042,1.5304505264010941
centered,1200,1200,68,3600,nan,1.424087087318879,0.3480819025255859,1.3469922116663924,nan,0.49569894271607556,nan,0.0,"(0,1.4240871]",1.0,1.424087087318879,1.1509219590664366,0.05,1.424087087318879,True,0.013243291148445009,0.5600174294055899,0.013212075986232445,0.8456391929193438,1.081902121257456,1.5259833594996326
centered,1200,1200,69,3600,nan,1.0485230697245815,0.2856373774309022,1.3086225698008682,nan,0.2994973798119285,nan,0.0,"(0,1.0485231]",1.0,1.0485230697245815,1.1783632222349387,0.05,1.0485230697245815,True,0.016432713797005984,0.5600271597231611,0.014310270167841366,0.8456568916416534,1.0876025995418714,1.5546892658592897
centered,1200,1200,70,3600,nan,2.092997265781514,0.35875206549744054,2.0399227157109268,nan,0.7508670921796137,nan,0.0,"(0,2.0929973]",1.0,2.092997265781514,1.156010255819375,0.05,2.092997265781514,True,0.017758617039959984,0.560346778928818,0.013188313242199552,0.8456377418919719,1.0883411715021347,1.5397572991607338
centered,1200,1200,71,3600,nan,1.26449908192917,0.31546074357246284,1.445516820466024,nan,0.3988998206320726,nan,0.0,"(0,1.2644991]",1.0,1.26449908192917,1.1780964268228082,0.05,1.26449908192917,True,0.014647944474871024,0.5600115063487338,0.004628050405209416,0.8455484817100123,1.0940416530960189,1.5518070337969034
centered,1200,1200,72,3600,nan,1.6277028481966758,0.3398995392829747,1.7743858429254602,nan,0.5532554481916359,nan,0.0,"(0,1.6277028]",1.0,1.6277028481966758,1.1808555511740275,0.05,1.6277028481966758,True,0.018165207446533573,0.5608559367659609,0.004022549219509142,0.845544465606267,1.0802373558364087,1.5303656373047747
centered,1200,1200,73,3600,nan,1.7192771128922082,0.3720644292909682,1.523841178111041,nan,0.639681857801263,nan,0.0,"(0,1.7192771]",1.0,1.7192771128922082,1.1535002544820518,0.05,1.7192771128922082,True,0.016090159688357832,0.5599133148661352,0.026962212456808993,0.8459641699653165,1.0942451514685274,1.5113247355575956
centered,1200,1200,74,3600,nan,1.250881522651584,0.3280789910753267,1.3826044853520303,nan,0.41038794790630007,nan,0.0,"(0,1.2508815]",1.0,1.250881522651584,1.176118663360242,0.05,1.250881522651584,True,0.012765954837035147,0.559879896639389,0.005520862446699545,0.8455539688407268,1.0974094304643838,1.5444499587374225
centered,1200,1200,75,3600,nan,0.7262796652220909,0.12833677330279578,1.1982892992084135,nan,0.09320838875003788,nan,0.0,"(0,0.72627967]",1.0,0.7262796652220909,1.161494745491495,0.05,0.7262796652220909,True,0.12003947070773327,0.5611743233592652,0.16250374233719841,0.8502114281176585,1.119073365755929,1.6749728671670778
centered,1200,1200,76,3600,nan,1.8070509727112105,0.3667683871165522,1.7460438092373751,nan,0.6627691706986875,nan,0.0,"(0,1.807051]",1.0,1.8070509727112105,1.1679121419931455,0.05,1.8070509727112105,True,0.013613944288284042,0.5599789214125084,0.022172440864884933,0.8458263681571203,1.090725639042587,1.530920549392915
centered,1200,1200,77,3600,nan,1.8269667339404012,0.3838762170718999,1.6262524590611591,nan,0.7013290785412455,nan,0.0,"(0,1.8269667]",1.0,1.8269667339404012,1.1621904717713165,0.05,1.8269667339404012,True,0.015616508477230453,0.5599191450355603,0.03528449115021736,0.8462713887430711,1.0914839592301284,1.5148613599096616
centered,1200,1200,78,3600,nan,1.4862894681869996,0.33536435216077687,1.461428473754223,nan,0.4984485046219187,nan,0.0,"(0,1.4862895]",1.0,1.4862894681869996,1.1523317555969117,0.05,1.4862894681869996,True,0.0037392323695612374,0.5596839923748114,0.0025288654890508935,0.8455378777277311,1.0919914906505372,1.552964254081953
centered,1200,1200,79,3600,nan,1.0620490615786622,0.2551449692508361,1.3759182467270619,nan,0.27097647515936707,nan,0.0,"(0,1.0620491]",1.0,1.0620490615786622,1.1729750482428734,0.05,1.0620490615786622,True,0.022142721490657116,0.5602824617359707,0.03942534894851737,0.8464537868362593,1.0958308408087127,1.591871431681674
centered,1200,1200,80,3600,nan,1.75767035198244,0.38762857548488716,1.6504282845707359,nan,0.6813232547109734,nan,0.0,"(0,1.7576704]",1.0,1.75767035198244,1.1774043657633189,0.05,1.75767035198244,True,0.022017839129986394,0.5601307736769612,0.03933426804957837,0.8464492826690253,1.0948400244847654,1.5203022923655416
centered,1200,1200,81,3600,nan,1.2424727404352005,0.3066772365831174,1.3443303703003178,nan,0.3810381065665202,nan,0.0,"(0,1.2424727]",1.0,1.2424727404352005,1.1556028170739427,0.05,1.2424727404352005,True,0.008504853185689552,0.5597566361941041,0.012687705520096246,0.8456296783678089,1.0823518078040493,1.5596550731988195
centered,1200,1200,82,3600,nan,1.3499663695371684,0.298499175721154,1.4803794083233148,nan,0.4029638485581235,nan,0.0,"(0,1.3499664]",1.0,1.3499663695371684,1.155472357610192,0.05,1.3499663695371684,True,0.012594156853491788,0.5598091801603406,0.023621924556509206,0.8458648538200824,1.0922399160350942,1.5938660794764892
centered,1200,1200,83,3600,nan,1.9343268461643348,0.38361982346384915,1.613034216061435,nan,0.7420461232469462,nan,0.0,"(0,1.9343268]",1.0,1.9343268461643348,1.1468186623565164,0.05,1.9343268461643348,True,0.022026495015200875,0.5601497258706369,0.034036972204842565,0.8462149632067113,1.0908382502845724,1.5234204437917638
centered,1200,1200,84,3600,nan,1.5745182821305272,0.35273370874239107,1.5311244965021085,nan,0.5553856731385993,nan,0.0,"(0,1.5745183]",1.0,1.5745182821305272,1.161943488097716,0.05,1.5745182821305272,True,0.007131727016489125,0.5597055827405861,0.014240112562838518,0.8456551381292082,1.0814440797723397,1.5220212349413091
centered,1200,1200,85,3600,nan,0.7623548945178266,0.15052397963092473,1.1830248694678684,nan,0.1147526926139371,nan,0.0,"(0,0.76235489]",1.0,0.7623548945178266,1.153228919492351,0.05,0.7623548945178266,True,0.10376895214910586,0.5609939284961925,0.1416218984542625,0.8496104356337125,1.0982298629620255,1.6425995744012993
centered,1200,1200,86,3600,nan,1.6065325417874474,0.3366953499915736,1.6597522835914846,nan,0.5409120364299769,nan,0.0,"(0,1.6065325]",1.0,1.6065325417874474,1.1651803416335167,0.05,1.6065325417874474,True,0.008120110363526827,0.5599403454632478,0.0015509660886271568,0.8455364873299771,1.091400330197506,1.5540719452479392
centered,1200,1200,87,3600,nan,1.3983163001236616,0.2883177678132575,1.5227490379719484,nan,0.4031594343485472,nan,0.0,"(0,1.3983163]",1.0,1.3983163001236616,1.146091092925434,0.05,1.3983163001236616,True,0.017096016349878704,0.5599649639590007,0.03452083535704386,0.8462379725423212,1.0908721230413876,1.6074534297872256
centered,1200,1200,88,3600,nan,1.6362510048829975,0.347975897245658,1.6397715569949738,nan,0.5693759115432705,nan,0.0,"(0,1.636251]",1.0,1.6362510048829975,1.1654069077396525,0.05,1.6362510048829975,True,0.008868899383093579,0.55983234016116,0.009481359087487243,0.8455888574796384,1.0836123679898202,1.5439636564418913
centered,1200,1200,89,3600,nan,1.4058156540214402,0.32747234487193283,1.4787970699159427,nan,0.46036574868007085,nan,0.0,"(0,1.4058157]",1.0,1.4058156540214402,1.1643625483447633,0.05,1.4058156540214402,True,0.005788849022432948,0.5597138206451941,0.0016220721134839375,0.8455374648553253,1.0932833597654763,1.55750926677364
centered,1200,1200,90,3600,nan,1.6852879388423758,0.3623552521127791,1.4845155721554741,nan,0.6106729359618549,nan,0.0,"(0,1.6852879]",1.0,1.6852879388423758,1.1450576857550803,0.05,1.6852879388423758,True,0.01586447884935957,0.5600052159351449,0.019465619655293625,0.8457585716086619,1.0914387333137303,1.5350040731471308
centered,1200,1200,91,3600,nan,1.4885414609182734,0.32908163113218153,1.495294008171258,nan,0.48985165196686586,nan,0.0,"(0,1.4885415]",1.0,1.4885414609182734,1.1533507015837052,0.05,1.4885414609182734,True,0.002126955627369815,0.559658865401903,0.0034528704448751257,0.8455422019457937,1.0958957430656195,1.5676774252795462
centered,1200,1200,92,3600,nan,1.6080801580008104,0.3179522065527875,1.5239792329617448,nan,0.5112926345501129,nan,0.0,"(0,1.6080802]",1.0,1.6080801580008104,1.1291903113059147,0.05,1.6080801580008104,True,0.01834016994390742,0.5600136040602122,0.016092715048391174,0.8456886706473794,1.0837483490121957,1.5681004183158416
centered,1200,1200,93,3600,nan,1.7204026516987343,0.37086106387300466,1.6457771065194702,nan,0.6380303576989309,nan,0.0,"(0,1.7204027]",1.0,1.7204026516987343,1.1699623781503423,0.05,1.7204026516987343,True,0.014995626134617263,0.559901434570624,0.02652604811386144,0.8459508419111046,1.0948352391164573,1.5276338366798652
centered,1200,1200,94,3600,nan,1.5575681997226785,0.3159714311315861,1.6710955623216677,nan,0.4921470531514228,nan,0.0,"(0,1.5575682]",1.0,1.5575681997226785,1.1605314679379024,0.05,1.5575681997226785,True,0.015307247611815379,0.5601150904382484,0.015318607779631673,0.8456725684373474,1.0973017962645213,1.5787139185507055
centered,1200,1200,95,3600,nan,1.1901587040522983,0.27750392589397427,1.4733671139032665,nan,0.33027371281139745,nan,0.0,"(0,1.1901587]",1.0,1.1901587040522983,1.1763172155083959,0.05,1.1901587040522983,True,0.022784487345377236,0.5604330054251274,0.03065161926162743,0.8460913849712329,1.0862460147313084,1.5779411245990942
centered,1200,1200,96,3600,nan,1.5831505240313553,0.37329912755371897,1.5061864096996673,nan,0.5909887094071179,nan,0.0,"(0,1.5831505]",1.0,1.5831505240313553,1.1712204442328973,0.05,1.5831505240313553,True,0.01589104715430191,0.5599081971613823,0.030543402278196664,0.8460854798099492,1.0846986154904934,1.5131265514129482
centered,1200,1200,97,3600,nan,0.7190507822552541,0.14554252122643777,1.1818408554324555,nan,0.10465246373927199,nan,0.0,"(0,0.71905078]",1.0,0.7190507822552541,1.1675526469889463,0.05,0.7190507822552541,True,0.12139152895220315,0.5608488162216022,0.15832988417467578,0.8487074920453996,1.1147267758465587,1.6284846187450983
centered,1200,1200,98,3600,nan,1.78026876031943,0.4006159968465303,1.5173734405846713,nan,0.7132041440701052,nan,0.0,"(0,1.7802688]",1.0,1.78026876031943,1.165636223348987,0.05,1.78026876031943,True,0.024324109662523435,0.5602817239975038,0.04869292359598893,0.8469366426500872,1.0820479761929418,1.487842479968499
centered,1200,1200,99,3600,nan,1.4557879717508726,0.33312997480715706,1.3984572370280774,nan,0.48496661035393046,nan,0.0,"(0,1.455788]",1.0,1.4557879717508726,1.1445714345347837,0.05,1.4557879717508726,True,0.007189364845138642,0.5598684399759797,0.000530257130013912,0.8455360435164307,1.0965994741962388,1.564141242675961
centered,1200,1200,100,3600,nan,1.6569237554291194,0.3449880338370896,1.5950622824623764,nan,0.5716188686034586,nan,0.0,"(0,1.6569238]",1.0,1.6569237554291194,1.1531394243336652,0.05,1.6569237554291194,True,0.004300860614172752,0.5596802246050342,0.006234040923728497,0.8455589170421193,1.0920722128647966,1.5609451066195021
centered,1200,1200,101,3600,nan,1.538256732355844,0.33021653751033175,1.5039998811147965,nan,0.5079578119605039,nan,0.0,"(0,1.5382567]",1.0,1.538256732355844,1.147028038658507,0.05,1.538256732355844,True,0.005894898502935329,0.5596941785266589,0.004283177520771047,0.8455445061036437,1.0866575006890453,1.5604588397842654
centered,1200,1200,102,3600,nan,1.2347133132149883,0.27349038336692494,1.3372244674894898,nan,0.33768221737941323,nan,0.0,"(0,1.2347133]",1.0,1.2347133132149883,1.132712150037933,0.05,1.2347133132149883,True,0.02269851096108144,0.5602094830169884,0.04104589204374594,0.8465312006279235,1.0804400407052728,1.6055535002785317
centered,1200,1200,103,3600,nan,2.2561557219481583,0.3818433781780409,1.9261183457500048,nan,0.8614981225644015,nan,0.0,"(0,2.2561557]",1.0,2.2561557219481583,1.1431385384607191,0.05,2.2561557219481583,True,0.018180103136949025,0.5601149236358924,0.030995048147110314,0.8461004958424054,1.0879397499089425,1.5261992074971458
centered,1200,1200,104,3600,nan,1.2716191120029698,0.31990482430822775,1.3515906265476416,nan,0.40679708861229463,nan,0.0,"(0,1.2716191]",1.0,1.2716191120029698,1.1600937568681597,0.05,1.2716191120029698,True,0.007743180633620893,0.5597433068758811,0.0033726511346547547,0.845541708295002,1.0842143385264624,1.5446404610916715
centered,1200,1200,105,3600,nan,1.535080505589259,0.3453531096743281,1.488522348505202,nan,0.5301448262056904,nan,0.0,"(0,1.5350805]",1.0,1.535080505589259,1.1560100992512465,0.05,1.535080505589259,True,0.005222086071200254,0.5596836193281478,0.008924030287370512,0.8455822700797005,1.092954456347565,1.5609777248826184
centered,1200,1200,106,3600,nan,1.53829926630172,0.32487542050022433,1.5005465508450908,nan,0.4997556209949579,nan,0.0,"(0,1.5382993]",1.0,1.53829926630172,1.1424530062358684,0.05,1.53829926630172,True,0.009383337054522769,0.5597467714980843,0.008600537611123046,0.845577372031888,1.0831150534154315,1.5639431602190408
centered,1200,1200,107,3600,nan,1.1752452637306992,0.2965261623982992,1.338611484132709,nan,0.3484909679308413,nan,0.0,"(0,1.1752453]",1.0,1.1752452637306992,1.1621905577026084,0.05,1.1752452637306992,True,0.01022224221113405,0.5597798735039282,0.01649971626548328,0.8456961471703659,1.1002839280576533,1.5680374908558925
centered,1200,1200,108,3600,nan,1.8104792260507578,0.3714334328320655,1.6778046822572983,nan,0.6724725140031741,nan,0.0,"(0,1.8104792]",1.0,1.8104792260507578,1.1619461225162315,0.05,1.8104792260507578,True,0.01288415146395407,0.5598199596278574,0.025699308037001187,0.8459252307644173,1.0959180183359156,1.5321490170786605
centered,1200,1200,109,3600,nan,1.2042862955439035,0.2839602418096364,1.3886211855169501,nan,0.3419694276906781,nan,0.0,"(0,1.2042863]",1.0,1.2042862955439035,1.158543764520598,0.05,1.2042862955439035,True,0.012821508647820728,0.5598393644890194,0.028341085271320766,0.8460103366173042,1.0979900959721618,1.5926829923148775
centered,1200,1200,110,3600,nan,1.7295406180909072,0.36270544287904205,1.5909788791927428,nan,0.6273137958619546,nan,0.0,"(0,1.7295406]",1.0,1.7295406180909072,1.1548523860992317,0.05,1.7295406180909072,True,0.009585888438687226,0.5597462690418902,0.019458664602278217,0.8457595790030288,1.0865007115883984,1.5373797480000277
centered,1200,1200,111,3600,nan,1.9943200994640302,0.37423719136699246,1.8084781595013244,nan,0.7463487527101598,nan,0.0,"(0,1.9943201]",1.0,1.9943200994640302,1.1557670959049327,0.05,1.9943200994640302,True,0.015093529880502797,0.5598886555306487,0.026338405187894414,0.8459427582882962,1.084619714700305,1.5258887330159836
centered,1200,1200,112,3600,nan,0.6772447438181254,0.05,1.2796816341346282,nan,0.03386223719090627,nan,1.0,"(0,0.67724474]",1.0,0.6772447438181254,1.1737148902812202,0.05,0.6772447438181254,True,0.14972008217561356,0.5631380794946154,0.21074963075101988,0.8553017164094281,1.1318276868854003,1.734307627598236
centered,1200,1200,113,3600,nan,1.7234387017665085,0.35334213317163476,1.6710690858051696,nan,0.608963507272731,nan,0.0,"(0,1.7234387]",1.0,1.7234387017665085,1.1601722036868372,0.05,1.7234387017665085,True,0.008087607573777217,0.5597736857773427,0.012243818040822812,0.8456243530566586,1.0937758629696113,1.539326051733055
centered,1200,1200,114,3600,nan,1.4993127503613415,0.3061624069819416,1.4199808613778964,nan,0.4590332004693432,nan,0.0,"(0,1.4993128]",1.0,1.4993127503613415,1.1207130266936085,0.05,1.4993127503613415,True,0.025526314794803277,0.5604221785475658,0.024111758433726555,0.8458780964347667,1.0826237589617294,1.5961853743776904
centered,1200,1200,115,3600,nan,1.2847412694237388,0.32689297229506853,1.458536187783853,nan,0.4199728921920654,nan,0.0,"(0,1.2847413]",1.0,1.2847412694237388,1.1839057709003713,0.05,1.2847412694237388,True,0.017764978256210297,0.5601552067685863,0.004107502542888574,0.8455448826234159,1.0874885966218761,1.5466263510238591
centered,1200,1200,116,3600,nan,2.2006735755754994,0.38196393602365986,2.0849260557409948,nan,0.8405779408300789,nan,0.0,"(0,2.2006736]",1.0,2.2006735755754994,1.165088538861389,0.05,2.2006735755754994,True,0.02229823085406108,0.5604402235516486,0.03143260336369808,0.8461200381996775,1.092043097989807,1.546165898015412
centered,1200,1200,117,3600,nan,1.701938384558498,0.3574049232040945,1.6012606489611425,nan,0.6082811576312307,nan,0.0,"(0,1.7019384]",1.0,1.701938384558498,1.1564216990628546,0.05,1.701938384558498,True,0.007454217859471545,0.5597112010008058,0.015639041354845777,0.8456806072243821,1.0959109638977742,1.5496798664747078
centered,1200,1200,118,3600,nan,1.6320120326482934,0.3857423951183915,1.4405476861396378,nan,0.6295362303357872,nan,0.0,"(0,1.632012]",1.0,1.6320120326482934,1.162709775942276,0.05,1.6320120326482934,True,0.021116524162571357,0.5601606102519225,0.03893197690991785,0.846431751591368,1.0921706886735676,1.5176548470650764
centered,1200,1200,119,3600,nan,1.6926669517480193,0.3333914458150269,1.6836355662605431,nan,0.5643206823265865,nan,0.0,"(0,1.692667]",1.0,1.6926669517480193,1.1517994907216011,0.05,1.6926669517480193,True,0.009369569246896275,0.5598025201506278,0.004414856210551378,0.8455446432011576,1.0949991420130776,1.567391021569472
centered,1200,1200,120,3600,nan,1.476771613315426,0.30649776470982176,1.5274031977009013,nan,0.45262719846809535,nan,0.0,"(0,1.4767716]",1.0,1.476771613315426,1.1446193349692455,0.05,1.476771613315426,True,0.011869761328520021,0.5597920459193508,0.021868882447401344,0.8458186189603514,1.0887776251934087,1.577144463942935
centered,1200,1200,121,3600,nan,1.4095152943495277,0.31253077404434215,1.459876022782499,nan,0.44051690597039667,nan,0.0,"(0,1.4095153]",1.0,1.4095152943495277,1.1495670697835119,0.05,1.4095152943495277,True,0.006634816247343801,0.5597036477022395,0.014677909311013836,0.8456631185195062,1.0855371655287738,1.569876819182829
centered,1200,1200,122,3600,nan,1.6431360216467794,0.35599929778400324,1.5676732634397845,nan,0.5849552698698542,nan,0.0,"(0,1.643136]",1.0,1.6431360216467794,1.159273436779909,0.05,1.6431360216467794,True,0.00742293408018397,0.559706397020183,0.01566438347954972,0.8456778076836509,1.0830592002889872,1.5219748502311614
centered,1200,1200,123,3600,nan,1.9847932714027274,0.3754772132872226,1.8158880470679484,nan,0.7452446464975262,nan,0.0,"(0,1.9847933]",1.0,1.9847932714027274,1.1588171142931019,0.05,1.9847932714027274,True,0.015687757307519416,0.5599169792854546,0.027341194324944564,0.8459777731307707,1.0843466757729967,1.5257278988348384
centered,1200,1200,124,3600,nan,2.0102814582264865,0.38150818396555036,1.908617758299627,nan,0.7669388283876053,nan,0.0,"(0,2.0102815]",1.0,2.0102814582264865,1.1706032437459994,0.05,2.0102814582264865,True,0.020097287774218008,0.5602769745397453,0.0321762961268853,0.846147380684684,1.0858115950951723,1.5152014233283706
centered,1200,1200,125,3600,nan,1.0721561169854814,0.26481060583103677,1.256519092350488,nan,0.28391831088437725,nan,0.0,"(0,1.0721561]",1.0,1.0721561169854814,1.1460724568751632,0.05,1.0721561169854814,True,0.01835382512622167,0.5601033409021369,0.03661987687669718,0.8463270920753037,1.0988958875628492,1.6013197511574413
centered,1200,1200,126,3600,nan,2.071959379244247,0.3662389261257395,1.8399365063199857,nan,0.7588321780305668,nan,0.0,"(0,2.0719594]",1.0,2.071959379244247,1.1431935414369976,0.05,2.071959379244247,True,0.013296646777373222,0.5599290763337053,0.01931115424641818,0.8457525185550849,1.0907280603250205,1.545829712324596
centered,1200,1200,127,3600,nan,2.0412612508010746,0.37836067068461715,1.8365845057519155,nan,0.7723329758956151,nan,0.0,"(0,2.0412613]",1.0,2.0412612508010746,1.1562511229886507,0.05,2.0412612508010746,True,0.0165025205906022,0.5599314503129946,0.02928134129354477,0.8460412005236037,1.0884858052449335,1.5130996465188855
centered,1200,1200,128,3600,nan,1.1949211021297315,0.31267117612526263,1.1832389115371174,nan,0.3736173863797982,nan,0.0,"(0,1.1949211]",1.0,1.1949211021297315,1.132232412933072,0.05,1.1949211021297315,True,0.01811108282822632,0.5609713117839928,0.008267060529311913,0.8455748109186114,1.093870549577219,1.5696035714582577
centered,1200,1200,129,3600,nan,1.5880317544386493,0.33058479882065667,1.609304953621196,nan,0.5249791580619153,nan,0.0,"(0,1.5880318]",1.0,1.5880317544386493,1.1560187881622195,0.05,1.5880317544386493,True,0.0060552072038369265,0.5597463610069423,0.0041402885043945814,0.8455458992749638,1.0814583597392404,1.5470030456649675
centered,1200,1200,130,3600,nan,2.0593491080553568,0.3979834557877081,1.884580054934524,nan,0.8195868746972051,nan,0.0,"(0,2.0593491]",1.0,2.0593491080553568,1.174291962035328,0.05,2.0593491080553568,True,0.02417219858282861,0.5603322706413685,0.04486666821259481,0.8467236683939696,1.0874156652075446,1.511164574780565
centered,1200,1200,131,3600,nan,1.4697412466167468,0.33279220448952285,1.5451182977390099,nan,0.4891184294907666,nan,0.0,"(0,1.4697412]",1.0,1.4697412466167468,1.1680255470622534,0.05,1.4697412466167468,True,0.008439108125560547,0.5598199461272234,0.0017639853919722457,0.8455366528558347,1.0822515860496975,1.5333896679166117
centered,1200,1200,132,3600,nan,1.8610061938620859,0.3829712014759911,1.636848535262205,nan,0.7127117780176243,nan,0.0,"(0,1.8610062]",1.0,1.8610061938620859,1.158511717706369,0.05,1.8610061938620859,True,0.016350923188681234,0.5599181532458904,0.034179458862112586,0.8462264771327721,1.0835724700479563,1.514197411258679
centered,1200,1200,133,3600,nan,1.22334785012487,0.3241898671872766,1.286753717029252,nan,0.396596977055822,nan,0.0,"(0,1.2233479]",1.0,1.22334785012487,1.1584324604667076,0.05,1.22334785012487,True,0.011072403774728935,0.5599167188493124,0.0021425602844885737,0.845538478124602,1.1033195064678998,1.5625932313319708
centered,1200,1200,134,3600,nan,1.5319829692359952,0.32847715571346653,1.5130699621802852,nan,0.5032214083361108,nan,0.0,"(0,1.531983]",1.0,1.5319829692359952,1.1483614995877225,0.05,1.5319829692359952,True,0.004986896473946672,0.5596802710814761,0.005015323450027337,0.8455507815603478,1.0906442608201126,1.566682976542033
centered,1200,1200,135,3600,nan,1.9421917438607599,0.3450336648109686,1.8640174415539805,nan,0.6701215351498839,nan,0.0,"(0,1.9421917]",1.0,1.9421917438607599,1.1463843384232562,0.05,1.9421917438607599,True,0.013669151632562245,0.5599764812388764,0.003148773520859239,0.8455403919289117,1.0813309562620703,1.5543951637364628
centered,1200,1200,136,3600,nan,0.59837681521767,0.05,1.155204496292366,nan,0.029918840760883504,nan,1.0,"(0,0.59837682]",1.0,0.59837681521767,1.1662179134303015,0.05,0.59837681521767,True,0.18229177335277152,0.5617830437833633,0.2450323274853479,0.8520509710468941,1.1484997289696515,1.6817813805155344
centered,1200,1200,137,3600,nan,1.6307889258361228,0.3686562837148778,1.4122326694108198,nan,0.6012005849221225,nan,0.0,"(0,1.6307889]",1.0,1.6307889258361228,1.1459948866363332,0.05,1.6307889258361228,True,0.02037588358945451,0.5602573782878326,0.025125433026760492,0.8459089923546527,1.090305634898798,1.5221232532816222
centered,1200,1200,138,3600,nan,1.0366527701996207,0.22923573981106804,1.3333057723134885,nan,0.23763786470390316,nan,0.0,"(0,1.0366528]",1.0,1.0366527701996207,1.1528693025272758,0.05,1.0366527701996207,True,0.024685443623244194,0.5603511365982248,0.06077366498652734,0.8477159183297018,1.0912357217590727,1.6167656241149058
centered,1200,1200,139,3600,nan,1.075154450621727,0.31292588977204955,1.2377336562948527,nan,0.336443663103183,nan,0.0,"(0,1.0751545]",1.0,1.075154450621727,1.1707308150803057,0.05,1.075154450621727,True,0.01624094416250435,0.5600313994302389,0.002949583284964294,0.8455408491527393,1.0811723077556852,1.522713492562618
centered,1200,1200,140,3600,nan,2.1721714474406286,0.35744211158141687,2.043798444252293,nan,0.776425548890041,nan,0.0,"(0,2.1721714]",1.0,2.1721714474406286,1.1449132268745386,0.05,2.1721714474406286,True,0.018265090691925036,0.5601772616911409,0.011650719493234499,0.8456139105813091,1.102281753845014,1.5582498795243565
centered,1200,1200,141,3600,nan,1.4725066686107,0.3305273043443025,1.5064863582598882,nan,0.4867036598049038,nan,0.0,"(0,1.4725067]",1.0,1.4725066686107,1.1592154349344612,0.05,1.4725066686107,True,0.00295004134994586,0.5596734318414216,0.0015007634555458135,0.8455370590706377,1.0773795880895147,1.5355331631582667
centered,1200,1200,142,3600,nan,1.3061992202636583,0.31532777394304257,1.3966505552042916,nan,0.4118808924518773,nan,0.0,"(0,1.3061992]",1.0,1.3061992202636583,1.1594312714578408,0.05,1.3061992202636583,True,0.005968246330214101,0.559697364598334,0.008179439247723946,0.8455749020327546,1.0797765203667808,1.5455488644376347
centered,1200,1200,143,3600,nan,1.3625642252609103,0.32752390061006065,1.4319897586362127,nan,0.44627234988917863,nan,0.0,"(0,1.3625642]",1.0,1.3625642252609103,1.163768902926082,0.05,1.3625642252609103,True,0.004819124706639525,0.5596969292294925,0.0006767551894245209,0.8455360158732209,1.09038489495398,1.5513917266447275
centered,1200,1200,144,3600,nan,1.6729608488181218,0.3460279997878445,1.6009382484467247,nan,0.5788912962399092,nan,0.0,"(0,1.6729608]",1.0,1.6729608488181218,1.152285657759826,0.05,1.6729608488181218,True,0.0048788160016998445,0.5596843042631279,0.006911762048697855,0.8455632139938027,1.0859130142092936,1.537322874337219
centered,1200,1200,145,3600,nan,1.4298466710119526,0.3293962425392292,1.5097468958822577,nan,0.4709861208385626,nan,0.0,"(0,1.4298467]",1.0,1.4298466710119526,1.1668170382284864,0.05,1.4298466710119526,True,0.007620012670071242,0.5597685511042962,0.0018606069182736389,0.845536208987178,1.091287843918678,1.5595453764071199
centered,1200,1200,146,3600,nan,0.9340948698772483,0.24863692789573605,1.1576142628536266,nan,0.23225047880944633,nan,0.0,"(0,0.93409487]",1.0,0.9340948698772483,1.144644464719649,0.05,0.9340948698772483,True,0.03532006683723873,0.5605146728479123,0.046533337415935676,0.8463583060243839,1.0915270424052292,1.5845476129180078
centered,1200,1200,147,3600,nan,2.0224029942281825,0.36726843685656296,1.6417702426150282,nan,0.7427647863842171,nan,0.0,"(0,2.022403]",1.0,2.0224029942281825,1.126997636342215,0.05,2.0224029942281825,True,0.022362474451988433,0.5605466528322747,0.020035984486514925,0.8457722953740586,1.0940813172036328,1.543795022169814
centered,1200,1200,148,3600,nan,1.4577005920728106,0.2691262708200686,1.6911031568211374,nan,0.3923055243167616,nan,0.0,"(0,1.4577006]",1.0,1.4577005920728106,1.1493879855092537,0.05,1.4577005920728106,True,0.03275925798824218,0.56099409607482,0.05268730386186844,0.8471759312283388,1.0929572205408218,1.6293210329871974
centered,1200,1200,149,3600,nan,1.6414494378590423,0.3630063706230327,1.621964315215877,nan,0.5958566029984282,nan,0.0,"(0,1.6414494]",1.0,1.6414494378590423,1.1727820595555043,0.05,1.6414494378590423,True,0.015660388553161524,0.5599322659534844,0.02166619103084109,0.8458112905317794,1.0835288344635556,1.5229451246387253
centered,1200,1200,150,3600,nan,1.5468023682111989,0.3383662090547404,1.4539815968700327,nan,0.5233856534885181,nan,0.0,"(0,1.5468024]",1.0,1.5468023682111989,1.1431153245084553,0.05,1.5468023682111989,True,0.008280157751619416,0.5598356791044043,0.0025439923936198335,0.8455394260960818,1.091822181662464,1.5647092009310914
centered,1200,1200,151,3600,nan,1.778917604317197,0.3721297552605512,1.7341047552834137,nan,0.6619881727232446,nan,0.0,"(0,1.7789176]",1.0,1.778917604317197,1.174372313289119,0.05,1.778917604317197,True,0.018150325127830283,0.5601203624036661,0.02690722191217047,0.8459639351212628,1.0865001042171203,1.5170035600286351
centered,1200,1200,152,3600,nan,1.737877971810102,0.3493839289962216,1.653267531875827,nan,0.6071866339069983,nan,0.0,"(0,1.737878]",1.0,1.737877971810102,1.1524712022044994,0.05,1.737877971810102,True,0.007145075709160081,0.5597134469166765,0.008971750416145848,0.8455796412067051,1.0997029345395517,1.553071575309159
centered,1200,1200,153,3600,nan,1.529767664736652,0.36845147846190307,1.518936883584967,nan,0.5636451577754323,nan,0.0,"(0,1.5297677]",1.0,1.529767664736652,1.178157487099673,0.05,1.529767664736652,True,0.019521139224186065,0.5599976773522178,0.0280885316701795,0.8460023881901918,1.08229440350371,1.5137954260907667
centered,1200,1200,154,3600,nan,1.2646940617398459,0.3014459380120845,1.442619410127343,nan,0.381236887739481,nan,0.0,"(0,1.2646941]",1.0,1.2646940617398459,1.1682075213479932,0.05,1.2646940617398459,True,0.012283409615211495,0.5598765395877187,0.016528824147472195,0.845697314449707,1.09212386214334,1.553749946564477
centered,1200,1200,155,3600,nan,1.3837610479714144,0.3311643043499871,1.3991128325250715,nan,0.4582522648380626,nan,0.0,"(0,1.383761]",1.0,1.3837610479714144,1.156015067953635,0.05,1.3837610479714144,True,0.005587893784586286,0.5597139851513127,0.002555229277491115,0.8455371998030318,1.1002793502700696,1.5518405471816128
centered,1200,1200,156,3600,nan,2.0390485560037015,0.35736724000059966,2.0312035513652784,nan,0.728689154686251,nan,0.0,"(0,2.0390486]",1.0,2.0390485560037015,1.1614082607193106,0.05,2.0390485560037015,True,0.017477821142353068,0.5605160627996095,0.012589295423983694,0.8456271068562661,1.0908528063039802,1.5482503055786692
centered,1200,1200,157,3600,nan,1.0336162327324552,0.23134443928180273,1.2807094409438537,nan,0.23912136779405915,nan,0.0,"(0,1.0336162]",1.0,1.0336162327324552,1.1410050542898464,0.05,1.0336162327324552,True,0.026137956047670392,0.5604074640936646,0.06066395651782455,0.8477093356054625,1.0918590293815882,1.6414926745995926
centered,1200,1200,158,3600,nan,1.4820063478934284,0.31814804822270276,1.3913642476762345,nan,0.4714974270359501,nan,0.0,"(0,1.4820063]",1.0,1.4820063478934284,1.1276406079271075,0.05,1.4820063478934284,True,0.019653509268375884,0.5602771217283253,0.013504624810257514,0.8456417639159075,1.0844519565642263,1.5794000526102359
centered,1200,1200,159,3600,nan,1.027779825923966,0.2699904346475859,1.1924674569459435,nan,0.27749072192323176,nan,0.0,"(0,1.0277798]",1.0,1.027779825923966,1.1433490198087135,0.05,1.027779825923966,True,0.017749380753838973,0.5603635357460613,0.02970815344597296,0.8460566775519727,1.0878029483165508,1.574233925020355
centered,1200,1200,160,3600,nan,1.9960615417796013,0.3583344997409086,1.9320604202357883,nan,0.7152577140256601,nan,0.0,"(0,1.9960615]",1.0,1.9960615417796013,1.157234215422066,0.05,1.9960615417796013,True,0.015182417848313036,0.5601381180133533,0.013704266861675765,0.8456426591467535,1.084149763504718,1.5433501973087838
centered,1200,1200,161,3600,nan,1.8041650812532624,0.37412551647079373,1.4830268524576613,nan,0.6749841928224483,nan,0.0,"(0,1.8041651]",1.0,1.8041650812532624,1.1380635249607398,0.05,1.8041650812532624,True,0.023599917037133475,0.5604820570268951,0.02722077560097898,0.8459740413225552,1.087281265838489,1.5290105846334472
centered,1200,1200,162,3600,nan,1.4219701861089096,0.36160109185362127,1.42424204513258,nan,0.5141859718802787,nan,0.0,"(0,1.4219702]",1.0,1.4219701861089096,1.1748538773421746,0.05,1.4219701861089096,True,0.016598984102937798,0.5599306217260249,0.02514813446456084,0.8459097835922305,1.0912845370668802,1.5215633255272238
centered,1200,1200,163,3600,nan,1.560585005635508,0.3416039314654154,1.6374285226230036,nan,0.533101973311067,nan,0.0,"(0,1.560585]",1.0,1.560585005635508,1.1732197666020738,0.05,1.560585005635508,True,0.013224917517522358,0.5600706563131668,0.006621285285124953,0.8455585841014408,1.0906583145638102,1.5481584324817173
centered,1200,1200,164,3600,nan,1.3293731521793355,0.3053076223496902,1.3734329028057641,nan,0.4058677563073858,nan,0.0,"(0,1.3293732]",1.0,1.3293731521793355,1.1430659957012235,0.05,1.3293731521793355,True,0.011753553447021177,0.5598498317332727,0.01829336578487083,0.8457337365318021,1.0969272455745045,1.592435464513195
centered,1200,1200,165,3600,nan,2.1821829155103045,0.40699568623554483,1.9588219936383087,nan,0.8881390331895983,nan,0.0,"(0,2.1821829]",1.0,2.1821829155103045,1.1743821475334775,0.05,2.1821829155103045,True,0.02760649589562738,0.5604588992133761,0.051347080790856946,0.8470870214815054,1.0917473115136704,1.497351374798516
centered,1200,1200,166,3600,nan,1.750960170877965,0.3708425019144886,1.5355606285094099,nan,0.649330450521005,nan,0.0,"(0,1.7509602]",1.0,1.750960170877965,1.1500019910948485,0.05,1.750960170877965,True,0.016411250436606538,0.5599415122590176,0.025484714578269785,0.8459199543686494,1.0835340091263475,1.5345207661074518
centered,1200,1200,167,3600,nan,1.8744830308321663,0.39003161052018737,1.6484530762186833,nan,0.7311076354082319,nan,0.0,"(0,1.874483]",1.0,1.8744830308321663,1.1635829617764692,0.05,1.8744830308321663,True,0.017867358492155705,0.5599899994680335,0.03979733843352417,0.846466850389444,1.0883911237737787,1.5166401266104919
centered,1200,1200,168,3600,nan,1.8768491674438204,0.35535202923512216,1.7908068097692287,nan,0.6669421602194111,nan,0.0,"(0,1.8768492]",1.0,1.8768491674438204,1.1549140540651377,0.05,1.8768491674438204,True,0.011274103066677912,0.5598657873030101,0.012202659047657974,0.8456204256331806,1.092125412939799,1.549852403905807
centered,1200,1200,169,3600,nan,2.18644763859851,0.3750448443244159,1.9399492550294866,nan,0.820015914241665,nan,0.0,"(0,2.1864476]",1.0,2.18644763859851,1.1469886030847132,0.05,2.18644763859851,True,0.016580448314413618,0.5600132885347493,0.025878546929003893,0.8459279733636447,1.083656471147275,1.5332731835184221
centered,1200,1200,170,3600,nan,1.7254967488094874,0.3466542163017593,1.6535358377516667,nan,0.5981507231897865,nan,0.0,"(0,1.7254967]",1.0,1.7254967488094874,1.1523267324018849,0.05,1.7254967488094874,True,0.006450089361788606,0.5597143305572327,0.006544984355305077,0.8455612931277401,1.089126327361507,1.550618481530668
centered,1200,1200,171,3600,nan,1.787127624638467,0.3608564210247263,1.6079281923366262,nan,0.6448964785414577,nan,0.0,"(0,1.7871276]",1.0,1.787127624638467,1.1476991146747098,0.05,1.787127624638467,True,0.01113098144643882,0.5597961585810337,0.017235968998563476,0.8457088687643237,1.087987961275552,1.53766938091267
centered,1200,1200,172,3600,nan,1.06366518785766,0.2612996518604314,1.2475007053585607,nan,0.2779353432832669,nan,0.0,"(0,1.0636652]",1.0,1.06366518785766,1.1435793332124387,0.05,1.06366518785766,True,0.019586448672610793,0.5601829697916944,0.03907855322835181,0.8464370988399795,1.0924137967944743,1.5967520168085803
centered,1200,1200,173,3600,nan,1.9052827534358743,0.3772563212264106,1.6978232046369957,nan,0.7187799624573443,nan,0.0,"(0,1.9052828]",1.0,1.9052827534358743,1.1562468604980551,0.05,1.9052827534358743,True,0.014247901361094838,0.559856629096711,0.029406995368154703,0.8460426282901221,1.0886596340971142,1.5278735835831598
centered,1200,1200,174,3600,nan,1.4715237573936084,0.3373171464008678,1.407131227528242,nan,0.49637019470509486,nan,0.0,"(0,1.4715238]",1.0,1.4715237573936084,1.1465234985678652,0.05,1.4715237573936084,True,0.007792249259451615,0.55984314465903,0.003488600709527069,0.8455426741067436,1.0870081840962151,1.5509385620533185
centered,1200,1200,175,3600,nan,1.5082337478963779,0.37016927123808196,1.3815916488857618,nan,0.5583017873154832,nan,0.0,"(0,1.5082337]",1.0,1.5082337478963779,1.1595189560007322,0.05,1.5082337478963779,True,0.018157162434493904,0.5600802151171158,0.028903659695153384,0.8460294247882367,1.086323384958441,1.5180538805439394
centered,1200,1200,176,3600,nan,1.8545832068407553,0.35724062457563266,1.733573481368956,nan,0.6625324631392712,nan,0.0,"(0,1.8545832]",1.0,1.8545832068407553,1.152267307450206,0.05,1.8545832068407553,True,0.00945827534901539,0.5597785915308519,0.013667234688455638,0.845645798532949,1.098002345124091,1.5547035986607525
centered,1200,1200,177,3600,nan,1.8511116876228455,0.3096344068557744,1.9725331238366075,nan,0.5731678694208914,nan,0.0,"(0,1.8511117]",1.0,1.8511116876228455,1.145524219165712,0.05,1.8511116876228455,True,0.029669694314297106,0.56096946026864,0.026320039803346088,0.845943668406031,1.084294615405523,1.5900521434458206
centered,1200,1200,178,3600,nan,1.0611626118121638,0.2665055184924388,1.2714552457604995,nan,0.28280569206579126,nan,0.0,"(0,1.0611626]",1.0,1.0611626118121638,1.1538478386704174,0.05,1.0611626118121638,True,0.016194696588392857,0.5599747375318386,0.03336483404514318,0.8461935724961355,1.0857835885479676,1.601184826416826
centered,1200,1200,179,3600,nan,1.218606086628086,0.28199065987119376,1.55353312828983,nan,0.34363553449130707,nan,0.0,"(0,1.2186061]",1.0,1.218606086628086,1.1890608813475445,0.05,1.218606086628086,True,0.02914801375854576,0.5612860216805029,0.02741006478606697,0.8459783541487434,1.088443686319509,1.563307734162438
shifted_only,1200,1200,0,3600,0.988474854530708,1.6329936829780283,0.323983060962815,1.7570038238064756,0.6445188284473202,0.5290622919441623,0.0,0.0,"[[0.9075000000000001, 1.03]]",0.0,0.12249999999999994,1.1657658513594282,,,,,,,,,
shifted_only,1200,1200,1,3600,1.018734400258659,1.9415835514610427,0.3617096372077284,1.8979853038126058,0.9228491512023838,0.7022894820074667,0.0,0.0,"[[0.9687500000000001, 1.09125]]",0.0,0.12249999999999994,1.1635694301272983,,,,,,,,,
shifted_only,1200,1200,2,3600,1.030804626167724,1.4512472450080152,0.32545795280138307,1.4971159011635418,0.4204426188402912,0.4723199573689558,0.0,0.0,"[[0.9687500000000001, 1.09125]]",0.0,0.12249999999999994,1.1578182686279488,,,,,,,,,
shifted_only,1200,1200,3,3600,1.0854172750296642,1.9196688312888979,0.3775774429822216,1.7583263267295535,0.8342515562592336,0.7248236486907319,0.0,0.0,"[[1.03, 1.1525]]",0.0,0.12250000000000005,1.1620701879663988,,,,,,,,,
shifted_only,1200,1200,4,3600,1.0145212024777166,1.5620876883770272,0.33880289899669663,1.509434703861752,0.5475664858993106,0.5292398373091852,0.0,0.0,"[[0.9687500000000001, 1.09125]]",0.0,0.12249999999999994,1.1502818447947913,,,,,,,,,
shifted_only,1200,1200,5,3600,0.9649014519443543,2.2619743299239863,0.40137500470746973,2.0384863297872937,1.297072877979632,0.9078999573214157,0.0,0.0,"[[0.9075000000000001, 1.03]]",0.0,0.12249999999999994,1.1687202321613201,,,,,,,,,
shifted_only,1200,1200,6,3600,0.849954786412648,1.2762908170968836,0.26711466123252164,1.3853831908320102,0.42633603068423565,0.3409159892430123,0.0,0.0,"[[0.7850000000000001, 0.9075000000000001]]",0.0,0.12249999999999994,1.1293832662173033,,,,,,,,,
shifted_only,1200,1200,7,3600,0.9293208299092202,2.1053159828875962,0.37830506607834713,1.9193347825193214,1.175995152978376,0.7964517020220925,0.0,0.0,"[[0.8462500000000002, 0.9687500000000001]]",0.0,0.12249999999999994,1.157255060733736,,,,,,,,,
shifted_only,1200,1200,8,3600,1.0319913242456744,1.3153897090970244,0.3428729425560031,1.4415458274005384,0.28339838485134994,0.45101154016598166,0.0,0.0,"[[0.9687500000000001, 1.09125]]",0.0,0.12249999999999994,1.1848328141966238,,,,,,,,,
shifted_only,1200,1200,9,3600,0.9436542496824134,1.705196607240081,0.3295585442087662,1.5889741424054544,0.7615423575576676,0.5619621114717683,0.0,0.0,"[[0.9075000000000001, 1.03]]",0.0,0.12249999999999994,1.1327529909778618,,,,,,,,,
shifted_only,1200,1200,10,3600,1.0536769972652997,1.5080692651323766,0.3738209595049197,1.354985806298536,0.45439226786707687,0.5637478996916642,0.0,0.0,"[[0.9687500000000001, 1.1525]]",0.0,0.18374999999999997,1.157461232072898,,,,,,,,,
shifted_only,1200,1200,11,3600,1.0038115108024146,1.8869786114876483,0.3679028405237574,1.7839627980676451,0.8831671006852337,0.6942247911738815,0.0,0.0,"[[0.9687500000000001, 1.09125]]",0.0,0.12249999999999994,1.162265317234418,,,,,,,,,
shifted_only,1200,1200,12,3600,1.0211760873190159,2.069416427852479,0.3702453655179308,1.80638565529434,1.0482403405334633,0.7661918417390519,0.0,0.0,"[[0.9687500000000001, 1.09125]]",0.0,0.12249999999999994,1.14298025466281,,,,,,,,,
shifted_only,1200,1200,13,3600,1.0654726006551487,1.4670606009080371,0.35457317816044126,1.4450611521863663,0.40158800025288843,0.5201803398179294,0.0,0.0,"[[0.9687500000000001, 1.1525]]",0.0,0.18374999999999997,1.1662695359783988,,,,,,,,,
shifted_only,1200,1200,14,3600,0.9705368076796401,1.8501877064652412,0.36156567710225873,1.8046632823741482,0.8796508987856011,0.6689643708543801,0.0,0.0,"[[0.9075000000000001, 1.03]]",0.0,0.12249999999999994,1.1652578140502827,,,,,,,,,
shifted_only,1200,1200,15,3600,0.9668334360717435,1.6622621716603185,0.3688933833666366,1.5929920557105348,0.695428735588575,0.6131975165461477,0.0,0.0,"[[0.9075000000000001, 1.03]]",0.0,0.12249999999999994,1.1695257230850848,,,,,,,,,
shifted_only,1200,1200,16,3600,1.0111674081481432,1.0111674907826584,0.29138308104293076,1.179606001921441,8.263451523049525e-08,0.2946370989147003,1.0,0.0,"[[0.9687500000000001, 1.09125]]",0.0,0.12249999999999994,1.157056898478255,,,,,,,,,
shifted_only,1200,1200,17,3600,1.089372985511113,1.497193431446402,0.342133848749951,1.5467608719938226,0.407820445935289,0.5122405510239034,0.0,0.0,"[[1.03, 1.1525]]",0.0,0.12250000000000005,1.1699564980372532,,,,,,,,,
shifted_only,1200,1200,18,3600,0.992143749085597,1.2780817902912858,0.2953383309340259,1.4303607308428472,0.2859380412056888,0.3774665427418,0.0,0.0,"[[0.9075000000000001, 1.03]]",0.0,0.12249999999999994,1.1586008874678306,,,,,,,,,
shifted_only,1200,1200,19,3600,1.0305220252467142,2.2426368680414788,0.37613746277214255,2.0324419412104384,1.2121148427947646,0.843539741464386,0.0,0.0,"[[0.9687500000000001, 1.09125]]",0.0,0.12249999999999994,1.1503615660964563,,,,,,,,,
shifted_only,1200,1200,20,3600,1.0321447555725463,1.2995583769495092,0.3013871550546358,1.4559166749700592,0.2674136213769629,0.3916702020562326,0.0,0.0,"[[0.9687500000000001, 1.09125]]",0.0,0.12249999999999994,1.1633230637574312,,,,,,,,,
shifted_only,1200,1200,21,3600,1.0503802375435958,1.3635925332253902,0.2889025687032081,1.4486888542547052,0.31321229568179443,0.3939453855133298,0.0,0.0,"[[0.9687500000000001, 1.09125]]",0.0,0.12249999999999994,1.1394631207719446,,,,,,,,,
shifted_only,1200,1200,22,3600,1.1677687744309155,1.1677687744309155,0.26933861685667515,1.334525155168695,0.0,0.31452522651363746,1.0,0.0,"[[1.09125, 1.2750000000000001]]",0.0,0.18375000000000008,1.1449811917838126,,,,,,,,,
shifted_only,1200,1200,23,3600,0.9961004799630077,1.1806911290382895,0.2815997875852727,1.268605110182313,0.1845906490752819,0.33248237114099816,0.0,0.0,"[[0.9075000000000001, 1.09125]]",0.0,0.18374999999999997,1.134516755615801,,,,,,,,,
shifted_only,1200,1200,24,3600,0.9528452346252384,2.3544560320067447,0.414793921837712,2.0343794771391495,1.4016107973815064,0.9766140513105352,0.0,0.0,"[[0.9075000000000001, 1.03]]",0.0,0.12249999999999994,1.168917848951875,,,,,,,,,
shifted_only,1200,1200,25,3600,1.0065501504150112,1.8133740644916096,0.3393576775934591,1.8000202204132874,0.8068239140765985,0.6153824111340841,0.0,0.0,"[[0.9687500000000001, 1.09125]]",0.0,0.12249999999999994,1.1531807167427932,,,,,,,,,
shifted_only,1200,1200,26,3600,1.101377705224174,2.190513411430137,0.36625461057832936,2.0061291455156405,1.0891357062059628,0.8022856364699525,0.0,0.0,"[[1.03, 1.1525]]",0.0,0.12250000000000005,1.1460304326967652,,,,,,,,,
shifted_only,1200,1200,27,3600,0.9997688919960858,1.8257858736301213,0.3630864085831602,1.6271900094752134,0.8260169816340356,0.6629180356982284,0.0,0.0,"[[0.9687500000000001, 1.09125]]",0.0,0.12249999999999994,1.1467247588396645,,,,,,,,,
shifted_only,1200,1200,28,3600,1.0529200785722013,1.5113141693259773,0.3416871128581414,1.5707845757058037,0.458394090753776,0.5163965751385934,0.0,0.0,"[[0.9687500000000001, 1.1525]]",0.0,0.18374999999999997,1.171171035163853,,,,,,,,,
shifted_only,1200,1200,29,3600,1.0254999136388872,1.0254999136388872,0.27223208701559615,1.2342341810448187,0.0,0.27917398172422786,1.0,0.0,"[[0.9687500000000001, 1.09125]]",0.0,0.12249999999999994,1.1567119107419122,,,,,,,,,
shifted_only,1200,1200,30,3600,1.0773698582416609,1.4665599486267058,0.3305724548910967,1.4529785586218706,0.38919009038504493,0.48480432246249083,0.0,0.0,"[[1.03, 1.1525]]",0.0,0.12250000000000005,1.1508030067663486,,,,,,,,,
shifted_only,1200,1200,31,3600,0.9863104006588196,1.5962672946027272,0.3534329435118416,1.5252703354476167,0.6099568939439076,0.5641734485631259,0.0,0.0,"[[0.9075000000000001, 1.03]]",0.0,0.12249999999999994,1.1580682679801377,,,,,,,,,
shifted_only,1200,1200,32,3600,1.0038976739317962,1.4593333851420118,0.3480311788982087,1.4805765998684144,0.45543571121021564,0.507893518436488,0.0,0.0,"[[0.9687500000000001, 1.09125]]",0.0,0.12249999999999994,1.1692882053675973,,,,,,,,,
shifted_only,1200,1200,33,3600,1.1107480754508847,1.5765643883753482,0.3293291425306804,1.6355256040425215,0.46581631292446346,0.51920859816806,0.0,0.0,"[[1.03, 1.21375]]",0.0,0.18375000000000008,1.1612508966365516,,,,,,,,,
shifted_only,1200,1200,34,3600,1.0910790565618391,1.5896751017626618,0.36246687393235194,1.4369316645633798,0.4985960452008227,0.5762045647040055,0.0,0.0,"[[1.03, 1.1525]]",0.0,0.12250000000000005,1.151335764494581,,,,,,,,,
shifted_only,1200,1200,35,3600,0.941359649813405,1.8451744361948905,0.3667303483493306,1.7206867999228335,0.9038147863814855,0.6766814637510319,0.0,0.0,"[[0.9075000000000001, 1.03]]",0.0,0.12249999999999994,1.1591943170562067,,,,,,,,,
shifted_only,1200,1200,36,3600,0.9437014672795347,1.0425827546409563,0.2609950275059951,1.376392794814033,0.09888128736142154,0.27210891472479254,0.0,0.0,"[[0.9075000000000001, 1.03]]",0.0,0.12249999999999994,1.1820336231325723,,,,,,,,,
shifted_only,1200,1200,37,3600,0.9793428281529185,1.3845616347902647,0.3254497231990242,1.41063737748465,0.4052188066373462,0.45060520079448013,0.0,0.0,"[[0.9075000000000001, 1.03]]",0.0,0.12249999999999994,1.154092373306702,,,,,,,,,
shifted_only,1200,1200,38,3600,1.05568903151243,1.7417691045178005,0.35519861097414407,1.621706619337004,0.6860800730053704,0.6186739665624015,0.0,0.0,"[[0.9687500000000001, 1.1525]]",0.0,0.18374999999999997,1.151815219837547,,,,,,,,,
shifted_only,1200,1200,39,3600,1.0397048394329518,1.1386692710554396,0.2996585300394076,1.2542412431778347,0.0989644316224878,0.34121195996551684,0.0,0.0,"[[0.9687500000000001, 1.09125]]",0.0,0.12249999999999994,1.1524642907555638,,,,,,,,,
shifted_only,1200,1200,40,3600,0.9776998574115852,1.6510332381027093,0.3714909119526238,1.480791421467285,0.6733333806911241,0.613343843286869,0.0,0.0,"[[0.9075000000000001, 1.03]]",0.0,0.12249999999999994,1.1560824738789026,,,,,,,,,
shifted_only,1200,1200,41,3600,1.0568683332799147,1.6074133785555533,0.3189352383089838,1.6917655327343397,0.5505450452756386,0.5126607689506641,0.0,0.0,"[[0.9687500000000001, 1.1525]]",0.0,0.18374999999999997,1.1567873294548727,,,,,,,,,
shifted_only,1200,1200,42,3600,0.9158092029994431,2.213216068461209,0.42658694200856895,1.8021782979443262,1.297406865461766,0.9441290746490948,0.0,0.0,"[[0.8462500000000002, 0.9687500000000001]]",0.0,0.12249999999999994,1.1705754221187266,,,,,,,,,
shifted_only,1200,1200,43,3600,0.9287495635409848,1.3541099365546032,0.2936654105248302,1.462870712047894,0.4253603730136184,0.3976552504140593,0.0,0.0,"[[0.8462500000000002, 0.9687500000000001]]",0.0,0.12249999999999994,1.1477192569999697,,,,,,,,,
shifted_only,1200,1200,44,3600,1.023383084257313,1.7255787399551417,0.3565683905957707,1.4727568159166684,0.7021956556978286,0.6152868341520829,0.0,0.0,"[[0.9687500000000001, 1.09125]]",0.0,0.12249999999999994,1.1332657081341209,,,,,,,,,
shifted_only,1200,1200,45,3600,0.9696180855550577,1.758218046047951,0.37570325552186273,1.5444281624165066,0.7885999604928934,0.6605682438175036,0.0,0.0,"[[0.9075000000000001, 1.03]]",0.0,0.12249999999999994,1.1539329674704193,,,,,,,,,
shifted_only,1200,1200,46,3600,0.9182672618901044,1.7989877408796535,0.3765020620574877,1.654574447833398,0.8807204789895491,0.677322594057331,0.0,0.0,"[[0.8462500000000002, 0.9687500000000001]]",0.0,0.12249999999999994,1.1642016215884725,,,,,,,,,
shifted_only,1200,1200,47,3600,0.9923785804918661,1.5144362905940287,0.34912147107155017,1.370614798544049,0.5220577101021626,0.528722225616329,0.0,0.0,"[[0.9075000000000001, 1.03]]",0.0,0.12249999999999994,1.1416061321447084,,,,,,,,,
shifted_only,1200,1200,48,3600,1.051453338111418,1.1111529528578112,0.2483133615033917,1.417207129322041,0.05969961474639329,0.27591412486854283,0.0,0.0,"[[0.9687500000000001, 1.1525]]",0.0,0.18374999999999997,1.1651797033047533,,,,,,,,,
shifted_only,1200,1200,49,3600,0.9874344504463155,0.9874344504463155,0.2645007979266345,1.2177974432129715,0.0,0.2611772000432983,1.0,0.0,"[[0.9075000000000001, 1.03]]",0.0,0.12249999999999994,1.1573176201629904,,,,,,,,,
shifted_only,1200,1200,50,3600,0.9907208140692414,1.6110786564127777,0.3416175763854479,1.593377280779736,0.6203578423435363,0.5503727859700568,0.0,0.0,"[[0.9075000000000001, 1.03]]",0.0,0.12249999999999994,1.1577723176538182,,,,,,,,,
shifted_only,1200,1200,51,3600,0.973227888364562,1.9827600171678998,0.3660734165009383,1.7648315309116243,1.0095321288033379,0.7258357335861121,0.0,0.0,"[[0.9075000000000001, 1.03]]",0.0,0.12249999999999994,1.1457342283042165,,,,,,,,,
shifted_only,1200,1200,52,3600,1.037425040795201,1.1651710867602119,0.3041498131818683,1.3037226566861904,0.12774604596501082,0.3543865683630329,0.0,0.0,"[[0.9687500000000001, 1.09125]]",0.0,0.12249999999999994,1.1613301773077607,,,,,,,,,
shifted_only,1200,1200,53,3600,1.0591128527932834,1.3585738293518834,0.2919065270043049,1.4889359228891426,0.29946097655860004,0.3965765682050475,0.0,0.0,"[[0.9687500000000001, 1.1525]]",0.0,0.18374999999999997,1.1506299152146091,,,,,,,,,
shifted_only,1200,1200,54,3600,1.0799383725562397,1.9070950584846273,0.369511758840889,1.669524217365606,0.8271566859283876,0.7046940493374227,0.0,0.0,"[[1.03, 1.1525]]",0.0,0.12250000000000005,1.1464799219226016,,,,,,,,,
shifted_only,1200,1200,55,3600,0.9727719841371866,0.9727719841371866,0.25280701684778,1.2145629774459643,0.0,0.2459235833828181,1.0,0.0,"[[0.9075000000000001, 1.03]]",0.0,0.12249999999999994,1.1532224381745593,,,,,,,,,
shifted_only,1200,1200,56,3600,1.038187471030385,2.01212321951805,0.371280092661246,1.7796007418295834,0.973935748487665,0.7470612953885062,0.0,0.0,"[[0.9687500000000001, 1.09125]]",0.0,0.12249999999999994,1.1478501088767559,,,,,,,,,
shifted_only,1200,1200,57,3600,0.9998547214651865,1.4049458152851246,0.29569994063959204,1.5473659425330575,0.40509109381993813,0.4154423941816546,0.0,0.0,"[[0.9687500000000001, 1.09125]]",0.0,0.12249999999999994,1.1546808348026312,,,,,,,,,
shifted_only,1200,1200,58,3600,0.9618967677952581,1.803032829758827,0.36398309381734856,1.7710977054648827,0.8411360619635688,0.6562734676298666,0.0,0.0,"[[0.9075000000000001, 1.03]]",0.0,0.12249999999999994,1.169683538150826,,,,,,,,,
shifted_only,1200,1200,59,3600,0.8870850518215261,2.147849841695286,0.3558123736058383,2.0469098325776596,1.2607647898737597,0.7642315503225237,0.0,0.0,"[[0.8462500000000002, 0.9687500000000001]]",0.0,0.12249999999999994,1.1470553568036892,,,,,,,,,
shifted_only,1200,1200,60,3600,1.023556926950407,1.9522024958747684,0.37370984251779127,1.8847934383642866,0.9286455689243613,0.7295572872961987,0.0,0.0,"[[0.9687500000000001, 1.09125]]",0.0,0.12249999999999994,1.1697348301611254,,,,,,,,,
shifted_only,1200,1200,61,3600,0.9557678523341285,1.3282503825800782,0.3124443575419361,1.3208518182619842,0.3724825302459497,0.4150043374400634,0.0,0.0,"[[0.9075000000000001, 1.03]]",0.0,0.12249999999999994,1.1374288861963324,,,,,,,,,
shifted_only,1200,1200,62,3600,0.9771228534655463,1.665247369102571,0.33650811092602356,1.7002745853641479,0.6881245156370248,0.5603692464012369,0.0,0.0,"[[0.9075000000000001, 1.03]]",0.0,0.12249999999999994,1.1611335525309272,,,,,,,,,
shifted_only,1200,1200,63,3600,1.0364481070038762,1.3384099095242656,0.3273469298467096,1.3240486707858026,0.3019618025203894,0.4381243747591807,0.0,0.0,"[[0.9687500000000001, 1.09125]]",0.0,0.12249999999999994,1.1467085892066138,,,,,,,,,
shifted_only,1200,1200,64,3600,1.022111523999582,1.4719078556995702,0.31529843769587257,1.4792157915745991,0.4497963316999882,0.46409024733435633,0.0,0.0,"[[0.9687500000000001, 1.09125]]",0.0,0.12249999999999994,1.1434188818051623,,,,,,,,,
shifted_only,1200,1200,65,3600,0.9823291107862754,1.1501832494701307,0.3165912303505946,1.228399316612555,0.16785413868385535,0.36413793007839357,0.0,0.0,"[[0.9075000000000001, 1.03]]",0.0,0.12249999999999994,1.1546962383718165,,,,,,,,,
shifted_only,1200,1200,66,3600,0.9696281754586084,1.8000146929034655,0.3490257432141904,1.6661721596155854,0.8303865174448571,0.6282514659870947,0.0,0.0,"[[0.9075000000000001, 1.03]]",0.0,0.12249999999999994,1.1447694079312303,,,,,,,,,
shifted_only,1200,1200,67,3600,0.9656470712519342,1.2971736109226728,0.35612503875970414,1.2627329742839644,0.33152653967073864,0.46195600246790225,0.0,0.0,"[[0.9075000000000001, 1.03]]",0.0,0.12249999999999994,1.1607775877511295,,,,,,,,,
shifted_only,1200,1200,68,3600,1.0020719814363828,1.624016615174784,0.374789134806736,1.4024570217742742,0.6219446337384011,0.6086637821131211,0.0,0.0,"[[0.9687500000000001, 1.09125]]",0.0,0.12249999999999994,1.1498405871308002,,,,,,,,,
shifted_only,1200,1200,69,3600,0.9461861281801315,1.6934878972523084,0.36876693638876684,1.6106618477906751,0.7473017690721769,0.6245023436811885,0.0,0.0,"[[0.9075000000000001, 1.03]]",0.0,0.12249999999999994,1.1673951002442675,,,,,,,,,
shifted_only,1200,1200,70,3600,0.9662454582505298,1.219854828247166,0.2938485469116424,1.3756023388459617,0.2536093699966362,0.35845256872358083,0.0,0.0,"[[0.9075000000000001, 1.03]]",0.0,0.12249999999999994,1.1587305571470037,,,,,,,,,
shifted_only,1200,1200,71,3600,0.9663223336531509,1.8371607643494896,0.3486664755371333,1.7486342409649658,0.8708384306963387,0.6405563687008424,0.0,0.0,"[[0.9075000000000001, 1.03]]",0.0,0.12249999999999994,1.150088742175861,,,,,,,,,
shifted_only,1200,1200,72,3600,0.9816450317860649,1.0926072088129648,0.2582847831596662,1.3193878288609238,0.11096217702689992,0.2822038160069447,0.0,0.0,"[[0.9075000000000001, 1.03]]",0.0,0.12249999999999994,1.1526787643259067,,,,,,,,,
shifted_only,1200,1200,73,3600,1.046984889283708,1.803778256298637,0.3604077571473786,1.7478170301487614,0.7567933670149292,0.6500956757438012,0.0,0.0,"[[0.9687500000000001, 1.09125]]",0.0,0.12249999999999994,1.1638717190176249,,,,,,,,,
shifted_only,1200,1200,74,3600,0.9674722995713585,1.6476743313527016,0.3510985319020031,1.4797756026337467,0.6802020317813431,0.5784960387905481,0.0,0.0,"[[0.9075000000000001, 1.03]]",0.0,0.12249999999999994,1.1412693479082312,,,,,,,,,
shifted_only,1200,1200,75,3600,1.021118441975021,1.4464558724772214,0.3148652275380323,1.5699215337778,0.4253374305022004,0.4554386574112634,0.0,0.0,"[[0.9687500000000001, 1.09125]]",0.0,0.12249999999999994,1.1640878087039253,,,,,,,,,
shifted_only,1200,1200,76,3600,0.9629327662549646,0.9629327662549646,0.2349578844586808,1.205544322355545,0.0,0.22624864563521185,1.0,0.0,"[[0.9075000000000001, 1.03]]",0.0,0.12249999999999994,1.1423630282139907,,,,,,,,,
shifted_only,1200,1200,77,3600,0.9836759719632767,1.363270986730798,0.33069449808273715,1.3535424366502626,0.3795950147675212,0.45082621470769907,0.0,0.0,"[[0.9075000000000001, 1.03]]",0.0,0.12249999999999994,1.1504936562479953,,,,,,,,,
shifted_only,1200,1200,78,3600,0.9754239611495836,1.2823714348124973,0.3292034789535711,1.2937005963144814,0.30694747366291364,0.4221611376509567,0.0,0.0,"[[0.9075000000000001, 1.03]]",0.0,0.12249999999999994,1.151972072821232,,,,,,,,,
shifted_only,1200,1200,79,3600,1.0613533062705094,1.0613533062705094,0.27506535703898644,1.2869536521177543,0.0,0.29194152613380636,1.0,0.0,"[[0.9687500000000001, 1.1525]]",0.0,0.18374999999999997,1.1632538471077303,,,,,,,,,
shifted_only,1200,1200,80,3600,1.0766092038186053,1.0766092038186053,0.24608565273345095,1.3236627598414912,0.0,0.2649380786605424,1.0,0.0,"[[1.03, 1.1525]]",0.0,0.12250000000000005,1.1500441197930913,,,,,,,,,
shifted_only,1200,1200,81,3600,0.8659103852887479,1.6365984858979974,0.31839207960551796,1.5550798141429059,0.7706881006092495,0.5210799954043054,0.0,0.0,"[[0.7850000000000001, 0.9075000000000001]]",0.0,0.12249999999999994,1.129801919370654,,,,,,,,,
shifted_only,1200,1200,82,3600,0.9823992878907318,1.528735040847323,0.32176189697596796,1.435492983093929,0.5463357529565912,0.4918886867166685,0.0,0.0,"[[0.9075000000000001, 1.03]]",0.0,0.12249999999999994,1.1304050753053354,,,,,,,,,
shifted_only,1200,1200,83,3600,0.9510312833945291,1.1285261456217672,0.2896010675175405,1.3049004869907734,0.1774948622272381,0.32682237649351914,0.0,0.0,"[[0.9075000000000001, 1.03]]",0.0,0.12249999999999994,1.160521927463704,,,,,,,,,
shifted_only,1200,1200,84,3600,0.9363218851444299,1.3332152780848934,0.29777429944969974,1.5205547171599476,0.39689339294046344,0.39699724544736575,0.0,0.0,"[[0.9075000000000001, 1.03]]",0.0,0.12249999999999994,1.166359945235886,,,,,,,,,
shifted_only,1200,1200,85,3600,1.0496419181204024,1.962952045396562,0.36515240504193697,1.8985489192298348,0.9133101272761597,0.716776660358544,0.0,0.0,"[[0.9687500000000001, 1.1525]]",0.0,0.18374999999999997,1.1633098417100822,,,,,,,,,
shifted_only,1200,1200,86,3600,0.9664915190325195,1.5664094519649536,0.35352262501339804,1.3831504059056088,0.5999179329324341,0.5537611813044486,0.0,0.0,"[[0.9075000000000001, 1.03]]",0.0,0.12249999999999994,1.1391743595189092,,,,,,,,,
shifted_only,1200,1200,87,3600,0.9550382035592145,1.746097554312463,0.3275376621135553,1.668962864441264,0.7910593507532485,0.5719127107617008,0.0,0.0,"[[0.9075000000000001, 1.03]]",0.0,0.12249999999999994,1.1364859591007719,,,,,,,,,
shifted_only,1200,1200,88,3600,1.0087274316633614,1.0855457316067396,0.28477453016243715,1.3003971792348632,0.07681829994337819,0.3091357756881484,0.0,0.0,"[[0.9687500000000001, 1.09125]]",0.0,0.12249999999999994,1.166626028431297,,,,,,,,,
shifted_only,1200,1200,89,3600,0.9763165669057177,1.5731123522424133,0.3603024455098194,1.591286806336009,0.5967957853366956,0.5667962275746459,0.0,0.0,"[[0.9075000000000001, 1.03]]",0.0,0.12249999999999994,1.1770684134699354,,,,,,,,,
shifted_only,1200,1200,90,3600,0.8916325342688382,1.7047273098297002,0.3446856019755433,1.746433679744405,0.8130947755608621,0.5875949589927988,0.0,0.0,"[[0.8462500000000002, 0.9687500000000001]]",0.0,0.12249999999999994,1.1672930964515114,,,,,,,,,
shifted_only,1200,1200,91,3600,1.0098563930990527,1.433345322816126,0.2886949740031946,1.436937613670576,0.4234889297170732,0.41379959070800204,0.0,0.0,"[[0.9687500000000001, 1.09125]]",0.0,0.12249999999999994,1.1228010044780008,,,,,,,,,
shifted_only,1200,1200,92,3600,0.9738843131404654,1.4119182751803079,0.32031603302088035,1.5261841588840102,0.43803396203984246,0.4522600608554399,0.0,0.0,"[[0.9075000000000001, 1.03]]",0.0,0.12249999999999994,1.1668699014916541,,,,,,,,,
shifted_only,1200,1200,93,3600,1.0397489856143052,1.494991275090372,0.3220551301538607,1.48533026187577,0.4552422894760668,0.481469609678116,0.0,0.0,"[[0.9687500000000001, 1.09125]]",0.0,0.12249999999999994,1.145317718134714,,,,,,,,,
shifted_only,1200,1200,94,3600,0.9791392026501381,1.0188641105593828,0.2710377532222821,1.1977820289166643,0.039724907909244656,0.2761506393648339,0.0,0.0,"[[0.9075000000000001, 1.03]]",0.0,0.12249999999999994,1.1477017548507078,,,,,,,,,
shifted_only,1200,1200,95,3600,1.0486269371921753,2.187505493226414,0.37346541089623103,2.044180234163936,1.138878556034239,0.8169576378655653,0.0,0.0,"[[0.9687500000000001, 1.1525]]",0.0,0.18374999999999997,1.1560111829564323,,,,,,,,,
shifted_only,1200,1200,96,3600,0.9850634931195842,1.3736598780437588,0.3012829239073064,1.485870018740282,0.3885963849241746,0.4138602645111775,0.0,0.0,"[[0.9075000000000001, 1.03]]",0.0,0.12249999999999994,1.1535888976573667,,,,,,,,,
shifted_only,1200,1200,97,3600,0.945656691432662,1.4598903141407629,0.3206116519271912,1.4757040069731755,0.5142336227081009,0.4680578452491761,0.0,0.0,"[[0.9075000000000001, 1.03]]",0.0,0.12249999999999994,1.1488849765483493,,,,,,,,,
shifted_only,1200,1200,98,3600,0.9751767037671708,1.887926623253266,0.3892357025217319,1.6388709253628098,0.9127499194860953,0.7348484455114661,0.0,0.0,"[[0.9075000000000001, 1.03]]",0.0,0.12249999999999994,1.1600951443545626,,,,,,,,,
shifted_only,1200,1200,99,3600,1.0066175079912125,2.1556581736644618,0.362334369961312,1.928277573618582,1.1490406656732493,0.7810690462066653,0.0,0.0,"[[0.9687500000000001, 1.09125]]",0.0,0.12249999999999994,1.1391416882664906,,,,,,,,,
shifted_only,1200,1200,100,3600,0.9993392044424587,1.7702286847572442,0.36249240618164696,1.5430657249580453,0.7708894803147854,0.6416944554294256,0.0,0.0,"[[0.9687500000000001, 1.09125]]",0.0,0.12249999999999994,1.1421172064834804,,,,,,,,,
shifted_only,1200,1200,101,3600,1.0158934993089817,1.6835580102606236,0.3363328756525619,1.5626139662530074,0.6676645109516419,0.5662359069188608,0.0,0.0,"[[0.9687500000000001, 1.09125]]",0.0,0.12249999999999994,1.1374281930789985,,,,,,,,,
shifted_only,1200,1200,102,3600,0.9696887307136454,1.5904302723492876,0.3226424904819045,1.6158790251343667,0.6207415416356422,0.5131403840085879,0.0,0.0,"[[0.9075000000000001, 1.03]]",0.0,0.12249999999999994,1.1507193022881246,,,,,,,,,
shifted_only,1200,1200,103,3600,0.9519401012782877,1.5785039017198697,0.3741306010467708,1.4832531028300187,0.626563800441582,0.5905666135051277,0.0,0.0,"[[0.9075000000000001, 1.03]]",0.0,0.12249999999999994,1.1688482256015924,,,,,,,,,
shifted_only,1200,1200,104,3600,1.0188914444461956,2.3360956166856246,0.3847533806587705,2.137773943629179,1.317204172239429,0.8988206860619293,0.0,0.0,"[[0.9687500000000001, 1.09125]]",0.0,0.12249999999999994,1.1562380183132994,,,,,,,,,
shifted_only,1200,1200,105,3600,1.0314633124858543,1.2506744015908247,0.29634423101769497,1.3213512183887015,0.21921108910497034,0.37063014379294873,0.0,0.0,"[[0.9687500000000001, 1.09125]]",0.0,0.12249999999999994,1.141737197254625,,,,,,,,,
shifted_only,1200,1200,106,3600,1.0193406875750872,1.186846716380039,0.28161587430014473,1.3343905183978684,0.1675060288049517,0.33423487569362054,0.0,0.0,"[[0.9687500000000001, 1.09125]]",0.0,0.12249999999999994,1.1486786651138654,,,,,,,,,
shifted_only,1200,1200,107,3600,0.9553838125433445,0.9553997790517107,0.25237484961886214,1.281511278698057,1.596650836621638e-05,0.2411188755640696,1.0,0.0,"[[0.9075000000000001, 1.03]]",0.0,0.12249999999999994,1.1765984740283248,,,,,,,,,
shifted_only,1200,1200,108,3600,0.9948528008805083,1.4885409244567127,0.32835312482168566,1.5205262691458712,0.4936881235762044,0.4887670639703224,0.0,0.0,"[[0.9075000000000001, 1.09125]]",0.0,0.18374999999999997,1.1572166130556307,,,,,,,,,
shifted_only,1200,1200,109,3600,1.0454125764774767,1.0683989750806717,0.27623714020939205,1.244662588743365,0.02298639860319507,0.29513147747893026,0.0,0.0,"[[0.9687500000000001, 1.09125]]",0.0,0.12249999999999994,1.151273185255432,,,,,,,,,
shifted_only,1200,1200,110,3600,1.029302130230244,2.000753883804381,0.375611921872426,1.856344030503452,0.9714517535741367,0.751507011489484,0.0,0.0,"[[0.9687500000000001, 1.09125]]",0.0,0.12249999999999994,1.1614806413198704,,,,,,,,,
shifted_only,1200,1200,111,3600,0.9676321835244915,1.5665373525238018,0.34642159349368123,1.5113509367131832,0.5989051689993102,0.542682365928668,0.0,0.0,"[[0.9075000000000001, 1.03]]",0.0,0.12249999999999994,1.155448854125945,,,,,,,,,
shifted_only,1200,1200,112,3600,1.0140312186415397,1.5960549790706338,0.33355511540890226,1.5954462541600922,0.5820237604290941,0.5323723027428583,0.0,0.0,"[[0.9687500000000001, 1.09125]]",0.0,0.12249999999999994,1.154650361120521,,,,,,,,,
shifted_only,1200,1200,113,3600,1.0495584302616563,1.497786701123323,0.34213511462944535,1.445411554553692,0.4482282708616667,0.5124454246792869,0.0,0.0,"[[0.9687500000000001, 1.09125]]",0.0,0.12249999999999994,1.1524391904631972,,,,,,,,,
shifted_only,1200,1200,114,3600,1.0605045910004145,1.0605045910004145,0.2759069634540673,1.211200647708826,0.0,0.29260060143202193,1.0,0.0,"[[0.9687500000000001, 1.1525]]",0.0,0.18374999999999997,1.1441439855976052,,,,,,,,,
shifted_only,1200,1200,115,3600,1.0007408739182724,1.5778617076177155,0.361186161962115,1.3659873767515054,0.5771208336994431,0.5699018142814315,0.0,0.0,"[[0.9687500000000001, 1.09125]]",0.0,0.12249999999999994,1.140243067507695,,,,,,,,,
shifted_only,1200,1200,116,3600,0.9729742439053817,1.6772946134037874,0.3159564313843403,1.797021177167337,0.7043203694984057,0.5299520204312373,0.0,0.0,"[[0.9075000000000001, 1.03]]",0.0,0.12249999999999994,1.1575364149670309,,,,,,,,,
shifted_only,1200,1200,117,3600,1.025484327682795,2.117974363524256,0.36753434640561133,2.105586067764241,1.0924900358414609,0.7784283234017281,0.0,0.0,"[[0.9687500000000001, 1.09125]]",0.0,0.12249999999999994,1.1663451503109252,,,,,,,,,
shifted_only,1200,1200,118,3600,0.9967303158439584,1.2276729849113472,0.2844733211739636,1.2452662670644439,0.2309426690673888,0.34924021133328426,0.0,0.0,"[[0.9075000000000001, 1.09125]]",0.0,0.18374999999999997,1.120731720804468,,,,,,,,,
shifted_only,1200,1200,119,3600,0.9610737458592563,1.366210636204611,0.32381762326831104,1.4190847186914572,0.4051368903453546,0.44240308109966425,0.0,0.0,"[[0.9075000000000001, 1.03]]",0.0,0.12249999999999994,1.1580311871765514,,,,,,,,,
shifted_only,1200,1200,120,3600,1.0145477947422723,1.884900900903728,0.3594014327548235,1.5515743243514655,0.8703531061614558,0.6774360843856575,0.0,0.0,"[[0.9687500000000001, 1.09125]]",0.0,0.12249999999999994,1.12582754997301,,,,,,,,,
shifted_only,1200,1200,121,3600,0.9585254948342103,1.4760152778452538,0.32466007607340364,1.4484855559764624,0.5174897830110434,0.4792032323907461,0.0,0.0,"[[0.9075000000000001, 1.03]]",0.0,0.12249999999999994,1.1440217532543748,,,,,,,,,
shifted_only,1200,1200,122,3600,1.0390143437766093,1.3696174230641132,0.3356317424179577,1.3083376412284444,0.3306030792875039,0.4596870821490014,0.0,0.0,"[[0.9687500000000001, 1.09125]]",0.0,0.12249999999999994,1.143788557141854,,,,,,,,,
shifted_only,1200,1200,123,3600,0.9718924183587226,1.2948417743556222,0.2972746069034071,1.4298724746841247,0.32294935599689956,0.3849235794736778,0.0,0.0,"[[0.9075000000000001, 1.03]]",0.0,0.12249999999999994,1.1562013770544683,,,,,,,,,
shifted_only,1200,1200,124,3600,0.9701571188639514,0.9701571188639514,0.21262826370026103,1.2567341928982214,0.0,0.20628282370048973,1.0,0.0,"[[0.9075000000000001, 1.03]]",0.0,0.12249999999999994,1.1410237793927254,,,,,,,,,
shifted_only,1200,1200,125,3600,1.0391886049544161,1.03919244659404,0.2566294089162497,1.268049316458492,3.8416396239693285e-06,0.2666873433196599,1.0,0.0,"[[0.9687500000000001, 1.09125]]",0.0,0.12249999999999994,1.1523964289087265,,,,,,,,,
shifted_only,1200,1200,126,3600,1.088350448986884,1.1199774147499775,0.29393964941335476,1.2869252705966765,0.03162696576309343,0.3292057686424838,0.0,0.0,"[[1.03, 1.1525]]",0.0,0.12250000000000005,1.1609362774819263,,,,,,,,,
shifted_only,1200,1200,127,3600,1.0240104128110705,1.295445610819904,0.2787164201737401,1.5007513658485376,0.2714351980088334,0.3610619631775077,0.0,0.0,"[[0.9687500000000001, 1.09125]]",0.0,0.12249999999999994,1.1576468309358912,,,,,,,,,
shifted_only,1200,1200,128,3600,0.9852782196550517,1.2492514170187754,0.3183718161253441,1.3472858913687136,0.2639731973637237,0.39772644243342714,0.0,0.0,"[[0.9075000000000001, 1.03]]",0.0,0.12249999999999994,1.16264823426502,,,,,,,,,
shifted_only,1200,1200,129,3600,0.9823387618009402,1.8634071194967397,0.3496968710546172,1.8500565772284385,0.8810683576957995,0.6516276391889071,0.0,0.0,"[[0.9075000000000001, 1.03]]",0.0,0.12249999999999994,1.1599210911780642,,,,,,,,,
shifted_only,1200,1200,130,3600,1.0837814824677157,1.8447039224759552,0.3582455672360585,1.8320206229602207,0.7609224400082395,0.6608570030899806,0.0,0.0,"[[1.03, 1.1525]]",0.0,0.12250000000000005,1.166988528281144,,,,,,,,,
shifted_only,1200,1200,131,3600,0.9977969174598394,1.2686011847294956,0.28832039528812275,1.4273528362319936,0.2708042672696561,0.365763595044189,0.0,0.0,"[[0.9075000000000001, 1.09125]]",0.0,0.18374999999999997,1.1552381033313128,,,,,,,,,
shifted_only,1200,1200,132,3600,0.9707829223499116,1.2078157028084957,0.30619482791048164,1.318056041430948,0.2370327804585841,0.3698269212690248,0.0,0.0,"[[0.9075000000000001, 1.03]]",0.0,0.12249999999999994,1.1567538920238185,,,,,,,,,
shifted_only,1200,1200,133,3600,1.0937294696139972,2.049411516807001,0.3979251710006931,1.7160224956340864,0.9556820471930036,0.8155124282762156,0.0,0.0,"[[1.03, 1.1525]]",0.0,0.12250000000000005,1.1568968818548229,,,,,,,,,
shifted_only,1200,1200,134,3600,0.9748862628674926,2.5530704743706782,0.3687616927429559,2.5712997657654015,1.5781842115031857,0.9414745898209927,0.0,0.0,"[[0.9075000000000001, 1.03]]",0.0,0.12249999999999994,1.153150834173216,,,,,,,,,
shifted_only,1200,1200,135,3600,0.9541857132031965,1.51835429488502,0.3484612934696818,1.5033627225305073,0.5641685816818235,0.5290877015408807,0.0,0.0,"[[0.9075000000000001, 1.03]]",0.0,0.12249999999999994,1.1635021838934139,,,,,,,,,
shifted_only,1200,1200,136,3600,0.9710326063421566,1.4527327415990177,0.31622615857679287,1.4768589512981962,0.48170013525686106,0.45939209431459,0.0,0.0,"[[0.9075000000000001, 1.03]]",0.0,0.12249999999999994,1.147212560304091,,,,,,,,,
shifted_only,1200,1200,137,3600,1.072872943037494,1.2670557117607557,0.3504641706813331,1.2392240388927052,0.1941827687232618,0.4440576292292795,0.0,0.0,"[[1.03, 1.1525]]",0.0,0.12250000000000005,1.157173763980147,,,,,,,,,
shifted_only,1200,1200,138,3600,0.9832505510168558,1.818967596022834,0.3667437817662534,1.6269146416267848,0.8357170450059782,0.6670950550756848,0.0,0.0,"[[0.9075000000000001, 1.03]]",0.0,0.12249999999999994,1.1504289328811939,,,,,,,,,
shifted_only,1200,1200,139,3600,1.0111619570138148,2.0201109987578425,0.35190439258721967,1.9180832826441654,1.0089490417440277,0.7108859339766402,0.0,0.0,"[[0.9687500000000001, 1.09125]]",0.0,0.12249999999999994,1.1472149113296914,,,,,,,,,
shifted_only,1200,1200,140,3600,1.0139398327735056,1.2376974920404287,0.3001968761184653,1.3545313922174969,0.22375765926692304,0.37155292069019574,0.0,0.0,"[[0.9687500000000001, 1.09125]]",0.0,0.12249999999999994,1.1544659999993192,,,,,,,,,
shifted_only,1200,1200,141,3600,1.0114791837897419,1.8642808607286492,0.37169496909001126,1.7932468140614444,0.8528016769389073,0.6929438169036348,0.0,0.0,"[[0.9687500000000001, 1.09125]]",0.0,0.12249999999999994,1.1694256240495435,,,,,,,,,
shifted_only,1200,1200,142,3600,1.0168925859339368,1.2828907770165074,0.31598005736070023,1.3805313100691858,0.2659981910825706,0.4053679013091893,0.0,0.0,"[[0.9687500000000001, 1.09125]]",0.0,0.12249999999999994,1.1612548596200023,,,,,,,,,
shifted_only,1200,1200,143,3600,0.9849239789584803,1.922843100274313,0.369665637086065,1.6420132629201454,0.9379191213158327,0.7108090196794482,0.0,0.0,"[[0.9075000000000001, 1.03]]",0.0,0.12249999999999994,1.141093968541947,,,,,,,,,
shifted_only,1200,1200,144,3600,1.097394658011154,1.5299444440167198,0.30664945317695547,1.5756993712032288,0.4325497860055658,0.46915662714884826,0.0,0.0,"[[1.03, 1.1525]]",0.0,0.12250000000000005,1.1430418383408671,,,,,,,,,
shifted_only,1200,1200,145,3600,1.053197671832141,2.2793655869084053,0.37549574479465303,2.060748187418031,1.2261679150762643,0.8558920787154731,0.0,0.0,"[[0.9687500000000001, 1.1525]]",0.0,0.18374999999999997,1.1482203299905642,,,,,,,,,
shifted_only,1200,1200,146,3600,0.9100466834815676,1.7575574501879303,0.3485470765308105,1.678496146545389,0.8475107667063627,0.6125915110979487,0.0,0.0,"[[0.8462500000000002, 0.9687500000000001]]",0.0,0.12249999999999994,1.1524044773380648,,,,,,,,,
shifted_only,1200,1200,147,3600,0.9820684799530625,2.2389512819346398,0.38507698383967487,1.9166793722065716,1.2568828019815772,0.8621686066113646,0.0,0.0,"[[0.9075000000000001, 1.03]]",0.0,0.12249999999999994,1.1467470130023776,,,,,,,,,
shifted_only,1200,1200,148,3600,0.9830594022231324,1.5280440624963656,0.32085885543155057,1.5400355569565491,0.5449846602732332,0.4902864689415606,0.0,0.0,"[[0.9075000000000001, 1.03]]",0.0,0.12249999999999994,1.1480043472016435,,,,,,,,,
shifted_only,1200,1200,149,3600,1.0198895839458144,1.891788603604843,0.3730586935587989,1.767077886415519,0.8718990196590286,0.7057481849502472,0.0,0.0,"[[0.9687500000000001, 1.09125]]",0.0,0.12249999999999994,1.1634315282217949,,,,,,,,,
shifted_only,1200,1200,150,3600,0.9930469793508199,0.9930469793508199,0.23451903863204263,1.193968676416834,0.0,0.23288842291380815,1.0,0.0,"[[0.9075000000000001, 1.03]]",0.0,0.12249999999999994,1.1301361738159557,,,,,,,,,
shifted_only,1200,1200,151,3600,1.0613511118725842,1.6727463108150524,0.32088586313542894,1.7224985048306336,0.6113951989424682,0.5367606437524926,0.0,0.0,"[[0.9687500000000001, 1.1525]]",0.0,0.18374999999999997,1.151295661014738,,,,,,,,,
shifted_only,1200,1200,152,3600,1.062618376892756,1.062618376892756,0.26868095347972415,1.2316782211420092,0.0,0.28550531868862256,1.0,0.0,"[[0.9687500000000001, 1.1525]]",0.0,0.18374999999999997,1.144442582512074,,,,,,,,,
shifted_only,1200,1200,153,3600,1.0194557109244924,1.1266507735755737,0.26123888179475185,1.3327566340917216,0.10719506265108136,0.29432498826207504,0.0,0.0,"[[0.9687500000000001, 1.09125]]",0.0,0.12249999999999994,1.1491807618540373,,,,,,,,,
shifted_only,1200,1200,154,3600,0.9343170775670716,1.9011493443676073,0.3382709012948023,1.8193385183537605,0.9668322668005357,0.643103502215253,0.0,0.0,"[[0.9075000000000001, 0.9687500000000001]]",0.0,0.06125000000000003,1.1414696617640512,,,,,,,,,
shifted_only,1200,1200,155,3600,0.9872196866303309,1.9018011529751646,0.3443670875084698,1.7996464468955118,0.9145814663448337,0.6549177240703072,0.0,0.0,"[[0.9075000000000001, 1.03]]",0.0,0.12249999999999994,1.1437892166306614,,,,,,,,,
shifted_only,1200,1200,156,3600,1.0398299949574512,1.6667274482432741,0.3368321608321345,1.6903605037303637,0.6268974532858229,0.5614074079100116,0.0,0.0,"[[0.9687500000000001, 1.09125]]",0.0,0.12249999999999994,1.1596752543194169,,,,,,,,,
shifted_only,1200,1200,157,3600,0.9818141060882007,1.172794496050194,0.28478596139481804,1.3331199950328445,0.19098038996199318,0.3339954080762056,0.0,0.0,"[[0.9075000000000001, 1.03]]",0.0,0.12249999999999994,1.1537546899060849,,,,,,,,,
shifted_only,1200,1200,158,3600,1.0330116118851052,1.0658702765398498,0.283135280437454,1.299519437971641,0.03285866465474463,0.301785479658057,0.0,0.0,"[[0.9687500000000001, 1.09125]]",0.0,0.12249999999999994,1.1702266640872796,,,,,,,,,
shifted_only,1200,1200,159,3600,0.9406341064961662,1.6771853422842802,0.3536410273203914,1.7213441545475388,0.736551235788114,0.5931215474521151,0.0,0.0,"[[0.9075000000000001, 1.03]]",0.0,0.12249999999999994,1.1747806486933277,,,,,,,,,
shifted_only,1200,1200,160,3600,0.9618355377718102,1.336148680152529,0.30407753426731887,1.3954127781038659,0.3743131423807189,0.40629279607531354,0.0,0.0,"[[0.9075000000000001, 1.03]]",0.0,0.12249999999999994,1.145331633921769,,,,,,,,,
shifted_only,1200,1200,161,3600,1.06780709076213,1.2654380820306002,0.34616943919867377,1.234985485826252,0.19763099126847017,0.4380559911971782,0.0,0.0,"[[1.03, 1.1525]]",0.0,0.12250000000000005,1.153698604467152,,,,,,,,,
shifted_only,1200,1200,162,3600,0.9957987706447641,1.5750282217480542,0.3392667925629697,1.522674921512845,0.5792294511032902,0.5343547729886202,0.0,0.0,"[[0.9075000000000001, 1.09125]]",0.0,0.18374999999999997,1.1506721328339375,,,,,,,,,
shifted_only,1200,1200,163,3600,1.0124487907962885,1.0124487907962885,0.2664511751914411,1.2611771670768455,0.0,0.2697681701288246,1.0,0.0,"[[0.9687500000000001, 1.09125]]",0.0,0.12249999999999994,1.163980691120083,,,,,,,,,
shifted_only,1200,1200,164,3600,0.9964311609206997,0.9964311609206997,0.21821726105873177,1.2507824009251094,0.0,0.2174384787696875,1.0,0.0,"[[0.9075000000000001, 1.09125]]",0.0,0.18374999999999997,1.1347712876443672,,,,,,,,,
shifted_only,1200,1200,165,3600,1.0006492752542566,1.4325320329060596,0.32224018487060047,1.4731874945091827,0.43188275765180295,0.46161938711670575,0.0,0.0,"[[0.9687500000000001, 1.09125]]",0.0,0.12249999999999994,1.1546449225107462,,,,,,,,,
shifted_only,1200,1200,166,3600,0.9861866207128667,0.9974743517962242,0.24173697275012707,1.2247055203979493,0.011287731083357566,0.2411264301991145,0.0,0.0,"[[0.9075000000000001, 1.03]]",0.0,0.12249999999999994,1.1423855763848623,,,,,,,,,
shifted_only,1200,1200,167,3600,0.9799030672966942,1.854527747648365,0.3373555473816068,1.8632132823385794,0.8746246803516708,0.6256352234422925,0.0,0.0,"[[0.9075000000000001, 1.03]]",0.0,0.12249999999999994,1.153339155310752,,,,,,,,,
shifted_only,1200,1200,168,3600,1.022299799896533,1.4358386167956392,0.3232728281797378,1.4529445945017112,0.4135388168991061,0.464167610461209,0.0,0.0,"[[0.9687500000000001, 1.09125]]",0.0,0.12249999999999994,1.1510558515942109,,,,,,,,,
shifted_only,1200,1200,169,3600,0.921909435674564,1.269615828550214,0.32670633708168495,1.2996619374337786,0.34770639287564997,0.41479153684656894,0.0,0.0,"[[0.8462500000000002, 0.9687500000000001]]",0.0,0.12249999999999994,1.1539694085054948,,,,,,,,,
shifted_only,1200,1200,170,3600,0.9463797590387689,1.8103514647694914,0.3442854202488748,1.6496647407682996,0.8639717057307225,0.6232776148463305,0.0,0.0,"[[0.9075000000000001, 1.03]]",0.0,0.12249999999999994,1.1372753376504363,,,,,,,,,
shifted_only,1200,1200,171,3600,1.0846825538219105,1.4742990907340523,0.31726948984738435,1.5231674922997354,0.3896165369121418,0.46775012039965536,0.0,0.0,"[[1.03, 1.1525]]",0.0,0.12250000000000005,1.1522645063977925,,,,,,,,,
shifted_only,1200,1200,172,3600,0.9729162356289895,1.6484263102603682,0.3577126610042303,1.6251398212511645,0.6755100746313787,0.5896629619126214,0.0,0.0,"[[0.9075000000000001, 1.03]]",0.0,0.12249999999999994,1.1683483063849631,,,,,,,,,
shifted_only,1200,1200,173,3600,0.9792833507862192,1.0570754200977266,0.26573007432409806,1.2741369380089524,0.0777920693115074,0.2808967299487461,0.0,0.0,"[[0.9075000000000001, 1.03]]",0.0,0.12249999999999994,1.1551027574249335,,,,,,,,,
shifted_only,1200,1200,174,3600,1.003049943780044,1.4935625048264396,0.3458148690069806,1.44342518025325,0.4905125610463956,0.516496121960293,0.0,0.0,"[[0.9687500000000001, 1.09125]]",0.0,0.12249999999999994,1.1554328227684252,,,,,,,,,
shifted_only,1200,1200,175,3600,1.0178082262972978,1.265928124865003,0.28296560260504416,1.3828311347537625,0.2481198985677051,0.35821411470709913,0.0,0.0,"[[0.9687500000000001, 1.09125]]",0.0,0.12249999999999994,1.1425721923865306,,,,,,,,,
shifted_only,1200,1200,176,3600,0.9710743556925907,1.1712244580819473,0.2749694523497942,1.4657173943821833,0.2001501023893566,0.32205094781747756,0.0,0.0,"[[0.9075000000000001, 1.03]]",0.0,0.12249999999999994,1.1777415027088294,,,,,,,,,
shifted_only,1200,1200,177,3600,1.020226492093051,1.4503551885404982,0.33370783133138504,1.550622904099891,0.4301286964474471,0.4839948846280717,0.0,0.0,"[[0.9687500000000001, 1.09125]]",0.0,0.12249999999999994,1.1732050124226425,,,,,,,,,
shifted_only,1200,1200,178,3600,1.0919971653796818,1.1467839325949631,0.3226815734512791,1.2160374751681746,0.05478676721528131,0.37004604377838834,0.0,0.0,"[[1.03, 1.1525]]",0.0,0.12250000000000005,1.1563097638671167,,,,,,,,,
shifted_only,1200,1200,179,3600,1.0505768594621003,1.7073058049735401,0.35418866584282394,1.6869935653634252,0.6567289455114398,0.6047083652492867,0.0,0.0,"[[0.9687500000000001, 1.1525]]",0.0,0.18374999999999997,1.1655474638469807,,,,,,,,,
mixed,1200,400,0,3600,0.9881702368340731,1.6309368838114957,0.3203789698744112,1.7249700540796713,0.6427666469774226,0.5225178787657093,0.0,0.0,"[[0.9075000000000001, 1.09125]]",0.0,0.18374999999999997,1.1586760384122738,,,,,,,,,
mixed,1200,400,1,3600,0.9858685313581375,1.7212499442961842,0.3600382320987982,1.4436338989361508,0.7353814129380467,0.619715786944553,0.0,0.0,"[[0.9075000000000001, 1.09125]]",0.0,0.18374999999999997,1.1320957304003039,,,,,,,,,
mixed,1200,400,2,3600,0.9986670308192521,0.9986670308192521,0.2848783720732875,1.2076502241625366,0.0,0.28449863798305214,1.0,0.0,"[[0.9075000000000001, 1.09125]]",0.0,0.18374999999999997,1.1639012434732667,,,,,,,,,
mixed,1200,400,3,3600,0.8110154895823973,1.4172099750398912,0.3046534068425263,1.495806253399492,0.6061944854574939,0.4317578471071145,0.0,0.0,"[[0.7237500000000001, 0.9075000000000001]]",0.0,0.18374999999999997,1.149108610246697,,,,,,,,,
mixed,1200,400,4,3600,0.8808561275544688,2.0665992276607077,0.3763183667773915,1.9753063842243601,1.1857431001062388,0.7776992461366962,0.0,0.0,"[[0.7850000000000001, 0.9687500000000001]]",0.0,0.18374999999999997,1.1665132210177924,,,,,,,,,
mixed,1200,400,5,3600,0.9785418966928093,1.5711884145157775,0.34354317334093576,1.6767768331343471,0.5926465178229682,0.5397710538392638,0.0,0.0,"[[0.9075000000000001, 1.09125]]",0.0,0.18374999999999997,1.1788497937188838,,,,,,,,,
mixed,1200,400,6,3600,1.016007606850266,1.2622552744889366,0.30300458016437865,1.4124280596317154,0.24624766763867068,0.38246912950679274,0.0,0.0,"[[0.9075000000000001, 1.09125]]",0.0,0.18374999999999997,1.1634862138178401,,,,,,,,,
mixed,1200,400,7,3600,1.1062432151441053,1.1531708654724473,0.2833477122523408,1.3221858746965534,0.04692765032834201,0.3267483265676698,0.0,0.0,"[[1.03, 1.21375]]",0.0,0.18375000000000008,1.1548142792686003,,,,,,,,,
mixed,1200,400,8,3600,0.9303749103722453,1.21148175656443,0.3312103000614989,1.4152576590151675,0.28110684619218473,0.4012552361107366,0.0,0.0,"[[0.8462500000000002, 1.03]]",0.0,0.18374999999999986,1.193054939008891,,,,,,,,,
mixed,1200,400,9,3600,1.0571176087886773,1.485430159221927,0.34006005040257253,1.3772710525687286,0.4283125504332497,0.5051354548145098,0.0,0.0,"[[0.9687500000000001, 1.1525]]",0.0,0.18374999999999997,1.1407801658890517,,,,,,,,,
mixed,1200,400,10,3600,0.9330662039042793,1.8311079432585684,0.34262961020797134,1.7540928852575148,0.8980417393542891,0.6273918008474034,0.0,0.0,"[[0.8462500000000002, 1.03]]",0.0,0.18374999999999986,1.1469808686843608,,,,,,,,,
mixed,1200,400,11,3600,0.9813232905964211,1.8688699572116556,0.3860186748672739,1.6677636148438963,0.8875466666152345,0.7214187043821022,0.0,0.0,"[[0.9075000000000001, 1.09125]]",0.0,0.18374999999999997,1.1637487554286616,,,,,,,,,
mixed,1200,400,12,3600,1.1030904058371422,1.4278566084152653,0.32781516887340667,1.4262357705014768,0.32476620257812305,0.4680730552146599,0.0,0.0,"[[1.03, 1.21375]]",0.0,0.18375000000000008,1.1508086995765825,,,,,,,,,
mixed,1200,400,13,3600,1.063792182696774,1.0843384484584833,0.27933352768145564,1.282581761620295,0.02054626576170926,0.3028920840085444,0.0,0.0,"[[0.9687500000000001, 1.1525]]",0.0,0.18374999999999997,1.1590449786234638,,,,,,,,,
mixed,1200,400,14,3600,1.0931636963954046,1.3675245243270517,0.2978434359886489,1.6112703519222937,0.2743608279316472,0.40730820312431176,0.0,0.0,"[[1.03, 1.21375]]",0.0,0.18375000000000008,1.1759767670712566,,,,,,,,,
mixed,1200,400,15,3600,0.9808905588032396,1.366051014510555,0.31930232841441136,1.388983194543771,0.3851604557073155,0.4361832696660891,0.0,0.0,"[[0.9075000000000001, 1.09125]]",0.0,0.18374999999999997,1.149002693575325,,,,,,,,,
mixed,1200,400,16,3600,0.9264315776406182,1.8400236797874352,0.37147712224540724,1.791652281992318,0.913592102146817,0.6835267014308412,0.0,0.0,"[[0.8462500000000002, 1.03]]",0.0,0.18374999999999986,1.172498784484535,,,,,,,,,
mixed,1200,400,17,3600,1.018018836828634,1.596443133935034,0.38091608227908724,1.4724234351923648,0.5784242971064,0.6081108641598814,0.0,0.0,"[[0.9075000000000001, 1.09125]]",0.0,0.18374999999999997,1.1692683370437111,,,,,,,,,
mixed,1200,400,18,3600,1.0968080328103265,1.7314481344336445,0.3140571742098174,1.8726734709325283,0.6346401016233181,0.5437737083910904,0.0,0.0,"[[1.03, 1.21375]]",0.0,0.18375000000000008,1.156939992713378,,,,,,,,,
mixed,1200,400,19,3600,1.007315473987996,1.0436371904341792,0.2495827304314839,1.2880138912500927,0.036321716446183316,0.260473819568405,0.0,0.0,"[[0.9075000000000001, 1.09125]]",0.0,0.18374999999999997,1.1520046258438705,,,,,,,,,
mixed,1200,400,20,3600,0.9449752024347118,2.351945877537375,0.39528529620004266,2.2019408656765864,1.4069706751026632,0.9296896228488305,0.0,0.0,"[[0.8462500000000002, 1.03]]",0.0,0.18374999999999986,1.1684349425119203,,,,,,,,,
mixed,1200,400,21,3600,1.0025901699890143,1.6121519637881143,0.33901726833917756,1.5174313769493764,0.6095617937991,0.5465473549110872,0.0,0.0,"[[0.9075000000000001, 1.09125]]",0.0,0.18374999999999997,1.143623224398644,,,,,,,,,
mixed,1200,400,22,3600,1.006652299054623,1.5154410650067587,0.35250921669955143,1.5189408304352578,0.5087887659521357,0.5342069427798665,0.0,0.0,"[[0.9075000000000001, 1.09125]]",0.0,0.18374999999999997,1.1694467461902258,,,,,,,,,
mixed,1200,400,23,3600,1.0638009685070375,1.7146235315535632,0.3522115127125687,1.6597901024623845,0.6508225630465256,0.6039101477810472,0.0,0.0,"[[0.9687500000000001, 1.1525]]",0.0,0.18374999999999997,1.1590787316240472,,,,,,,,,
mixed,1200,400,24,3600,0.9603305642928758,1.4081905506705366,0.3512588791732255,1.5014876449298367,0.4478599863776608,0.4946394344908599,0.0,0.0,"[[0.9075000000000001, 1.03]]",0.0,0.12249999999999994,1.1841833429918935,,,,,,,,,
mixed,1200,400,25,3600,1.0089722290303198,1.0089722290303198,0.2417664087286907,1.37922184129723,0.0,0.24393559231964243,1.0,0.0,"[[0.9075000000000001, 1.09125]]",0.0,0.18374999999999997,1.180792162782736,,,,,,,,,
mixed,1200,400,26,3600,1.0237424774053685,1.7363601891044964,0.3393861618144126,1.6203162003009803,0.7126177116991279,0.5892966201075227,0.0,0.0,"[[0.9687500000000001, 1.09125]]",0.0,0.12249999999999994,1.1402727477665549,,,,,,,,,
mixed,1200,400,27,3600,0.9494852172047628,1.7209385118035345,0.3655489780362222,1.5860587687196515,0.7714532945987718,0.6290873142529592,0.0,0.0,"[[0.8462500000000002, 1.03]]",0.0,0.18374999999999986,1.157493046841761,,,,,,,,,
mixed,1200,400,28,3600,1.00170114107129,1.696942555264144,0.37408704034888346,1.5694054768524506,0.695241414192854,0.6348042181408352,0.0,0.0,"[[0.9075000000000001, 1.09125]]",0.0,0.18374999999999997,1.164763697393815,,,,,,,,,
mixed,1200,400,29,3600,0.89496567120431,1.4623994469722124,0.34497101382029516,1.411250065381662,0.5674337757679023,0.504485419832243,0.0,0.0,"[[0.8462500000000002, 0.9687500000000001]]",0.0,0.12249999999999994,1.1542832463465165,,,,,,,,,
mixed,1200,400,30,3600,0.8433451981474597,1.4907710417068667,0.3252775709111871,1.478390076038599,0.647425843559407,0.48491438323114955,0.0,0.0,"[[0.7850000000000001, 0.9075000000000001]]",0.0,0.12249999999999994,1.147210917406088,,,,,,,,,
mixed,1200,400,31,3600,0.8878480227392694,1.2120372053674486,0.3137668049504458,1.338139302329749,0.3241891826281792,0.38029704140921167,0.0,0.0,"[[0.7850000000000001, 0.9687500000000001]]",0.0,0.18374999999999997,1.165325238569085,,,,,,,,,
mixed,1200,400,32,3600,0.9246972173554254,0.9786099384114907,0.26107802106114375,1.252254411677853,0.05391272105606526,0.25549354611123976,0.0,0.0,"[[0.8462500000000002, 1.03]]",0.0,0.18374999999999986,1.167166087058912,,,,,,,,,
mixed,1200,400,33,3600,1.0697166106215246,1.626011267721572,0.3273392335126148,1.7131744195055658,0.5562946571000473,0.5322572820588545,0.0,0.0,"[[0.9687500000000001, 1.1525]]",0.0,0.18374999999999997,1.1629805442086698,,,,,,,,,
mixed,1200,400,34,3600,0.9732248284585113,2.154552298205328,0.36805587676510876,2.047044896320109,1.1813274697468166,0.792995635152242,0.0,0.0,"[[0.9075000000000001, 1.09125]]",0.0,0.18374999999999997,1.1561000644608024,,,,,,,,,
mixed,1200,400,35,3600,1.106826425913475,1.1068294051034768,0.27613658356786985,1.354239137463677,2.9791900018061312e-06,0.3056360905177319,1.0,0.0,"[[1.03, 1.21375]]",0.0,0.18375000000000008,1.1694991217715243,,,,,,,,,
mixed,1200,400,36,3600,1.03346419351369,1.983989487973282,0.37787968075838696,1.783925543335575,0.9505252944595921,0.7497093143433394,0.0,0.0,"[[0.9687500000000001, 1.1525]]",0.0,0.18374999999999997,1.1570658093582398,,,,,,,,,
mixed,1200,400,37,3600,0.9764149847374518,1.393286206259282,0.3069691621779844,1.4873239336060602,0.4168712215218301,0.42769589940955416,0.0,0.0,"[[0.9075000000000001, 1.09125]]",0.0,0.18374999999999997,1.153937716701028,,,,,,,,,
mixed,1200,400,38,3600,1.0164026039550245,2.5960460588567873,0.3944287783658312,2.324199118367832,1.5796434549017628,1.0239552755763133,0.0,0.0,"[[0.9075000000000001, 1.09125]]",0.0,0.18374999999999997,1.1515045215735211,,,,,,,,,
mixed,1200,400,39,3600,0.9421537957500983,1.9253386912201365,0.3668042580720352,1.7653472829860912,0.9831848954700382,0.7062224301703854,0.0,0.0,"[[0.8462500000000002, 1.03]]",0.0,0.18374999999999986,1.1539079441022706,,,,,,,,,
mixed,1200,400,40,3600,0.9796843893022402,1.4347536939554917,0.3179427944472314,1.5082989716704704,0.45506930465325146,0.4561695987996968,0.0,0.0,"[[0.9075000000000001, 1.09125]]",0.0,0.18374999999999997,1.157550418242036,,,,,,,,,
mixed,1200,400,41,3600,1.008470715504974,1.1916454853437972,0.266338573478686,1.3843575985057217,0.1831747698388233,0.31738115865878336,0.0,0.0,"[[0.9075000000000001, 1.09125]]",0.0,0.18374999999999997,1.1486506877331915,,,,,,,,,
mixed,1200,400,42,3600,1.0872102135122803,2.0212848405486015,0.3810503079770072,1.8437731685826022,0.9340746270363212,0.7702112110003004,0.0,0.0,"[[0.9687500000000001, 1.21375]]",0.0,0.245,1.1616371606671239,,,,,,,,,
mixed,1200,400,43,3600,0.8921646619173582,1.3585633809669004,0.296506444623353,1.387465495709141,0.4663987190495422,0.4028227978859775,0.0,0.0,"[[0.8462500000000002, 0.9687500000000001]]",0.0,0.12249999999999994,1.1337477487168481,,,,,,,,,
mixed,1200,400,44,3600,1.075221517785965,1.2489346374074988,0.30526221551823823,1.3641464386161277,0.1737131196215338,0.38125255445248063,0.0,0.0,"[[0.9687500000000001, 1.1525]]",0.0,0.18374999999999997,1.1575865254763402,,,,,,,,,
mixed,1200,400,45,3600,0.9014235198066011,1.176184167747862,0.29994314772218444,1.2053367316222783,0.27476064794126087,0.3527883815752915,0.0,0.0,"[[0.8462500000000002, 0.9687500000000001]]",0.0,0.12249999999999994,1.1326970657009234,,,,,,,,,
mixed,1200,400,46,3600,1.0586140562622846,1.2052690092092666,0.28476263421877174,1.4599690463960242,0.14665495294698205,0.34321557800467983,0.0,0.0,"[[0.9687500000000001, 1.1525]]",0.0,0.18374999999999997,1.1744669325507984,,,,,,,,,
mixed,1200,400,47,3600,0.9508953743472697,2.088567423573167,0.3819016974896851,1.87001279659066,1.1376720492258974,0.7976274443842507,0.0,0.0,"[[0.8462500000000002, 1.03]]",0.0,0.18374999999999986,1.1568698252461658,,,,,,,,,
mixed,1200,400,48,3600,1.0001938839156532,2.23606882835153,0.3752349114712352,2.122484203733991,1.2358749444358768,0.8390510888500751,0.0,0.0,"[[0.9075000000000001, 1.09125]]",0.0,0.18374999999999997,1.1589908855464577,,,,,,,,,
mixed,1200,400,49,3600,1.084727290883619,1.5897819339473973,0.365189976826027,1.5493691831496337,0.5050546430637783,0.5805724276166864,0.0,0.0,"[[0.9687500000000001, 1.21375]]",0.0,0.245,1.1712979874281195,,,,,,,,,
mixed,1200,400,50,3600,0.9946335708234275,1.6701989621898699,0.32550301160201156,1.7793351591135236,0.6755653913664423,0.5436547921673569,0.0,0.0,"[[0.9075000000000001, 1.09125]]",0.0,0.18374999999999997,1.163516755364788,,,,,,,,,
mixed,1200,400,51,3600,0.9125739857999108,1.869804384083659,0.3735111445892456,1.6181886733780133,0.9572303982837481,0.6983927756570769,0.0,0.0,"[[0.8462500000000002, 0.9687500000000001]]",0.0,0.12249999999999994,1.1477450914442204,,,,,,,,,
mixed,1200,400,52,3600,1.110535710688144,2.0289005967766163,0.374243586475434,1.8599937272378748,0.9183648860884723,0.7593030359398292,0.0,0.0,"[[1.03, 1.21375]]",0.0,0.18375000000000008,1.157213344881836,,,,,,,,,
mixed,1200,400,53,3600,0.994357044432077,0.9943574069614308,0.28406846484620846,1.1894144001256068,3.625293538700447e-07,0.2824655821039902,1.0,0.0,"[[0.9075000000000001, 1.09125]]",0.0,0.18374999999999997,1.1581978429221884,,,,,,,,,
mixed,1200,400,54,3600,1.0657373997338493,1.0657373997338493,0.26142374878785785,1.305306652814018,0.0,0.27860906626184667,1.0,0.0,"[[0.9687500000000001, 1.1525]]",0.0,0.18374999999999997,1.1579772709626133,,,,,,,,,
mixed,1200,400,55,3600,1.0191960249831802,1.823001275362178,0.3638585226757302,1.757041542255141,0.8038052503789979,0.6633145508892542,0.0,0.0,"[[0.9075000000000001, 1.09125]]",0.0,0.18374999999999997,1.1648558709550556,,,,,,,,,
mixed,1200,400,56,3600,1.0494864280010776,1.759676639182362,0.35083598168432684,1.5140672027341786,0.7101902111812843,0.617357881154521,0.0,0.0,"[[0.9687500000000001, 1.1525]]",0.0,0.18374999999999997,1.1302766655520693,,,,,,,,,
mixed,1200,400,57,3600,1.0937578826418124,1.769096388791842,0.33884698490121296,1.6878212968552546,0.6753385061500297,0.5994529773417396,0.0,0.0,"[[1.03, 1.21375]]",0.0,0.18375000000000008,1.1444616742930318,,,,,,,,,
mixed,1200,400,58,3600,1.0105871513819027,1.595970898030434,0.36150155586873567,1.5362047280888136,0.5853837466485312,0.5769459627592252,0.0,0.0,"[[0.9075000000000001, 1.09125]]",0.0,0.18374999999999997,1.16565870483672,,,,,,,,,
mixed,1200,400,59,3600,1.0028894237155732,1.8009513833488946,0.3727280591301259,1.7368635391368539,0.7980619596333214,0.6712651137033488,0.0,0.0,"[[0.9075000000000001, 1.09125]]",0.0,0.18374999999999997,1.1719975336751054,,,,,,,,,
mixed,1200,400,60,3600,1.0538583210640957,1.0538583210640957,0.2659971375485303,1.2019853291059235,0.0,0.2803232967847495,1.0,0.0,"[[0.9687500000000001, 1.1525]]",0.0,0.18374999999999997,1.1368645632307652,,,,,,,,,
mixed,1200,400,61,3600,0.9972257134926208,1.4514236703725623,0.32668776891766,1.4511874921763688,0.45419795687994147,0.47416236062829353,0.0,0.0,"[[0.9075000000000001, 1.09125]]",0.0,0.18374999999999997,1.150365286877394,,,,,,,,,
mixed,1200,400,62,3600,1.0012948811424065,1.1544849708405702,0.2401617157214812,1.373124454134011,0.15319008969816372,0.27726309137173555,0.0,0.0,"[[0.9075000000000001, 1.09125]]",0.0,0.18374999999999997,1.1373559895265068,,,,,,,,,
mixed,1200,400,63,3600,0.9732412668666666,1.6725502557186362,0.35535355917215183,1.6612615838249016,0.6993089888519697,0.5943466862639101,0.0,0.0,"[[0.9075000000000001, 1.09125]]",0.0,0.18374999999999997,1.168143282816517,,,,,,,,,
mixed,1200,400,64,3600,1.1098956104991156,2.161488639042732,0.3889980800493128,1.864768392131622,1.0515930285436164,0.8408149306360249,0.0,0.0,"[[1.03, 1.21375]]",0.0,0.18375000000000008,1.1533409388999987,,,,,,,,,
mixed,1200,400,65,3600,0.9776965862520337,1.7957327996373664,0.36940010527331146,1.700560037885893,0.8180362133853327,0.6633438852287815,0.0,0.0,"[[0.9075000000000001, 1.09125]]",0.0,0.18374999999999997,1.165518119444904,,,,,,,,,
mixed,1200,400,66,3600,1.0501544672443646,2.526997106669914,0.42152210635392834,2.0562546128241697,1.4768426394255494,1.0651851431537847,0.0,0.0,"[[0.9687500000000001, 1.1525]]",0.0,0.18374999999999997,1.1594165161488432,,,,,,,,,
mixed,1200,400,67,3600,0.9957675047510278,0.9957675047510278,0.2667152610678175,1.153126389693983,0.0,0.2655863899925196,1.0,0.0,"[[0.9075000000000001, 1.09125]]",0.0,0.18374999999999997,1.1382080545490185,,,,,,,,,
mixed,1200,400,68,3600,1.0289615122645075,1.8096798872937279,0.3474454106206637,1.668129914856333,0.7807183750292204,0.6287649715327257,0.0,0.0,"[[0.9687500000000001, 1.1525]]",0.0,0.18374999999999997,1.1423992744200904,,,,,,,,,
mixed,1200,400,69,3600,0.9928056171984612,2.1043259687656706,0.3782503037287653,1.8672816851448706,1.1115203515672094,0.7959619368299431,0.0,0.0,"[[0.9075000000000001, 1.09125]]",0.0,0.18374999999999997,1.1517949778989265,,,,,,,,,
mixed,1200,400,70,3600,1.0517649456542213,1.0517649456542213,0.30023724342650665,1.1572038256648671,0.0,0.31577900801585296,1.0,0.0,"[[0.9687500000000001, 1.1525]]",0.0,0.18374999999999997,1.1471341280147276,,,,,,,,,
mixed,1200,400,71,3600,0.919715668317453,1.5553546837080918,0.3411166823579988,1.5522836311750614,0.6356390153906388,0.5305574295964789,0.0,0.0,"[[0.8462500000000002, 1.03]]",0.0,0.18374999999999986,1.16014088244136,,,,,,,,,
mixed,1200,400,72,3600,1.0039520588375956,1.1712150360675988,0.28566545936057874,1.413836816046549,0.16726297723000316,0.3345756812882674,0.0,0.0,"[[0.9075000000000001, 1.09125]]",0.0,0.18374999999999997,1.1731291176830712,,,,,,,,,
mixed,1200,400,73,3600,1.092057885862811,1.0920580364362227,0.28128540949524594,1.2743076766168449,1.5057341173907446e-07,0.3071799919715371,1.0,0.0,"[[1.03, 1.21375]]",0.0,0.18375000000000008,1.1561063093737642,,,,,,,,,
mixed,1200,400,74,3600,1.0044363232762352,1.0058205056658451,0.22020912032771378,1.3561019373881995,0.0013841823896099115,0.22149084876025202,0.0,0.0,"[[0.9075000000000001, 1.09125]]",0.0,0.18374999999999997,1.1624441342726228,,,,,,,,,
mixed,1200,400,75,3600,1.008435777746105,1.5397729297221785,0.3382042974470399,1.6276391040315223,0.5313371519760735,0.5207578219246597,0.0,0.0,"[[0.9075000000000001, 1.09125]]",0.0,0.18374999999999997,1.172923165998569,,,,,,,,,
mixed,1200,400,76,3600,1.0099376383210017,1.8480608451232934,0.3675062622468406,1.631879372360096,0.8381232068022917,0.6791739335959989,0.0,0.0,"[[0.9075000000000001, 1.09125]]",0.0,0.18374999999999997,1.1477671157334968,,,,,,,,,
mixed,1200,400,77,3600,1.046353921913546,1.177006368596399,0.28119999597669243,1.3651191288401543,0.13065244668285292,0.33097418611384877,0.0,0.0,"[[0.9687500000000001, 1.1525]]",0.0,0.18374999999999997,1.1577882744652603,,,,,,,,,
mixed,1200,400,78,3600,1.0222985578653496,1.8079933530366215,0.3562520889025358,1.566337634552949,0.7856947951712718,0.6441014087411963,0.0,0.0,"[[0.9687500000000001, 1.09125]]",0.0,0.12249999999999994,1.1354419797922715,,,,,,,,,
mixed,1200,400,79,3600,0.926587806225494,1.0625791352328122,0.26865135855612465,1.25104436327788,0.13599132900731825,0.2854633282536871,0.0,0.0,"[[0.8462500000000002, 1.03]]",0.0,0.18374999999999986,1.1495314572917177,,,,,,,,,
mixed,1200,400,80,3600,1.0188209953593075,1.398655869063373,0.3383352537678354,1.5372743746650843,0.37983487370406555,0.47321458839342867,0.0,0.0,"[[0.9075000000000001, 1.09125]]",0.0,0.18374999999999997,1.183716366330724,,,,,,,,,
mixed,1200,400,81,3600,0.9058827335648885,1.9869238916873673,0.3654665954994823,1.9265669402198085,1.0810411581224788,0.7261543102115642,0.0,0.0,"[[0.8462500000000002, 0.9687500000000001]]",0.0,0.12249999999999994,1.1634415803462232,,,,,,,,,
mixed,1200,400,82,3600,0.9816549955482937,1.405124949158699,0.32321056636742757,1.4587934166278047,0.4234699536104053,0.45415123063458596,0.0,0.0,"[[0.9075000000000001, 1.09125]]",0.0,0.18374999999999997,1.1578023566724809,,,,,,,,,
mixed,1200,400,83,3600,0.9483799730448359,0.9483799730448359,0.2171823708459101,1.2585576390726285,0.0,0.2059714110086578,1.0,0.0,"[[0.8462500000000002, 1.03]]",0.0,0.18374999999999986,1.151287238686007,,,,,,,,,
mixed,1200,400,84,3600,1.054473045057173,1.273413574021616,0.2998698376937829,1.2502157356416863,0.21894052896444283,0.381858321758922,0.0,0.0,"[[0.9687500000000001, 1.1525]]",0.0,0.18374999999999997,1.1236120934174507,,,,,,,,,
mixed,1200,400,85,3600,1.0150361842828022,1.475874536951812,0.3302978876770275,1.4802153617864189,0.46083835266900985,0.4874782420314946,0.0,0.0,"[[0.9075000000000001, 1.09125]]",0.0,0.18374999999999997,1.1538242203911089,,,,,,,,,
mixed,1200,400,86,3600,0.9269201103867326,1.4463656325412049,0.30332915750914496,1.5919943910032166,0.5194455221544723,0.4387248687689052,0.0,0.0,"[[0.8462500000000002, 1.03]]",0.0,0.18374999999999986,1.1597319834158948,,,,,,,,,
mixed,1200,400,87,3600,0.9683373055642248,1.7798687049108324,0.35768689157155037,1.6283418465987751,0.8115313993466076,0.6366357044650367,0.0,0.0,"[[0.9075000000000001, 1.03]]",0.0,0.12249999999999994,1.1491335662503919,,,,,,,,,
mixed,1200,400,88,3600,0.9449995609663357,1.9237748720890528,0.33279424010612185,1.862766964910231,0.9787753111227171,0.6402211966921281,0.0,0.0,"[[0.8462500000000002, 1.03]]",0.0,0.18374999999999986,1.1390582847741952,,,,,,,,,
mixed,1200,400,89,3600,0.9823773278670795,1.5060712899939905,0.3062183815665099,1.5683735442160838,0.523693962126911,0.46118671294574554,0.0,0.0,"[[0.9075000000000001, 1.09125]]",0.0,0.18374999999999997,1.1459777386915473,,,,,,,,,
mixed,1200,400,90,3600,1.0853841231430372,1.2853246036653572,0.30312269359479355,1.3936288222335493,0.19994048052231994,0.38961105600670354,0.0,0.0,"[[0.9687500000000001, 1.21375]]",0.0,0.245,1.1547336571849853,,,,,,,,,
mixed,1200,400,91,3600,1.0141715180744444,1.1769436001771798,0.3072239052123241,1.247936613111656,0.16277208210273542,0.3615852090610854,0.0,0.0,"[[0.9075000000000001, 1.09125]]",0.0,0.18374999999999997,1.1477136233057854,,,,,,,,,
mixed,1200,400,92,3600,1.0004480201433632,1.3205325050506245,0.310246269881337,1.3835693891782421,0.32008448490726127,0.4096902839490141,0.0,0.0,"[[0.9075000000000001, 1.09125]]",0.0,0.18374999999999997,1.150387835127105,,,,,,,,,
mixed,1200,400,93,3600,0.9422234621269975,0.9422234621269975,0.23988220354621873,1.248030716248274,0.0,0.2260226403279713,1.0,0.0,"[[0.8462500000000002, 1.03]]",0.0,0.18374999999999986,1.1634863067127434,,,,,,,,,
mixed,1200,400,94,3600,1.049740906723166,1.165863849499924,0.2855931629507385,1.3473090751478445,0.11612294277675805,0.33296274434860706,0.0,0.0,"[[0.9687500000000001, 1.1525]]",0.0,0.18374999999999997,1.1591968534923047,,,,,,,,,
mixed,1200,400,95,3600,1.0195277471206134,1.6372351341793823,0.3483568852339756,1.671365476926359,0.6177073870587688,0.5703421317383598,0.0,0.0,"[[0.9075000000000001, 1.09125]]",0.0,0.18374999999999997,1.1702371641121014,,,,,,,,,
mixed,1200,400,96,3600,1.0209219916168761,1.125504236785009,0.2794778527032863,1.3337056401869978,0.10458224516813286,0.3145535073051254,0.0,0.0,"[[0.9075000000000001, 1.09125]]",0.0,0.18374999999999997,1.161649462947126,,,,,,,,,
mixed,1200,400,97,3600,0.9470428604198284,1.3757594925901684,0.28990419257336486,1.5239695407105704,0.42871663217033995,0.3988384448744949,0.0,0.0,"[[0.8462500000000002, 1.03]]",0.0,0.18374999999999986,1.152280136694195,,,,,,,,,
mixed,1200,400,98,3600,0.8303428499497406,1.492548257603013,0.3093445522108553,1.5176736863975069,0.6622054076532723,0.4617116724012963,0.0,0.0,"[[0.7850000000000001, 0.9075000000000001]]",0.0,0.12249999999999994,1.1420275209109088,,,,,,,,,
mixed,1200,400,99,3600,1.0562600062651393,1.6602977346873031,0.3303568191504189,1.7240478690027383,0.6040377284221639,0.5484906784739436,0.0,0.0,"[[0.9687500000000001, 1.1525]]",0.0,0.18374999999999997,1.1608631434811287,,,,,,,,,
mixed,1200,400,100,3600,0.9775952732831714,2.4811066548952434,0.37495963450970327,2.378425394864262,1.503511381612072,0.930314844499113,0.0,0.0,"[[0.9075000000000001, 1.09125]]",0.0,0.18374999999999997,1.1518727116955045,,,,,,,,,
mixed,1200,400,101,3600,1.0139450966885897,1.1319626568604362,0.30024636717057007,1.2263787740480216,0.1180175601718465,0.33986767549509256,0.0,0.0,"[[0.9075000000000001, 1.09125]]",0.0,0.18374999999999997,1.14746131946265,,,,,,,,,
mixed,1200,400,102,3600,0.9902348996996453,2.1919392890588325,0.38936373288997067,1.940758541727633,1.2017043893591872,0.8534616638561354,0.0,0.0,"[[0.9075000000000001, 1.09125]]",0.0,0.18374999999999997,1.1578597614586401,,,,,,,,,
mixed,1200,400,103,3600,0.9156047945440975,1.9058580015759934,0.3656781103415858,1.6163062828453727,0.9902532070318959,0.6969305525957004,0.0,0.0,"[[0.8462500000000002, 0.9687500000000001]]",0.0,0.12249999999999994,1.1367848940410736,,,,,,,,,
mixed,1200,400,104,3600,0.975226496534528,2.1712780861201733,0.37769098763716724,2.007871397685362,1.1960515895856454,0.8200721647816666,0.0,0.0,"[[0.9075000000000001, 1.09125]]",0.0,0.18374999999999997,1.1577651035756815,,,,,,,,,
mixed,1200,400,105,3600,1.0922875126465226,1.840047769665448,0.36920579463754066,1.6651065849597175,0.7477602570189255,0.6793562989703661,0.0,0.0,"[[1.03, 1.21375]]",0.0,0.18375000000000008,1.154537981959071,,,,,,,,,
mixed,1200,400,106,3600,0.9790141767609177,1.5082495186893639,0.32195078546185746,1.604716383932011,0.5292353419284461,0.48558211721450917,0.0,0.0,"[[0.9075000000000001, 1.09125]]",0.0,0.18374999999999997,1.1633027914239418,,,,,,,,,
mixed,1200,400,107,3600,0.9411740246943283,1.4357425967085633,0.3008322197925954,1.47133657975994,0.494568572014235,0.43191763241862213,0.0,0.0,"[[0.8462500000000002, 1.03]]",0.0,0.18374999999999986,1.13807034694391,,,,,,,,,
mixed,1200,400,108,3600,1.0470562090063842,1.7246211453489264,0.3457420872122663,1.5903492070592364,0.6775649363425422,0.5962741144433471,0.0,0.0,"[[0.9687500000000001, 1.1525]]",0.0,0.18374999999999997,1.1425991771496145,,,,,,,,,
mixed,1200,400,109,3600,0.9906361622734695,1.6806778756302077,0.3382111802860527,1.6599563878025327,0.6900417133567381,0.5684240479975482,0.0,0.0,"[[0.9075000000000001, 1.09125]]",0.0,0.18374999999999997,1.1539410280715237,,,,,,,,,
mixed,1200,400,110,3600,1.0406315463373421,1.0406315463373421,0.2351693515380442,1.2894468975980689,0.0,0.24472464594218493,1.0,0.0,"[[0.9687500000000001, 1.1525]]",0.0,0.18374999999999997,1.1438829754963082,,,,,,,,,
mixed,1200,400,111,3600,1.0056936852744187,1.5449685576025598,0.32262905964061556,1.5820665251311812,0.5392748723281411,0.49845175291363203,0.0,0.0,"[[0.9075000000000001, 1.09125]]",0.0,0.18374999999999997,1.1533116085920736,,,,,,,,,
mixed,1200,400,112,3600,1.057201580604532,1.9101378656419197,0.35798785589363313,1.7380116645709005,0.8529362850373876,0.6838061589823915,0.0,0.0,"[[0.9687500000000001, 1.1525]]",0.0,0.18374999999999997,1.1456904253151383,,,,,,,,,
mixed,1200,400,113,3600,1.0094447950235017,2.1637713894441277,0.3984803588773695,1.744381438693111,1.154326594420626,0.8622203997942804,0.0,0.0,"[[0.9075000000000001, 1.09125]]",0.0,0.18374999999999997,1.1479894757455333,,,,,,,,,
mixed,1200,400,114,3600,1.037312990779791,1.5850221182899633,0.35840060810006014,1.47433059953303,0.5477091275101722,0.5680728910471683,0.0,0.0,"[[0.9687500000000001, 1.1525]]",0.0,0.18374999999999997,1.1551921246540509,,,,,,,,,
mixed,1200,400,115,3600,1.0090699493621016,1.5767137266858295,0.3484112654382671,1.5079455322585888,0.567643777323728,0.5493448247484959,0.0,0.0,"[[0.9075000000000001, 1.09125]]",0.0,0.18374999999999997,1.1547109985427357,,,,,,,,,
mixed,1200,400,116,3600,1.052493369662335,1.052493369662335,0.283493173573358,1.2971781658424077,0.0,0.29837468553049284,1.0,0.0,"[[0.9687500000000001, 1.1525]]",0.0,0.18374999999999997,1.1731642014420678,,,,,,,,,
mixed,1200,400,117,3600,0.9982516991387902,1.327878047358711,0.31937611940997906,1.3915906506927074,0.3296263482199209,0.4240925378151255,0.0,0.0,"[[0.9075000000000001, 1.09125]]",0.0,0.18374999999999997,1.156897948759749,,,,,,,,,
mixed,1200,400,118,3600,0.9809011875032456,0.9809031882725826,0.22797950641781448,1.2202882375749173,2.000769336985009e-06,0.22362582470604392,1.0,0.0,"[[0.9075000000000001, 1.09125]]",0.0,0.18374999999999997,1.1369645477032941,,,,,,,,,
mixed,1200,400,119,3600,1.0712144977664653,1.7073674945886357,0.3528458331689885,1.8266625330870077,0.6361529968221704,0.6024375061537756,0.0,0.0,"[[0.9687500000000001, 1.1525]]",0.0,0.18374999999999997,1.1838327262716295,,,,,,,,,
mixed,1200,400,120,3600,0.9237196510979325,1.6633579680858164,0.3452237581793914,1.648375507990755,0.7396383169878838,0.5742306889402217,0.0,0.0,"[[0.8462500000000002, 1.03]]",0.0,0.18374999999999986,1.1602788046297137,,,,,,,,,
mixed,1200,400,121,3600,1.0909205327697509,2.0270671919065966,0.3692113761163281,1.8811628461384546,0.9361466591368457,0.7484162674040954,0.0,0.0,"[[1.03, 1.21375]]",0.0,0.18375000000000008,1.1558813153470726,,,,,,,,,
mixed,1200,400,122,3600,1.0527530025103775,1.5729406018023688,0.31438220264919925,1.5853351264545776,0.5201875992919913,0.49450453103098574,0.0,0.0,"[[0.9687500000000001, 1.1525]]",0.0,0.18374999999999997,1.1426369372429177,,,,,,,,,
mixed,1200,400,123,3600,0.9933765336978531,1.6113554435457862,0.30116871425379016,1.6986354474679095,0.6179789098479331,0.4852898471385302,0.0,0.0,"[[0.9075000000000001, 1.09125]]",0.0,0.18374999999999997,1.143552500514344,,,,,,,,,
mixed,1200,400,124,3600,0.9822032247257647,1.772537686083524,0.3546670031117413,1.767159288546734,0.7903344613577593,0.628660629025864,0.0,0.0,"[[0.9075000000000001, 1.09125]]",0.0,0.18374999999999997,1.16681714523249,,,,,,,,,
mixed,1200,400,125,3600,1.1123897928411686,1.5732306107169964,0.3520458216359608,1.5408312306729406,0.46084081787582787,0.5538492629727094,0.0,0.0,"[[1.03, 1.21375]]",0.0,0.18375000000000008,1.1632150166936652,,,,,,,,,
mixed,1200,400,126,3600,0.9624904396846208,1.8609590140984986,0.3523306853355433,1.7086951113292548,0.8984685744138778,0.655672964818681,0.0,0.0,"[[0.9075000000000001, 1.03]]",0.0,0.12249999999999994,1.144317928228508,,,,,,,,,
mixed,1200,400,127,3600,0.9748261949221614,1.336617350396548,0.3043330819475782,1.3818964259690847,0.36179115547438656,0.40677687763078746,0.0,0.0,"[[0.9075000000000001, 1.09125]]",0.0,0.18374999999999997,1.1426577044310269,,,,,,,,,
mixed,1200,400,128,3600,1.1075918134808413,1.3769096268401704,0.3211466317253437,1.4575607617619963,0.26931781335932903,0.4421898888499206,0.0,0.0,"[[1.03, 1.21375]]",0.0,0.18375000000000008,1.1615085806795464,,,,,,,,,
mixed,1200,400,129,3600,0.9103361589513265,1.6660556038785368,0.3574253437358068,1.6472393503028853,0.7557194449272103,0.5954904968992532,0.0,0.0,"[[0.8462500000000002, 0.9687500000000001]]",0.0,0.12249999999999994,1.168632165782012,,,,,,,,,
mixed,1200,400,130,3600,0.9155958951487693,1.0848504515350228,0.26513947376196306,1.2797323531230451,0.16925455638625353,0.28763667783042396,0.0,0.0,"[[0.8462500000000002, 1.03]]",0.0,0.18374999999999986,1.14908299948117,,,,,,,,,
mixed,1200,400,131,3600,0.957219380709681,1.1293022801890618,0.28475568142023927,1.3293500326516756,0.1720828994793807,0.3215752403246663,0.0,0.0,"[[0.9075000000000001, 1.03]]",0.0,0.12249999999999994,1.1630833199280266,,,,,,,,,
mixed,1200,400,132,3600,0.8927217590464915,1.7349745299648611,0.3392541013266096,1.6207373677404184,0.8422527709183696,0.5885972249877859,0.0,0.0,"[[0.8462500000000002, 0.9687500000000001]]",0.0,0.12249999999999994,1.140458461051852,,,,,,,,,
mixed,1200,400,133,3600,0.9920802839435763,1.3662856327830784,0.34035645404328957,1.4312482496710084,0.37420534883950207,0.4650241331843406,0.0,0.0,"[[0.9075000000000001, 1.09125]]",0.0,0.18374999999999997,1.1716469308787496,,,,,,,,,
mixed,1200,400,134,3600,0.9852571554801317,1.5438899236610788,0.36190016446683576,1.5614290870304322,0.5586327681809471,0.558734017291635,0.0,0.0,"[[0.9075000000000001, 1.09125]]",0.0,0.18374999999999997,1.178223346402093,,,,,,,,,
mixed,1200,400,135,3600,1.0831781264842928,1.1706672332187442,0.27725972701643353,1.3193500327153633,0.08748910673445143,0.3245788775093125,0.0,0.0,"[[0.9687500000000001, 1.1525]]",0.0,0.18374999999999997,1.145968936492564,,,,,,,,,
mixed,1200,400,136,3600,0.992213850010486,1.8855093350432042,0.381096843195806,1.5505188003062906,0.8932954850327182,0.7185616554011884,0.0,0.0,"[[0.9075000000000001, 1.09125]]",0.0,0.18374999999999997,1.1427398879929818,,,,,,,,,
mixed,1200,400,137,3600,1.0425947078094808,1.839059286893923,0.34486613181584347,1.7075930247781046,0.7964645790844422,0.6342292624511108,0.0,0.0,"[[0.9687500000000001, 1.1525]]",0.0,0.18374999999999997,1.1414255551115002,,,,,,,,,
mixed,1200,400,138,3600,1.018019541782447,2.5842075044758226,0.4052789127032229,2.100394088583255,1.5661879626933757,1.0473248076134705,0.0,0.0,"[[0.9075000000000001, 1.09125]]",0.0,0.18374999999999997,1.1444789747389355,,,,,,,,,
mixed,1200,400,139,3600,1.193180983676944,1.6251613592189647,0.3429893905201556,1.6563252857693005,0.4319803755420206,0.5574131040954203,0.0,0.0,"[[1.09125, 1.3362500000000002]]",0.0,0.2450000000000001,1.1660930583411901,,,,,,,,,
mixed,1200,400,140,3600,1.1210222644863475,1.2044776463051288,0.3506515310966862,1.2170314124369654,0.08345538181878132,0.4223519308486262,0.0,0.0,"[[1.03, 1.21375]]",0.0,0.18375000000000008,1.1633928142844017,,,,,,,,,
mixed,1200,400,141,3600,0.9289799388915012,1.0673669729379625,0.26232292615849,1.3450958546657794,0.13838703404646124,0.27999482762601613,0.0,0.0,"[[0.8462500000000002, 1.03]]",0.0,0.18374999999999986,1.168345530137943,,,,,,,,,
mixed,1200,400,142,3600,0.9246655133236785,1.102659872403881,0.29620635039969684,1.2411889526663786,0.17799435908020245,0.326614856536949,0.0,0.0,"[[0.8462500000000002, 1.03]]",0.0,0.18374999999999986,1.1550485875361465,,,,,,,,,
mixed,1200,400,143,3600,0.970111903835767,1.6351237147248197,0.3746368850178906,1.5144375678049815,0.6650118108890527,0.6125776551033885,0.0,0.0,"[[0.9075000000000001, 1.09125]]",0.0,0.18374999999999997,1.1658069669911935,,,,,,,,,
mixed,1200,400,144,3600,1.1191789648880186,1.1963746144283136,0.28816053822208587,1.3527034016654396,0.07719564954029501,0.3447479528089033,0.0,0.0,"[[1.03, 1.21375]]",0.0,0.18375000000000008,1.1550981771578297,,,,,,,,,
mixed,1200,400,145,3600,1.099516614177182,2.0396222633764407,0.3941330391350513,1.8255764925331899,0.9401056491992588,0.8038825213520686,0.0,0.0,"[[1.03, 1.21375]]",0.0,0.18375000000000008,1.167364632228804,,,,,,,,,
mixed,1200,400,146,3600,0.9931057122027556,1.0140572458239012,0.2293027580624545,1.3295949525919832,0.020951533621145657,0.232526123300637,0.0,0.0,"[[0.9075000000000001, 1.09125]]",0.0,0.18374999999999997,1.1585842982040915,,,,,,,,,
mixed,1200,400,147,3600,1.050420927475884,1.6770261535343762,0.33502418487210106,1.730353989754332,0.6266052260584922,0.5618443200970494,0.0,0.0,"[[0.9687500000000001, 1.1525]]",0.0,0.18374999999999997,1.1624171915922579,,,,,,,,,
mixed,1200,400,148,3600,0.9443228840305862,1.649214018358991,0.35998957681189436,1.6057383441121542,0.7048911343284048,0.593699856541297,0.0,0.0,"[[0.8462500000000002, 1.03]]",0.0,0.18374999999999986,1.166980325999569,,,,,,,,,
mixed,1200,400,149,3600,0.9655768574957314,2.5695612078665766,0.38558166534551724,2.319698253358469,1.6039843503708453,0.9907756897364334,0.0,0.0,"[[0.9075000000000001, 1.03]]",0.0,0.12249999999999994,1.146516154254944,,,,,,,,,
mixed,1200,400,150,3600,1.0753573927419053,1.6093212269580566,0.32631684405279526,1.5661611052113478,0.5339638342161512,0.5251486238481253,0.0,0.0,"[[0.9687500000000001, 1.1525]]",0.0,0.18374999999999997,1.1422963767630172,,,,,,,,,
mixed,1200,400,151,3600,1.056319466866576,2.0547513629548373,0.3738195983841755,1.846110255968962,0.9984318960882612,0.7681063292791145,0.0,0.0,"[[0.9687500000000001, 1.1525]]",0.0,0.18374999999999997,1.1520645521042572,,,,,,,,,
mixed,1200,400,152,3600,1.0828460574747512,1.6193051972728287,0.34360136018476367,1.5868617481568619,0.5364591397980776,0.556395468337201,0.0,0.0,"[[0.9687500000000001, 1.21375]]",0.0,0.245,1.156874397054796,,,,,,,,,
mixed,1200,400,153,3600,0.9399495924060483,1.6344059975013503,0.34733023732525936,1.5305973383573774,0.694456405095302,0.5676786229979712,0.0,0.0,"[[0.8462500000000002, 1.03]]",0.0,0.18374999999999986,1.1484635544604473,,,,,,,,,
mixed,1200,400,154,3600,1.0569812992553502,1.1814926648907265,0.2871963739366415,1.3940433450876248,0.12451136563537624,0.33932040918935613,0.0,0.0,"[[0.9687500000000001, 1.1525]]",0.0,0.18374999999999997,1.1672410105046889,,,,,,,,,
mixed,1200,400,155,3600,0.9851625034931646,1.0367268599242405,0.2441737592487396,1.3453927569324424,0.05156435643107593,0.2531414947018433,0.0,0.0,"[[0.9075000000000001, 1.09125]]",0.0,0.18374999999999997,1.1654911362244542,,,,,,,,,
mixed,1200,400,156,3600,0.9996731058308637,1.2348360930274471,0.29420781331087276,1.421810825069659,0.23516298719658346,0.3632984267269467,0.0,0.0,"[[0.9075000000000001, 1.09125]]",0.0,0.18374999999999997,1.1656393452159348,,,,,,,,,
mixed,1200,400,157,3600,1.0588549702234475,1.1236595424500138,0.30835963030329905,1.2512540997954484,0.06480457222656621,0.3464912410966604,0.0,0.0,"[[0.9687500000000001, 1.1525]]",0.0,0.18374999999999997,1.160592120027092,,,,,,,,,
mixed,1200,400,158,3600,0.9632094642731489,1.5728667504829512,0.34003030758181707,1.701482387026846,0.6096572862098023,0.534822364951931,0.0,0.0,"[[0.9075000000000001, 1.03]]",0.0,0.12249999999999994,1.1798510304089636,,,,,,,,,
mixed,1200,400,159,3600,0.9125075021026899,1.8127909155887771,0.3410827842050674,1.7175010403292763,0.9002834134860872,0.6183117726706734,0.0,0.0,"[[0.8462500000000002, 0.9687500000000001]]",0.0,0.12249999999999994,1.1436495781791538,,,,,,,,,
mixed,1200,400,160,3600,1.008586272696182,1.0086416232000586,0.2611653944743304,1.2453965745976157,5.535050387650564e-05,0.2634222874062722,1.0,0.0,"[[0.9075000000000001, 1.09125]]",0.0,0.18374999999999997,1.157125503535916,,,,,,,,,
mixed,1200,400,161,3600,1.1580240660719978,1.1580277780017247,0.28608603844314,1.2399788250038535,3.7119297269239127e-06,0.33129557941562543,1.0,0.0,"[[1.03, 1.2750000000000001]]",0.0,0.2450000000000001,1.1356763271510208,,,,,,,,,
mixed,1200,400,162,3600,0.9979566852192451,0.9979580366300776,0.282157007784915,1.2416692895015216,1.3514108325729524e-06,0.2815808535104513,1.0,0.0,"[[0.9075000000000001, 1.09125]]",0.0,0.18374999999999997,1.1714295389103373,,,,,,,,,
mixed,1200,400,163,3600,1.1691076257540332,1.289603856640071,0.30986723725420984,1.382506598992481,0.12049623088603778,0.3996059842094329,0.0,0.0,"[[1.09125, 1.2750000000000001]]",0.0,0.18375000000000008,1.1561573199325856,,,,,,,,,
mixed,1200,400,164,3600,0.9805337942090748,1.5905949387502205,0.33865225806685784,1.5375468623191337,0.6100611445411457,0.5386585676774777,0.0,0.0,"[[0.9075000000000001, 1.09125]]",0.0,0.18374999999999997,1.1500832428208105,,,,,,,,,
mixed,1200,400,165,3600,1.0374763279530237,1.4435253676155517,0.3476968717330024,1.5557771568267023,0.40604903966252803,0.5019092545871596,0.0,0.0,"[[0.9687500000000001, 1.1525]]",0.0,0.18374999999999997,1.1848774925900287,,,,,,,,,
mixed,1200,400,166,3600,0.9895708703445592,1.2871643922724523,0.3036119441748133,1.3430715896902483,0.2975935219278931,0.3907984836104313,0.0,0.0,"[[0.9075000000000001, 1.09125]]",0.0,0.18374999999999997,1.1439908844423874,,,,,,,,,
mixed,1200,400,167,3600,1.0319667399960823,1.031970701401072,0.29766689669701596,1.1814885076660344,3.961404989594186e-06,0.3071835161683,1.0,0.0,"[[0.9687500000000001, 1.1525]]",0.0,0.18374999999999997,1.1565951232833436,,,,,,,,,
mixed,1200,400,168,3600,0.9623536364187634,2.1400118846238154,0.38236472535308663,2.1635683268127934,1.1776582482050522,0.8182650565165265,0.0,0.0,"[[0.9075000000000001, 1.03]]",0.0,0.12249999999999994,1.180615829265284,,,,,,,,,
mixed,1200,400,169,3600,0.9382777549251574,1.5496582660347968,0.3317834819233166,1.5390002183365759,0.6113805111096394,0.5141510152962742,0.0,0.0,"[[0.8462500000000002, 1.03]]",0.0,0.18374999999999986,1.1521136586724197,,,,,,,,,
mixed,1200,400,170,3600,0.9631046637777655,1.608813115836456,0.3457456991344884,1.5417825603359858,0.6457084520586905,0.5562402155116102,0.0,0.0,"[[0.9075000000000001, 1.03]]",0.0,0.12249999999999994,1.1530730070936215,,,,,,,,,
mixed,1200,400,171,3600,0.9621386975546332,1.8634368490293964,0.3633599381640066,1.8134968287072701,0.9012981514747632,0.6770982982358528,0.0,0.0,"[[0.9075000000000001, 1.03]]",0.0,0.12249999999999994,1.1658025142668114,,,,,,,,,
mixed,1200,400,172,3600,1.0175808708987109,1.0175808708987109,0.2277731386030129,1.3539712540252522,0.0,0.23177758874698665,1.0,0.0,"[[0.9075000000000001, 1.09125]]",0.0,0.18374999999999997,1.1632698890521482,,,,,,,,,
mixed,1200,400,173,3600,0.9303930569416888,1.461802669401442,0.33133450186981356,1.4246400720122272,0.5314096124597533,0.4843456592980906,0.0,0.0,"[[0.8462500000000002, 1.03]]",0.0,0.18374999999999986,1.1470501381414937,,,,,,,,,
mixed,1200,400,174,3600,0.9580827434940683,1.1453158322125572,0.2748342882627801,1.29562937697242,0.18723308871848887,0.31477206158223187,0.0,0.0,"[[0.9075000000000001, 1.03]]",0.0,0.12249999999999994,1.1446299285834838,,,,,,,,,
mixed,1200,400,175,3600,0.9477780725378833,1.6460752965631107,0.3283206158892201,1.5843835162902973,0.6982972240252274,0.5404404551676312,0.0,0.0,"[[0.8462500000000002, 1.03]]",0.0,0.18374999999999986,1.1405924878326166,,,,,,,,,
mixed,1200,400,176,3600,0.9707886188968445,1.5710644032902308,0.31110246918080864,1.5711548551111378,0.6002757843933862,0.4887620151056645,0.0,0.0,"[[0.9075000000000001, 1.03]]",0.0,0.12249999999999994,1.1381254256306794,,,,,,,,,
mixed,1200,400,177,3600,0.9755963601986481,1.469490327138228,0.344698238881714,1.4505037411843125,0.4938939669395799,0.506530727818261,0.0,0.0,"[[0.9075000000000001, 1.09125]]",0.0,0.18374999999999997,1.1599273776338976,,,,,,,,,
mixed,1200,400,178,3600,0.9473036711082783,1.6268261268757185,0.31569522820655044,1.6724180943945546,0.6795224557674402,0.5135812453764085,0.0,0.0,"[[0.8462500000000002, 1.03]]",0.0,0.18374999999999986,1.1478590823401709,,,,,,,,,
mixed,1200,400,179,3600,1.004564555358921,1.1419511110847183,0.2902859722880203,1.3165728376693109,0.13738655572579717,0.3314923885866125,0.0,0.0,"[[0.9075000000000001, 1.09125]]",0.0,0.18374999999999997,1.1606342242398857,,,,,,,,,
centered,4800,4800,0,14400,nan,1.6269418304220395,0.33790683351069856,1.6379760496627898,nan,0.5497547622240113,nan,0.0,"(0,1.6269418]",1.0,1.6269418304220395,1.1592766957773089,0.05,1.6269418304220395,True,0.0055713868883058345,0.5597805928336653,0.001991766616766805,0.8455369264081397,1.0981431272371294,1.5881242317690472
centered,4800,4800,1,14400,nan,1.6061126111290551,0.36222838183182554,1.5092578072429963,nan,0.5817795721689657,nan,0.0,"(0,1.6061126]",1.0,1.6061126111290551,1.160374742666198,0.05,1.6061126111290551,True,0.010152117881331748,0.5597636796040741,0.021081447781082,0.8457976735669297,1.0856738371677008,1.5197870964576647
centered,4800,4800,2,14400,nan,1.382832269048924,0.31422948851742505,1.4522145618384874,nan,0.4345266766086337,nan,0.0,"(0,1.3828323]",1.0,1.382832269048924,1.1544694533493933,0.05,1.382832269048924,True,0.005718123580329558,0.5596854452448409,0.012280021164714761,0.8456226047187403,1.08674079885472,1.5706596918648446
centered,4800,4800,3,14400,nan,1.624822530545165,0.3455190927408511,1.6007994748754897,nan,0.5614072066188591,nan,0.0,"(0,1.6248225]",1.0,1.624822530545165,1.1595506919990355,0.05,1.624822530545165,True,0.005632647895850359,0.5597111093103131,0.007721872855136235,0.8455687443309194,1.0921926990155215,1.5432541646299391
centered,4800,4800,4,14400,nan,1.2848501199339128,0.29725056454574056,1.3436634962912695,nan,0.38192242350701805,nan,0.0,"(0,1.2848501]",1.0,1.2848501199339128,1.1401208593315637,0.05,1.2848501199339128,True,0.014787422559320265,0.5599589023982686,0.023335027522050657,0.8458568972402625,1.0865362773683331,1.5805173846768699
centered,4800,4800,5,14400,nan,1.4114722539183975,0.31390045004452727,1.4652296561477585,nan,0.4430617757303482,nan,0.0,"(0,1.4114723]",1.0,1.4114722539183975,1.1511808217154123,0.05,1.4114722539183975,True,0.005888043379754503,0.5596930819089037,0.013559931558378384,0.8456438432959045,1.0894881689142444,1.568365178885649
centered,4800,4800,6,14400,nan,1.2622022958135448,0.31267169868873407,1.356555339696226,nan,0.39465493592084105,nan,0.0,"(0,1.2622023]",1.0,1.2622022958135448,1.1581870605743818,0.05,1.2622022958135448,True,0.007627118221357588,0.5597321986065275,0.008521750220766969,0.84557891502696,1.0954231786210646,1.56959104701863
centered,4800,4800,7,14400,nan,1.8785204942518863,0.36597945801332005,1.7109462152864514,nan,0.6874999123532194,nan,0.0,"(0,1.8785205]",1.0,1.8785204942518863,1.1527874291002942,0.05,1.8785204942518863,True,0.011139461111651424,0.5597886522414153,0.020558943522328944,0.8457832328209329,1.0916967700558577,1.5492919620110361
centered,4800,4800,8,14400,nan,1.572951688565612,0.33978438837419966,1.5051380239435335,nan,0.5344644274414311,nan,0.0,"(0,1.5729517]",1.0,1.572951688565612,1.1485140550196817,0.05,1.572951688565612,True,0.005048102093061439,0.5597028397181364,0.0033794779908255857,0.8455424212779202,1.0982224442724564,1.557189932242209
centered,4800,4800,9,14400,nan,1.3695069166764198,0.3179755814725308,1.3951586510772949,nan,0.4354697581608374,nan,0.0,"(0,1.3695069]",1.0,1.3695069166764198,1.148634131733581,0.05,1.3695069166764198,True,0.006844306896027832,0.5597478437520257,0.009259577094831353,0.8455848717768683,1.0895614070867545,1.5703329120605898
centered,4800,4800,10,14400,nan,1.591931647638565,0.3419156968749358,1.5339794176893937,nan,0.5443064186796046,nan,0.0,"(0,1.5919316]",1.0,1.591931647638565,1.1517063417906936,0.05,1.591931647638565,True,0.003416954565727581,0.5596723841023132,0.004812570776382238,0.845549617149226,1.0874914634434125,1.535158069720567
centered,4800,4800,11,14400,nan,1.3923258368791214,0.3216925205557311,1.4437659776799847,nan,0.4479008079005123,nan,0.0,"(0,1.3923258]",1.0,1.3923258368791214,1.1563217830428794,0.05,1.3923258368791214,True,0.003271565492533845,0.5596689833932265,0.006315586942972564,0.8455595145406722,1.0830600396735186,1.5533507583448114
centered,4800,4800,12,14400,nan,1.521214442020938,0.34184502308216186,1.476863617547783,nan,0.5200195860455655,nan,0.0,"(0,1.5212144]",1.0,1.521214442020938,1.153807271912037,0.05,1.521214442020938,True,0.005281640899331916,0.5596865702251841,0.006688508546856868,0.8455590142054129,1.085918153427201,1.5539207655319447
centered,4800,4800,13,14400,nan,1.84883897472046,0.3625231405411381,1.7212649518809895,nan,0.6702469114705191,nan,0.0,"(0,1.848839]",1.0,1.84883897472046,1.1555491202558859,0.05,1.84883897472046,True,0.010836139341002072,0.5597835702588666,0.018158784223427142,0.845727932240454,1.090734257472547,1.544049432883961
centered,4800,4800,14,14400,nan,1.9056485450659755,0.3609929342341137,1.7427735232345873,nan,0.6879256599023361,nan,0.0,"(0,1.9056485]",1.0,1.9056485450659755,1.149256579694091,0.05,1.9056485450659755,True,0.01064389571966514,0.5597965866240463,0.016356517256204104,0.8456898413070345,1.0924630704140161,1.5393430408138973
centered,4800,4800,15,14400,nan,1.31584692410595,0.3315079912850303,1.3182847328987992,nan,0.4362137706489492,nan,0.0,"(0,1.3158469]",1.0,1.31584692410595,1.152520833676764,0.05,1.31584692410595,True,0.009153779763744232,0.5599248517978791,0.0036178283574029475,0.8455436951646206,1.0872776214892654,1.5553264485421334
centered,4800,4800,16,14400,nan,1.3445687754760403,0.32991837399327373,1.3605138257130658,nan,0.44359794412718234,nan,0.0,"(0,1.3445688]",1.0,1.3445687754760403,1.1547563448191067,0.05,1.3445687754760403,True,0.006690579237040006,0.5597823557369767,0.0016121735916316696,0.845537488083863,1.094556125509841,1.5477624349377361
centered,4800,4800,17,14400,nan,1.2875694106858488,0.30769744424908463,1.3884381534729424,nan,0.39618181696133575,nan,0.0,"(0,1.2875694]",1.0,1.2875694106858488,1.1563173535476885,0.05,1.2875694106858488,True,0.006918109786296603,0.5597129220416381,0.013667242176146923,0.8456463059873146,1.0953037188754207,1.5848732572889408
centered,4800,4800,18,14400,nan,1.46240047958411,0.31309856503745515,1.5411344389636135,nan,0.457875491667871,nan,0.0,"(0,1.4624005]",1.0,1.46240047958411,1.1546278250888955,0.05,1.46240047958411,True,0.009728525251512774,0.5597652161564378,0.015490726993065845,0.8456768013279529,1.0881383300308851,1.5560069249143103
centered,4800,4800,19,14400,nan,1.3938637208510352,0.31214960627826144,1.465504676517912,nan,0.43509401166920314,nan,0.0,"(0,1.3938637]",1.0,1.3938637208510352,1.153393554034868,0.05,1.3938637208510352,True,0.006322297596067097,0.5596968908766908,0.014235140261063657,0.8456554672007502,1.0959259802105517,1.5821663672662991
centered,4800,4800,20,14400,nan,1.7752663189917444,0.356041228180167,1.745307910543091,nan,0.6320680005607048,nan,0.0,"(0,1.7752663]",1.0,1.7752663189917444,1.1645119291014812,0.05,1.7752663189917444,True,0.01045654345384876,0.5599468433685708,0.013867943127478265,0.8456495940182143,1.0874759193679957,1.5451459962248124
centered,4800,4800,21,14400,nan,1.3379599366958204,0.31381797952536544,1.4077939145936817,nan,0.4198758840197682,nan,0.0,"(0,1.3379599]",1.0,1.3379599366958204,1.1543227680506045,0.05,1.3379599366958204,True,0.0061697106243483865,0.5596950639581882,0.011104106831833896,0.8456063058680746,1.090541510317061,1.5605163618257993
centered,4800,4800,22,14400,nan,1.7436291372689945,0.36809890634826287,1.6572554999217928,nan,0.641827978505682,nan,0.0,"(0,1.7436291]",1.0,1.7436291372689945,1.1661572191037493,0.05,1.7436291372689945,True,0.012634865724547025,0.5598415629180888,0.023965827870270018,0.8458737162136917,1.0846272289946828,1.5257461709385285
centered,4800,4800,23,14400,nan,1.8279402923613557,0.3678224424291506,1.6781853790229122,nan,0.6723574629510094,nan,0.0,"(0,1.8279403]",1.0,1.8279402923613557,1.1568638990954865,0.05,1.8279402923613557,True,0.011323167985012638,0.5597810548842506,0.022497971347944325,0.8458349528978457,1.0903842002296822,1.529381772518985
centered,4800,4800,24,14400,nan,1.617895204740924,0.3377668459034344,1.5759532274913173,nan,0.5464713603076332,nan,0.0,"(0,1.6178952]",1.0,1.617895204740924,1.151070032361814,0.05,1.617895204740924,True,0.003913489377189562,0.559674795042809,0.0018001470757101974,0.8455365359809809,1.0964911106694366,1.5626117014955625
centered,4800,4800,25,14400,nan,1.5599924757040222,0.32201068109136777,1.5911198402949802,nan,0.5023342395988611,nan,0.0,"(0,1.5599925]",1.0,1.5599924757040222,1.1516475356320652,0.05,1.5599924757040222,True,0.009106619972077198,0.5597487656279923,0.011017304583184978,0.8456039992728673,1.0926526777569083,1.564588384857278
centered,4800,4800,26,14400,nan,1.6622988335239524,0.35569173756847317,1.5869600804302946,nan,0.5912659604541807,nan,0.0,"(0,1.6622988]",1.0,1.6622988335239524,1.1590235766636854,0.05,1.6622988335239524,True,0.007339409786992717,0.5597074503977874,0.015020710134080899,0.8456679258231116,1.0908510376635117,1.5453035750134039
centered,4800,4800,27,14400,nan,1.5950242446576246,0.34295590108090807,1.5029680226565918,nan,0.5470229770724504,nan,0.0,"(0,1.5950242]",1.0,1.5950242446576246,1.1469598453643108,0.05,1.5950242446576246,True,0.00675938700494887,0.5597396532298553,0.00548585755033048,0.8455530612015081,1.0867805789459248,1.550696660067712
centered,4800,4800,28,14400,nan,1.3338634878635105,0.3245270420805873,1.3435668227089108,nan,0.4328747722556404,nan,0.0,"(0,1.3338635]",1.0,1.3338634878635105,1.1495810141967746,0.05,1.3338634878635105,True,0.006682603485325696,0.5598539209404472,0.002809198954848543,0.8455401983877304,1.0912932992800866,1.557526472152143
centered,4800,4800,29,14400,nan,1.3435982016643988,0.2963668411790811,1.4605107128692347,nan,0.3981979548411718,nan,0.0,"(0,1.3435982]",1.0,1.3435982016643988,1.1513927954746952,0.05,1.3435982016643988,True,0.011471872376025087,0.5597913116941092,0.025408172662924906,0.8459174832505397,1.0983856530799023,1.6070089679517963
centered,4800,4800,30,14400,nan,1.2566336312023525,0.29160201932960766,1.3934982174652377,nan,0.36643690441610344,nan,0.0,"(0,1.2566336]",1.0,1.2566336312023525,1.152941614321203,0.05,1.2566336312023525,True,0.011203319761098143,0.5597836299518163,0.025508520696113406,0.8459184642899741,1.0888827991156191,1.583259031804702
centered,4800,4800,31,14400,nan,1.3377058548435625,0.3233362424116357,1.4048856017888345,nan,0.43252878455716254,nan,0.0,"(0,1.3377059]",1.0,1.3377058548435625,1.1603644423789177,0.05,1.3377058548435625,True,0.00548680327094239,0.5596902860615205,0.0035354149199033325,0.8455409697667674,1.086507471069512,1.5453177452925657
centered,4800,4800,32,14400,nan,1.0515391480367844,0.25710327431640173,1.306303309498829,nan,0.27035415803213675,nan,0.0,"(0,1.0515391]",1.0,1.0515391480367844,1.1594321896382371,0.05,1.0515391480367844,True,0.016794539085497683,0.5599975700179562,0.03905697910715977,0.8464373670102766,1.0962863895903852,1.5924408928377267
centered,4800,4800,33,14400,nan,1.4405991199786687,0.33185382852679035,1.4932271024096937,nan,0.47806833333724624,nan,0.0,"(0,1.4405991]",1.0,1.4405991199786687,1.1635909752338502,0.05,1.4405991199786687,True,0.005107554494578882,0.5597020392185341,0.0008364170641461654,0.845536399496114,1.0943664715562118,1.5647770131558505
centered,4800,4800,34,14400,nan,1.149371033167922,0.2889817039191209,1.314973452868687,nan,0.3321471996001466,nan,0.0,"(0,1.149371]",1.0,1.149371033167922,1.1576918885291694,0.05,1.149371033167922,True,0.01136644315450104,0.5598178028545351,0.021386371401085718,0.8458056755743524,1.086682224504397,1.5815592839301853
centered,4800,4800,35,14400,nan,1.441782224620327,0.32464235808988845,1.54023244425028,nan,0.46806358125282815,nan,0.0,"(0,1.4417822]",1.0,1.441782224620327,1.1666685767197709,0.05,1.441782224620327,True,0.008574443075220834,0.5598357059267807,0.004770912570149948,0.8455493459408415,1.092532849992186,1.5662553061426827
centered,4800,4800,36,14400,nan,1.5892044603592383,0.34080414279258975,1.518610201356897,nan,0.5416074638348904,nan,0.0,"(0,1.5892045]",1.0,1.5892044603592383,1.1488371673304927,0.05,1.5892044603592383,True,0.004860047759381537,0.5596959086529993,0.0038443658927417674,0.8455446660528272,1.0951740505979723,1.5595499322022932
centered,4800,4800,37,14400,nan,1.6205696393746276,0.34049801241154154,1.6088958633990782,nan,0.5518007411815493,nan,0.0,"(0,1.6205696]",1.0,1.6205696393746276,1.1577923432796742,0.05,1.6205696393746276,True,0.004962570764124754,0.5597150888233599,0.004038057970843895,0.8455428441370757,1.0982246210973179,1.563415219346852
centered,4800,4800,38,14400,nan,1.6977229836382883,0.3642307515397401,1.6227816063748646,nan,0.6183629182368636,nan,0.0,"(0,1.697723]",1.0,1.6977229836382883,1.1652061396437923,0.05,1.6977229836382883,True,0.011058738646160282,0.5597959144781705,0.021439686732145503,0.8458071365926826,1.0872364817405031,1.5309361403477335
centered,4800,4800,39,14400,nan,1.5866589791475614,0.3504776173485678,1.512562040371892,nan,0.5560884585563483,nan,0.0,"(0,1.586659]",1.0,1.5866589791475614,1.1553851677727542,0.05,1.5866589791475614,True,0.006557603101235208,0.5596967351076833,0.01193130986890014,0.8456196197994742,1.0832792003202216,1.5448838153965412
centered,4800,4800,40,14400,nan,1.6667161131045924,0.3401176283256503,1.6024487186168663,nan,0.5668795314812802,nan,0.0,"(0,1.6667161]",1.0,1.6667161131045924,1.1490419776059242,0.05,1.6667161131045924,True,0.005496171375506005,0.5596911067947832,0.003281358049114714,0.8455382974398764,1.0930949875975011,1.5580242304660934
centered,4800,4800,41,14400,nan,1.5457488297406863,0.3302134913510432,1.5330585414802194,nan,0.5104271178204612,nan,0.0,"(0,1.5457488]",1.0,1.5457488297406863,1.1506345019620232,0.05,1.5457488297406863,True,0.0037204009505186894,0.5596690481211356,0.003929826280283029,0.845544429485764,1.0906792198707065,1.5705765798887679
centered,4800,4800,42,14400,nan,1.5760426649406636,0.3549767646759817,1.5084904848833782,nan,0.559458526191949,nan,0.0,"(0,1.5760427]",1.0,1.5760426649406636,1.1596640894175088,0.05,1.5760426649406636,True,0.007595535995181096,0.5597149506502375,0.015903747383301834,0.845684192919115,1.0820486389924961,1.5280210156784515
centered,4800,4800,43,14400,nan,1.8506463818717982,0.3594604308734046,1.6823330507138494,nan,0.6652341458219438,nan,0.0,"(0,1.8506464]",1.0,1.8506463818717982,1.147862353987332,0.05,1.8506463818717982,True,0.00902252498887791,0.5597750558703786,0.015462600947301624,0.8456752782776129,1.0899465210470138,1.5537612571335089
centered,4800,4800,44,14400,nan,1.5579739360895362,0.3295380133756315,1.5283705680444628,nan,0.5134116357899589,nan,0.0,"(0,1.5579739]",1.0,1.5579739360895362,1.1472536231630914,0.05,1.5579739360895362,True,0.005790310423412623,0.5596876252136834,0.0051588857913750915,0.8455493148478856,1.0940530911985649,1.5699860893074407
centered,4800,4800,45,14400,nan,1.3497116080584157,0.31454909079638466,1.4550973112970553,nan,0.42455055915210094,nan,0.0,"(0,1.3497116]",1.0,1.3497116080584157,1.1618128951625553,0.05,1.3497116080584157,True,0.007063006070268482,0.5597204128923952,0.010238475765984165,0.8455970520243283,1.0989723604383304,1.5797837991622807
centered,4800,4800,46,14400,nan,1.173562404479164,0.2900641007673991,1.2980063901859493,nan,0.3404083235496754,nan,0.0,"(0,1.1735624]",1.0,1.173562404479164,1.1488744226529617,0.05,1.173562404479164,True,0.012761662607265706,0.5599083198106876,0.02295621438248976,0.8458457598346236,1.083187092803718,1.5809332285728421
centered,4800,4800,47,14400,nan,1.6473871233986148,0.34013207936965917,1.598632943253602,nan,0.5603292078083721,nan,0.0,"(0,1.6473871]",1.0,1.6473871233986148,1.1515657288046346,0.05,1.6473871233986148,True,0.004816469128320909,0.5596830788241107,0.0030980769381024195,0.845539379481989,1.0936450544022933,1.5582696252690096
centered,4800,4800,48,14400,nan,1.0962441398391676,0.27103591914396674,1.3089385635683748,nan,0.29712153804749597,nan,0.0,"(0,1.0962441]",1.0,1.0962441398391676,1.1573951141324645,0.05,1.0962441398391676,True,0.014560673876561953,0.559902531383862,0.03191501443794542,0.8461380871115143,1.0821559953660012,1.5769287400126153
centered,4800,4800,49,14400,nan,1.6333508533333343,0.3486408960655677,1.5797421786734758,nan,0.5694529050955933,nan,0.0,"(0,1.6333509]",1.0,1.6333508533333343,1.15724217821006,0.05,1.6333508533333343,True,0.005097293140261338,0.5596838172688381,0.009703115590237654,0.845591664584284,1.0891967523109356,1.5550976609122276
centered,4800,4800,50,14400,nan,1.2308820273527143,0.2932356957155664,1.383605705483323,nan,0.36093854763456,nan,0.0,"(0,1.230882]",1.0,1.2308820273527143,1.1576154779187873,0.05,1.2308820273527143,True,0.010082628788054653,0.5597719058300232,0.022508825030752525,0.8458335820536302,1.0897636162209896,1.5887211150703628
centered,4800,4800,51,14400,nan,1.1470595019516665,0.2966336516714079,1.285346361130511,nan,0.3402564487483093,nan,0.0,"(0,1.1470595]",1.0,1.1470595019516665,1.156137837785831,0.05,1.1470595019516665,True,0.0116997335834679,0.5598623098464574,0.015496673484666587,0.8456779294788764,1.0863404981777907,1.549928449174516
centered,4800,4800,52,14400,nan,1.366129428837441,0.3141112527775257,1.4263320105422115,nan,0.4291166263483743,nan,0.0,"(0,1.3661294]",1.0,1.366129428837441,1.152660716940657,0.05,1.366129428837441,True,0.006009416124160061,0.5596916434716327,0.011894644755079032,0.8456179846553492,1.0719658562353576,1.5522053724700589
centered,4800,4800,53,14400,nan,1.7910233245076088,0.3564432455371928,1.7074856681355735,nan,0.638398166620305,nan,0.0,"(0,1.7910233]",1.0,1.7910233245076088,1.15739280581206,0.05,1.7910233245076088,True,0.00964844764609804,0.5597803228348215,0.014070586272813192,0.8456484083617135,1.0922922300134865,1.5417832860469147
centered,4800,4800,54,14400,nan,1.2770786753042045,0.29633815859023016,1.400378570584929,nan,0.3784471430144984,nan,0.0,"(0,1.2770787]",1.0,1.2770786753042045,1.153223469388174,0.05,1.2770786753042045,True,0.009879679130674422,0.5597575663934762,0.02254075954513402,0.8458362974217428,1.0861289400339296,1.5687283477653298
centered,4800,4800,55,14400,nan,1.7112619051302635,0.35731956220402217,1.6655864983338164,nan,0.6114673547575666,nan,0.0,"(0,1.7112619]",1.0,1.7112619051302635,1.1642069870945588,0.05,1.7112619051302635,True,0.010064135904596129,0.5598166809884464,0.015848880384124228,0.8456819315137871,1.089644279734144,1.5253563290245322
centered,4800,4800,56,14400,nan,1.5445455755857331,0.3570086031413906,1.4814559046554225,nan,0.5514160584280777,nan,0.0,"(0,1.5445456]",1.0,1.5445455755857331,1.161656099463187,0.05,1.5445455755857331,True,0.009588627890547026,0.559746182232761,0.018164502215674727,0.8457299373590459,1.0910000475653339,1.5267187223859082
centered,4800,4800,57,14400,nan,1.5972899205995499,0.3447471655184094,1.4987229711965935,nan,0.55066117263782,nan,0.0,"(0,1.5972899]",1.0,1.5972899205995499,1.1472458586178549,0.05,1.5972899205995499,True,0.007492432836028181,0.5597506005175669,0.006983592488238191,0.8455631888367532,1.0986306395325183,1.5709374856458733
centered,4800,4800,58,14400,nan,1.3654692206524852,0.3254715836945015,1.4271936957281588,nan,0.4444214297318611,nan,0.0,"(0,1.3654692]",1.0,1.3654692206524852,1.1608761494592437,0.05,1.3654692206524852,True,0.004391301784413942,0.5596811935292245,0.0025952835230385073,0.8455386650801296,1.091364536759335,1.5678333996935476
centered,4800,4800,59,14400,nan,1.4170615669212356,0.33691620354785706,1.4237389838467123,nan,0.4774310033206803,nan,0.0,"(0,1.4170616]",1.0,1.4170615669212356,1.1587009462161293,0.05,1.4170615669212356,True,0.006128789055771601,0.559696904444801,0.005468254836991007,0.8455517726148106,1.0912647435318528,1.5498431889445978
centered,4800,4800,60,14400,nan,1.4590434678189341,0.3420904826785456,1.4360022222614115,nan,0.49912488415515815,nan,0.0,"(0,1.4590435]",1.0,1.4590434678189341,1.1572726772051112,0.05,1.4590434678189341,True,0.006407553215679488,0.5597087673432191,0.008060966067374178,0.8455742992492549,1.0869045491498806,1.537543179320789
centered,4800,4800,61,14400,nan,1.5514984768742517,0.33840969653312086,1.4938909104806133,nan,0.5250421287306147,nan,0.0,"(0,1.5514985]",1.0,1.5514984768742517,1.149146052565826,0.05,1.5514984768742517,True,0.004483028399324803,0.5596981126666742,0.0026677428581048054,0.8455401140997589,1.0895574630236422,1.552712170416456
centered,4800,4800,62,14400,nan,1.457713255236616,0.33254069923029494,1.4959851576309817,nan,0.4847489851736537,nan,0.0,"(0,1.4577133]",1.0,1.457713255236616,1.161459942918502,0.05,1.457713255236616,True,0.0038430234879658185,0.5596815012376278,0.0007853438390640128,0.845536352070121,1.092842380604868,1.5628551608849783
centered,4800,4800,63,14400,nan,1.4875480670306211,0.32158061985465164,1.514381557306095,nan,0.47836662945929603,nan,0.0,"(0,1.4875481]",1.0,1.4875480670306211,1.1514356859470496,0.05,1.4875480670306211,True,0.0053365059400812855,0.5596813213923387,0.009497690793601988,0.8455880795990153,1.0821583678824425,1.553296058102763
centered,4800,4800,64,14400,nan,1.6440931681577253,0.3387231437776119,1.6293963029281378,nan,0.5568924065816787,nan,0.0,"(0,1.6440932]",1.0,1.6440931681577253,1.1557368699897603,0.05,1.6440931681577253,True,0.005852524195332782,0.5597271690642465,0.0029709462845555847,0.8455372734857535,1.0910625928524411,1.5571386469230286
centered,4800,4800,65,14400,nan,1.6779635719795631,0.354611535991732,1.5889034061081784,nan,0.595025239597846,nan,0.0,"(0,1.6779636]",1.0,1.6779635719795631,1.156127259211436,0.05,1.6779635719795631,True,0.0065431515293039675,0.5596987083591597,0.013738494030479921,0.8456475854078617,1.0858219402138247,1.5425337807118145
centered,4800,4800,66,14400,nan,1.6290802778185074,0.3563173163566835,1.5622565285888532,nan,0.580469512721891,nan,0.0,"(0,1.6290803]",1.0,1.6290802778185074,1.1608424523494467,0.05,1.6290802778185074,True,0.00734015691732841,0.5597131714391173,0.016059308911968134,0.8456878618765578,1.0806961270162425,1.5215980813746572
centered,4800,4800,67,14400,nan,1.5119736797391137,0.33821470003291576,1.535826347968205,nan,0.5113717245506282,nan,0.0,"(0,1.5119737]",1.0,1.5119736797391137,1.1627581747867195,0.05,1.5119736797391137,True,0.005530263503946217,0.5597061789808282,0.004028585077685085,0.8455455808967378,1.079696700100972,1.5420683109335755
centered,4800,4800,68,14400,nan,1.3108234851497353,0.30564597453581216,1.3723731766362919,nan,0.40064792156302054,nan,0.0,"(0,1.3108235]",1.0,1.3108234851497353,1.146805324257877,0.05,1.3108234851497353,True,0.009751904488575004,0.5597952363557508,0.01711429879028905,0.8457073332717521,1.0819178004354582,1.5606459835990423
centered,4800,4800,69,14400,nan,1.435396249519538,0.3410368173126102,1.4131469656540694,nan,0.48952296851860055,nan,0.0,"(0,1.4353962]",1.0,1.435396249519538,1.156425907972461,0.05,1.435396249519538,True,0.007298037845500317,0.5597366281319182,0.007879568009263125,0.8455716536662793,1.0873809462331079,1.541961983963172
centered,4800,4800,70,14400,nan,1.6538646703335496,0.35784840141531926,1.5572115602845038,nan,0.5918328284361347,nan,0.0,"(0,1.6538647]",1.0,1.6538646703335496,1.1574009472163527,0.05,1.6538646703335496,True,0.007542857122774131,0.5597145658327674,0.016720598165857987,0.8457011967383583,1.0879948419927887,1.52881666834591
centered,4800,4800,71,14400,nan,1.5883261772950998,0.3333882680272829,1.69031981243502,nan,0.5295293133108084,nan,0.0,"(0,1.5883262]",1.0,1.5883261772950998,1.1706455510477511,0.05,1.5883261772950998,True,0.011496141121155113,0.5602155294036195,0.001265255285781454,0.8455367598433396,1.0939835923774677,1.5563048832781823
centered,4800,4800,72,14400,nan,1.620501129132234,0.35402183090575595,1.5669698724155376,nan,0.5736927767202383,nan,0.0,"(0,1.6205011]",1.0,1.620501129132234,1.161238280913362,0.05,1.620501129132234,True,0.00744720026169262,0.5597092776967281,0.014527268195922564,0.8456580329719053,1.0796360565727,1.5209947930057206
centered,4800,4800,73,14400,nan,1.116843554762684,0.26837608440372684,1.3338269473017033,nan,0.2997341001187484,nan,0.0,"(0,1.1168436]",1.0,1.116843554762684,1.1566300787964643,0.05,1.116843554762684,True,0.01531616202334197,0.5599217242813936,0.035536189539062346,0.8462822663510551,1.0948556656544088,1.5733263637344292
centered,4800,4800,74,14400,nan,1.4860926157191157,0.3318186516506019,1.4904086112927069,nan,0.49311324797583306,nan,0.0,"(0,1.4860926]",1.0,1.4860926157191157,1.154908999682436,0.05,1.4860926157191157,True,0.0017752543589793558,0.5596563357871299,0.002049879681810539,0.8455364682474338,1.0972606414387336,1.5609965750288042
centered,4800,4800,75,14400,nan,1.5790277352899138,0.342464191160411,1.5040432915871746,nan,0.5407604561859158,nan,0.0,"(0,1.5790277]",1.0,1.5790277352899138,1.1493321366712916,0.05,1.5790277352899138,True,0.006025355991425259,0.5597066170648576,0.00582616215284038,0.845553052585752,1.0904778824681578,1.5605008381074923
centered,4800,4800,76,14400,nan,1.7320751339153182,0.3481271868483599,1.692391573416389,nan,0.602982443779936,nan,0.0,"(0,1.7320751]",1.0,1.7320751339153182,1.157932451979196,0.05,1.7320751339153182,True,0.007539060857117788,0.5597897395481373,0.007933073856234265,0.845572248321977,1.0903858718042383,1.5481436925608871
centered,4800,4800,77,14400,nan,1.6845184937042823,0.3425077509477479,1.608796371879188,nan,0.5769606407085417,nan,0.0,"(0,1.6845185]",1.0,1.6845184937042823,1.1489967863661141,0.05,1.6845184937042823,True,0.005282932353995591,0.5596944937747359,0.0038993321275708546,0.8455438405590597,1.0906805585597437,1.5507699280153084
centered,4800,4800,78,14400,nan,1.450528795324919,0.3272270078905263,1.4842060652211213,nan,0.47465219755322285,nan,0.0,"(0,1.4505288]",1.0,1.450528795324919,1.1568900848234636,0.05,1.450528795324919,True,0.0028999112307549688,0.5596617991476387,0.004007022644263229,0.8455434153036728,1.0920303480618843,1.5578047791147562
centered,4800,4800,79,14400,nan,1.517680185683297,0.3321497842932292,1.4830445392727327,nan,0.5040971463008153,nan,0.0,"(0,1.5176802]",1.0,1.517680185683297,1.1483755300118619,0.05,1.517680185683297,True,0.004841181967642462,0.5596938433517246,0.0023468248130178978,0.845537737125934,1.0951770384781319,1.5597209492693236
centered,4800,4800,80,14400,nan,1.6541581944722616,0.34820015321210573,1.5618755007324683,nan,0.5759781367523017,nan,0.0,"(0,1.6541582]",1.0,1.6541581944722616,1.150911682283837,0.05,1.6541581944722616,True,0.005352551296965331,0.5596929935920205,0.008775406280922023,0.84558145522238,1.0937555539514796,1.5574299059456513
centered,4800,4800,81,14400,nan,1.3228804017887708,0.31273298574104674,1.3900103917109488,nan,0.41370833782971783,nan,0.0,"(0,1.3228804]",1.0,1.3228804017887708,1.1529661337348631,0.05,1.3228804017887708,True,0.006730583825453011,0.5597148040995775,0.011478207522368462,0.8456118394512296,1.082270132454451,1.56041177145829
centered,4800,4800,82,14400,nan,1.2835253533020659,0.2941548859543758,1.4084161218641216,nan,0.37755525392011907,nan,0.0,"(0,1.2835254]",1.0,1.2835253533020659,1.1520158693590954,0.05,1.2835253533020659,True,0.010695905778208416,0.5597738955588916,0.024743996373823695,0.8458961993545044,1.0922205166724668,1.5945644938653554
centered,4800,4800,83,14400,nan,1.8220289193793484,0.35644373566567045,1.7477910823681393,nan,0.6494507945144596,nan,0.0,"(0,1.8220289]",1.0,1.8220289193793484,1.1581946979631514,0.05,1.8220289193793484,True,0.010219637221140308,0.5598382359840759,0.013612986045848671,0.8456432438357888,1.0892425348974655,1.5418478902110022
centered,4800,4800,84,14400,nan,1.7518291617956858,0.3728187926788804,1.5316651587341257,nan,0.6531148330803226,nan,0.0,"(0,1.7518292]",1.0,1.7518291617956858,1.1508042800339913,0.05,1.7518291617956858,True,0.01710691443899241,0.5599613880152643,0.02705413940656908,0.8459686953679152,1.081625603321657,1.5124564398698412
centered,4800,4800,85,14400,nan,1.183710523690674,0.29203285861875883,1.2942926622742559,nan,0.34568236801049557,nan,0.0,"(0,1.1837105]",1.0,1.183710523690674,1.1470605954660056,0.05,1.183710523690674,True,0.012741817511787597,0.5599406875818066,0.022148344895975086,0.8458243468787052,1.0791799735421732,1.5636991865654908
centered,4800,4800,86,14400,nan,1.449895631453701,0.32620511098493526,1.5068372069422429,nan,0.47296336537492734,nan,0.0,"(0,1.4498956]",1.0,1.449895631453701,1.1603268202915393,0.05,1.449895631453701,True,0.0051493002103032755,0.5596950500362898,0.004609813467545793,0.8455460864338422,1.091263972396282,1.5579938639406608
centered,4800,4800,87,14400,nan,1.5398817489941337,0.34160279368698104,1.4404733353717334,nan,0.5260279074039905,nan,0.0,"(0,1.5398817]",1.0,1.5398817489941337,1.1443117994964673,0.05,1.5398817489941337,True,0.009424977889870652,0.5598585910243699,0.005722333683980665,0.8455519430899198,1.0896078367852453,1.557845987928399
centered,4800,4800,88,14400,nan,1.5422241398633059,0.3358404926818322,1.507529174368201,nan,0.5179413149575075,nan,0.0,"(0,1.5422241]",1.0,1.5422241398633059,1.1510989501109814,0.05,1.5422241398633059,True,0.003400191096199692,0.5596689201819469,0.0021639970786230408,0.8455364299779605,1.0832932525451264,1.5554267328145062
centered,4800,4800,89,14400,nan,1.4994278201533489,0.33570209046652943,1.5342662647160468,nan,0.5033610537291505,nan,0.0,"(0,1.4994278]",1.0,1.4994278201533489,1.1629024247270932,0.05,1.4994278201533489,True,0.005588998864790123,0.5597127094716576,0.002873805269985546,0.845539197764906,1.0932252748013869,1.5548238937569425
centered,4800,4800,90,14400,nan,1.53488330071224,0.3413421713528825,1.5120563186220726,nan,0.5239203986383952,nan,0.0,"(0,1.5348833]",1.0,1.53488330071224,1.157098567532479,0.05,1.53488330071224,True,0.0027889863682212983,0.5596628047887628,0.005826405052924546,0.8455553206606138,1.090965917428762,1.5456466510066502
centered,4800,4800,91,14400,nan,1.4886987934908686,0.3191651658001152,1.5614053984951357,nan,0.4751407972509446,nan,0.0,"(0,1.4886988]",1.0,1.4886987934908686,1.157607747304627,0.05,1.4886987934908686,True,0.00887128908106186,0.5597730778018676,0.011083563773739336,0.8456078501108979,1.0961698920403673,1.576743994847418
centered,4800,4800,92,14400,nan,1.4803050199176073,0.33490029940502775,1.528744091605467,nan,0.49575459438117225,nan,0.0,"(0,1.480305]",1.0,1.4803050199176073,1.1647830727265056,0.05,1.4803050199176073,True,0.00655582748377423,0.5597351748418179,0.002675300861312023,0.8455390369473763,1.083392357157956,1.5350128983837747
centered,4800,4800,93,14400,nan,1.6286195727666903,0.3532141414971428,1.5830129695912807,nan,0.57525146422023,nan,0.0,"(0,1.6286196]",1.0,1.6286195727666903,1.1618411030609008,0.05,1.6286195727666903,True,0.0073468718323299815,0.5597183475416208,0.01366184277293191,0.8456455894258773,1.0944828438090475,1.5419451713034575
centered,4800,4800,94,14400,nan,1.3240141497772766,0.3113149384038968,1.4022313876858166,nan,0.4121853834838006,nan,0.0,"(0,1.3240141]",1.0,1.3240141497772766,1.1542345496761117,0.05,1.3240141497772766,True,0.006727840808305682,0.5597022787795838,0.012562311207871454,0.8456268008096118,1.0969644644574903,1.5710107199938335
centered,4800,4800,95,14400,nan,1.3977218709301376,0.3224582988441395,1.4455337118813512,nan,0.4507070167573801,nan,0.0,"(0,1.3977219]",1.0,1.3977218709301376,1.1561764828120291,0.05,1.3977218709301376,True,0.003724898388733411,0.5596676757158001,0.006160189697075332,0.8455563950977869,1.084492132639534,1.554140200698746
centered,4800,4800,96,14400,nan,1.6687546603611156,0.3529125047842429,1.6092203070524707,nan,0.5889243870584199,nan,0.0,"(0,1.6687547]",1.0,1.6687546603611156,1.1593121553287933,0.05,1.6687546603611156,True,0.007283211073715759,0.5597126289487231,0.012844840853590217,0.845630396412524,1.0838617025849393,1.536101736094813
centered,4800,4800,97,14400,nan,1.6835838501173546,0.35121667024779324,1.602505559523168,nan,0.5913027139211771,nan,0.0,"(0,1.6835839]",1.0,1.6835838501173546,1.1547605598265913,0.05,1.6835838501173546,True,0.005886718455431511,0.5596916315026157,0.010953965529702733,0.8456061311811701,1.0919786708419614,1.5405322010187468
centered,4800,4800,98,14400,nan,1.36882340346184,0.30709068276292184,1.4157936001762002,nan,0.4203529135509629,nan,0.0,"(0,1.3688234]",1.0,1.36882340346184,1.1450705329798325,0.05,1.36882340346184,True,0.010425082569979642,0.5597716824421638,0.018181073409878488,0.8457291840638793,1.0792721955513502,1.5587479488098253
centered,4800,4800,99,14400,nan,1.3985775437578634,0.32324978530305476,1.4323315155328837,nan,0.452089890749403,nan,0.0,"(0,1.3985775]",1.0,1.3985775437578634,1.1540755452462064,0.05,1.3985775437578634,True,0.0041484114898783534,0.5596759513523326,0.005805220006869858,0.8455533187032207,1.096286250409755,1.5677137609078922
centered,4800,4800,100,14400,nan,1.6435385370002507,0.3508139568601421,1.5630326244387929,nan,0.576576257417187,nan,0.0,"(0,1.6435385]",1.0,1.6435385370002507,1.154679865402331,0.05,1.6435385370002507,True,0.005873863162398525,0.5596855824047391,0.011438124265953083,0.8456098100066897,1.0921317720181423,1.5544504353341966
centered,4800,4800,101,14400,nan,1.711573662968065,0.33798231856875255,1.6551378648281103,nan,0.5784816350111592,nan,0.0,"(0,1.7115737]",1.0,1.711573662968065,1.1481093431993923,0.05,1.711573662968065,True,0.007484267971862413,0.559731614828221,0.0022129034933813505,0.8455361231071058,1.0867138453102603,1.559188317928917
centered,4800,4800,102,14400,nan,1.6027957756157691,0.3629113972348805,1.4813465348251826,nan,0.5816728544108828,nan,0.0,"(0,1.6027958]",1.0,1.6027957756157691,1.1569288100348958,0.05,1.6027957756157691,True,0.012455135638598389,0.5598145834037288,0.021591984747757836,0.8458088526306885,1.0795649730413859,1.5265573505552912
centered,4800,4800,103,14400,nan,1.3061873315983465,0.32692545827959246,1.33263046013926,nan,0.4270258919817875,nan,0.0,"(0,1.3061873]",1.0,1.3061873315983465,1.1541676238530545,0.05,1.3061873315983465,True,0.007686175688906306,0.5598364501377725,0.001168754174520369,0.8455361525469668,1.0870963659780097,1.5453826035720166
centered,4800,4800,104,14400,nan,1.2825575720097384,0.31435251680381027,1.3901941712297974,nan,0.4031752007070454,nan,0.0,"(0,1.2825576]",1.0,1.2825575720097384,1.1622313259496726,0.05,1.2825575720097384,True,0.006904305549046667,0.5597125475448733,0.007956204569397824,0.8455709826184002,1.0842134480320071,1.5498757879958678
centered,4800,4800,105,14400,nan,1.5449563902784302,0.3481108595447976,1.544848070963406,nan,0.5378160969790521,nan,0.0,"(0,1.5449564]",1.0,1.5449563902784302,1.1656910948579262,0.05,1.5449563902784302,True,0.00886679985457353,0.559737614584803,0.011378871301051544,0.8456115761163312,1.0929967114830683,1.556183078306264
centered,4800,4800,106,14400,nan,1.5886761878604034,0.34314977792615214,1.6041485196525813,nan,0.5451538810608634,nan,0.0,"(0,1.5886762]",1.0,1.5886761878604034,1.164298289230228,0.05,1.5886761878604034,True,0.007375777505740681,0.5597828193801866,0.006432516731747517,0.8455603328373937,1.083269012077131,1.5420737429160323
centered,4800,4800,107,14400,nan,1.8022956779568806,0.3662308416544416,1.6573809217176227,nan,0.6600562630483108,nan,0.0,"(0,1.8022957]",1.0,1.8022956779568806,1.1564403252044324,0.05,1.8022956779568806,True,0.010523966312351966,0.5597656756601156,0.021471687876515162,0.845808508020323,1.100624840281352,1.5358379878301374
centered,4800,4800,108,14400,nan,1.1896700706674577,0.29996340434134006,1.3319530265412511,nan,0.3568574844404132,nan,0.0,"(0,1.1896701]",1.0,1.1896700706674577,1.15971144573062,0.05,1.1896700706674577,True,0.009832414540932522,0.5597715626755373,0.014840076791925942,0.84566620392469,1.0960219796623374,1.5694408183657491
centered,4800,4800,109,14400,nan,1.4928161044994737,0.32554825999590836,1.5084825438695468,nan,0.48598368531367375,nan,0.0,"(0,1.4928161]",1.0,1.4928161044994737,1.1523385505775479,0.05,1.4928161044994737,True,0.003410955120300216,0.559667078431275,0.0062513812346574405,0.8455590985289838,1.0969296448345875,1.570855326556581
centered,4800,4800,110,14400,nan,1.5197343259536524,0.3263934130506488,1.576577298006017,nan,0.4960312735782398,nan,0.0,"(0,1.5197343]",1.0,1.5197343259536524,1.159706592640425,0.05,1.5197343259536524,True,0.007400929838939808,0.559767646020428,0.006193554169203082,0.8455559894441753,1.086407738111605,1.5634819269899882
centered,4800,4800,111,14400,nan,1.416393961678324,0.31054303517345216,1.4790532185143395,nan,0.4398512798609371,nan,0.0,"(0,1.416394]",1.0,1.416393961678324,1.1504005248698923,0.05,1.416393961678324,True,0.007447724364007181,0.559713171235605,0.016550705738469895,0.845695642441671,1.0841344004148012,1.5688405735693183
centered,4800,4800,112,14400,nan,1.4751203649057245,0.32475763191863577,1.4698523726281791,nan,0.479056596501737,nan,0.0,"(0,1.4751204]",1.0,1.4751203649057245,1.1480951230620349,0.05,1.4751203649057245,True,0.005756410325915454,0.5596939291618575,0.006690596849918743,0.8455624612219654,1.0820000871749924,1.5573667347841087
centered,4800,4800,113,14400,nan,1.677463214720527,0.33738066519663557,1.674544711600994,nan,0.5659436552252981,nan,0.0,"(0,1.6774632]",1.0,1.677463214720527,1.1559868412231862,0.05,1.677463214720527,True,0.006680615385379764,0.5597997157047019,0.000306110833580383,0.8455360069244443,1.0935178268162866,1.553791242834915
centered,4800,4800,114,14400,nan,1.5403107222408985,0.33686486707263485,1.5089130982104872,nan,0.5188765666982345,nan,0.0,"(0,1.5403107]",1.0,1.5403107222408985,1.1524026005476784,0.05,1.5403107222408985,True,0.003279605129742494,0.5596636522003544,0.00305445278887241,0.8455378831055318,1.081794172938914,1.5550263631250558
centered,4800,4800,115,14400,nan,1.4844402100785827,0.31198843856671443,1.5465345394325034,nan,0.4631281832880626,nan,0.0,"(0,1.4844402]",1.0,1.4844402100785827,1.1505887256094627,0.05,1.4844402100785827,True,0.010277456791479544,0.5597624758040921,0.01734046016887841,0.8457107024395535,1.0870674026538452,1.5844920974196524
centered,4800,4800,116,14400,nan,1.195854799256861,0.27698077106605984,1.4050298531571068,nan,0.33122878438121356,nan,0.0,"(0,1.1958548]",1.0,1.195854799256861,1.1595505474840742,0.05,1.195854799256861,True,0.016356765068348877,0.5599279212598343,0.0333727793600765,0.8461922433824732,1.092207025829925,1.6134406649427238
centered,4800,4800,117,14400,nan,1.4121380111404997,0.3211452279251744,1.4147713151349819,nan,0.4535013834495183,nan,0.0,"(0,1.412138]",1.0,1.4121380111404997,1.1467272672455457,0.05,1.4121380111404997,True,0.007357300185096543,0.5597518397015765,0.008108120021397701,0.8455737061206952,1.0957750724454367,1.5753408683706043
centered,4800,4800,118,14400,nan,1.442915186548607,0.3182390456397768,1.4793896759230476,nan,0.4591919519063692,nan,0.0,"(0,1.4429152]",1.0,1.442915186548607,1.1509699808100085,0.05,1.442915186548607,True,0.004942490469201267,0.559682241752578,0.010955921956319531,0.8456066514577532,1.090598976826616,1.5737861560633077
centered,4800,4800,119,14400,nan,1.3527171122384583,0.32359013178838264,1.4132800479540912,nan,0.4377259086216431,nan,0.0,"(0,1.3527171]",1.0,1.3527171122384583,1.1593086183545434,0.05,1.3527171122384583,True,0.005036522905827987,0.559682833919779,0.003927885481149739,0.8455424305636116,1.0951138817898327,1.5585870240913473
centered,4800,4800,120,14400,nan,1.5711946084062216,0.33920531931929,1.5283615964974757,nan,0.5329575688571792,nan,0.0,"(0,1.5711946]",1.0,1.5711946084062216,1.15219046163452,0.05,1.5711946084062216,True,0.00257229604059208,0.5596651765769536,0.00304981449726492,0.8455414385621772,1.0884415115417452,1.5456469645016255
centered,4800,4800,121,14400,nan,1.2147783894079576,0.28416597638524077,1.4241984074337362,nan,0.3451986871178025,nan,0.0,"(0,1.2147784]",1.0,1.2147783894079576,1.1640763394610114,0.05,1.2147783894079576,True,0.015791392878989743,0.559935176629646,0.02814589416405838,0.8460041715543417,1.0862649552637949,1.5804662654334913
centered,4800,4800,122,14400,nan,1.201311655907671,0.2976011987908588,1.3247456904348436,nan,0.35751178891955454,nan,0.0,"(0,1.2013117]",1.0,1.201311655907671,1.1539543370450633,0.05,1.201311655907671,True,0.009876742156937294,0.55980170635749,0.017891992819438807,0.8457252695996903,1.0825955754841166,1.5540038001882566
centered,4800,4800,123,14400,nan,1.8619911154146982,0.3659883483737931,1.7271155922264978,nan,0.6814670530173023,nan,0.0,"(0,1.8619911]",1.0,1.8619911154146982,1.1571218193683732,0.05,1.8619911154146982,True,0.011699783986206308,0.5598026437047093,0.020712957672730382,0.8457894946496088,1.0840097751175601,1.5318655802343883
centered,4800,4800,124,14400,nan,1.6076645105926632,0.34920286171835746,1.5444506643332987,nan,0.5614010477820006,nan,0.0,"(0,1.6076645]",1.0,1.6076645105926632,1.1562222458486122,0.05,1.6076645105926632,True,0.004808486799438119,0.5596790375598757,0.010589929477571253,0.8456017447119109,1.0846896752932156,1.5360648618031478
centered,4800,4800,125,14400,nan,1.5516356078424562,0.3295461131025173,1.524568441843646,nan,0.5113354835159433,nan,0.0,"(0,1.5516356]",1.0,1.5516356078424562,1.147709509043605,0.05,1.5516356078424562,True,0.005219771015848254,0.5596841987810355,0.00460559471003599,0.8455484323540527,1.0977964482185343,1.5698153546113995
centered,4800,4800,126,14400,nan,1.8570425781959432,0.37270335839073865,1.7008423928911887,nan,0.6921260055682239,nan,0.0,"(0,1.8570426]",1.0,1.8570425781959432,1.1595388071950985,0.05,1.8570425781959432,True,0.013201916766717356,0.5598240074009445,0.026158503035816648,0.8459403677568318,1.090643843691221,1.5320476414823907
centered,4800,4800,127,14400,nan,2.1296485935322056,0.3733840924148306,1.9297021044995102,nan,0.7951769072585431,nan,0.0,"(0,2.1296486]",1.0,2.1296485935322056,1.151451028675827,0.05,2.1296485935322056,True,0.0162432948365618,0.5599910114466118,0.02475266799896584,0.8458972702063823,1.0884084524921789,1.5198680993100275
centered,4800,4800,128,14400,nan,1.6533881861804915,0.3733323155909228,1.4506411011183633,nan,0.6172632401174387,nan,0.0,"(0,1.6533882]",1.0,1.6533881861804915,1.1524172987030166,0.05,1.6533881861804915,True,0.019048732949473124,0.5600802319171142,0.02869736905870619,0.8460226748956127,1.0936341322572471,1.529654210411884
centered,4800,4800,129,14400,nan,1.2749738944982767,0.2888079473746451,1.3879083231703584,nan,0.3682225934263046,nan,0.0,"(0,1.2749739]",1.0,1.2749738944982767,1.1457925608186823,0.05,1.2749738944982767,True,0.013015458559040157,0.5598456334597982,0.029191763740741516,0.8460397181149811,1.0818447539586638,1.5749063558968888
centered,4800,4800,130,14400,nan,1.5367457646330518,0.330550664198823,1.465385513065224,nan,0.5079723332041834,nan,0.0,"(0,1.5367458]",1.0,1.5367457646330518,1.1409604998716305,0.05,1.5367457646330518,True,0.009601833226076283,0.5598186863020728,0.004118510367928017,0.8455445082988258,1.0853883959275832,1.5653876657554158
centered,4800,4800,131,14400,nan,1.4847621806564033,0.327011865884937,1.5165852899022465,nan,0.4855348510918384,nan,0.0,"(0,1.4847622]",1.0,1.4847621806564033,1.1562460819675355,0.05,1.4847621806564033,True,0.004075604982885178,0.5596721839770922,0.005141216234352609,0.8455487669927031,1.0820136220487997,1.542760377526484
centered,4800,4800,132,14400,nan,1.5704173700281143,0.3358711877990263,1.5614428425781826,nan,0.5274579474115658,nan,0.0,"(0,1.5704174]",1.0,1.5704173700281143,1.1552587618065389,0.05,1.5704173700281143,True,0.002483542455089948,0.5596726379078982,0.0005198578385710032,0.8455361447389744,1.0824607525885117,1.5483525769475397
centered,4800,4800,133,14400,nan,1.3617469857104385,0.3061286224999865,1.4839438607815079,nan,0.41686972892904534,nan,0.0,"(0,1.361747]",1.0,1.3617469857104385,1.1590890184659035,0.05,1.3617469857104385,True,0.010660626318905124,0.5597772505079088,0.01756194640581746,0.8457182558613486,1.1034638773416856,1.589258299241415
centered,4800,4800,134,14400,nan,1.3816702112069856,0.32102262544771915,1.4573476326768988,nan,0.44354739870457116,nan,0.0,"(0,1.3816702]",1.0,1.3816702112069856,1.160465634344497,0.05,1.3816702112069856,True,0.005100409770129925,0.5596861286868886,0.006449285339465264,0.8455587824102601,1.0905432951985143,1.5623883430039607
centered,4800,4800,135,14400,nan,1.6261713020738322,0.3398395797513145,1.510797483002703,nan,0.5526373719004191,nan,0.0,"(0,1.6261713]",1.0,1.6261713020738322,1.1409642824840769,0.05,1.6261713020738322,True,0.009289990201268552,0.5598194932367673,0.0027079408742044027,0.8455385548182622,1.0807896844037193,1.5506816600269504
centered,4800,4800,136,14400,nan,1.5371524244299297,0.33770069616659815,1.5661462775657837,nan,0.5190974438441615,nan,0.0,"(0,1.5371524]",1.0,1.5371524244299297,1.1630576933623482,0.05,1.5371524244299297,True,0.006050945438751194,0.5597389680708231,0.003505062430155872,0.8455415393352669,1.0922066058550832,1.5438458089998635
centered,4800,4800,137,14400,nan,1.4818650476568722,0.3311561474859245,1.4662611493078235,nan,0.4907287202760957,nan,0.0,"(0,1.481865]",1.0,1.4818650476568722,1.1509130499653715,0.05,1.4818650476568722,True,0.0037063153588211355,0.5596801950304946,0.002400133495399732,0.8455374135397576,1.0895203539300757,1.5486079254569118
centered,4800,4800,138,14400,nan,1.4120506610216004,0.3190434491482907,1.4819980319607258,nan,0.4505055132644552,nan,0.0,"(0,1.4120507]",1.0,1.4120506610216004,1.157858136370438,0.05,1.4120506610216004,True,0.005638392141334962,0.5596884618865214,0.009035534025222372,0.8455831476499971,1.087455437595283,1.5523249276169204
centered,4800,4800,139,14400,nan,1.5532879615974606,0.3426066789529236,1.5272310730481429,nan,0.5321668299804624,nan,0.0,"(0,1.553288]",1.0,1.5532879615974606,1.1574603946470698,0.05,1.5532879615974606,True,0.0030972674785681633,0.5596651907186696,0.006416939113843614,0.84555992843882,1.080749872395812,1.530720141350951
centered,4800,4800,140,14400,nan,1.7123436879535845,0.36348315750567495,1.5916016723925999,nan,0.6224080904322811,nan,0.0,"(0,1.7123437]",1.0,1.7123436879535845,1.1580056670685603,0.05,1.7123436879535845,True,0.009451363787692877,0.5597424635398869,0.02051646681180614,0.8457816327998172,1.1017919763166806,1.5389084988539157
centered,4800,4800,141,14400,nan,1.9649504011249321,0.3673762142508809,1.828919453083522,nan,0.7218760395560274,nan,0.0,"(0,1.9649504]",1.0,1.9649504011249321,1.1566646431838583,0.05,1.9649504011249321,True,0.014101117997419305,0.5599045956423824,0.02117074570165517,0.8457957199460813,1.0783601251139618,1.5185362956848376
centered,4800,4800,142,14400,nan,1.119195453782182,0.2728977902861958,1.285282707364904,nan,0.30542596623551366,nan,0.0,"(0,1.1191955]",1.0,1.119195453782182,1.1470639641938472,0.05,1.119195453782182,True,0.016556277859018365,0.5600010762125617,0.03338360242114493,0.8461936890055676,1.0806276451858763,1.5767623518771232
centered,4800,4800,143,14400,nan,1.481521469381648,0.33911643249319284,1.4237908633742404,nan,0.5024082753587775,nan,0.0,"(0,1.4815215]",1.0,1.481521469381648,1.1491525163297138,0.05,1.481521469381648,True,0.007285597844800924,0.5597821966372707,0.005016186880241622,0.8455490793750282,1.0904335376124321,1.5509659804297062
centered,4800,4800,144,14400,nan,1.829776219180053,0.36215763327551015,1.6870034355014198,nan,0.6626674249620591,nan,0.0,"(0,1.8297762]",1.0,1.829776219180053,1.1534543198228586,0.05,1.829776219180053,True,0.009646441225233065,0.5597588873896713,0.017860484576130844,0.8457245473030179,1.0861542770339796,1.5266507016951523
centered,4800,4800,145,14400,nan,1.5008324436594738,0.3153218748092218,1.5365107255928445,nan,0.47324529990921105,nan,0.0,"(0,1.5008324]",1.0,1.5008324436594738,1.148235683188067,0.05,1.5008324436594738,True,0.009077039740269424,0.5597290743116955,0.0151489907438935,0.8456691964450963,1.0913117436215383,1.5834453085210853
centered,4800,4800,146,14400,nan,1.3646992383158796,0.32554623389472664,1.404253469653982,nan,0.4442726974327366,nan,0.0,"(0,1.3646992]",1.0,1.3646992383158796,1.156628484771012,0.05,1.3646992383158796,True,0.00470745941683602,0.5596921525129464,0.0026721429161500015,0.8455392675990134,1.089121937595294,1.5463685322374536
centered,4800,4800,147,14400,nan,1.4210431361419382,0.3236824384331821,1.449605284939974,nan,0.45996670742515894,nan,0.0,"(0,1.4210431]",1.0,1.4210431361419382,1.1534531320769261,0.05,1.4210431361419382,True,0.003256813108474369,0.5596696520318871,0.0058125416587370944,0.8455556952102448,1.0922066036142049,1.5584649787132785
centered,4800,4800,148,14400,nan,1.5512646055635573,0.331498707984257,1.5937801095933002,nan,0.5142422124860273,nan,0.0,"(0,1.5512646]",1.0,1.5512646055635573,1.1606168955837386,0.05,1.5512646055635573,True,0.005847389952844959,0.5597719790322053,0.002381284502954625,0.8455392835019312,1.0893616367634,1.5557354571261084
centered,4800,4800,149,14400,nan,1.233315772896257,0.29173067652248524,1.3549872759541064,nan,0.3597960447928768,nan,0.0,"(0,1.2333158]",1.0,1.233315772896257,1.1497583880956581,0.05,1.233315772896257,True,0.0119018281465678,0.5598128167232364,0.02457215886749698,0.8458918885977682,1.0838166629009114,1.5761923507905946
centered,4800,4800,150,14400,nan,1.8555274858618935,0.3727350899906079,1.6148091557223263,nan,0.6916202044227793,nan,0.0,"(0,1.8555275]",1.0,1.8555274858618935,1.1485509113404846,0.05,1.8555274858618935,True,0.015947616750620036,0.5599174003392604,0.02594379681645261,0.8459334968329664,1.0922417144837455,1.5404906628283566
centered,4800,4800,151,14400,nan,1.3689036261243666,0.30457239489226257,1.4602085645398786,nan,0.4169302557854007,nan,0.0,"(0,1.3689036]",1.0,1.3689036261243666,1.1519480087325822,0.05,1.3689036261243666,True,0.008805253951877586,0.5597336993603848,0.019706758817359893,0.8457634113413299,1.0860525580475628,1.5699134223061508
centered,4800,4800,152,14400,nan,1.6370500913009414,0.3597263384152131,1.6009282901876096,nan,0.5888900351459779,nan,0.0,"(0,1.6370501]",1.0,1.6370500913009414,1.167962177219607,0.05,1.6370500913009414,True,0.01200828900210422,0.5598135935435206,0.018897671142903902,0.8457466731915384,1.0996822953418697,1.536603040551913
centered,4800,4800,153,14400,nan,1.4290567174545006,0.32589205222052003,1.5126288980637919,nan,0.46571822639076704,nan,0.0,"(0,1.4290567]",1.0,1.4290567174545006,1.1650351440247115,0.05,1.4290567174545006,True,0.007251218948161496,0.5597594819543598,0.0038120658168049547,0.8455431806647554,1.0809299104709589,1.549393193686012
centered,4800,4800,154,14400,nan,1.5724779962995463,0.330273685989274,1.5938184990627808,nan,0.5193481039748791,nan,0.0,"(0,1.572478]",1.0,1.5724779962995463,1.1560115635929264,0.05,1.5724779962995463,True,0.005450742013056811,0.55972777817448,0.004077331103031051,0.8455455939126651,1.0922789921523297,1.547854914764231
centered,4800,4800,155,14400,nan,1.86378053479903,0.36336720336259004,1.732111664325252,nan,0.6772367206115559,nan,0.0,"(0,1.8637805]",1.0,1.86378053479903,1.1555060531312857,0.05,1.86378053479903,True,0.010975020363078711,0.5597936557484597,0.01857375004507034,0.8457394953790159,1.1002522085415871,1.539718210914109
centered,4800,4800,156,14400,nan,1.3480443848384718,0.31927992205160494,1.3670178435994336,nan,0.430403506113331,nan,0.0,"(0,1.3480444]",1.0,1.3480443848384718,1.148006648042103,0.05,1.3480443848384718,True,0.006797890381066672,0.5598040729623778,0.007437266496153305,0.8455683565029746,1.0901018694885702,1.5625677715447865
centered,4800,4800,157,14400,nan,1.89755375014662,0.3543775086345597,1.7682390107143033,nan,0.672450370477125,nan,0.0,"(0,1.8975538]",1.0,1.89755375014662,1.1483835639409437,0.05,1.89755375014662,True,0.010727994235544977,0.5598093295575212,0.010971641222223355,0.8456051942653816,1.0888212745074257,1.5566638461032078
centered,4800,4800,158,14400,nan,1.5516701712595762,0.333460900640721,1.5103558087668811,nan,0.51742133280556,nan,0.0,"(0,1.5516702]",1.0,1.5516701712595762,1.1482252671563111,0.05,1.5516701712595762,True,0.004391227505375034,0.5596852525520237,0.0014551381132652422,0.8455371369757518,1.0838957603317934,1.5601628600026274
centered,4800,4800,159,14400,nan,1.4478566421853558,0.3355662870418408,1.4588405724091442,nan,0.48585187758700693,nan,0.0,"(0,1.4478566]",1.0,1.4478566421853558,1.1587213812151504,0.05,1.4478566421853558,True,0.00405049902947717,0.5596686009669763,0.0038793922095361148,0.8455423295882615,1.0868594654233132,1.5386644984001085
centered,4800,4800,160,14400,nan,1.7368805712004274,0.34761246515247646,1.6399451023682645,nan,0.603761337030422,nan,0.0,"(0,1.7368806]",1.0,1.7368805712004274,1.1493767186770558,0.05,1.7368805712004274,True,0.006729031131434083,0.5597104050319687,0.007454294339300105,0.8455655595013728,1.0836693681235774,1.5483190703648355
centered,4800,4800,161,14400,nan,1.404301520474069,0.33059408104671895,1.4547167006166413,nan,0.464253770673635,nan,0.0,"(0,1.4043015]",1.0,1.404301520474069,1.1623610200347072,0.05,1.404301520474069,True,0.004220062794768156,0.5596826134994755,0.0011306624067183553,0.8455363689099814,1.0859267312742096,1.5470788491859988
centered,4800,4800,162,14400,nan,1.8653787945142954,0.3689748395804511,1.7367455523989255,nan,0.6882778414626873,nan,0.0,"(0,1.8653788]",1.0,1.8653787945142954,1.1601521232533403,0.05,1.8653787945142954,True,0.013005563905176622,0.5598390758567502,0.023163526150438835,0.8458523184152233,1.0907375800463928,1.5326804852124805
centered,4800,4800,163,14400,nan,1.5218562186704,0.3486981807156428,1.5043906141203183,nan,0.530668494761156,nan,0.0,"(0,1.5218562]",1.0,1.5218562186704,1.1632567398329037,0.05,1.5218562186704,True,0.007552389130058261,0.5597036947103935,0.012339363323187183,0.8456230520446774,1.0903919850260437,1.5423272392218177
centered,4800,4800,164,14400,nan,1.3212870254959341,0.28810925852011005,1.4506834360245249,nan,0.38067502520787533,nan,0.0,"(0,1.321287]",1.0,1.3212870254959341,1.1483136008550512,0.05,1.3212870254959341,True,0.013471060881625365,0.5598572267279239,0.031554337674540835,0.84612343190456,1.0975912559974959,1.609366017005086
centered,4800,4800,165,14400,nan,1.8073126293895971,0.37170560607390907,1.5857983260750106,nan,0.6717882362722905,nan,0.0,"(0,1.8073126]",1.0,1.8073126293895971,1.150189959874363,0.05,1.8073126293895971,True,0.015505407508667152,0.5598965491178538,0.025604114378406647,0.8459232331173508,1.0904394278593228,1.5233684143526476
centered,4800,4800,166,14400,nan,1.3597483992489554,0.31114518950372005,1.4421863480047583,nan,0.4230791733616962,nan,0.0,"(0,1.3597484]",1.0,1.3597483992489554,1.154925416519081,0.05,1.3597483992489554,True,0.005900150858900799,0.5596949605360131,0.01376620900087929,0.8456480302757116,1.0828191114694925,1.5735522859732398
centered,4800,4800,167,14400,nan,1.8072420424968736,0.35224532851208284,1.7150346749240357,nan,0.6365925669601589,nan,0.0,"(0,1.807242]",1.0,1.8072420424968736,1.1528198192798245,0.05,1.8072420424968736,True,0.00860240258513973,0.5597648381943179,0.010114672440983349,0.8455961654852068,1.0872940442749943,1.5508015917863731
centered,4800,4800,168,14400,nan,1.6567387743619766,0.34244379450717377,1.6172337470585763,nan,0.5673399123996796,nan,0.0,"(0,1.6567388]",1.0,1.6567387743619766,1.154621149529056,0.05,1.6567387743619766,True,0.004849604193957294,0.5596976135011564,0.00424047416590639,0.845546583886071,1.0920774467500205,1.555743552234254
centered,4800,4800,169,14400,nan,1.6176786279924855,0.3578303123750645,1.6158785814752663,nan,0.5788544487770169,nan,0.0,"(0,1.6176786]",1.0,1.6176786279924855,1.1719128367579486,0.05,1.6176786279924855,True,0.01433865104385575,0.559910583593682,0.017933636802962845,0.8457248760637187,1.083392786118067,1.5300383692020678
centered,4800,4800,170,14400,nan,1.3170607885261747,0.30935442447646616,1.363530622965222,nan,0.4074385822350355,nan,0.0,"(0,1.3170608]",1.0,1.3170607885261747,1.1463226516834997,0.05,1.3170607885261747,True,0.009113541839871932,0.5598153784055631,0.014335208280299242,0.8456574938403976,1.0892797127269946,1.5703712128702823
centered,4800,4800,171,14400,nan,1.4313820001242532,0.330259539600526,1.456628934407293,nan,0.47272756035351593,nan,0.0,"(0,1.431382]",1.0,1.4313820001242532,1.1575230862864208,0.05,1.4313820001242532,True,0.0030628776475491075,0.5596627922909752,0.0022535786767238627,0.8455361783166957,1.0875980349486212,1.5503920204692399
centered,4800,4800,172,14400,nan,1.5807438652846355,0.3486026480893897,1.5166686138474386,nan,0.5510514973892814,nan,0.0,"(0,1.5807439]",1.0,1.5807438652846355,1.155622764961827,0.05,1.5807438652846355,True,0.005979987050735554,0.5596847582154032,0.010799778835012827,0.8456014469110295,1.0910555278000513,1.5408237370440425
centered,4800,4800,173,14400,nan,1.776825909597798,0.36514925095297635,1.6160370679779963,nan,0.6488066499634768,nan,0.0,"(0,1.7768259]",1.0,1.776825909597798,1.1535274133495155,0.05,1.776825909597798,True,0.01048817699223355,0.5597676812687347,0.02079944131640805,0.8457917709422228,1.088291752871747,1.5360693610976477
centered,4800,4800,174,14400,nan,1.3684643601449398,0.3014759449550084,1.4873466007635963,nan,0.41255908611194664,nan,0.0,"(0,1.3684644]",1.0,1.3684643601449398,1.1550777181428218,0.05,1.3684643601449398,True,0.01186885772536498,0.5597902622801346,0.021974616833516265,0.8458189923067154,1.0877887672208388,1.5797125272251225
centered,4800,4800,175,14400,nan,1.3813015558431254,0.32233365907295186,1.4553310852625376,nan,0.44523998477807597,nan,0.0,"(0,1.3813016]",1.0,1.3813015558431254,1.1610662157456986,0.05,1.3813015558431254,True,0.005000092622181564,0.559686134369242,0.005368709276876773,0.8455514422767721,1.0858974400413852,1.5545821278527296
centered,4800,4800,176,14400,nan,1.1684742122296339,0.30831576426104307,1.2976886807112695,nan,0.3602590197628998,nan,0.0,"(0,1.1684742]",1.0,1.1684742122296339,1.161900987200441,0.05,1.1684742122296339,True,0.011094580532851742,0.5598241457719051,0.00706894481123464,0.8455654930907102,1.0982686222772506,1.565689739549179
centered,4800,4800,177,14400,nan,1.151833180988035,0.3026087615531257,1.2384971149654733,nan,0.34855481241458663,nan,0.0,"(0,1.1518332]",1.0,1.151833180988035,1.1477011845658716,0.05,1.151833180988035,True,0.012494474471316777,0.5601326389849604,0.012258184357073341,0.8456231015651522,1.0831666018563209,1.5546507851497253
centered,4800,4800,178,14400,nan,1.742472779220043,0.35560193093061604,1.6686394422431625,nan,0.6196266848846843,nan,0.0,"(0,1.7424728]",1.0,1.742472779220043,1.1586400752206123,0.05,1.742472779220043,True,0.00865798639498472,0.5597530601545716,0.013885729696545349,0.8456475649724576,1.0855173532883546,1.5538623868131092
centered,4800,4800,179,14400,nan,1.7714064627791917,0.3606419845568955,1.6308522186031933,nan,0.6388435421935982,nan,0.0,"(0,1.7714065]",1.0,1.7714064627791917,1.1529399334214754,0.05,1.7714064627791917,True,0.008540853033836372,0.5597385840308295,0.017298284280234156,0.845711922606668,1.0862958919035444,1.5260444585011124
shifted_only,4800,4800,0,14400,0.9904673944224512,1.608685881013211,0.34449437770407393,1.5607748029593305,0.6182184865907597,0.554183241500976,0.0,0.0,"[[0.9687500000000001, 1.03]]",0.0,0.061249999999999916,1.1551715668638063,,,,,,,,,
shifted_only,4800,4800,1,14400,1.016081052925212,1.4771486282180166,0.3358669851086941,1.4680123257821374,0.4610675752928046,0.49612545631702853,0.0,0.0,"[[0.9687500000000001, 1.03]]",0.0,0.061249999999999916,1.155437437237453,,,,,,,,,
shifted_only,4800,4800,2,14400,1.0119213309760746,1.5105535826622107,0.3324001492661471,1.482571773132854,0.4986322516861361,0.5021082363514321,0.0,0.0,"[[0.9687500000000001, 1.03]]",0.0,0.061249999999999916,1.1497137022127228,,,,,,,,,
shifted_only,4800,4800,3,14400,0.9750027899815649,1.7495659491191937,0.359889234265829,1.625829879339525,0.7745631591376289,0.6296499497260749,0.0,0.0,"[[0.9687500000000001, 0.9687500000000001]]",0.0,0.0,1.1548066348886887,,,,,,,,,
shifted_only,4800,4800,4,14400,1.019423773052554,1.6634136401729624,0.3561424244889433,1.6137143035779413,0.6439898671204085,0.5924121667391775,0.0,0.0,"[[1.03, 1.03]]",0.0,0.0,1.1631769345898255,,,,,,,,,
shifted_only,4800,4800,5,14400,0.9611184261178551,1.3448460688435195,0.3135447277930065,1.4117325955012485,0.3837276427256644,0.42166939457903624,0.0,0.0,"[[0.9687500000000001, 0.9687500000000001]]",0.0,0.0,1.1535620114347744,,,,,,,,,
shifted_only,4800,4800,6,14400,1.0113756773660576,1.6864048939339942,0.3469553459636992,1.6652051544274915,0.6750292165679366,0.5851071934097444,0.0,0.0,"[[0.9687500000000001, 1.03]]",0.0,0.061249999999999916,1.1603558881293436,,,,,,,,,
shifted_only,4800,4800,7,14400,1.0119639774239206,1.716134241543272,0.3491484975035955,1.663327813301226,0.7041702641193515,0.5991856919493059,0.0,0.0,"[[0.9687500000000001, 1.03]]",0.0,0.061249999999999916,1.1570537211914067,,,,,,,,,
shifted_only,4800,4800,8,14400,1.0257148253462183,1.1756252507956788,0.2735385074374389,1.3783465871897154,0.14991042544946054,0.32157877640841476,0.0,0.0,"[[1.03, 1.03]]",0.0,0.0,1.156063841176944,,,,,,,,,
shifted_only,4800,4800,9,14400,1.019888539407468,1.6839211440360973,0.3568209095808642,1.5941434630996556,0.6640326046286293,0.6008582742774097,0.0,0.0,"[[1.03, 1.03]]",0.0,0.0,1.1576420013538842,,,,,,,,,
shifted_only,4800,4800,10,14400,0.9668959505759811,1.7343662350984776,0.3590293370673024,1.624661195977165,0.7674702845224965,0.6226883596193196,0.0,0.0,"[[0.9687500000000001, 0.9687500000000001]]",0.0,0.0,1.156214321569983,,,,,,,,,
shifted_only,4800,4800,11,14400,1.0148879065863654,1.4998424326538584,0.32424105904463313,1.5025262162386026,0.484954526067493,0.4863104987637659,0.0,0.0,"[[0.9687500000000001, 1.03]]",0.0,0.061249999999999916,1.149082867960385,,,,,,,,,
shifted_only,4800,4800,12,14400,0.9667895203335182,1.5942046481263394,0.3395735355106752,1.6192479143976597,0.6274151277928213,0.541349708691813,0.0,0.0,"[[0.9687500000000001, 0.9687500000000001]]",0.0,0.0,1.163130004231752,,,,,,,,,
shifted_only,4800,4800,13,14400,1.0428223200783764,1.2632900932695752,0.2982616391664646,1.4080984224908635,0.2204677731911988,0.3767909739613394,0.0,0.0,"[[1.03, 1.09125]]",0.0,0.06125000000000003,1.1591541167386978,,,,,,,,,
shifted_only,4800,4800,14,14400,1.0664345039839265,1.0921397629826854,0.248860166873787,1.2967556840171355,0.025705258998758973,0.2717900836653693,0.0,0.0,"[[1.03, 1.09125]]",0.0,0.06125000000000003,1.1408208881111426,,,,,,,,,
shifted_only,4800,4800,15,14400,0.9592886645090453,1.5327784980688928,0.32554253223985974,1.5605955555201902,0.5734898335598475,0.4989845936241563,0.0,0.0,"[[0.9687500000000001, 0.9687500000000001]]",0.0,0.0,1.154070706543039,,,,,,,,,
shifted_only,4800,4800,16,14400,1.0123837694844446,1.4404330500234865,0.3328954556346613,1.4337903596932318,0.4280492805390419,0.47951361649879337,0.0,0.0,"[[0.9687500000000001, 1.03]]",0.0,0.061249999999999916,1.1535959754692817,,,,,,,,,
shifted_only,4800,4800,17,14400,0.9668841586054615,1.3915939668013801,0.3131413100866069,1.4712076149284827,0.42470980819591864,0.4357655578728023,0.0,0.0,"[[0.9687500000000001, 0.9687500000000001]]",0.0,0.0,1.1556221720539266,,,,,,,,,
shifted_only,4800,4800,18,14400,1.0473317254321493,1.9355284219086988,0.36735589078964026,1.7594492577708767,0.8881966964765495,0.7110277675789367,0.0,0.0,"[[1.03, 1.09125]]",0.0,0.06125000000000003,1.1522621805478621,,,,,,,,,
shifted_only,4800,4800,19,14400,0.9961356705445326,1.5178987984247236,0.32947177629055496,1.5340086808402182,0.5217631278801911,0.5001048133462928,0.0,0.0,"[[0.9687500000000001, 1.03]]",0.0,0.061249999999999916,1.1551043650476474,,,,,,,,,
shifted_only,4800,4800,20,14400,0.9835315574277794,1.5339816148506253,0.33372891920364595,1.4885417671631378,0.5504500574228459,0.5119340264023626,0.0,0.0,"[[0.9687500000000001, 1.03]]",0.0,0.061249999999999916,1.1477172199000567,,,,,,,,,
shifted_only,4800,4800,21,14400,0.9972555332205807,1.5557129625068098,0.33512671956083884,1.5365035649162833,0.5584574292862291,0.5213609817031815,0.0,0.0,"[[0.9687500000000001, 1.03]]",0.0,0.061249999999999916,1.1531231564166546,,,,,,,,,
shifted_only,4800,4800,22,14400,0.9918247686493563,1.6191131235924552,0.36197317566881193,1.5560579775213996,0.6272883549430989,0.5860755191138106,0.0,0.0,"[[0.9687500000000001, 1.03]]",0.0,0.061249999999999916,1.1655155198431997,,,,,,,,,
shifted_only,4800,4800,23,14400,0.9921537230181134,1.6329851595909266,0.33899037628326983,1.5620941965370645,0.6408314365728132,0.5535662537147237,0.0,0.0,"[[0.9687500000000001, 1.03]]",0.0,0.061249999999999916,1.1473691432910467,,,,,,,,,
shifted_only,4800,4800,24,14400,1.0557661325686736,1.1988468701427397,0.3015293484503285,1.3183258940877856,0.14308073757406614,0.3614875156458559,0.0,0.0,"[[1.03, 1.09125]]",0.0,0.06125000000000003,1.1556461125380946,,,,,,,,,
shifted_only,4800,4800,25,14400,1.0240488663803065,1.1852287150841279,0.2778630837763026,1.3598126229403118,0.1611798487038214,0.3293313057535005,0.0,0.0,"[[1.03, 1.03]]",0.0,0.0,1.152390838827546,,,,,,,,,
shifted_only,4800,4800,26,14400,0.9787663464416569,1.7533100879009782,0.34812155256504235,1.6931746169068749,0.7745437414593213,0.6103650299280394,0.0,0.0,"[[0.9687500000000001, 0.9687500000000001]]",0.0,0.0,1.154770981747793,,,,,,,,,
shifted_only,4800,4800,27,14400,0.9802403131045919,1.4796143369316963,0.32656299450202314,1.481754972831989,0.4993740238271044,0.48318728857654014,0.0,0.0,"[[0.9687500000000001, 0.9687500000000001]]",0.0,0.0,1.1507283415526106,,,,,,,,,
shifted_only,4800,4800,28,14400,0.9561346882179473,1.2831286269976097,0.323046289182511,1.3679386516288476,0.3269939387796623,0.4145099414954281,0.0,0.0,"[[0.9687500000000001, 0.9687500000000001]]",0.0,0.0,1.1633370268384866,,,,,,,,,
shifted_only,4800,4800,29,14400,0.9924167701600451,1.7555837175632378,0.34722155112686975,1.7574003542476406,0.7631669474031927,0.6095765015453839,0.0,0.0,"[[0.9687500000000001, 1.03]]",0.0,0.061249999999999916,1.1625545383748452,,,,,,,,,
shifted_only,4800,4800,30,14400,1.0183568390162667,1.1836789496128841,0.2996955986113696,1.3034986596585745,0.1653221105966174,0.35474337136791045,0.0,0.0,"[[1.03, 1.03]]",0.0,0.0,1.1543206077984134,,,,,,,,,
shifted_only,4800,4800,31,14400,0.9836085335808153,1.419637819002048,0.3355933020442163,1.4257804560534124,0.43602928542123265,0.47642094338574675,0.0,0.0,"[[0.9687500000000001, 1.03]]",0.0,0.061249999999999916,1.1576948567539422,,,,,,,,,
shifted_only,4800,4800,32,14400,0.9952221551412243,1.630480978442932,0.32782165465101937,1.593972715132175,0.6352588233017077,0.534506972230175,0.0,0.0,"[[0.9687500000000001, 1.03]]",0.0,0.061249999999999916,1.1443024593657334,,,,,,,,,
shifted_only,4800,4800,33,14400,1.0072720683221528,1.7890416857306437,0.36409704897029677,1.5874693677004728,0.7817696174084909,0.6513847982593725,0.0,0.0,"[[0.9687500000000001, 1.03]]",0.0,0.061249999999999916,1.1470651607481808,,,,,,,,,
shifted_only,4800,4800,34,14400,1.0141233385430852,1.5169437193460904,0.33694204282869333,1.5646194385752925,0.5028203808030052,0.5111221156526278,0.0,0.0,"[[0.9687500000000001, 1.03]]",0.0,0.061249999999999916,1.165793301720432,,,,,,,,,
shifted_only,4800,4800,35,14400,0.9586714819359762,1.1406601300468326,0.28681309716590436,1.2839823457271355,0.18198864811085647,0.32715626471239534,0.0,0.0,"[[0.9687500000000001, 0.9687500000000001]]",0.0,0.0,1.1508545652064084,,,,,,,,,
shifted_only,4800,4800,36,14400,0.9930918256166943,1.0808835456413426,0.26572055355528496,1.3257058567709608,0.0877917200246483,0.28721297407661667,0.0,0.0,"[[0.9687500000000001, 1.03]]",0.0,0.061249999999999916,1.1620931799858918,,,,,,,,,
shifted_only,4800,4800,37,14400,0.9931015288834593,1.4476721324938524,0.3312061973819131,1.4086892755125429,0.45457060361039314,0.4794779820590539,0.0,0.0,"[[0.9687500000000001, 1.03]]",0.0,0.061249999999999916,1.1464745175845978,,,,,,,,,
shifted_only,4800,4800,38,14400,0.995877556107701,1.35930521569599,0.3165182644682984,1.4359656545443298,0.36342765958828893,0.4302449277548007,0.0,0.0,"[[0.9687500000000001, 1.03]]",0.0,0.061249999999999916,1.1575606359155326,,,,,,,,,
shifted_only,4800,4800,39,14400,0.9884952660050467,1.2739648298672248,0.30807983908847614,1.3765815981113987,0.28546956386217814,0.3924828797898725,0.0,0.0,"[[0.9687500000000001, 1.03]]",0.0,0.061249999999999916,1.1569056086116722,,,,,,,,,
shifted_only,4800,4800,40,14400,0.9904683345100342,1.430509518323653,0.3385390211299507,1.5244822057350902,0.4400411838136187,0.48428329205036674,0.0,0.0,"[[0.9687500000000001, 1.03]]",0.0,0.061249999999999916,1.1756219835865502,,,,,,,,,
shifted_only,4800,4800,41,14400,0.9659556105487174,1.3187374767956543,0.31398330389328744,1.3643482829938045,0.35278186624693697,0.414061549932197,0.0,0.0,"[[0.9687500000000001, 0.9687500000000001]]",0.0,0.0,1.1494000033716094,,,,,,,,,
shifted_only,4800,4800,42,14400,0.9861751015865414,1.6344472470932558,0.3610520382037899,1.5440130834254515,0.6482721455067144,0.5901205098995934,0.0,0.0,"[[0.9687500000000001, 1.03]]",0.0,0.061249999999999916,1.1606605789664883,,,,,,,,,
shifted_only,4800,4800,43,14400,0.9991535287783755,1.5385794270683801,0.32648437217479503,1.5837290310021104,0.5394258982900046,0.502322138287476,0.0,0.0,"[[0.9687500000000001, 1.03]]",0.0,0.061249999999999916,1.1575586920361078,,,,,,,,,
shifted_only,4800,4800,44,14400,0.9700296059608563,1.5300166678377016,0.3330949230440051,1.5660553619889221,0.5599870618768453,0.5096407842294444,0.0,0.0,"[[0.9687500000000001, 0.9687500000000001]]",0.0,0.0,1.1609696368684288,,,,,,,,,
shifted_only,4800,4800,45,14400,0.9771973192957122,1.5333288363032818,0.32915004743315024,1.537136096622059,0.5561315170075696,0.5046952591998423,0.0,0.0,"[[0.9687500000000001, 0.9687500000000001]]",0.0,0.0,1.1526951503282998,,,,,,,,,
shifted_only,4800,4800,46,14400,0.9932081360522601,1.377513352126929,0.33119238542383117,1.4424219127035978,0.38430521607466883,0.45622193304409553,0.0,0.0,"[[0.9687500000000001, 1.03]]",0.0,0.061249999999999916,1.1654597425810571,,,,,,,,,
shifted_only,4800,4800,47,14400,0.9932857719516013,1.5882559547524837,0.3431669102730662,1.5507887197613517,0.5949701828008824,0.5450368887152086,0.0,0.0,"[[0.9687500000000001, 1.03]]",0.0,0.061249999999999916,1.155932833661359,,,,,,,,,
shifted_only,4800,4800,48,14400,0.966851643015011,1.63997077007054,0.3580574006530718,1.5044391164924413,0.6731191270555289,0.587203671078474,0.0,0.0,"[[0.9687500000000001, 0.9687500000000001]]",0.0,0.0,1.1514942655826532,,,,,,,,,
shifted_only,4800,4800,49,14400,0.9827427112482433,1.2541292212292812,0.29024947822350716,1.385429280951451,0.27138650998103786,0.3640103520866522,0.0,0.0,"[[0.9687500000000001, 1.03]]",0.0,0.061249999999999916,1.1508233530377376,,,,,,,,,
shifted_only,4800,4800,50,14400,1.001010721873084,1.3308330114775722,0.3199805590462719,1.3917413992753473,0.32982228960448823,0.4258406910098271,0.0,0.0,"[[0.9687500000000001, 1.03]]",0.0,0.061249999999999916,1.1567720850189547,,,,,,,,,
shifted_only,4800,4800,51,14400,0.9954744207633132,1.363270429806018,0.316502389172992,1.437013404309044,0.36779600904270493,0.4314783481224964,0.0,0.0,"[[0.9687500000000001, 1.03]]",0.0,0.061249999999999916,1.1569732706062739,,,,,,,,,
shifted_only,4800,4800,52,14400,0.9686957279503287,1.1407443460791913,0.2779080573539241,1.3254117747873433,0.17204861812886263,0.3170220451563405,0.0,0.0,"[[0.9687500000000001, 0.9687500000000001]]",0.0,0.0,1.1549568869988895,,,,,,,,,
shifted_only,4800,4800,53,14400,1.0438116510223652,1.8798127537691298,0.36994579053679205,1.7094603543393283,0.8360011027467646,0.6954288152542647,0.0,0.0,"[[1.03, 1.09125]]",0.0,0.06125000000000003,1.1554749769157355,,,,,,,,,
shifted_only,4800,4800,54,14400,1.03203576842805,1.7388143776217475,0.36282177389867165,1.6306387532555444,0.7067786091936976,0.6308797169692372,0.0,0.0,"[[1.03, 1.03]]",0.0,0.0,1.1592363376713861,,,,,,,,,
shifted_only,4800,4800,55,14400,1.0070098634161695,1.763011231183917,0.3389569307091336,1.7409711261339094,0.7560013677677475,0.5975848757278313,0.0,0.0,"[[0.9687500000000001, 1.03]]",0.0,0.061249999999999916,1.1528531456137796,,,,,,,,,
shifted_only,4800,4800,56,14400,1.019320876780836,1.7295879391712377,0.3650306661921515,1.576394345502968,0.7102670623904017,0.6313526376735873,0.0,0.0,"[[1.03, 1.03]]",0.0,0.0,1.1544798976381703,,,,,,,,,
shifted_only,4800,4800,57,14400,0.9924410976979257,1.2941984445327244,0.32157440298373224,1.3799583894780802,0.3017573468347987,0.41618109214308574,0.0,0.0,"[[0.9687500000000001, 1.03]]",0.0,0.061249999999999916,1.1626425157237028,,,,,,,,,
shifted_only,4800,4800,58,14400,1.0093608982693083,1.5242964447140404,0.3414039592240387,1.5096935129064843,0.514935546444732,0.5204008412564994,0.0,0.0,"[[0.9687500000000001, 1.03]]",0.0,0.061249999999999916,1.1585209033686559,,,,,,,,,
shifted_only,4800,4800,59,14400,0.9959301354469491,1.5132873889245289,0.3397500359822146,1.5042110881242619,0.5173572534775798,0.5141394448385402,0.0,0.0,"[[0.9687500000000001, 1.03]]",0.0,0.061249999999999916,1.1582800711381664,,,,,,,,,
shifted_only,4800,4800,60,14400,1.0001152451292403,1.7418762544405773,0.352294776321984,1.6498067226544295,0.7417610093113369,0.6136539054387184,0.0,0.0,"[[0.9687500000000001, 1.03]]",0.0,0.061249999999999916,1.153589564681735,,,,,,,,,
shifted_only,4800,4800,61,14400,1.0080220341436463,1.4893837210878644,0.3281301422168776,1.5413042075247767,0.4813616869442181,0.4887116922160633,0.0,0.0,"[[0.9687500000000001, 1.03]]",0.0,0.061249999999999916,1.1604917690948693,,,,,,,,,
shifted_only,4800,4800,62,14400,1.019777360979871,1.2814873995885587,0.3036403948587288,1.3964240909301846,0.2617100386086877,0.38911134001755554,0.0,0.0,"[[1.03, 1.03]]",0.0,0.0,1.1564703101712768,,,,,,,,,
shifted_only,4800,4800,63,14400,0.9831024958430689,1.4141437997986952,0.3371159535740464,1.4444060797070095,0.43104130395562634,0.4767304355599625,0.0,0.0,"[[0.9687500000000001, 1.03]]",0.0,0.061249999999999916,1.1631882939266618,,,,,,,,,
shifted_only,4800,4800,64,14400,1.021289478051788,1.4679657393188792,0.3382784847371874,1.4864539706223667,0.44667626126709115,0.4965812259428955,0.0,0.0,"[[1.03, 1.03]]",0.0,0.0,1.162001294599425,,,,,,,,,
shifted_only,4800,4800,65,14400,0.9991956231388057,1.2242876453618767,0.3024071456278088,1.3637490696907513,0.225092022223071,0.3702333322612762,0.0,0.0,"[[0.9687500000000001, 1.03]]",0.0,0.061249999999999916,1.1608665752975624,,,,,,,,,
shifted_only,4800,4800,66,14400,0.9748428491288885,1.5157157330769389,0.3257952775019817,1.5477348483190496,0.5408728839480503,0.4938130278719209,0.0,0.0,"[[0.9687500000000001, 0.9687500000000001]]",0.0,0.0,1.1551478529306436,,,,,,,,,
shifted_only,4800,4800,67,14400,1.0231081800850494,1.4030710190976066,0.3026918679948976,1.4196891882292775,0.3799628390125571,0.4246981877001592,0.0,0.0,"[[1.03, 1.03]]",0.0,0.0,1.1359378338848696,,,,,,,,,
shifted_only,4800,4800,68,14400,0.9651609114558137,1.9343478221794783,0.3687572139086085,1.7970960308363753,0.9691869107236646,0.7133047136370889,0.0,0.0,"[[0.9687500000000001, 0.9687500000000001]]",0.0,0.0,1.1580564377227442,,,,,,,,,
shifted_only,4800,4800,69,14400,1.0132185035210228,1.307417309227653,0.30492413324555306,1.38849183141121,0.29419880570663026,0.39866308980647536,0.0,0.0,"[[0.9687500000000001, 1.03]]",0.0,0.061249999999999916,1.150337932473557,,,,,,,,,
shifted_only,4800,4800,70,14400,0.9781802538120107,1.3474415239126964,0.3127953563375591,1.3985875284143705,0.36926127010068577,0.42147345161629557,0.0,0.0,"[[0.9687500000000001, 0.9687500000000001]]",0.0,0.0,1.149896961034385,,,,,,,,,
shifted_only,4800,4800,71,14400,1.011156546158147,1.5584941382470952,0.343380405230007,1.5463250734483034,0.547337592088948,0.535156348739878,0.0,0.0,"[[0.9687500000000001, 1.03]]",0.0,0.061249999999999916,1.1602670993564015,,,,,,,,,
shifted_only,4800,4800,72,14400,0.9849382202133438,1.5935831462640395,0.32874817830379793,1.585136622812092,0.6086449260506958,0.5238875563099378,0.0,0.0,"[[0.9687500000000001, 1.03]]",0.0,0.061249999999999916,1.1498463084116763,,,,,,,,,
shifted_only,4800,4800,73,14400,1.0162224756414242,1.7265799736304293,0.3482610662557911,1.6725082383408734,0.710357497989005,0.601300582592429,0.0,0.0,"[[1.03, 1.03]]",0.0,0.0,1.1560854163552692,,,,,,,,,
shifted_only,4800,4800,74,14400,1.0227030609047179,1.3331328159679359,0.3151133566990419,1.3964459770149058,0.310429755063218,0.42008795656530235,0.0,0.0,"[[1.03, 1.03]]",0.0,0.0,1.1539020691848383,,,,,,,,,
shifted_only,4800,4800,75,14400,1.0085558413429685,1.2057993349913474,0.26447722529800133,1.418385192539632,0.1972434936483789,0.3189064623846868,0.0,0.0,"[[0.9687500000000001, 1.03]]",0.0,0.061249999999999916,1.1516081006772934,,,,,,,,,
shifted_only,4800,4800,76,14400,1.011112792061527,1.8762559757258976,0.3653775050157585,1.7099077395166808,0.8651431836643706,0.685541727181636,0.0,0.0,"[[0.9687500000000001, 1.03]]",0.0,0.061249999999999916,1.1525027769461789,,,,,,,,,
shifted_only,4800,4800,77,14400,0.9835327661286879,1.8403266720854146,0.3673116449518868,1.6696155719848056,0.8567939059567267,0.6759734171725251,0.0,0.0,"[[0.9687500000000001, 1.03]]",0.0,0.061249999999999916,1.1536492431349712,,,,,,,,,
shifted_only,4800,4800,78,14400,0.9816675000152203,1.354492950727922,0.309705130425736,1.4635608124742965,0.3728254507127017,0.4194934159659311,0.0,0.0,"[[0.9687500000000001, 0.9687500000000001]]",0.0,0.0,1.1591308911125928,,,,,,,,,
shifted_only,4800,4800,79,14400,1.0012613967118054,1.4193166341772894,0.32251204370258457,1.4501703513197273,0.418055237465484,0.4577467083495912,0.0,0.0,"[[0.9687500000000001, 1.03]]",0.0,0.061249999999999916,1.1530475225949677,,,,,,,,,
shifted_only,4800,4800,80,14400,1.0333679019030961,1.1028940810513312,0.26522642394854795,1.286748476459829,0.06952617914823511,0.29251665311126457,0.0,0.0,"[[1.03, 1.03]]",0.0,0.0,1.146382064790311,,,,,,,,,
shifted_only,4800,4800,81,14400,1.0020347521157438,1.2154614376128619,0.2941627712454897,1.3869171787032495,0.21342668549711807,0.3575435048302263,0.0,0.0,"[[0.9687500000000001, 1.03]]",0.0,0.061249999999999916,1.1624162613067552,,,,,,,,,
shifted_only,4800,4800,82,14400,0.9501481321499731,1.2271127062601122,0.28726969409493847,1.3046966906116555,0.2769645741101391,0.3525122917473545,0.0,0.0,"[[0.9075000000000001, 0.9687500000000001]]",0.0,0.06125000000000003,1.1366904016082566,,,,,,,,,
shifted_only,4800,4800,83,14400,1.0285138226274908,1.4412502465416304,0.32743678157081496,1.499890750484469,0.41273642391413956,0.471918342165735,0.0,0.0,"[[1.03, 1.03]]",0.0,0.0,1.1615567274064709,,,,,,,,,
shifted_only,4800,4800,84,14400,0.989142086641335,1.6761250591169787,0.35516984457447254,1.619818472632278,0.6869829724756438,0.5953090767339559,0.0,0.0,"[[0.9687500000000001, 1.03]]",0.0,0.061249999999999916,1.1614001165232013,,,,,,,,,
shifted_only,4800,4800,85,14400,0.9928869358409116,1.5527121408500755,0.3267939780370722,1.530594012412137,0.5598252050091639,0.5074169772548549,0.0,0.0,"[[0.9687500000000001, 1.03]]",0.0,0.061249999999999916,1.1464752036045016,,,,,,,,,
shifted_only,4800,4800,86,14400,1.047082478430504,1.625752366657189,0.35216927509370427,1.5226052369558294,0.578669888226685,0.5725400324475364,0.0,0.0,"[[1.03, 1.09125]]",0.0,0.06125000000000003,1.1521380257612357,,,,,,,,,
shifted_only,4800,4800,87,14400,1.0126203688723776,1.603454969369408,0.33695211857560997,1.5783863818639183,0.5908346004970304,0.5402875489696118,0.0,0.0,"[[0.9687500000000001, 1.03]]",0.0,0.061249999999999916,1.1532282601683694,,,,,,,,,
shifted_only,4800,4800,88,14400,0.9484838239186013,1.4386796079497355,0.327595920382492,1.4677406214954938,0.4901957840311342,0.47130557030181636,0.0,0.0,"[[0.9075000000000001, 0.9687500000000001]]",0.0,0.06125000000000003,1.1563376315519391,,,,,,,,,
shifted_only,4800,4800,89,14400,0.988789600394294,1.4776712656579378,0.32632401841211084,1.540017733995604,0.48888166526364385,0.48219962530160804,0.0,0.0,"[[0.9687500000000001, 1.03]]",0.0,0.061249999999999916,1.1611226428804857,,,,,,,,,
shifted_only,4800,4800,90,14400,0.9869720560113323,1.483425740503951,0.3207962085316702,1.564711743857825,0.49645368449261873,0.47587735319195273,0.0,0.0,"[[0.9687500000000001, 1.03]]",0.0,0.061249999999999916,1.1603426483570771,,,,,,,,,
shifted_only,4800,4800,91,14400,1.0024875914565992,1.5605894477672986,0.3378873484283525,1.5197538633878165,0.5581018563106994,0.5273034304913594,0.0,0.0,"[[0.9687500000000001, 1.03]]",0.0,0.061249999999999916,1.1515651358984562,,,,,,,,,
shifted_only,4800,4800,92,14400,1.0268474459378532,1.3692866348069375,0.3147002282080944,1.4408977057654289,0.3424391888690843,0.43091481645603685,0.0,0.0,"[[1.03, 1.03]]",0.0,0.0,1.1552903540548156,,,,,,,,,
shifted_only,4800,4800,93,14400,0.9752370139898158,1.5204987764544236,0.34890112626405334,1.4619742344411433,0.5452617624646078,0.5305037355880634,0.0,0.0,"[[0.9687500000000001, 0.9687500000000001]]",0.0,0.0,1.1564429453666318,,,,,,,,,
shifted_only,4800,4800,94,14400,0.9843098278509783,1.553255096139987,0.33494026436300184,1.5458485040667065,0.5689452682890086,0.520247672524307,0.0,0.0,"[[0.9687500000000001, 1.03]]",0.0,0.061249999999999916,1.1549441249478232,,,,,,,,,
shifted_only,4800,4800,95,14400,0.9876502202847773,1.6523553047804074,0.35081528822581687,1.591273402492658,0.66470508449563,0.579671502497996,0.0,0.0,"[[0.9687500000000001, 1.03]]",0.0,0.061249999999999916,1.1576130694267426,,,,,,,,,
shifted_only,4800,4800,96,14400,0.9765832132098577,1.3394949396704217,0.3089681683197738,1.4086797632425019,0.3629117264605639,0.41386129798357607,0.0,0.0,"[[0.9687500000000001, 0.9687500000000001]]",0.0,0.0,1.150793864844141,,,,,,,,,
shifted_only,4800,4800,97,14400,1.0288335196909757,1.9900085619983598,0.36261556196085754,1.8076924010008204,0.9611750423073842,0.7216080730159533,0.0,0.0,"[[1.03, 1.03]]",0.0,0.0,1.147112228252883,,,,,,,,,
shifted_only,4800,4800,98,14400,0.9832224896094177,1.934273122171188,0.3631908926385577,1.806341177944146,0.9510506325617702,0.7025103818481238,0.0,0.0,"[[0.9687500000000001, 1.03]]",0.0,0.061249999999999916,1.154868718391344,,,,,,,,,
shifted_only,4800,4800,99,14400,1.0352934637501716,1.4858667040723819,0.3269363906091885,1.4253471230245989,0.45057324032221024,0.48578389715579573,0.0,0.0,"[[1.03, 1.03]]",0.0,0.0,1.1397940275025964,,,,,,,,,
shifted_only,4800,4800,100,14400,1.029754581221103,1.301675358898453,0.3205426838790373,1.3722874353342822,0.27192077767735,0.41724251308051924,0.0,0.0,"[[1.03, 1.03]]",0.0,0.0,1.1588947247137005,,,,,,,,,
shifted_only,4800,4800,101,14400,0.9693115722666397,1.6241763878290332,0.3364118630575758,1.583393143244922,0.6548648155623935,0.5463922045636889,0.0,0.0,"[[0.9687500000000001, 0.9687500000000001]]",0.0,0.0,1.1501910421533403,,,,,,,,,
shifted_only,4800,4800,102,14400,1.0231447612938556,1.2680615936488326,0.30030121100843665,1.4133948930069105,0.24491683235497708,0.38080043220603255,0.0,0.0,"[[1.03, 1.03]]",0.0,0.0,1.1606130105392636,,,,,,,,,
shifted_only,4800,4800,103,14400,0.9974261534212482,1.7472924193509747,0.3539053135931618,1.615296544406387,0.7498662659297265,0.618376071609361,0.0,0.0,"[[0.9687500000000001, 1.03]]",0.0,0.061249999999999916,1.149112365585036,,,,,,,,,
shifted_only,4800,4800,104,14400,1.013662549521299,1.4588606571195861,0.327165479602843,1.476485810576022,0.44519810759828715,0.47728884656024806,0.0,0.0,"[[0.9687500000000001, 1.03]]",0.0,0.061249999999999916,1.1539494331386944,,,,,,,,,
shifted_only,4800,4800,105,14400,1.0004657491894953,1.4288303785575958,0.3262311476678932,1.4621541665659847,0.4283646293681005,0.46612897421959476,0.0,0.0,"[[0.9687500000000001, 1.03]]",0.0,0.061249999999999916,1.1561468262065562,,,,,,,,,
shifted_only,4800,4800,106,14400,1.0134838043957897,1.8485269481605526,0.3681769613843271,1.6818446829905573,0.835043143764763,0.6805850348107958,0.0,0.0,"[[0.9687500000000001, 1.03]]",0.0,0.061249999999999916,1.1547966588758343,,,,,,,,,
shifted_only,4800,4800,107,14400,0.9856338166152366,2.043481828059445,0.391716099605914,1.7754987882011555,1.0578480114442081,0.8004647313030088,0.0,0.0,"[[0.9687500000000001, 1.03]]",0.0,0.061249999999999916,1.1594928364717114,,,,,,,,,
shifted_only,4800,4800,108,14400,0.9992466192792027,1.4829058447005359,0.321825038592307,1.593824834793941,0.4836592254213332,0.47723623069950755,0.0,0.0,"[[0.9687500000000001, 1.03]]",0.0,0.061249999999999916,1.1661513702497885,,,,,,,,,
shifted_only,4800,4800,109,14400,1.006114839722496,1.1695983852303802,0.2998831738422353,1.2956557718186443,0.16348354550788424,0.3507428758836398,0.0,0.0,"[[0.9687500000000001, 1.03]]",0.0,0.061249999999999916,1.1557003923254774,,,,,,,,,
shifted_only,4800,4800,110,14400,0.9529215346261081,1.411814776572269,0.3132553721402844,1.5319891793291784,0.458893241946161,0.44225856322829865,0.0,0.0,"[[0.9075000000000001, 0.9687500000000001]]",0.0,0.06125000000000003,1.1629938735211,,,,,,,,,
shifted_only,4800,4800,111,14400,1.0050439311598425,1.614289293045345,0.3421261555221312,1.5799221620179966,0.6092453618855025,0.5522905897301429,0.0,0.0,"[[0.9687500000000001, 1.03]]",0.0,0.061249999999999916,1.1555208614016685,,,,,,,,,
shifted_only,4800,4800,112,14400,0.9948952252386897,1.4845888125698,0.3369860808429407,1.4587015286077147,0.48969358733111024,0.5002857656111719,0.0,0.0,"[[0.9687500000000001, 1.03]]",0.0,0.061249999999999916,1.153308871227972,,,,,,,,,
shifted_only,4800,4800,113,14400,0.9850000167358224,1.6385758794446899,0.3481599686417886,1.554666506142011,0.6535758627088675,0.5704865268046544,0.0,0.0,"[[0.9687500000000001, 1.03]]",0.0,0.061249999999999916,1.1521901214930086,,,,,,,,,
shifted_only,4800,4800,114,14400,0.9733100794066065,1.476953886409443,0.3207839296498324,1.4542638116080795,0.5036438070028364,0.4737830715940133,0.0,0.0,"[[0.9687500000000001, 0.9687500000000001]]",0.0,0.0,1.1420549808106149,,,,,,,,,
shifted_only,4800,4800,115,14400,0.9906983856228883,1.5092841629351288,0.34008902640993044,1.5150228414720903,0.5185857773122405,0.5132909815485348,0.0,0.0,"[[0.9687500000000001, 1.03]]",0.0,0.061249999999999916,1.161046989550849,,,,,,,,,
shifted_only,4800,4800,116,14400,0.9924260513548739,1.4324303573066708,0.31536556854461084,1.4640225470477208,0.44000430595179685,0.4517392140325783,0.0,0.0,"[[0.9687500000000001, 1.03]]",0.0,0.061249999999999916,1.1480317587489794,,,,,,,,,
shifted_only,4800,4800,117,14400,0.9884875005055893,1.285089427276326,0.3033103527942162,1.4286761633578426,0.2966019267707367,0.38978092755929966,0.0,0.0,"[[0.9687500000000001, 1.03]]",0.0,0.061249999999999916,1.162180161753895,,,,,,,,,
shifted_only,4800,4800,118,14400,0.9725867447348753,1.5533811016836407,0.33964835202980753,1.5467000155169144,0.5807943569487655,0.5276033312610955,0.0,0.0,"[[0.9687500000000001, 0.9687500000000001]]",0.0,0.0,1.1584959922271676,,,,,,,,,
shifted_only,4800,4800,119,14400,0.9953229934754863,1.6735392485591056,0.35670269114202124,1.6029522729479428,0.6782162550836194,0.596955953692829,0.0,0.0,"[[0.9687500000000001, 1.03]]",0.0,0.061249999999999916,1.160433722580259,,,,,,,,,
shifted_only,4800,4800,120,14400,0.9639554087449445,1.326582895389615,0.320535133626089,1.3552671304869381,0.3626274866446706,0.4252164256397943,0.0,0.0,"[[0.9687500000000001, 0.9687500000000001]]",0.0,0.0,1.150571860150633,,,,,,,,,
shifted_only,4800,4800,121,14400,1.0071574969176604,1.4269371991376867,0.32655642632890985,1.455595692671291,0.41977970222002625,0.46597551234618695,0.0,0.0,"[[0.9687500000000001, 1.03]]",0.0,0.061249999999999916,1.1555198105693116,,,,,,,,,
shifted_only,4800,4800,122,14400,0.9909693732111052,1.4497735436199775,0.32825598348477475,1.499515655074168,0.4588041704088722,0.4758968403911827,0.0,0.0,"[[0.9687500000000001, 1.03]]",0.0,0.061249999999999916,1.1604982115877018,,,,,,,,,
shifted_only,4800,4800,123,14400,0.9989870729951941,1.479778487894157,0.32356763804187744,1.4980693981901125,0.4807914148989628,0.47880843015309327,0.0,0.0,"[[0.9687500000000001, 1.03]]",0.0,0.061249999999999916,1.1514115877014375,,,,,,,,,
shifted_only,4800,4800,124,14400,0.9931198672056407,1.5070921337914207,0.337631988357302,1.5039056163719995,0.51397226658578,0.5088425137696464,0.0,0.0,"[[0.9687500000000001, 1.03]]",0.0,0.061249999999999916,1.1577709248087598,,,,,,,,,
shifted_only,4800,4800,125,14400,1.0237144376025842,1.4092540058670158,0.3184667544484229,1.4909255618476873,0.3855395682644316,0.44880054944190717,0.0,0.0,"[[1.03, 1.03]]",0.0,0.0,1.1596466195732837,,,,,,,,,
shifted_only,4800,4800,126,14400,1.0199517890037264,1.343222537791103,0.32511304794866464,1.4052522730821944,0.3232707487873765,0.43669917333460584,0.0,0.0,"[[1.03, 1.03]]",0.0,0.0,1.1605971633812395,,,,,,,,,
shifted_only,4800,4800,127,14400,1.0344516819185983,1.8539540539470678,0.3648095513419417,1.6846141741841316,0.8195023720284695,0.6763401466290038,0.0,0.0,"[[1.03, 1.03]]",0.0,0.0,1.1518324486290512,,,,,,,,,
shifted_only,4800,4800,128,14400,1.0068716395895527,1.9953479657266076,0.3623024890827814,1.8512931551253529,0.9884763261370548,0.7229195345690143,0.0,0.0,"[[0.9687500000000001, 1.03]]",0.0,0.061249999999999916,1.1512418057027374,,,,,,,,,
shifted_only,4800,4800,129,14400,1.013846106650899,1.5951896565841601,0.337113408460256,1.499399684698964,0.5813435499332611,0.5377598222716314,0.0,0.0,"[[0.9687500000000001, 1.03]]",0.0,0.061249999999999916,1.141970296821196,,,,,,,,,
shifted_only,4800,4800,130,14400,1.0062970338817583,1.1947735767224246,0.30104591951254356,1.3099029403205242,0.18847654284066628,0.3596817100136928,0.0,0.0,"[[0.9687500000000001, 1.03]]",0.0,0.061249999999999916,1.154277688327362,,,,,,,,,
shifted_only,4800,4800,131,14400,0.9797883804576243,1.3721266436042308,0.32546937177403534,1.4001939059986463,0.39233826314660647,0.44658519668828467,0.0,0.0,"[[0.9687500000000001, 0.9687500000000001]]",0.0,0.0,1.154384947444307,,,,,,,,,
shifted_only,4800,4800,132,14400,1.0071314682096022,1.4162612935847005,0.33222158975796046,1.4146067786961278,0.40912982537509834,0.47051257846737476,0.0,0.0,"[[0.9687500000000001, 1.03]]",0.0,0.061249999999999916,1.1538386422767553,,,,,,,,,
shifted_only,4800,4800,133,14400,1.0320691703150071,1.593742081407352,0.3402300947289633,1.5709079551073668,0.5616729110923449,0.5422390193307586,0.0,0.0,"[[1.03, 1.03]]",0.0,0.0,1.1560782456765375,,,,,,,,,
shifted_only,4800,4800,134,14400,0.9596638140919903,1.601335398081623,0.33846997448765426,1.580431189680348,0.6416715839896326,0.5420039513348646,0.0,0.0,"[[0.9687500000000001, 0.9687500000000001]]",0.0,0.0,1.155031768843151,,,,,,,,,
shifted_only,4800,4800,135,14400,1.0235284407225183,1.4076493131803394,0.31896333214043326,1.4766446611818527,0.3841208724578211,0.44898851541719337,0.0,0.0,"[[1.03, 1.03]]",0.0,0.0,1.1576520939764579,,,,,,,,,
shifted_only,4800,4800,136,14400,1.0451318188763385,1.3576570463333046,0.3084625687514728,1.4529011550346755,0.3125252274569661,0.4187863799955085,0.0,0.0,"[[1.03, 1.09125]]",0.0,0.06125000000000003,1.1555559158367177,,,,,,,,,
shifted_only,4800,4800,137,14400,0.9797957461762641,1.3760668083377376,0.3357625846246772,1.3456922652077665,0.39627106216147356,0.46203174818370907,0.0,0.0,"[[0.9687500000000001, 0.9687500000000001]]",0.0,0.0,1.1501993528474483,,,,,,,,,
shifted_only,4800,4800,138,14400,0.9693331027802254,1.6390603935180414,0.34466636231883335,1.5658291683174215,0.669727290737816,0.5649289834547389,0.0,0.0,"[[0.9687500000000001, 0.9687500000000001]]",0.0,0.0,1.1512421709834604,,,,,,,,,
shifted_only,4800,4800,139,14400,1.0242095257860928,1.632616012783168,0.336628161030288,1.5863770650939655,0.6084064869970751,0.549584526051799,0.0,0.0,"[[1.03, 1.03]]",0.0,0.0,1.149437447536878,,,,,,,,,
shifted_only,4800,4800,140,14400,0.9965292502315862,1.7515878137707488,0.36195826404327225,1.593378577489974,0.7550585635391626,0.6340016843918107,0.0,0.0,"[[0.9687500000000001, 1.03]]",0.0,0.061249999999999916,1.1514848037013052,,,,,,,,,
shifted_only,4800,4800,141,14400,1.0138661999440863,1.320733352948776,0.3055827635460307,1.3849977279253727,0.3068671530046896,0.4035933479015021,0.0,0.0,"[[0.9687500000000001, 1.03]]",0.0,0.061249999999999916,1.1473690579621065,,,,,,,,,
shifted_only,4800,4800,142,14400,1.0239978235918634,1.2976271986925358,0.3034801540756592,1.4288379232411086,0.2736293751006724,0.3938041021919768,0.0,0.0,"[[1.03, 1.03]]",0.0,0.0,1.1596694963205212,,,,,,,,,
shifted_only,4800,4800,143,14400,1.0112744158139326,1.6536971039448785,0.3240237619769153,1.6828729919469188,0.6424226881309458,0.5358371567905494,0.0,0.0,"[[0.9687500000000001, 1.03]]",0.0,0.061249999999999916,1.15110299559222,,,,,,,,,
shifted_only,4800,4800,144,14400,0.9735090549758908,1.3840502631948584,0.3174808597227346,1.4818338448891686,0.41054120821896756,0.4394094674585807,0.0,0.0,"[[0.9687500000000001, 0.9687500000000001]]",0.0,0.0,1.162154136431368,,,,,,,,,
shifted_only,4800,4800,145,14400,0.9993522223981586,1.2786642307256315,0.32273306035045995,1.3371136930926388,0.27931200832747294,0.41266722034274966,0.0,0.0,"[[0.9687500000000001, 1.03]]",0.0,0.061249999999999916,1.1575427218404417,,,,,,,,,
shifted_only,4800,4800,146,14400,1.0227345947160722,1.533809568365626,0.34371731016559254,1.5326762310673636,0.5110749736495539,0.5271968991448815,0.0,0.0,"[[1.03, 1.03]]",0.0,0.0,1.1624217930065701,,,,,,,,,
shifted_only,4800,4800,147,14400,1.0050500464046046,1.9960018733554823,0.38079709249392923,1.7402669442548264,0.9909518269508777,0.7600717099862037,0.0,0.0,"[[0.9687500000000001, 1.03]]",0.0,0.061249999999999916,1.1527175596642645,,,,,,,,,
shifted_only,4800,4800,148,14400,0.9909134866898506,1.6051489303349595,0.3388115970314197,1.5576876262385817,0.614235443645109,0.5438430725600627,0.0,0.0,"[[0.9687500000000001, 1.03]]",0.0,0.061249999999999916,1.1510496260798158,,,,,,,,,
shifted_only,4800,4800,149,14400,1.0007508598543173,1.7154862475930763,0.3607806032582077,1.6630885636233803,0.714735387738759,0.6189141632877891,0.0,0.0,"[[0.9687500000000001, 1.03]]",0.0,0.061249999999999916,1.1657655012312311,,,,,,,,,
shifted_only,4800,4800,150,14400,0.9990077013911955,1.245587373620459,0.27676086631047386,1.3645656364750363,0.24657967222926347,0.34472984058858613,0.0,0.0,"[[0.9687500000000001, 1.03]]",0.0,0.061249999999999916,1.1387298793974046,,,,,,,,,
shifted_only,4800,4800,151,14400,1.0286880474849878,1.8534660039469038,0.3580396254965414,1.7857664258498394,0.824777956461916,0.6636142739237205,0.0,0.0,"[[1.03, 1.03]]",0.0,0.0,1.1597183111744764,,,,,,,,,
shifted_only,4800,4800,152,14400,1.0064061906363382,1.7420512108293715,0.3678502221030946,1.6323471071548912,0.7356450201930333,0.6408139248185492,0.0,0.0,"[[0.9687500000000001, 1.03]]",0.0,0.061249999999999916,1.1627412337843543,,,,,,,,,
shifted_only,4800,4800,153,14400,1.0342562311790966,1.5735975271929983,0.33566890346938977,1.469077780223102,0.5393412960139017,0.5282077564550169,0.0,0.0,"[[1.03, 1.03]]",0.0,0.0,1.1393262923112188,,,,,,,,,
shifted_only,4800,4800,154,14400,1.017405057723112,1.2698879480590977,0.30092823349692205,1.3748253512976203,0.2524828903359857,0.38214513694845537,0.0,0.0,"[[1.03, 1.03]]",0.0,0.0,1.1524988168219135,,,,,,,,,
shifted_only,4800,4800,155,14400,1.012484430483501,1.214340927347245,0.2854819526906827,1.3899953679808565,0.20185649686374396,0.346672419171306,0.0,0.0,"[[0.9687500000000001, 1.03]]",0.0,0.061249999999999916,1.1575427392223845,,,,,,,,,
shifted_only,4800,4800,156,14400,0.9984962618697415,1.7163870579701228,0.34927627928858196,1.6223997554012122,0.7178907961003813,0.5994932854268801,0.0,0.0,"[[0.9687500000000001, 1.03]]",0.0,0.061249999999999916,1.151219980377604,,,,,,,,,
shifted_only,4800,4800,157,14400,1.028449854840584,1.4288295422202149,0.33004234608460464,1.4578499989569154,0.4003796873796308,0.47157425426935135,0.0,0.0,"[[1.03, 1.03]]",0.0,0.0,1.158057158797715,,,,,,,,,
shifted_only,4800,4800,158,14400,1.0013007338147275,1.4143900797926203,0.3341484542329493,1.4458359931161957,0.4130893459778928,0.47261625884512193,0.0,0.0,"[[0.9687500000000001, 1.03]]",0.0,0.061249999999999916,1.1613402125116932,,,,,,,,,
shifted_only,4800,4800,159,14400,0.9920839937275171,1.7120639048736972,0.35975310743212113,1.6207167336827106,0.7199799111461801,0.615920309900684,0.0,0.0,"[[0.9687500000000001, 1.03]]",0.0,0.061249999999999916,1.1594738335195238,,,,,,,,,
shifted_only,4800,4800,160,14400,0.9851102931565144,1.6081116026791915,0.3339844057319507,1.554380901530611,0.6230013095226771,0.5370841979714646,0.0,0.0,"[[0.9687500000000001, 1.03]]",0.0,0.061249999999999916,1.146421926224114,,,,,,,,,
shifted_only,4800,4800,161,14400,1.0317991694465414,1.632006393956964,0.3500840642070261,1.5718656995637257,0.6002072245104226,0.5713394312083069,0.0,0.0,"[[1.03, 1.03]]",0.0,0.0,1.1573021295547414,,,,,,,,,
shifted_only,4800,4800,162,14400,0.9879263340399927,1.3361397818729615,0.31511388132041035,1.4085843226993204,0.3482134478329687,0.42103619265259534,0.0,0.0,"[[0.9687500000000001, 1.03]]",0.0,0.061249999999999916,1.1557379086588302,,,,,,,,,
shifted_only,4800,4800,163,14400,1.001719134284917,1.662326268347179,0.35747355181790197,1.5594907209490287,0.6606071340622619,0.5942376754262648,0.0,0.0,"[[0.9687500000000001, 1.03]]",0.0,0.061249999999999916,1.1561931510315127,,,,,,,,,
shifted_only,4800,4800,164,14400,0.9988883440609556,1.386796553193455,0.3077790566980947,1.4667448562716785,0.38790820913249935,0.42682693497405066,0.0,0.0,"[[0.9687500000000001, 1.03]]",0.0,0.061249999999999916,1.1518976657109135,,,,,,,,,
shifted_only,4800,4800,165,14400,0.9802956378405805,1.6604637698155713,0.3431035113194358,1.5989582179944455,0.6801681319749908,0.5697109498424299,0.0,0.0,"[[0.9687500000000001, 0.9687500000000001]]",0.0,0.0,1.1517519434421568,,,,,,,,,
shifted_only,4800,4800,166,14400,0.9805040865884108,1.6196358178764996,0.35302288926920616,1.5115608898263417,0.6391317312880888,0.5717685159906557,0.0,0.0,"[[0.9687500000000001, 0.9687500000000001]]",0.0,0.0,1.1519649298399066,,,,,,,,,
shifted_only,4800,4800,167,14400,1.0055843260770858,1.3453614407488061,0.3315657864438578,1.3386446016209734,0.33977711467172034,0.4460758241531195,0.0,0.0,"[[0.9687500000000001, 1.03]]",0.0,0.061249999999999916,1.1513514698184137,,,,,,,,,
shifted_only,4800,4800,168,14400,1.0250272418414763,1.642349907163067,0.34979569443657893,1.5150930913251195,0.6173226653215906,0.5744869262839559,0.0,0.0,"[[1.03, 1.03]]",0.0,0.0,1.146657875209442,,,,,,,,,
shifted_only,4800,4800,169,14400,0.9971354187893403,1.524063600109612,0.3305136285229678,1.536840575136993,0.5269281813202716,0.5037237905720052,0.0,0.0,"[[0.9687500000000001, 1.03]]",0.0,0.061249999999999916,1.1552604737469911,,,,,,,,,
shifted_only,4800,4800,170,14400,0.9679295516734816,1.6793846172685094,0.34955999405899224,1.610440863486902,0.7114550655950278,0.5870456768351431,0.0,0.0,"[[0.9687500000000001, 0.9687500000000001]]",0.0,0.0,1.1553506318565507,,,,,,,,,
shifted_only,4800,4800,171,14400,0.9883672635953566,1.4907138612931734,0.31211038016633713,1.5866345573453775,0.5023465976978168,0.4652672699674407,0.0,0.0,"[[0.9687500000000001, 1.03]]",0.0,0.061249999999999916,1.1564213448887661,,,,,,,,,
shifted_only,4800,4800,172,14400,0.9958893011514143,1.6370036656846623,0.34411568557769334,1.565550586030754,0.641114364533248,0.5633186387102747,0.0,0.0,"[[0.9687500000000001, 1.03]]",0.0,0.061249999999999916,1.1511170103149517,,,,,,,,,
shifted_only,4800,4800,173,14400,0.9858753663394852,1.3823353558937463,0.3078651527982097,1.4581092069424682,0.3964599895542611,0.4255728855605958,0.0,0.0,"[[0.9687500000000001, 1.03]]",0.0,0.061249999999999916,1.151197500727333,,,,,,,,,
shifted_only,4800,4800,174,14400,0.9783276326920477,1.4759995781960664,0.3388055045923624,1.4729038551369156,0.4976719455040187,0.5000767818688324,0.0,0.0,"[[0.9687500000000001, 0.9687500000000001]]",0.0,0.0,1.1586034964055218,,,,,,,,,
shifted_only,4800,4800,175,14400,1.0489225773592779,1.707107516074026,0.3417373809369642,1.607624483453869,0.6581849387147483,0.5833824515209443,0.0,0.0,"[[1.03, 1.09125]]",0.0,0.06125000000000003,1.1447224110339767,,,,,,,,,
shifted_only,4800,4800,176,14400,1.0362177290118106,1.733071359119987,0.3416939353443111,1.7150095008272332,0.6968536301081765,0.5921799729302222,0.0,0.0,"[[1.03, 1.03]]",0.0,0.0,1.1560823341237225,,,,,,,,,
shifted_only,4800,4800,177,14400,1.01653481934091,1.5538230730110834,0.33815628817514587,1.5262353168089409,0.5372882536701733,0.5254350428503266,0.0,0.0,"[[0.9687500000000001, 1.03]]",0.0,0.061249999999999916,1.1539643480384159,,,,,,,,,
shifted_only,4800,4800,178,14400,1.0085846356212083,1.539160308511291,0.3385788345575495,1.4964216999143858,0.5305756728900828,0.5211271034529913,0.0,0.0,"[[0.9687500000000001, 1.03]]",0.0,0.061249999999999916,1.1517495084123586,,,,,,,,,
shifted_only,4800,4800,179,14400,1.0362142670821206,1.688877137868733,0.35100983010584447,1.670774201088671,0.6526628707866124,0.5928124772329488,0.0,0.0,"[[1.03, 1.03]]",0.0,0.0,1.163764106811995,,,,,,,,,
mixed,4800,1600,0,14400,1.078941068506089,1.3706732838088622,0.307551802234586,1.4609025641906084,0.29173221530277327,0.42155303871021377,0.0,0.0,"[[1.03, 1.09125]]",0.0,0.06125000000000003,1.153841648125269,,,,,,,,,
mixed,4800,1600,1,14400,0.9175251207038112,1.666120809553275,0.3439971635886657,1.6321643846879466,0.7485956888494637,0.573140832682378,0.0,0.0,"[[0.9075000000000001, 0.9687500000000001]]",0.0,0.06125000000000003,1.1565178571541246,,,,,,,,,
mixed,4800,1600,2,14400,1.0699918018830132,1.8359346280909148,0.3617026139346411,1.7478425902270711,0.7659428262079016,0.664062353993607,0.0,0.0,"[[1.03, 1.09125]]",0.0,0.06125000000000003,1.160182758899714,,,,,,,,,
mixed,4800,1600,3,14400,1.003343736724691,1.5368630112582748,0.3261539054418068,1.5136594901835636,0.5335192745335839,0.5012538732509418,0.0,0.0,"[[0.9687500000000001, 1.03]]",0.0,0.061249999999999916,1.1458953251316046,,,,,,,,,
mixed,4800,1600,4,14400,0.9726341032487712,1.398114570176941,0.31397762993492484,1.4631274661431937,0.4254804669281699,0.4389766991216421,0.0,0.0,"[[0.9687500000000001, 1.03]]",0.0,0.061249999999999916,1.1534200968067492,,,,,,,,,
mixed,4800,1600,5,14400,0.9696929740734813,1.639329614791113,0.35035229263246953,1.5875614324876042,0.6696366407176316,0.5743428889223695,0.0,0.0,"[[0.9687500000000001, 0.9687500000000001]]",0.0,0.0,1.15875930525727,,,,,,,,,
mixed,4800,1600,6,14400,0.9951415280799677,1.3514735691621746,0.30755698671570847,1.4076358705332508,0.35633204108220695,0.41565513855744207,0.0,0.0,"[[0.9687500000000001, 1.03]]",0.0,0.061249999999999916,1.1472005940054029,,,,,,,,,
mixed,4800,1600,7,14400,0.9977603633469724,1.611626180555242,0.3362432422485948,1.5799531960266073,0.6138658172082697,0.5418984122426138,0.0,0.0,"[[0.9687500000000001, 1.03]]",0.0,0.061249999999999916,1.1515950333331004,,,,,,,,,
mixed,4800,1600,8,14400,0.9440724899415818,1.4220627759343378,0.32906750142926827,1.4588607792004578,0.47799028599275606,0.4679546445522819,0.0,0.0,"[[0.9075000000000001, 0.9687500000000001]]",0.0,0.06125000000000003,1.1587899020638903,,,,,,,,,
mixed,4800,1600,9,14400,0.980326980414756,1.5400167287888265,0.3335415780894158,1.4806996480037278,0.5596897483740705,0.513659610004325,0.0,0.0,"[[0.9687500000000001, 1.03]]",0.0,0.061249999999999916,1.1452283804851515,,,,,,,,,
mixed,4800,1600,10,14400,1.0813988521118736,1.7745867362023995,0.3522079203188128,1.7510427255657692,0.6931878840905259,0.6250235037831968,0.0,0.0,"[[1.03, 1.09125]]",0.0,0.06125000000000003,1.1625018122702049,,,,,,,,,
mixed,4800,1600,11,14400,0.9558634457796792,1.5089777833886682,0.3237614872449843,1.5466115649348169,0.553114337608989,0.488548891369555,0.0,0.0,"[[0.9075000000000001, 0.9687500000000001]]",0.0,0.06125000000000003,1.1546786315604525,,,,,,,,,
mixed,4800,1600,12,14400,1.0266415869557233,1.6601392548042158,0.33894717748933323,1.5558530503418704,0.6334976678484925,0.5626995146551339,0.0,0.0,"[[0.9687500000000001, 1.03]]",0.0,0.061249999999999916,1.1420543142409731,,,,,,,,,
mixed,4800,1600,13,14400,0.9999155869106997,1.4855679056434679,0.33646401134093945,1.4899778251742928,0.48565231873276815,0.49984013665215943,0.0,0.0,"[[0.9687500000000001, 1.03]]",0.0,0.061249999999999916,1.1582523350152591,,,,,,,,,
mixed,4800,1600,14,14400,1.013072967107444,1.4800193206652854,0.3170322963485888,1.5572627567059087,0.4669463535578413,0.46921392387079386,0.0,0.0,"[[0.9687500000000001, 1.03]]",0.0,0.061249999999999916,1.1569763342326678,,,,,,,,,
mixed,4800,1600,15,14400,0.988474452952932,1.547736227517868,0.336853563181534,1.5452878893816222,0.5592617745649361,0.5213604631045392,0.0,0.0,"[[0.9687500000000001, 1.03]]",0.0,0.061249999999999916,1.1571860292409177,,,,,,,,,
mixed,4800,1600,16,14400,0.9434536949431058,1.4033284062906821,0.32729866544495434,1.4361547567067225,0.4598747113475763,0.4593075145599349,0.0,0.0,"[[0.9075000000000001, 0.9687500000000001]]",0.0,0.06125000000000003,1.1567691030957175,,,,,,,,,
mixed,4800,1600,17,14400,0.9728170643339381,1.4214741813948466,0.3265932749427725,1.463285068357887,0.4486571170609085,0.4642439081483396,0.0,0.0,"[[0.9687500000000001, 1.03]]",0.0,0.061249999999999916,1.1579680540937403,,,,,,,,,
mixed,4800,1600,18,14400,1.0395166172664785,1.6288692256842998,0.3415080435091733,1.5191994816436607,0.5893526084178213,0.5562719423957473,0.0,0.0,"[[1.03, 1.09125]]",0.0,0.06125000000000003,1.1431479048740012,,,,,,,,,
mixed,4800,1600,19,14400,0.9915475260511837,1.5397716575462566,0.33666504616736465,1.5327091096544472,0.5482241314950729,0.51838729617501,0.0,0.0,"[[0.9687500000000001, 1.03]]",0.0,0.061249999999999916,1.1563294490063867,,,,,,,,,
mixed,4800,1600,20,14400,0.9772255031624912,1.799374630180929,0.3616080731561379,1.7175788199099495,0.8221491270184378,0.650668392905764,0.0,0.0,"[[0.9687500000000001, 1.03]]",0.0,0.061249999999999916,1.161422136045621,,,,,,,,,
mixed,4800,1600,21,14400,1.0317949749062874,1.4260623372246004,0.3254319321600577,1.462952991485925,0.39426736231831305,0.4640862217836895,0.0,0.0,"[[1.03, 1.09125]]",0.0,0.06125000000000003,1.1562307042574413,,,,,,,,,
mixed,4800,1600,22,14400,1.0397812561958937,1.3768222404341506,0.312571650897494,1.4416202651564078,0.3370409842382569,0.4303556006848889,0.0,0.0,"[[1.03, 1.09125]]",0.0,0.06125000000000003,1.1524491579072071,,,,,,,,,
mixed,4800,1600,23,14400,0.9625479258883812,1.596190343359732,0.35040912021751597,1.540778573604987,0.6336424174713507,0.5593196539163784,0.0,0.0,"[[0.9075000000000001, 0.9687500000000001]]",0.0,0.06125000000000003,1.1583500794184045,,,,,,,,,
mixed,4800,1600,24,14400,0.9480442942902702,1.4282287009252692,0.32707973793672646,1.4049883727382393,0.48018440663499906,0.4671446692123483,0.0,0.0,"[[0.9075000000000001, 0.9687500000000001]]",0.0,0.06125000000000003,1.146241895692408,,,,,,,,,
mixed,4800,1600,25,14400,0.9655948402761115,1.564262017928301,0.3483967438750614,1.5402569482899058,0.5986671776521896,0.544983793613653,0.0,0.0,"[[0.9687500000000001, 0.9687500000000001]]",0.0,0.0,1.1619624026997408,,,,,,,,,
mixed,4800,1600,26,14400,1.030070785278395,1.1128161825682745,0.2403478882134484,1.3435296104985623,0.08274539728987951,0.26746301945003603,0.0,0.0,"[[1.03, 1.03]]",0.0,0.0,1.1414116256376086,,,,,,,,,
mixed,4800,1600,27,14400,0.9921475300822474,1.8132272542043115,0.35608998396596825,1.6710205527353101,0.8210797241220641,0.64567206387627,0.0,0.0,"[[0.9687500000000001, 1.03]]",0.0,0.061249999999999916,1.149001113556214,,,,,,,,,
mixed,4800,1600,28,14400,1.0242720872570572,1.7936324165677138,0.3731187472774911,1.6586902778967259,0.7693603293106566,0.6692378803460445,0.0,0.0,"[[0.9687500000000001, 1.03]]",0.0,0.061249999999999916,1.1629832085648912,,,,,,,,,
mixed,4800,1600,29,14400,0.9747610999003962,1.610271344456123,0.33778002571123966,1.5173906483444135,0.6355102445557268,0.5439174961324617,0.0,0.0,"[[0.9687500000000001, 1.03]]",0.0,0.061249999999999916,1.1429945588112282,,,,,,,,,
mixed,4800,1600,30,14400,1.0262198621710583,1.4809339855978123,0.32988966078714493,1.4556212587824089,0.454714123426754,0.4885448101570169,0.0,0.0,"[[0.9687500000000001, 1.03]]",0.0,0.061249999999999916,1.1482655566315727,,,,,,,,,
mixed,4800,1600,31,14400,1.0194005007120785,1.498280828068741,0.3303365086212929,1.5027163662629888,0.4788803273566624,0.4949368576784475,0.0,0.0,"[[0.9687500000000001, 1.03]]",0.0,0.061249999999999916,1.1538280699328016,,,,,,,,,
mixed,4800,1600,32,14400,0.9595179592302943,1.6489265148286023,0.35781574476075206,1.5942069129965748,0.689408555598308,0.5900118689591476,0.0,0.0,"[[0.9075000000000001, 0.9687500000000001]]",0.0,0.06125000000000003,1.1637234266034613,,,,,,,,,
mixed,4800,1600,33,14400,0.9999162598993683,1.7408317582256452,0.3504137914851112,1.6672020413176507,0.7409154983262769,0.6100114567375408,0.0,0.0,"[[0.9687500000000001, 1.03]]",0.0,0.061249999999999916,1.1547817074596576,,,,,,,,,
mixed,4800,1600,34,14400,0.9909036637965866,1.7241395026975654,0.3428451006433043,1.6464564153721775,0.7332358389009789,0.5911127813254434,0.0,0.0,"[[0.9687500000000001, 1.03]]",0.0,0.061249999999999916,1.1486098185960123,,,,,,,,,
mixed,4800,1600,35,14400,1.0289374778528884,1.5092058855737442,0.3246779849052549,1.542823596574432,0.4802684077208559,0.490005925735234,0.0,0.0,"[[1.03, 1.03]]",0.0,0.0,1.1546646864494357,,,,,,,,,
mixed,4800,1600,36,14400,1.0022048791595475,1.3201200700847358,0.3271499001628158,1.3795500607482523,0.3179151909251883,0.4318771491311507,0.0,0.0,"[[0.9687500000000001, 1.03]]",0.0,0.061249999999999916,1.161280160905901,,,,,,,,,
mixed,4800,1600,37,14400,1.0258820256531256,2.030823455989224,0.3852739134797161,1.7917731975460365,1.0049414303360984,0.7824233004753703,0.0,0.0,"[[0.9687500000000001, 1.03]]",0.0,0.061249999999999916,1.1578721362525468,,,,,,,,,
mixed,4800,1600,38,14400,0.9891526483479067,1.6818086523229683,0.35764111162862466,1.5640897632441229,0.6926560039750616,0.6014839159634255,0.0,0.0,"[[0.9687500000000001, 1.03]]",0.0,0.061249999999999916,1.1541013676672698,,,,,,,,,
mixed,4800,1600,39,14400,0.9970483801078301,1.392433972014992,0.3175201843843391,1.4379530962052627,0.39538559190716194,0.44212589153721793,0.0,0.0,"[[0.9687500000000001, 1.03]]",0.0,0.061249999999999916,1.1522494784777726,,,,,,,,,
mixed,4800,1600,40,14400,0.9817410547825077,1.2435910267061958,0.29432536785806795,1.3631128219998287,0.2618499719236881,0.3660203864002935,0.0,0.0,"[[0.9687500000000001, 1.03]]",0.0,0.061249999999999916,1.1510751442784122,,,,,,,,,
mixed,4800,1600,41,14400,1.0232185119757182,1.570827484385658,0.3383595275008162,1.5385588925344245,0.5476089724099398,0.531504445402027,0.0,0.0,"[[0.9687500000000001, 1.03]]",0.0,0.061249999999999916,1.1533060712193313,,,,,,,,,
mixed,4800,1600,42,14400,0.9911375700320706,1.3675478439379378,0.32627949117839505,1.4262147260602798,0.37641027390586723,0.44620281468218154,0.0,0.0,"[[0.9687500000000001, 1.03]]",0.0,0.061249999999999916,1.1608456728467167,,,,,,,,,
mixed,4800,1600,43,14400,0.9784069704617732,1.6940458205564914,0.3438982641113925,1.5489958075087558,0.7156388500947183,0.582579417014537,0.0,0.0,"[[0.9687500000000001, 1.03]]",0.0,0.061249999999999916,1.1395929060378776,,,,,,,,,
mixed,4800,1600,44,14400,0.9810315007060092,1.4217629702970167,0.3339749705684473,1.4063896704763408,0.4407314695910075,0.4748332461602544,0.0,0.0,"[[0.9687500000000001, 1.03]]",0.0,0.061249999999999916,1.1525628492635642,,,,,,,,,
mixed,4800,1600,45,14400,1.0105196630571929,1.5784438443213342,0.32031839164027537,1.592651857507982,0.5679241812641413,0.505604593507503,0.0,0.0,"[[0.9687500000000001, 1.03]]",0.0,0.061249999999999916,1.1473526633249573,,,,,,,,,
mixed,4800,1600,46,14400,1.001777048986756,1.4546471908466534,0.32042993690431026,1.5108302831060691,0.4528701418598975,0.4661125075810253,0.0,0.0,"[[0.9687500000000001, 1.03]]",0.0,0.061249999999999916,1.1560286480227169,,,,,,,,,
mixed,4800,1600,47,14400,0.9949204567014928,1.503503939773826,0.3436693695151902,1.5185617548983312,0.5085834830723331,0.5167082510456753,0.0,0.0,"[[0.9687500000000001, 1.03]]",0.0,0.061249999999999916,1.1651790926821737,,,,,,,,,
mixed,4800,1600,48,14400,1.0058634413918683,1.7249200885504523,0.3614955828943991,1.6105729336641428,0.719056647158584,0.6235509928568043,0.0,0.0,"[[0.9687500000000001, 1.03]]",0.0,0.061249999999999916,1.1574202581891126,,,,,,,,,
mixed,4800,1600,49,14400,0.972949475743921,1.4401373343528354,0.3125066292029488,1.5021611495728318,0.46718785860891443,0.45005246394792464,0.0,0.0,"[[0.9687500000000001, 1.03]]",0.0,0.061249999999999916,1.1515000145126706,,,,,,,,,
mixed,4800,1600,50,14400,0.9903236603014048,1.9615412482224746,0.36626413019688636,1.853198937675883,0.9712175879210697,0.7184421991255194,0.0,0.0,"[[0.9687500000000001, 1.03]]",0.0,0.061249999999999916,1.1590986232741884,,,,,,,,,
mixed,4800,1600,51,14400,1.0201033206461279,1.469202905422009,0.31641572377873367,1.4874937784255624,0.4490995847758812,0.4648789006969234,0.0,0.0,"[[0.9687500000000001, 1.03]]",0.0,0.061249999999999916,1.1462217857017991,,,,,,,,,
mixed,4800,1600,52,14400,1.0086224380674087,1.0088618342224076,0.25679307087185227,1.2385811210732467,0.00023939615499890543,0.2590687284953816,0.0,0.0,"[[0.9687500000000001, 1.03]]",0.0,0.061249999999999916,1.1526171689537499,,,,,,,,,
mixed,4800,1600,53,14400,1.0075313219430209,1.384760582548138,0.32255306961903185,1.420987494631681,0.3772292606051171,0.44665877658834063,0.0,0.0,"[[0.9687500000000001, 1.03]]",0.0,0.061249999999999916,1.154013884314359,,,,,,,,,
mixed,4800,1600,54,14400,1.0369424252866044,1.847335897577579,0.3794379934980538,1.704230939218987,0.8103934722909747,0.7009494262937628,0.0,0.0,"[[1.03, 1.09125]]",0.0,0.06125000000000003,1.1663266380670128,,,,,,,,,
mixed,4800,1600,55,14400,1.015501492976965,1.5658858567541525,0.3374449636620304,1.5508485458514845,0.5503843637771875,0.5284002960312923,0.0,0.0,"[[0.9687500000000001, 1.03]]",0.0,0.061249999999999916,1.1554601197367178,,,,,,,,,
mixed,4800,1600,56,14400,0.9728520024003366,1.8038885362996901,0.35533388518309916,1.6396714157452086,0.8310365338993535,0.6409827220406229,0.0,0.0,"[[0.9687500000000001, 1.03]]",0.0,0.061249999999999916,1.1454729974981221,,,,,,,,,
mixed,4800,1600,57,14400,0.9976453993100561,1.468299642828395,0.3374688089838762,1.468703315037179,0.47065424351833884,0.4955053316967493,0.0,0.0,"[[0.9687500000000001, 1.03]]",0.0,0.061249999999999916,1.1582388831898385,,,,,,,,,
mixed,4800,1600,58,14400,0.9596491941084925,1.1197240037438205,0.2661938759421947,1.3483009624767677,0.16007480963532805,0.2980636725420801,0.0,0.0,"[[0.9075000000000001, 0.9687500000000001]]",0.0,0.06125000000000003,1.1579921708369159,,,,,,,,,
mixed,4800,1600,59,14400,0.9912601808162816,1.4577836529716006,0.3403622273995727,1.4347513296879408,0.466523472155319,0.4961744911920997,0.0,0.0,"[[0.9687500000000001, 1.03]]",0.0,0.061249999999999916,1.1560399134153012,,,,,,,,,
mixed,4800,1600,60,14400,1.0429029968040264,1.579628745844184,0.342899834814899,1.5110822912439223,0.5367257490401576,0.5416544360188368,0.0,0.0,"[[1.03, 1.09125]]",0.0,0.06125000000000003,1.1507087181644042,,,,,,,,,
mixed,4800,1600,61,14400,1.0386716124883155,1.6335816226745892,0.3495278524463806,1.5581721672707096,0.5949100101862737,0.5709822763693229,0.0,0.0,"[[1.03, 1.09125]]",0.0,0.06125000000000003,1.1545339377747632,,,,,,,,,
mixed,4800,1600,62,14400,0.9642298798691611,1.4018398748616068,0.3179319674010457,1.4079015436716333,0.4376099949924457,0.44568970939598634,0.0,0.0,"[[0.9687500000000001, 0.9687500000000001]]",0.0,0.0,1.1450098966291273,,,,,,,,,
mixed,4800,1600,63,14400,0.9777968808409676,1.4008411289172027,0.3264356702177436,1.4539155176986582,0.4230442480762351,0.45728451278666765,0.0,0.0,"[[0.9687500000000001, 1.03]]",0.0,0.061249999999999916,1.1599576891989414,,,,,,,,,
mixed,4800,1600,64,14400,1.0298883922519848,1.9202252615518052,0.3612124355085195,1.7535788671771158,0.8903368692998204,0.6936092434501114,0.0,0.0,"[[1.03, 1.09125]]",0.0,0.06125000000000003,1.1487958833180545,,,,,,,,,
mixed,4800,1600,65,14400,0.9964665047743936,1.792025847530848,0.36631515550438337,1.6971941287884966,0.7955593427564543,0.656446227006137,0.0,0.0,"[[0.9687500000000001, 1.03]]",0.0,0.061249999999999916,1.1632944650507853,,,,,,,,,
mixed,4800,1600,66,14400,1.0212531831604794,1.811098533934244,0.3658280651828741,1.6669326589822764,0.7898453507737646,0.6625506725247043,0.0,0.0,"[[0.9687500000000001, 1.03]]",0.0,0.061249999999999916,1.1561954185412076,,,,,,,,,
mixed,4800,1600,67,14400,1.020997324600652,1.6433793983014935,0.34593436166401265,1.5915629118329122,0.6223820737008414,0.5685014031232163,0.0,0.0,"[[0.9687500000000001, 1.03]]",0.0,0.061249999999999916,1.1554597225949343,,,,,,,,,
mixed,4800,1600,68,14400,0.9939700086170212,1.4721380539073385,0.3299792248605367,1.4740202671828797,0.4781680452903173,0.4857749739160426,0.0,0.0,"[[0.9687500000000001, 1.03]]",0.0,0.061249999999999916,1.1531568058197645,,,,,,,,,
mixed,4800,1600,69,14400,1.0306031151782207,1.3115584487547958,0.2973972389559055,1.3988633505626036,0.2809553335765751,0.3900538613889667,0.0,0.0,"[[1.03, 1.09125]]",0.0,0.06125000000000003,1.1463439650238019,,,,,,,,,
mixed,4800,1600,70,14400,0.9489219332729129,1.7447198157679353,0.3638347708394747,1.6557079649517057,0.7957978824950225,0.6347897343490172,0.0,0.0,"[[0.9075000000000001, 0.9687500000000001]]",0.0,0.06125000000000003,1.162643674859272,,,,,,,,,
mixed,4800,1600,71,14400,1.026238608294733,1.6401107959271157,0.3563491027265125,1.6003196070921486,0.6138721876323827,0.584452010500694,0.0,0.0,"[[0.9687500000000001, 1.03]]",0.0,0.061249999999999916,1.1649485860605147,,,,,,,,,
mixed,4800,1600,72,14400,0.9984000213196393,1.7504849283328037,0.3575375818574493,1.5816928953622231,0.7520849070131643,0.6258641483540212,0.0,0.0,"[[0.9687500000000001, 1.03]]",0.0,0.061249999999999916,1.1466156661028626,,,,,,,,,
mixed,4800,1600,73,14400,1.0189882415707383,1.052376061956311,0.26698046393516006,1.2522113224653646,0.03338782038557264,0.28096384925535267,0.0,0.0,"[[0.9687500000000001, 1.03]]",0.0,0.061249999999999916,1.151358579196252,,,,,,,,,
mixed,4800,1600,74,14400,0.9722237085210651,1.533196385464001,0.3322177089656086,1.5192027865622746,0.5609726769429358,0.5093549905732025,0.0,0.0,"[[0.9687500000000001, 1.03]]",0.0,0.061249999999999916,1.1519463329871436,,,,,,,,,
mixed,4800,1600,75,14400,1.0372508118780868,1.52765272096901,0.33248330188021974,1.522744471609272,0.4904019090909233,0.5079190207940785,0.0,0.0,"[[1.03, 1.09125]]",0.0,0.06125000000000003,1.153693065718576,,,,,,,,,
mixed,4800,1600,76,14400,0.9715652361701644,1.2816679583983883,0.2997536503902635,1.366452492226046,0.3101027222282239,0.3841846491181533,0.0,0.0,"[[0.9687500000000001, 1.03]]",0.0,0.061249999999999916,1.1474293488960008,,,,,,,,,
mixed,4800,1600,77,14400,1.0152116425082607,1.5822030868164243,0.3432370928776894,1.5786935687093229,0.5669914443081636,0.5430707878609758,0.0,0.0,"[[0.9687500000000001, 1.03]]",0.0,0.061249999999999916,1.1614282425180211,,,,,,,,,
mixed,4800,1600,78,14400,1.0063765983504296,1.6997924522175096,0.3420570098859837,1.6506815525418965,0.69341585386708,0.5814259236322852,0.0,0.0,"[[0.9687500000000001, 1.03]]",0.0,0.061249999999999916,1.152432959801703,,,,,,,,,
mixed,4800,1600,79,14400,1.05410617596353,1.5101839332106721,0.3180647048699344,1.5363090326981699,0.45607775724714217,0.48033620701596913,0.0,0.0,"[[1.03, 1.09125]]",0.0,0.06125000000000003,1.14851098518972,,,,,,,,,
mixed,4800,1600,80,14400,1.0178555153327675,1.7097991245847253,0.3431207995217614,1.7313683599086862,0.6919436092519577,0.5866676426491186,0.0,0.0,"[[0.9687500000000001, 1.03]]",0.0,0.061249999999999916,1.1631864716948797,,,,,,,,,
mixed,4800,1600,81,14400,0.9846206188483914,1.3390510998501393,0.32885913692085694,1.3889219497341923,0.3544304810017479,0.44035918898964105,0.0,0.0,"[[0.9687500000000001, 1.03]]",0.0,0.061249999999999916,1.1607223681550705,,,,,,,,,
mixed,4800,1600,82,14400,0.998326869500011,1.5507973554267656,0.3585650652475852,1.48498881736997,0.5524704859267545,0.5560617549343807,0.0,0.0,"[[0.9687500000000001, 1.03]]",0.0,0.061249999999999916,1.1623524326563868,,,,,,,,,
mixed,4800,1600,83,14400,1.0107191122929358,1.6788012162071382,0.35539209161083873,1.542104150396102,0.6680821039142024,0.5966326756266748,0.0,0.0,"[[0.9687500000000001, 1.03]]",0.0,0.061249999999999916,1.14955637778307,,,,,,,,,
mixed,4800,1600,84,14400,0.990341537520687,1.5050196112490024,0.32037645044439034,1.5272533309783252,0.5146780737283154,0.48217284090115164,0.0,0.0,"[[0.9687500000000001, 1.03]]",0.0,0.061249999999999916,1.1496011554333636,,,,,,,,,
mixed,4800,1600,85,14400,0.9282873704741332,1.5672349077386356,0.34005677237932747,1.4702001392517814,0.6389475372645024,0.5329488442858135,0.0,0.0,"[[0.9075000000000001, 0.9687500000000001]]",0.0,0.06125000000000003,1.1438324260430253,,,,,,,,,
mixed,4800,1600,86,14400,0.9906710919947241,1.6469594308721593,0.363669581624685,1.56367331565483,0.6562883388774352,0.5989490471781075,0.0,0.0,"[[0.9687500000000001, 1.03]]",0.0,0.061249999999999916,1.1636697669787834,,,,,,,,,
mixed,4800,1600,87,14400,1.0491606838071104,1.6677956879592482,0.35494197753472373,1.6108786116680391,0.6186350041521378,0.5919706996081405,0.0,0.0,"[[1.03, 1.09125]]",0.0,0.06125000000000003,1.161196631795903,,,,,,,,,
mixed,4800,1600,88,14400,0.9720530478028185,1.1624289057349737,0.2839010957028681,1.3358030343856546,0.19037585793215517,0.330014840014845,0.0,0.0,"[[0.9687500000000001, 1.03]]",0.0,0.061249999999999916,1.156220431875742,,,,,,,,,
mixed,4800,1600,89,14400,1.0116098132408127,1.6277121089536832,0.3447739356600048,1.528255259579464,0.6161022957128706,0.5611927099254079,0.0,0.0,"[[0.9687500000000001, 1.03]]",0.0,0.061249999999999916,1.1472217275824896,,,,,,,,,
mixed,4800,1600,90,14400,1.0266315752023716,1.44939630108552,0.32396071209690214,1.4804404231114199,0.4227647258831484,0.469547457810281,0.0,0.0,"[[0.9687500000000001, 1.03]]",0.0,0.061249999999999916,1.1540817939668655,,,,,,,,,
mixed,4800,1600,91,14400,0.9932289832608662,1.662245903608203,0.35440263548349066,1.551156620982382,0.6690169203473367,0.5891043290603835,0.0,0.0,"[[0.9687500000000001, 1.03]]",0.0,0.061249999999999916,1.1526628137344566,,,,,,,,,
mixed,4800,1600,92,14400,1.042238702975824,1.9219765554158812,0.36966569582170655,1.7471975282947143,0.8797378524400572,0.7104888007108184,0.0,0.0,"[[1.03, 1.09125]]",0.0,0.06125000000000003,1.1543500677767349,,,,,,,,,
mixed,4800,1600,93,14400,0.9648238282282249,1.6668673779466,0.34636159515589987,1.6483586677153699,0.702043549718375,0.5773388439389165,0.0,0.0,"[[0.9687500000000001, 0.9687500000000001]]",0.0,0.0,1.160556821868725,,,,,,,,,
mixed,4800,1600,94,14400,1.040508086907927,1.7818403220252486,0.36597880028342406,1.6155258501070904,0.7413322351173215,0.6521157833514305,0.0,0.0,"[[1.03, 1.09125]]",0.0,0.06125000000000003,1.1533823399326961,,,,,,,,,
mixed,4800,1600,95,14400,1.016836014707335,1.5589472443682362,0.3374975861833514,1.5686798347639679,0.5421112296609012,0.5261409319614669,0.0,0.0,"[[0.9687500000000001, 1.03]]",0.0,0.061249999999999916,1.1595717959658414,,,,,,,,,
mixed,4800,1600,96,14400,1.0362366318736111,1.735783114265667,0.3558008520020247,1.5795099834266688,0.6995464823920559,0.6175931109464522,0.0,0.0,"[[1.03, 1.09125]]",0.0,0.06125000000000003,1.1470853498755458,,,,,,,,,
mixed,4800,1600,97,14400,1.0020082974105842,1.3807025463890197,0.3153614384985405,1.5063711965185955,0.3786942489784355,0.43542034116783906,0.0,0.0,"[[0.9687500000000001, 1.03]]",0.0,0.061249999999999916,1.1659348125531355,,,,,,,,,
mixed,4800,1600,98,14400,1.045042539418145,1.408096834399999,0.3267341967485806,1.39954152073931,0.36305429498185404,0.46007338813190285,0.0,0.0,"[[1.03, 1.09125]]",0.0,0.06125000000000003,1.1485625119557685,,,,,,,,,
mixed,4800,1600,99,14400,1.0012123299164746,1.5432830036984662,0.3178106519345759,1.570962820187643,0.5420706737819916,0.4904717775249601,0.0,0.0,"[[0.9687500000000001, 1.03]]",0.0,0.061249999999999916,1.1481868987627366,,,,,,,,,
mixed,4800,1600,100,14400,0.958363967118773,1.9241122946361506,0.36274589440087396,1.8509656930146554,0.9657483275173776,0.6979638352455084,0.0,0.0,"[[0.9075000000000001, 0.9687500000000001]]",0.0,0.06125000000000003,1.1612840518399996,,,,,,,,,
mixed,4800,1600,101,14400,1.0062764805741804,1.264725807074663,0.2861719460398539,1.4482590409780711,0.2584493265004826,0.36192904541738113,0.0,0.0,"[[0.9687500000000001, 1.03]]",0.0,0.061249999999999916,1.1590326499246961,,,,,,,,,
mixed,4800,1600,102,14400,0.9608614748386998,1.8709880796573803,0.36855801102234986,1.6722377435856672,0.9101266048186806,0.68956764528505,0.0,0.0,"[[0.9075000000000001, 0.9687500000000001]]",0.0,0.06125000000000003,1.1508202827174618,,,,,,,,,
mixed,4800,1600,103,14400,0.9802216366510921,1.5643703704725473,0.3362737065327602,1.5319498846261246,0.5841487338214553,0.5260566228688307,0.0,0.0,"[[0.9687500000000001, 1.03]]",0.0,0.061249999999999916,1.1517556796111277,,,,,,,,,
mixed,4800,1600,104,14400,0.9898454018331406,1.44706410256329,0.3318359493986856,1.475348504323251,0.45721870073014936,0.48018789031484627,0.0,0.0,"[[0.9687500000000001, 1.03]]",0.0,0.061249999999999916,1.1592007043856463,,,,,,,,,
mixed,4800,1600,105,14400,0.9652100416359838,1.5823689108651973,0.3266908750867085,1.652223681366522,0.6171588692292135,0.5169454842005532,0.0,0.0,"[[0.9687500000000001, 0.9687500000000001]]",0.0,0.0,1.1609176509571826,,,,,,,,,
mixed,4800,1600,106,14400,1.0150208460696684,1.6147229956691052,0.3357897306155525,1.6100899901465926,0.5997021495994368,0.5422073997344667,0.0,0.0,"[[0.9687500000000001, 1.03]]",0.0,0.061249999999999916,1.1554669478875434,,,,,,,,,
mixed,4800,1600,107,14400,0.9747852217308849,1.6537542962155107,0.34748485300790694,1.6178687615759129,0.6789690744846258,0.5746545685316413,0.0,0.0,"[[0.9687500000000001, 1.03]]",0.0,0.061249999999999916,1.158943045809357,,,,,,,,,
mixed,4800,1600,108,14400,1.031212705301894,2.0511688096161076,0.37627432566705205,1.8796548430194162,1.0199561043142136,0.7718021606675908,0.0,0.0,"[[1.03, 1.09125]]",0.0,0.06125000000000003,1.15814781627925,,,,,,,,,
mixed,4800,1600,109,14400,1.0474569338469983,1.1098751954271462,0.2690772497965405,1.3240580304645295,0.06241826158014785,0.29864216520293446,0.0,0.0,"[[1.03, 1.09125]]",0.0,0.06125000000000003,1.1564453391040472,,,,,,,,,
mixed,4800,1600,110,14400,1.0217454796816579,1.2791738917945012,0.29313235688800016,1.4658172467801478,0.2574284121128434,0.37496725777131784,0.0,0.0,"[[0.9687500000000001, 1.03]]",0.0,0.061249999999999916,1.1641694887889786,,,,,,,,,
mixed,4800,1600,111,14400,0.9660657950599183,1.2023270763365808,0.2847592961538726,1.3395310353538235,0.23626128127666246,0.3423738120043482,0.0,0.0,"[[0.9687500000000001, 0.9687500000000001]]",0.0,0.0,1.1484330078378961,,,,,,,,,
mixed,4800,1600,112,14400,1.0043140799658383,1.7210344944821583,0.35274893362823284,1.5841070588400545,0.71672041451632,0.6070930826659862,0.0,0.0,"[[0.9687500000000001, 1.03]]",0.0,0.061249999999999916,1.1475694829910876,,,,,,,,,
mixed,4800,1600,113,14400,1.0107077205483446,1.1235426814831748,0.2770775421865411,1.327559336032489,0.11283496093483025,0.3113084447270339,0.0,0.0,"[[0.9687500000000001, 1.03]]",0.0,0.061249999999999916,1.1590958317046036,,,,,,,,,
mixed,4800,1600,114,14400,0.9912695592920704,1.56795320567972,0.35389394140511177,1.466619480559912,0.5766836463876497,0.554889139896776,0.0,0.0,"[[0.9687500000000001, 1.03]]",0.0,0.061249999999999916,1.1532923023657131,,,,,,,,,
mixed,4800,1600,115,14400,0.996454878213355,1.6370017906635752,0.3572336454892788,1.5605064140540252,0.6405469124502202,0.5847921173512262,0.0,0.0,"[[0.9687500000000001, 1.03]]",0.0,0.061249999999999916,1.1600292991349939,,,,,,,,,
mixed,4800,1600,116,14400,1.0165106349571031,1.1868353607739772,0.28810703444591496,1.3191245095235957,0.17032472581687408,0.34193561616813817,0.0,0.0,"[[0.9687500000000001, 1.03]]",0.0,0.061249999999999916,1.1495175442977155,,,,,,,,,
mixed,4800,1600,117,14400,0.9597142529693975,1.6084776882497331,0.35591640845223466,1.5297084524302165,0.6487634352803356,0.5724836018773982,0.0,0.0,"[[0.9075000000000001, 0.9687500000000001]]",0.0,0.06125000000000003,1.1586742940653207,,,,,,,,,
mixed,4800,1600,118,14400,0.9747770383004272,1.7324453464347682,0.35748246903382264,1.5478865545700593,0.757668308134341,0.6193188399096572,0.0,0.0,"[[0.9687500000000001, 1.03]]",0.0,0.061249999999999916,1.1442279742398418,,,,,,,,,
mixed,4800,1600,119,14400,0.9785658541420442,1.4662949907091147,0.3198745434266301,1.5078185864014308,0.4877291365670705,0.46903044068183286,0.0,0.0,"[[0.9687500000000001, 1.03]]",0.0,0.061249999999999916,1.1529243982532134,,,,,,,,,
mixed,4800,1600,120,14400,0.9931533377082405,1.3193304590103125,0.30672636976608497,1.4434492118112376,0.326177121302072,0.4046734422140557,0.0,0.0,"[[0.9687500000000001, 1.03]]",0.0,0.061249999999999916,1.1603146898515395,,,,,,,,,
mixed,4800,1600,121,14400,1.028827412078137,1.7006971571241714,0.3502521573977124,1.605583946114505,0.6718697450460343,0.5956728483628974,0.0,0.0,"[[1.03, 1.03]]",0.0,0.0,1.151873912456689,,,,,,,,,
mixed,4800,1600,122,14400,1.00379066302543,1.5635444960168494,0.34901714204983797,1.5911016545652539,0.5597538329914193,0.5457038314675551,0.0,0.0,"[[0.9687500000000001, 1.03]]",0.0,0.061249999999999916,1.1706667777981412,,,,,,,,,
mixed,4800,1600,123,14400,1.0139837728730587,1.6919008390028578,0.34957957752068397,1.5676270564656016,0.6779170661297991,0.5914539805055098,0.0,0.0,"[[0.9687500000000001, 1.03]]",0.0,0.061249999999999916,1.1470651547629738,,,,,,,,,
mixed,4800,1600,124,14400,1.009492485346588,1.1069298969124994,0.27571735025162825,1.3196982106448727,0.09743741156591135,0.30519977809102233,0.0,0.0,"[[0.9687500000000001, 1.03]]",0.0,0.061249999999999916,1.1603992382887383,,,,,,,,,
mixed,4800,1600,125,14400,1.040041259494206,1.3271961903301188,0.30556691142683573,1.4350341638570665,0.2871549308359129,0.4055472407366372,0.0,0.0,"[[1.03, 1.09125]]",0.0,0.06125000000000003,1.1561970658022553,,,,,,,,,
mixed,4800,1600,126,14400,1.0169926612015983,1.4978255258757875,0.3448009420216382,1.4012189345462682,0.4808328646741893,0.5164516523060272,0.0,0.0,"[[0.9687500000000001, 1.03]]",0.0,0.061249999999999916,1.1465409560296964,,,,,,,,,
mixed,4800,1600,127,14400,0.99666293989892,1.5372655687823353,0.35034114287999657,1.50915220005825,0.5406026288834154,0.5385673762772714,0.0,0.0,"[[0.9687500000000001, 1.03]]",0.0,0.061249999999999916,1.1626847260411521,,,,,,,,,
mixed,4800,1600,128,14400,1.0290832890718604,1.9678920155492658,0.3745435814380718,1.8084551140212024,0.9388087264774054,0.7370613233872078,0.0,0.0,"[[1.03, 1.03]]",0.0,0.0,1.1594210897447899,,,,,,,,,
mixed,4800,1600,129,14400,0.9799991843593889,1.5501926322781026,0.3233110377383327,1.6012115729169611,0.5701934479187136,0.501194388636151,0.0,0.0,"[[0.9687500000000001, 1.03]]",0.0,0.061249999999999916,1.156005478354976,,,,,,,,,
mixed,4800,1600,130,14400,0.9999403976973434,1.428127507214639,0.34726994476440226,1.3647244246000574,0.42818710951729566,0.4959457605469512,0.0,0.0,"[[0.9687500000000001, 1.03]]",0.0,0.061249999999999916,1.153037546991326,,,,,,,,,
mixed,4800,1600,131,14400,0.9774474759717157,1.4105413822628976,0.31659970705660206,1.4587648233853625,0.43309390629118194,0.4465769884156479,0.0,0.0,"[[0.9687500000000001, 1.03]]",0.0,0.061249999999999916,1.152081699357484,,,,,,,,,
mixed,4800,1600,132,14400,1.0264170860346562,1.632587015386956,0.32882630482088987,1.6698522299508685,0.6061699293522997,0.536837555568258,0.0,0.0,"[[0.9687500000000001, 1.03]]",0.0,0.061249999999999916,1.1564010770690893,,,,,,,,,
mixed,4800,1600,133,14400,0.9605960232989558,1.3949251772323665,0.30849090083404057,1.487784021888186,0.43432915393341076,0.43032172452049644,0.0,0.0,"[[0.9075000000000001, 0.9687500000000001]]",0.0,0.06125000000000003,1.154788817503442,,,,,,,,,
mixed,4800,1600,134,14400,1.066167210214121,1.3393262801599954,0.30775206329833116,1.4803050529244488,0.27315906994587436,0.4121804261489173,0.0,0.0,"[[1.03, 1.09125]]",0.0,0.06125000000000003,1.164134777103943,,,,,,,,,
mixed,4800,1600,135,14400,1.023453118739376,1.4324899121174315,0.3314398986604861,1.4539417013150993,0.40903679337805543,0.47478431130437015,0.0,0.0,"[[0.9687500000000001, 1.03]]",0.0,0.061249999999999916,1.1576618274028163,,,,,,,,,
mixed,4800,1600,136,14400,0.9797934276376448,1.6906393634110755,0.3436251817635216,1.673454461404245,0.7108459357734307,0.5809462585486952,0.0,0.0,"[[0.9687500000000001, 1.03]]",0.0,0.061249999999999916,1.1583809977465145,,,,,,,,,
mixed,4800,1600,137,14400,1.0219987808047084,1.1538749134835327,0.28399026963001345,1.3167771288358496,0.13187613267882425,0.3276892477994969,0.0,0.0,"[[0.9687500000000001, 1.03]]",0.0,0.061249999999999916,1.1537873453423597,,,,,,,,,
mixed,4800,1600,138,14400,1.021842280970669,1.728659860772928,0.3600243847119914,1.6046666334793716,0.7068175798022589,0.6223597027510901,0.0,0.0,"[[0.9687500000000001, 1.03]]",0.0,0.061249999999999916,1.1549336401375776,,,,,,,,,
mixed,4800,1600,139,14400,1.0887141179768403,1.7104267519799896,0.3524267711236918,1.6449293010314305,0.6217126340031494,0.6028001774438914,0.0,0.0,"[[1.03, 1.1525]]",0.0,0.12250000000000005,1.157742156811494,,,,,,,,,
mixed,4800,1600,140,14400,0.9968434653897383,1.4723965027377948,0.32776811966017066,1.505784945047503,0.47555303734805643,0.4826046330965783,0.0,0.0,"[[0.9687500000000001, 1.03]]",0.0,0.061249999999999916,1.1571456640174624,,,,,,,,,
mixed,4800,1600,141,14400,1.010148101460739,1.3957362787373586,0.30719553702074043,1.4604831681870745,0.38558817727661965,0.42876395568605274,0.0,0.0,"[[0.9687500000000001, 1.03]]",0.0,0.061249999999999916,1.148525719984507,,,,,,,,,
mixed,4800,1600,142,14400,1.016370737176962,1.5614104092212764,0.3392826323418871,1.5032865777334756,0.5450396720443145,0.5297594338066178,0.0,0.0,"[[0.9687500000000001, 1.03]]",0.0,0.061249999999999916,1.1497213267903352,,,,,,,,,
mixed,4800,1600,143,14400,1.0337222759158222,1.1982428309315387,0.3130733552759196,1.2922207292605672,0.1645205550157165,0.37513790351505333,0.0,0.0,"[[1.03, 1.09125]]",0.0,0.06125000000000003,1.1574518173738122,,,,,,,,,
mixed,4800,1600,144,14400,0.9840139327332984,1.2921568835445039,0.3057366809314419,1.4048048349565192,0.30814295081120546,0.3950597568176123,0.0,0.0,"[[0.9687500000000001, 1.03]]",0.0,0.061249999999999916,1.1574253488094148,,,,,,,,,
mixed,4800,1600,145,14400,0.9965841544317957,1.3534170230100007,0.3182946168108509,1.4314296964769393,0.35683286857820495,0.4307853527242508,0.0,0.0,"[[0.9687500000000001, 1.03]]",0.0,0.061249999999999916,1.1590624328979926,,,,,,,,,
mixed,4800,1600,146,14400,1.0076296231131026,1.4860693252876043,0.32409243171572455,1.4938169619385042,0.4784397021745017,0.4816238213306057,0.0,0.0,"[[0.9687500000000001, 1.03]]",0.0,0.061249999999999916,1.1498942654975948,,,,,,,,,
mixed,4800,1600,147,14400,0.9829869782449617,1.4590465864483992,0.32792187916210175,1.4678492715894806,0.4760596082034375,0.478453298413209,0.0,0.0,"[[0.9687500000000001, 1.03]]",0.0,0.061249999999999916,1.1529070577328702,,,,,,,,,
mixed,4800,1600,148,14400,1.00588198382124,1.3659890909829802,0.32055984898855283,1.393090278305053,0.3601071071617401,0.4378812567255147,0.0,0.0,"[[0.9687500000000001, 1.03]]",0.0,0.061249999999999916,1.1507120716507047,,,,,,,,,
mixed,4800,1600,149,14400,0.9982973600948793,1.445994126994731,0.3124633404103587,1.5226501610891272,0.4476967668998516,0.4518201551345341,0.0,0.0,"[[0.9687500000000001, 1.03]]",0.0,0.061249999999999916,1.154050910210471,,,,,,,,,
mixed,4800,1600,150,14400,0.9929206615029715,1.6254471552618204,0.3318634530494232,1.5646328718272522,0.6325264937588488,0.5394265056945496,0.0,0.0,"[[0.9687500000000001, 1.03]]",0.0,0.061249999999999916,1.1435989630831207,,,,,,,,,
mixed,4800,1600,151,14400,1.0074013443330427,1.471175419942885,0.33383549170622145,1.4863262132272297,0.4637740756098423,0.4911305697027399,0.0,0.0,"[[0.9687500000000001, 1.03]]",0.0,0.061249999999999916,1.158260698225468,,,,,,,,,
mixed,4800,1600,152,14400,0.9909133486750401,1.3956795931416537,0.3218595080892017,1.3878936372229358,0.4047662444666136,0.44921274729870986,0.0,0.0,"[[0.9687500000000001, 1.03]]",0.0,0.061249999999999916,1.1450924350359575,,,,,,,,,
mixed,4800,1600,153,14400,1.0366802522031457,1.1262509760986463,0.29269671358398247,1.287943829824559,0.08957072389550058,0.32964995937482616,0.0,0.0,"[[1.03, 1.09125]]",0.0,0.06125000000000003,1.1589452819832957,,,,,,,,,
mixed,4800,1600,154,14400,1.0163569318533776,1.132889258256913,0.28326510945301064,1.2947164533580657,0.11653232640353539,0.3209079997382845,0.0,0.0,"[[0.9687500000000001, 1.03]]",0.0,0.061249999999999916,1.152930987964219,,,,,,,,,
mixed,4800,1600,155,14400,0.9915269627867253,1.3465455042391936,0.32164949096698287,1.3936731651231522,0.35501854145246836,0.4331156760024159,0.0,0.0,"[[0.9687500000000001, 1.03]]",0.0,0.061249999999999916,1.1552791855847513,,,,,,,,,
mixed,4800,1600,156,14400,1.0249870190264416,1.3985289273339965,0.31823026546289224,1.4094037297380053,0.37354190830755485,0.4450542318030316,0.0,0.0,"[[0.9687500000000001, 1.03]]",0.0,0.061249999999999916,1.1461275511326425,,,,,,,,,
mixed,4800,1600,157,14400,0.9869629228685706,1.220621914528031,0.2999247835610802,1.371408768839758,0.23365899165946047,0.3660947635247311,0.0,0.0,"[[0.9687500000000001, 1.03]]",0.0,0.061249999999999916,1.1616916272906561,,,,,,,,,
mixed,4800,1600,158,14400,1.0193650311558347,1.6875143274774818,0.3322433763179827,1.6276249246124004,0.6681492963216471,0.5606654577460884,0.0,0.0,"[[0.9687500000000001, 1.03]]",0.0,0.061249999999999916,1.1434785666691982,,,,,,,,,
mixed,4800,1600,159,14400,0.9964097205539921,1.5041788933217675,0.3283310294716732,1.5138782447261785,0.5077691727677753,0.493868604553898,0.0,0.0,"[[0.9687500000000001, 1.03]]",0.0,0.061249999999999916,1.153262618385581,,,,,,,,,
mixed,4800,1600,160,14400,1.0172414979415485,1.6329287198094535,0.35545463592302573,1.6008247038723844,0.615687221867905,0.5804320835881218,0.0,0.0,"[[0.9687500000000001, 1.03]]",0.0,0.061249999999999916,1.165505702219416,,,,,,,,,
mixed,4800,1600,161,14400,0.9754116194459237,1.404175701880687,0.3095149424203019,1.4754327687728797,0.4287640824347634,0.4346133615155879,0.0,0.0,"[[0.9687500000000001, 1.03]]",0.0,0.061249999999999916,1.1513641783932698,,,,,,,,,
mixed,4800,1600,162,14400,1.0463375757395383,1.3694936996671119,0.3080066356467183,1.4236844264951727,0.32315612392757354,0.4218131469738444,0.0,0.0,"[[1.03, 1.09125]]",0.0,0.06125000000000003,1.1471491787201442,,,,,,,,,
mixed,4800,1600,163,14400,1.0304542864735058,1.3611304793356278,0.3154408250858648,1.434112917748545,0.330676192862122,0.4293561214511491,0.0,0.0,"[[1.03, 1.09125]]",0.0,0.06125000000000003,1.1560871774299863,,,,,,,,,
mixed,4800,1600,164,14400,0.9865617546903639,1.586281288361775,0.3486724726306535,1.5408618195744987,0.5997195336714111,0.5530926191008387,0.0,0.0,"[[0.9687500000000001, 1.03]]",0.0,0.061249999999999916,1.1586849855789898,,,,,,,,,
mixed,4800,1600,165,14400,0.96301506276884,1.483894870256125,0.34110088856785564,1.4611074317879162,0.520879807487285,0.5061578587856471,0.0,0.0,"[[0.9075000000000001, 0.9687500000000001]]",0.0,0.06125000000000003,1.15680867714393,,,,,,,,,
mixed,4800,1600,166,14400,0.976336405873667,1.4263487219681708,0.32916657755970546,1.4198554648837332,0.45001231609450376,0.46950632721692265,0.0,0.0,"[[0.9687500000000001, 1.03]]",0.0,0.061249999999999916,1.1508541466328641,,,,,,,,,
mixed,4800,1600,167,14400,1.0233733280538497,1.298094978299685,0.31296072916566453,1.3811018563451147,0.27472165024583517,0.4062527509349569,0.0,0.0,"[[0.9687500000000001, 1.03]]",0.0,0.061249999999999916,1.1562515357542313,,,,,,,,,
mixed,4800,1600,168,14400,1.0014110355794095,1.1803359988033655,0.29948969587370977,1.3123486840146297,0.178924963223956,0.3534984693104114,0.0,0.0,"[[0.9687500000000001, 1.03]]",0.0,0.061249999999999916,1.1569672337570922,,,,,,,,,
mixed,4800,1600,169,14400,1.0044362767133592,1.482925004041818,0.34366350229780496,1.4290128148750467,0.4784887273284588,0.5096272005339978,0.0,0.0,"[[0.9687500000000001, 1.03]]",0.0,0.061249999999999916,1.153119038684063,,,,,,,,,
mixed,4800,1600,170,14400,0.9791494076109973,1.6408120605225918,0.34387871099120854,1.583762325874571,0.6616626529115944,0.5642403363513377,0.0,0.0,"[[0.9687500000000001, 1.03]]",0.0,0.061249999999999916,1.1531436702070017,,,,,,,,,
mixed,4800,1600,171,14400,1.0374830173892031,1.3642864200618035,0.3174885122834769,1.4255867600530243,0.32680340267260033,0.4331452658339726,0.0,0.0,"[[1.03, 1.09125]]",0.0,0.06125000000000003,1.155248042178925,,,,,,,,,
mixed,4800,1600,172,14400,1.021594854462816,1.178646477293487,0.28437758054164414,1.3501750471158849,0.1570516228306711,0.3351806335266537,0.0,0.0,"[[0.9687500000000001, 1.03]]",0.0,0.061249999999999916,1.156080775499673,,,,,,,,,
mixed,4800,1600,173,14400,0.9916234725450384,1.5172066603978769,0.3269808474767624,1.5009615481974221,0.5255831878528385,0.4960975196142863,0.0,0.0,"[[0.9687500000000001, 1.03]]",0.0,0.061249999999999916,1.1477579591903508,,,,,,,,,
mixed,4800,1600,174,14400,1.0040946282095047,1.2518735570503008,0.30087338630636123,1.3654792593671259,0.2477789288407961,0.3766554363371137,0.0,0.0,"[[0.9687500000000001, 1.03]]",0.0,0.061249999999999916,1.1542792320298758,,,,,,,,,
mixed,4800,1600,175,14400,1.0077647239082723,1.6317818296089504,0.34489959574440565,1.5604747307751508,0.624017105700678,0.5628008933751936,0.0,0.0,"[[0.9687500000000001, 1.03]]",0.0,0.061249999999999916,1.1517332684313892,,,,,,,,,
mixed,4800,1600,176,14400,1.0208926404040892,1.6009225550295794,0.33492486229059043,1.6395922503952924,0.5800299146254901,0.5361887662811821,0.0,0.0,"[[0.9687500000000001, 1.03]]",0.0,0.061249999999999916,1.1617462278893746,,,,,,,,,
mixed,4800,1600,177,14400,1.0214399481370144,1.5155823887962154,0.33131341480981025,1.534385029100293,0.494142440659201,0.5021327766576836,0.0,0.0,"[[0.9687500000000001, 1.03]]",0.0,0.061249999999999916,1.156920193673667,,,,,,,,,
mixed,4800,1600,178,14400,1.0414280030064398,1.6731870896196894,0.34718491361176435,1.5982496494693919,0.6317590866132496,0.5809053151659312,0.0,0.0,"[[1.03, 1.09125]]",0.0,0.06125000000000003,1.15271442048485,,,,,,,,,
mixed,4800,1600,179,14400,0.9562757240541563,1.4409416343845831,0.335111713828922,1.4377307510373325,0.48466591033042683,0.4828764206260656,0.0,0.0,"[[0.9075000000000001, 0.9687500000000001]]",0.0,0.06125000000000003,1.1557840408871907,,,,,,,,,
