n,scaled_signal,signal,candidate_scaling,efficient_information,replicate,clipped_k,clipped_oracle_wald_covers,mle_k,mle_q,mle_s0,mle_artificial_bound_contact,weak_surface_distance,profile_components,profile_component_count,profile_covers,profile_full_domain,profile_hull_width,bootstrap_components,bootstrap_covers,bootstrap_full_domain,bootstrap_hull_width
100,0.5,0.05,0.25000000000000006,0.012619469774873536,0,3.0,1.0,3.0,0.3618302191422832,0.30831009281225874,1.0,0.05352012633002445,"[[1.01, 3.0]]",1,1.0,1.0,1.99,"[[3.0, 3.0]]",0.0,0.0,0.0
100,0.5,0.05,0.25000000000000006,0.012619469774873536,1,1.01,1.0,1.01,0.3556993287419735,0.2889557975414814,1.0,0.06674353120049215,"[[1.01, 3.0]]",1,1.0,1.0,1.99,"[[1.01, 1.01]]",0.0,0.0,0.0
100,0.5,0.05,0.25000000000000006,0.012619469774873536,2,1.01,1.0,1.01,0.3246877513347017,0.4066095799413726,1.0,0.08192182860667091,"[[1.01, 3.0]]",1,1.0,1.0,1.99,"[[1.01, 1.01]]",0.0,0.0,0.0
100,0.5,0.05,0.25000000000000006,0.012619469774873536,3,3.0,1.0,3.0,0.37527349484646944,0.29770753575515274,1.0,0.0775659590913167,"[[1.01, 3.0]]",1,1.0,1.0,1.99,"[[3.0, 3.0]]",0.0,0.0,0.0
100,0.5,0.05,0.25000000000000006,0.012619469774873536,4,3.0,1.0,1.01,0.27365394757295003,0.3246786886518806,1.0,0.05102474107893057,"[[1.01, 3.0]]",1,1.0,1.0,1.99,"[[1.01, 1.01]]",0.0,0.0,0.0
100,0.5,0.05,0.25000000000000006,0.012619469774873536,5,1.01,1.0,1.01,0.37566980854638254,0.3561459802603335,1.0,0.01952382828604904,"[[1.01, 3.0]]",1,1.0,1.0,1.99,"[[1.01, 1.01]]",0.0,0.0,0.0
100,0.5,0.05,0.25000000000000006,0.012619469774873536,6,3.0,1.0,3.0,0.3392961714098215,0.4914550790997765,1.0,0.152158907689955,"[[1.01, 3.0]]",1,1.0,1.0,1.99,"[[3.0, 3.0]]",0.0,0.0,0.0
100,0.5,0.05,0.25000000000000006,0.012619469774873536,7,3.0,1.0,1.01,0.3211912601502454,0.3035016658160391,1.0,0.017689594334206304,"[[1.01, 3.0]]",1,1.0,1.0,1.99,"[[1.01, 1.01]]",0.0,0.0,0.0
100,0.5,0.05,0.25000000000000006,0.012619469774873536,8,3.0,1.0,3.0,0.31904333778462374,0.3802582092618809,1.0,0.06121487147725718,"[[1.01, 3.0]]",1,1.0,1.0,1.99,"[[3.0, 3.0]]",0.0,0.0,0.0
100,0.5,0.05,0.25000000000000006,0.012619469774873536,9,3.0,1.0,3.0,0.289180583211189,0.3532886631611953,1.0,0.06410807995000628,"[[1.01, 3.0]]",1,1.0,1.0,1.99,"[[3.0, 3.0]]",0.0,0.0,0.0
100,0.5,0.05,0.25000000000000006,0.012619469774873536,10,1.01,1.0,1.01,0.3106672751061432,0.41680505761619935,1.0,0.10613778251005612,"[[1.01, 3.0]]",1,1.0,1.0,1.99,"[[1.01, 1.01]]",0.0,0.0,0.0
100,0.5,0.05,0.25000000000000006,0.012619469774873536,11,1.01,1.0,1.01,0.26314251136129596,0.4738376557496664,1.0,0.21069514438837045,"[[1.01, 3.0]]",1,1.0,1.0,1.99,"[[1.01, 1.01]]",0.0,0.0,0.0
100,0.5,0.05,0.25000000000000006,0.012619469774873536,12,1.01,1.0,1.01,0.3391960718620067,0.3820312573263837,1.0,0.042835185464377035,"[[1.01, 3.0]]",1,1.0,1.0,1.99,"[[1.01, 1.01]]",0.0,0.0,0.0
100,0.5,0.05,0.25000000000000006,0.012619469774873536,13,1.01,1.0,1.01,0.4291025765216519,0.3432566692032454,1.0,0.08584590731840652,"[[1.01, 3.0]]",1,1.0,1.0,1.99,"[[1.01, 1.01]]",0.0,0.0,0.0
100,0.5,0.05,0.25000000000000006,0.012619469774873536,14,3.0,1.0,3.0,0.2996453196691753,0.3512439938035209,1.0,0.0515986741343456,"[[1.01, 3.0]]",1,1.0,1.0,1.99,"[[3.0, 3.0]]",0.0,0.0,0.0
100,0.5,0.05,0.25000000000000006,0.012619469774873536,15,3.0,1.0,1.01,0.38538981373355624,0.3992609879070462,1.0,0.013871174173489986,"[[1.01, 3.0]]",1,1.0,1.0,1.99,"[[1.01, 1.01]]",0.0,0.0,0.0
100,0.5,0.05,0.25000000000000006,0.012619469774873536,16,1.01,1.0,1.01,0.3124567279312637,0.4080388393127946,1.0,0.09558211138153089,"[[1.01, 3.0]]",1,1.0,1.0,1.99,"[[1.01, 1.01]]",0.0,0.0,0.0
100,0.5,0.05,0.25000000000000006,0.012619469774873536,17,3.0,1.0,3.0,0.3203229241192207,0.4861846945168368,1.0,0.16586177039761613,"[[1.01, 3.0]]",1,1.0,1.0,1.99,"[[3.0, 3.0]]",0.0,0.0,0.0
100,0.5,0.05,0.25000000000000006,0.012619469774873536,18,2.757153568544436,1.0,2.757182879209921,0.30752781023103837,0.4337627563382491,0.0,0.12623494610721075,"[[1.01, 3.0]]",1,1.0,1.0,1.99,"[[2.5143657584198422, 3.0]]",0.0,0.0,0.4856342415801578
100,0.5,0.05,0.25000000000000006,0.012619469774873536,19,3.0,1.0,3.0,0.38656615793107946,0.34402761958082345,1.0,0.042538538350256005,"[[1.01, 3.0]]",1,1.0,1.0,1.99,"[[3.0, 3.0]]",0.0,0.0,0.0
100,0.5,0.05,0.25000000000000006,0.012619469774873536,20,3.0,1.0,3.0,0.36469019136635605,0.41721478091962183,1.0,0.05252458955326578,"[[1.01, 3.0]]",1,1.0,1.0,1.99,"[[3.0, 3.0]]",0.0,0.0,0.0
100,0.5,0.05,0.25000000000000006,0.012619469774873536,21,1.3215455004394396,1.0,1.3215450231328598,0.36677255850895907,0.3016397648441488,0.0,0.06513279366481028,"[[1.01, 3.0]]",1,1.0,1.0,1.99,"[[1.01, 1.6330900462657196]]",1.0,0.0,0.6230900462657196
100,0.5,0.05,0.25000000000000006,0.012619469774873536,22,1.3363762708137075,1.0,1.3363762274886983,0.2817222425465495,0.47238240178482743,0.0,0.19066015923827795,"[[1.01, 3.0]]",1,1.0,1.0,1.99,"[[1.01, 1.6627524549773967]]",1.0,0.0,0.6527524549773966
100,0.5,0.05,0.25000000000000006,0.012619469774873536,23,1.01,1.0,1.01,0.32844933569443036,0.3389638915344767,1.0,0.010514555840046347,"[[1.01, 3.0]]",1,1.0,1.0,1.99,"[[1.01, 1.01]]",0.0,0.0,0.0
100,0.5,0.05,0.25000000000000006,0.012619469774873536,24,1.01,1.0,1.01,0.4191597315116602,0.34670001395399747,1.0,0.07245971755766273,"[[1.01, 3.0]]",1,1.0,1.0,1.99,"[[1.01, 1.01]]",0.0,0.0,0.0
100,0.5,0.05,0.25000000000000006,0.012619469774873536,25,1.01,1.0,1.01,0.32468101603811433,0.37786743457359195,1.0,0.05318641853547762,"[[1.01, 3.0]]",1,1.0,1.0,1.99,"[[1.01, 1.01]]",0.0,0.0,0.0
100,0.5,0.05,0.25000000000000006,0.012619469774873536,26,3.0,1.0,1.01,0.42881230972006784,0.45435820552566286,1.0,0.02554589580559502,"[[1.01, 3.0]]",1,1.0,1.0,1.99,"[[1.01, 1.01]]",0.0,0.0,0.0
100,0.5,0.05,0.25000000000000006,0.012619469774873536,27,1.01,1.0,1.01,0.2393866453826531,0.4065682431103841,1.0,0.16718159772773097,"[[1.01, 3.0]]",1,1.0,1.0,1.99,"[[1.01, 1.01]]",0.0,0.0,0.0
100,0.5,0.05,0.25000000000000006,0.012619469774873536,28,3.0,1.0,3.0,0.3319306014130211,0.3997366087826776,1.0,0.06780600736965647,"[[1.01, 3.0]]",1,1.0,1.0,1.99,"[[3.0, 3.0]]",0.0,0.0,0.0
100,0.5,0.05,0.25000000000000006,0.012619469774873536,29,1.01,1.0,1.01,0.27649787386263736,0.40061425161589204,1.0,0.12411637775325468,"[[1.01, 3.0]]",1,1.0,1.0,1.99,"[[1.01, 1.01]]",0.0,0.0,0.0
100,0.5,0.05,0.25000000000000006,0.012619469774873536,30,1.01,1.0,1.01,0.2752420172264163,0.446107454355569,1.0,0.1708654371291527,"[[1.01, 3.0]]",1,1.0,1.0,1.99,"[[1.01, 1.01]]",0.0,0.0,0.0
100,0.5,0.05,0.25000000000000006,0.012619469774873536,31,3.0,1.0,3.0,0.3529784740088877,0.38957752285666075,1.0,0.03659904884777304,"[[1.01, 3.0]]",1,1.0,1.0,1.99,"[[3.0, 3.0]]",0.0,0.0,0.0
100,0.5,0.05,0.25000000000000006,0.012619469774873536,32,3.0,1.0,1.01,0.40104326591820244,0.3131175259113983,1.0,0.08792574000680414,"[[1.01, 3.0]]",1,1.0,1.0,1.99,"[[1.01, 1.01]]",0.0,0.0,0.0
100,0.5,0.05,0.25000000000000006,0.012619469774873536,33,1.01,1.0,1.01,0.23690561266142002,0.5029325363017187,1.0,0.26602692364029873,"[[1.01, 3.0]]",1,1.0,1.0,1.99,"[[1.01, 1.01]]",0.0,0.0,0.0
100,0.5,0.05,0.25000000000000006,0.012619469774873536,34,3.0,1.0,3.0,0.401578890693004,0.36958988678807386,1.0,0.03198900390493015,"[[1.01, 3.0]]",1,1.0,1.0,1.99,"[[3.0, 3.0]]",0.0,0.0,0.0
100,0.5,0.05,0.25000000000000006,0.012619469774873536,35,3.0,1.0,1.01,0.35331785715630115,0.4327287128311082,1.0,0.07941085567480705,"[[1.01, 3.0]]",1,1.0,1.0,1.99,"[[1.01, 1.01]]",0.0,0.0,0.0
100,0.5,0.05,0.25000000000000006,0.012619469774873536,36,1.01,1.0,1.01,0.2766195996027655,0.35120267006484907,1.0,0.07458307046208357,"[[1.01, 3.0]]",1,1.0,1.0,1.99,"[[1.01, 1.01]]",0.0,0.0,0.0
100,0.5,0.05,0.25000000000000006,0.012619469774873536,37,1.01,1.0,1.01,0.3150583942181764,0.4069894397703715,1.0,0.09193104555219511,"[[1.01, 3.0]]",1,1.0,1.0,1.99,"[[1.01, 1.01]]",0.0,0.0,0.0
100,0.5,0.05,0.25000000000000006,0.012619469774873536,38,1.01,1.0,1.01,0.24932133638113527,0.415991581029544,1.0,0.1666702446484087,"[[1.01, 3.0]]",1,1.0,1.0,1.99,"[[1.01, 1.01]]",0.0,0.0,0.0
100,0.5,0.05,0.25000000000000006,0.012619469774873536,39,3.0,1.0,3.0,0.3203435192794435,0.5025320339771713,1.0,0.1821885146977278,"[[1.01, 3.0]]",1,1.0,1.0,1.99,"[[3.0, 3.0]]",0.0,0.0,0.0
100,0.5,0.05,0.25000000000000006,0.012619469774873536,40,2.1912136888102034,1.0,2.1912141011445416,0.3600625601570256,0.4412791505960352,0.0,0.08121659043900958,"[[1.01, 3.0]]",1,1.0,1.0,1.99,[],nan,nan,nan
100,0.5,0.05,0.25000000000000006,0.012619469774873536,41,1.01,1.0,1.01,0.3901127019385014,0.330432321500699,1.0,0.05968038043780238,"[[1.01, 3.0]]",1,1.0,1.0,1.99,[],nan,nan,nan
100,0.5,0.05,0.25000000000000006,0.012619469774873536,42,1.01,1.0,1.01,0.4354523676450693,0.39820297068193033,1.0,0.03724939696313895,"[[1.01, 3.0]]",1,1.0,1.0,1.99,[],nan,nan,nan
100,0.5,0.05,0.25000000000000006,0.012619469774873536,43,1.01,1.0,1.01,0.33529065744376063,0.4360882331239849,1.0,0.1007975756802243,"[[1.01, 3.0]]",1,1.0,1.0,1.99,[],nan,nan,nan
100,0.5,0.05,0.25000000000000006,0.012619469774873536,44,3.0,1.0,1.01,0.31941236848796334,0.33211922937111366,1.0,0.012706860883150317,"[[1.01, 3.0]]",1,1.0,1.0,1.99,[],nan,nan,nan
100,0.5,0.05,0.25000000000000006,0.012619469774873536,45,1.01,1.0,1.01,0.2948603167217389,0.31044651794567185,1.0,0.01558620122393295,"[[1.01, 3.0]]",1,1.0,1.0,1.99,[],nan,nan,nan
100,0.5,0.05,0.25000000000000006,0.012619469774873536,46,1.01,1.0,1.01,0.34240165144650214,0.4321168340969148,1.0,0.08971518265041267,"[[1.01, 3.0]]",1,1.0,1.0,1.99,[],nan,nan,nan
100,0.5,0.05,0.25000000000000006,0.012619469774873536,47,3.0,1.0,1.01,0.32005266487238454,0.3250490185837882,1.0,0.004996353711403667,"[[1.01, 3.0]]",1,1.0,1.0,1.99,[],nan,nan,nan
100,0.5,0.05,0.25000000000000006,0.012619469774873536,48,2.9699876533800857,1.0,2.9699888891934427,0.3112823471992885,0.35273726023858115,0.0,0.04145491303929266,"[[1.01, 3.0]]",1,1.0,1.0,1.99,[],nan,nan,nan
100,0.5,0.05,0.25000000000000006,0.012619469774873536,49,1.210470088409299,1.0,1.2104676763632536,0.3684766974100868,0.2895383491775035,0.0,0.07893834823258333,"[[1.01, 3.0]]",1,1.0,1.0,1.99,[],nan,nan,nan
100,0.5,0.05,0.25000000000000006,0.012619469774873536,50,3.0,1.0,3.0,0.4312742645994106,0.4046200116281929,1.0,0.026654252971217707,"[[1.01, 3.0]]",1,1.0,1.0,1.99,[],nan,nan,nan
100,0.5,0.05,0.25000000000000006,0.012619469774873536,51,1.01,1.0,1.01,0.2506206591965928,0.43059695847743734,1.0,0.17997629928084452,"[[1.01, 3.0]]",1,1.0,1.0,1.99,[],nan,nan,nan
100,0.5,0.05,0.25000000000000006,0.012619469774873536,52,1.01,1.0,1.01,0.25948765948905933,0.4084147202051372,1.0,0.14892706071607786,"[[1.01, 3.0]]",1,1.0,1.0,1.99,[],nan,nan,nan
100,0.5,0.05,0.25000000000000006,0.012619469774873536,53,3.0,1.0,3.0,0.3373995218377635,0.4304280507770116,1.0,0.09302852893924807,"[[1.01, 3.0]]",1,1.0,1.0,1.99,[],nan,nan,nan
100,0.5,0.05,0.25000000000000006,0.012619469774873536,54,3.0,1.0,3.0,0.32366952290495177,0.35427522584599885,1.0,0.030605702941047086,"[[1.01, 3.0]]",1,1.0,1.0,1.99,[],nan,nan,nan
100,0.5,0.05,0.25000000000000006,0.012619469774873536,55,1.01,1.0,1.01,0.3552399737357874,0.31640511853463826,1.0,0.038834855201149154,"[[1.01, 3.0]]",1,1.0,1.0,1.99,[],nan,nan,nan
100,0.5,0.05,0.25000000000000006,0.012619469774873536,56,1.01,1.0,1.01,0.2788991524617246,0.3646471198440399,1.0,0.08574796738231533,"[[1.01, 3.0]]",1,1.0,1.0,1.99,[],nan,nan,nan
100,0.5,0.05,0.25000000000000006,0.012619469774873536,57,1.01,1.0,1.01,0.2941105673966211,0.4045814754516809,1.0,0.11047090805505977,"[[1.01, 3.0]]",1,1.0,1.0,1.99,[],nan,nan,nan
100,0.5,0.05,0.25000000000000006,0.012619469774873536,58,3.0,1.0,3.0,0.27995651364237867,0.34974263405808825,1.0,0.06978612041570958,"[[1.01, 3.0]]",1,1.0,1.0,1.99,[],nan,nan,nan
100,0.5,0.05,0.25000000000000006,0.012619469774873536,59,3.0,1.0,3.0,0.336134689232711,0.3630322260179115,1.0,0.026897536785200515,"[[1.01, 3.0]]",1,1.0,1.0,1.99,[],nan,nan,nan
100,0.5,0.05,0.25000000000000006,0.012619469774873536,60,1.01,1.0,1.01,0.2645532327210117,0.4971818290295337,1.0,0.23262859630852195,"[[1.01, 3.0]]",1,1.0,1.0,1.99,[],nan,nan,nan
100,0.5,0.05,0.25000000000000006,0.012619469774873536,61,3.0,1.0,3.0,0.3285259623486371,0.3714285816582053,1.0,0.04290261930956818,"[[1.01, 3.0]]",1,1.0,1.0,1.99,[],nan,nan,nan
100,0.5,0.05,0.25000000000000006,0.012619469774873536,62,3.0,1.0,1.01,0.3482700726358622,0.43306009484126534,1.0,0.08479002220540316,"[[1.01, 3.0]]",1,1.0,1.0,1.99,[],nan,nan,nan
100,0.5,0.05,0.25000000000000006,0.012619469774873536,63,1.5931386613201366,1.0,1.5931458425736003,0.31683347211071605,0.34612433369213963,0.0,0.029290861581423577,"[[1.01, 3.0]]",1,1.0,1.0,1.99,[],nan,nan,nan
100,0.5,0.05,0.25000000000000006,0.012619469774873536,64,3.0,1.0,1.01,0.3337867322645183,0.38963089366783266,1.0,0.05584416140331433,"[[1.01, 3.0]]",1,1.0,1.0,1.99,[],nan,nan,nan
100,0.5,0.05,0.25000000000000006,0.012619469774873536,65,3.0,1.0,3.0,0.3554855530268671,0.3631111944126124,1.0,0.007625641385745341,"[[1.01, 3.0]]",1,1.0,1.0,1.99,[],nan,nan,nan
100,0.5,0.05,0.25000000000000006,0.012619469774873536,66,3.0,1.0,1.01,0.32033577108790035,0.38285971636736865,1.0,0.06252394527946831,"[[1.01, 3.0]]",1,1.0,1.0,1.99,[],nan,nan,nan
100,0.5,0.05,0.25000000000000006,0.012619469774873536,67,3.0,1.0,3.0,0.40025267331871955,0.3737409346457498,1.0,0.026511738672969742,"[[1.01, 3.0]]",1,1.0,1.0,1.99,[],nan,nan,nan
100,0.5,0.05,0.25000000000000006,0.012619469774873536,68,3.0,1.0,3.0,0.3080419647858416,0.4018882267095198,1.0,0.09384626192367818,"[[1.01, 3.0]]",1,1.0,1.0,1.99,[],nan,nan,nan
100,0.5,0.05,0.25000000000000006,0.012619469774873536,69,3.0,1.0,3.0,0.31691723671597766,0.33403391530944665,1.0,0.017116678593468992,"[[1.01, 3.0]]",1,1.0,1.0,1.99,[],nan,nan,nan
100,0.5,0.05,0.25000000000000006,0.012619469774873536,70,3.0,1.0,3.0,0.36082709134084257,0.35347174075943094,1.0,0.007355350581411624,"[[1.01, 3.0]]",1,1.0,1.0,1.99,[],nan,nan,nan
100,0.5,0.05,0.25000000000000006,0.012619469774873536,71,3.0,1.0,1.01,0.3371800398713392,0.38191631058257447,1.0,0.04473627071123526,"[[1.01, 3.0]]",1,1.0,1.0,1.99,[],nan,nan,nan
100,0.5,0.05,0.25000000000000006,0.012619469774873536,72,1.01,1.0,1.01,0.28476380463466744,0.47405846710418914,1.0,0.1892946624695217,"[[1.01, 3.0]]",1,1.0,1.0,1.99,[],nan,nan,nan
100,0.5,0.05,0.25000000000000006,0.012619469774873536,73,3.0,1.0,3.0,0.3308508140326416,0.3873972099497831,1.0,0.0565463959171415,"[[1.01, 3.0]]",1,1.0,1.0,1.99,[],nan,nan,nan
100,0.5,0.05,0.25000000000000006,0.012619469774873536,74,1.01,1.0,1.01,0.4095459253257552,0.33371439761831695,1.0,0.07583152770743823,"[[1.01, 3.0]]",1,1.0,1.0,1.99,[],nan,nan,nan
100,0.5,0.05,0.25000000000000006,0.012619469774873536,75,3.0,1.0,3.0,0.3091003856721522,0.34967966344268453,1.0,0.04057927777053233,"[[1.01, 3.0]]",1,1.0,1.0,1.99,[],nan,nan,nan
100,0.5,0.05,0.25000000000000006,0.012619469774873536,76,1.01,1.0,1.01,0.3257624617054782,0.44704805746909265,1.0,0.12128559576361447,"[[1.01, 3.0]]",1,1.0,1.0,1.99,[],nan,nan,nan
100,0.5,0.05,0.25000000000000006,0.012619469774873536,77,1.01,1.0,1.01,0.31899117956813566,0.3630713242105123,1.0,0.04408014464237664,"[[1.01, 3.0]]",1,1.0,1.0,1.99,[],nan,nan,nan
100,0.5,0.05,0.25000000000000006,0.012619469774873536,78,3.0,1.0,3.0,0.30933984394391856,0.41045007059681976,1.0,0.1011102266529012,"[[1.01, 3.0]]",1,1.0,1.0,1.99,[],nan,nan,nan
100,0.5,0.05,0.25000000000000006,0.012619469774873536,79,3.0,1.0,3.0,0.3381337204214367,0.4702302511249054,1.0,0.13209653070346872,"[[1.01, 3.0]]",1,1.0,1.0,1.99,[],nan,nan,nan
100,0.5,0.05,0.25000000000000006,0.012619469774873536,80,3.0,1.0,3.0,0.3256496719818202,0.3315512404624697,1.0,0.005901568480649488,"[[1.01, 3.0]]",1,1.0,1.0,1.99,[],nan,nan,nan
100,0.5,0.05,0.25000000000000006,0.012619469774873536,81,3.0,1.0,1.01,0.2620340244325483,0.43368858702439667,1.0,0.17165456259184836,"[[1.01, 3.0]]",1,1.0,1.0,1.99,[],nan,nan,nan
100,0.5,0.05,0.25000000000000006,0.012619469774873536,82,3.0,1.0,3.0,0.38352755364790564,0.37698900629835375,1.0,0.006538547349551893,"[[1.01, 3.0]]",1,1.0,1.0,1.99,[],nan,nan,nan
100,0.5,0.05,0.25000000000000006,0.012619469774873536,83,3.0,1.0,1.01,0.3280267503397673,0.40338057399665916,1.0,0.07535382365689186,"[[1.01, 3.0]]",1,1.0,1.0,1.99,[],nan,nan,nan
100,0.5,0.05,0.25000000000000006,0.012619469774873536,84,3.0,1.0,3.0,0.38789573357471624,0.36647546238479595,1.0,0.021420271189920292,"[[1.01, 3.0]]",1,1.0,1.0,1.99,[],nan,nan,nan
100,0.5,0.05,0.25000000000000006,0.012619469774873536,85,1.01,1.0,1.01,0.3234764582404335,0.28026559110626037,1.0,0.0432108671341731,"[[1.01, 3.0]]",1,1.0,1.0,1.99,[],nan,nan,nan
100,0.5,0.05,0.25000000000000006,0.012619469774873536,86,3.0,1.0,3.0,0.2573159242310128,0.49533857674733434,1.0,0.23802265251632154,"[[1.01, 3.0]]",1,1.0,1.0,1.99,[],nan,nan,nan
100,0.5,0.05,0.25000000000000006,0.012619469774873536,87,1.6972806132720966,1.0,1.6972815887497221,0.2963224159547847,0.6313690780696403,0.0,0.33504666211485556,"[[1.01, 3.0]]",1,1.0,1.0,1.99,[],nan,nan,nan
100,0.5,0.05,0.25000000000000006,0.012619469774873536,88,3.0,1.0,1.01,0.3836273550078723,0.4081138270067091,1.0,0.0244864719988368,"[[1.01, 3.0]]",1,1.0,1.0,1.99,[],nan,nan,nan
100,0.5,0.05,0.25000000000000006,0.012619469774873536,89,1.01,1.0,1.01,0.274120903435597,0.4544073668173023,1.0,0.18028646338170534,"[[1.01, 3.0]]",1,1.0,1.0,1.99,[],nan,nan,nan
100,0.5,0.05,0.25000000000000006,0.012619469774873536,90,3.0,1.0,3.0,0.3682178634588531,0.3717866471694712,1.0,0.003568783710618084,"[[1.01, 3.0]]",1,1.0,1.0,1.99,[],nan,nan,nan
100,0.5,0.05,0.25000000000000006,0.012619469774873536,91,1.01,1.0,1.01,0.26484774410066925,0.46866585221580404,1.0,0.2038181081151348,"[[1.01, 3.0]]",1,1.0,1.0,1.99,[],nan,nan,nan
100,0.5,0.05,0.25000000000000006,0.012619469774873536,92,3.0,1.0,1.01,0.29816967940125894,0.3664104201073082,1.0,0.06824074070604924,"[[1.01, 3.0]]",1,1.0,1.0,1.99,[],nan,nan,nan
100,0.5,0.05,0.25000000000000006,0.012619469774873536,93,3.0,1.0,3.0,0.342330896562566,0.395150760610844,1.0,0.05281986404827799,"[[1.01, 3.0]]",1,1.0,1.0,1.99,[],nan,nan,nan
100,0.5,0.05,0.25000000000000006,0.012619469774873536,94,3.0,1.0,1.01,0.3817160933751203,0.3975634413009622,1.0,0.015847347925841915,"[[1.01, 3.0]]",1,1.0,1.0,1.99,[],nan,nan,nan
100,0.5,0.05,0.25000000000000006,0.012619469774873536,95,3.0,1.0,3.0,0.410437205524355,0.5342203084162536,1.0,0.12378310289189859,"[[1.01, 3.0]]",1,1.0,1.0,1.99,[],nan,nan,nan
100,0.5,0.05,0.25000000000000006,0.012619469774873536,96,1.01,1.0,1.01,0.26912203873355894,0.40725119221649403,1.0,0.13812915348293509,"[[1.01, 3.0]]",1,1.0,1.0,1.99,[],nan,nan,nan
100,0.5,0.05,0.25000000000000006,0.012619469774873536,97,1.3091365900926524,1.0,1.309136263060313,0.3124356072934231,0.4420160863680071,0.0,0.12958047907458398,"[[1.01, 3.0]]",1,1.0,1.0,1.99,[],nan,nan,nan
100,0.5,0.05,0.25000000000000006,0.012619469774873536,98,3.0,1.0,3.0,0.35288378705248324,0.36623214739357585,1.0,0.013348360341092602,"[[1.01, 3.0]]",1,1.0,1.0,1.99,[],nan,nan,nan
100,0.5,0.05,0.25000000000000006,0.012619469774873536,99,3.0,1.0,3.0,0.34480140888798594,0.4198424447843048,1.0,0.07504103589631889,"[[1.01, 3.0]]",1,1.0,1.0,1.99,[],nan,nan,nan
100,0.5,0.05,0.25000000000000006,0.012619469774873536,100,3.0,1.0,3.0,0.3874464112547891,0.3646334794035674,1.0,0.02281293185122174,"[[1.01, 3.0]]",1,1.0,1.0,1.99,[],nan,nan,nan
100,0.5,0.05,0.25000000000000006,0.012619469774873536,101,3.0,1.0,3.0,0.3181899396430401,0.31239979792059647,1.0,0.005790141722443631,"[[1.01, 3.0]]",1,1.0,1.0,1.99,[],nan,nan,nan
100,0.5,0.05,0.25000000000000006,0.012619469774873536,102,1.01,1.0,1.01,0.24061741782807752,0.40187361512936387,1.0,0.16125619730128635,"[[1.01, 3.0]]",1,1.0,1.0,1.99,[],nan,nan,nan
100,0.5,0.05,0.25000000000000006,0.012619469774873536,103,1.01,1.0,1.01,0.35006072993327064,0.42780310502484437,1.0,0.07774237509157372,"[[1.01, 3.0]]",1,1.0,1.0,1.99,[],nan,nan,nan
100,0.5,0.05,0.25000000000000006,0.012619469774873536,104,3.0,1.0,1.01,0.30824941909995124,0.43526392579687145,1.0,0.12701450669692022,"[[1.01, 3.0]]",1,1.0,1.0,1.99,[],nan,nan,nan
100,0.5,0.05,0.25000000000000006,0.012619469774873536,105,1.01,1.0,1.01,0.37285228640756235,0.32269640895749335,1.0,0.050155877450069,"[[1.01, 3.0]]",1,1.0,1.0,1.99,[],nan,nan,nan
100,0.5,0.05,0.25000000000000006,0.012619469774873536,106,1.01,1.0,1.01,0.35672712246742955,0.4312506968687461,1.0,0.07452357440131657,"[[1.01, 3.0]]",1,1.0,1.0,1.99,[],nan,nan,nan
100,0.5,0.05,0.25000000000000006,0.012619469774873536,107,3.0,1.0,1.01,0.3724425028210901,0.4293585668288695,1.0,0.05691606400777943,"[[1.01, 3.0]]",1,1.0,1.0,1.99,[],nan,nan,nan
100,0.5,0.05,0.25000000000000006,0.012619469774873536,108,3.0,1.0,3.0,0.377081795407276,0.3155659095290815,1.0,0.06151588587819451,"[[1.01, 3.0]]",1,1.0,1.0,1.99,[],nan,nan,nan
100,0.5,0.05,0.25000000000000006,0.012619469774873536,109,3.0,1.0,3.0,0.28729660319588257,0.3311554101045436,1.0,0.04385880690866101,"[[1.01, 3.0]]",1,1.0,1.0,1.99,[],nan,nan,nan
100,0.5,0.05,0.25000000000000006,0.012619469774873536,110,1.01,1.0,1.01,0.3120197595504102,0.487407089052985,1.0,0.1753873295025748,"[[1.01, 3.0]]",1,1.0,1.0,1.99,[],nan,nan,nan
100,0.5,0.05,0.25000000000000006,0.012619469774873536,111,3.0,1.0,1.01,0.3324606489115673,0.43591284982979583,1.0,0.10345220091822854,"[[1.01, 3.0]]",1,1.0,1.0,1.99,[],nan,nan,nan
100,0.5,0.05,0.25000000000000006,0.012619469774873536,112,3.0,1.0,3.0,0.37087698193980767,0.47147550635778956,1.0,0.1005985244179819,"[[1.01, 3.0]]",1,1.0,1.0,1.99,[],nan,nan,nan
100,0.5,0.05,0.25000000000000006,0.012619469774873536,113,3.0,1.0,3.0,0.33721665598325823,0.41031100062650516,1.0,0.07309434464324693,"[[1.01, 3.0]]",1,1.0,1.0,1.99,[],nan,nan,nan
100,0.5,0.05,0.25000000000000006,0.012619469774873536,114,3.0,1.0,3.0,0.40256226685291174,0.4893390227891757,1.0,0.08677675593626394,"[[1.01, 3.0]]",1,1.0,1.0,1.99,[],nan,nan,nan
100,0.5,0.05,0.25000000000000006,0.012619469774873536,115,3.0,1.0,3.0,0.34078006833051244,0.4416483039993073,1.0,0.10086823566879488,"[[1.01, 3.0]]",1,1.0,1.0,1.99,[],nan,nan,nan
100,0.5,0.05,0.25000000000000006,0.012619469774873536,116,3.0,1.0,3.0,0.34318873074543754,0.3825397606934651,1.0,0.03935102994802758,"[[1.01, 3.0]]",1,1.0,1.0,1.99,[],nan,nan,nan
100,0.5,0.05,0.25000000000000006,0.012619469774873536,117,3.0,1.0,1.01,0.3208623724420891,0.35763678581205216,1.0,0.036774413369963066,"[[1.01, 3.0]]",1,1.0,1.0,1.99,[],nan,nan,nan
100,0.5,0.05,0.25000000000000006,0.012619469774873536,118,3.0,1.0,3.0,0.4324151418958937,0.23631495814582532,1.0,0.19610018375006838,"[[1.01, 3.0]]",1,1.0,1.0,1.99,[],nan,nan,nan
100,0.5,0.05,0.25000000000000006,0.012619469774873536,119,1.01,1.0,1.01,0.3314937135470586,0.4529476787559585,1.0,0.1214539652088999,"[[1.01, 3.0]]",1,1.0,1.0,1.99,[],nan,nan,nan
100,0.5,0.05,0.25000000000000006,0.012619469774873536,120,3.0,1.0,3.0,0.3998054936347675,0.38916879229888146,1.0,0.010636701335886012,"[[1.01, 3.0]]",1,1.0,1.0,1.99,[],nan,nan,nan
100,0.5,0.05,0.25000000000000006,0.012619469774873536,121,3.0,1.0,3.0,0.31735825828342124,0.40301475707233075,1.0,0.08565649878890952,"[[1.01, 3.0]]",1,1.0,1.0,1.99,[],nan,nan,nan
100,0.5,0.05,0.25000000000000006,0.012619469774873536,122,1.1905664936402116,1.0,1.1905681629876155,0.26051850965745743,0.4837023181018904,0.0,0.22318380844443297,"[[1.01, 3.0]]",1,1.0,1.0,1.99,[],nan,nan,nan
100,0.5,0.05,0.25000000000000006,0.012619469774873536,123,3.0,1.0,3.0,0.33754202777887427,0.40040433413326093,1.0,0.06286230635438667,"[[1.01, 3.0]]",1,1.0,1.0,1.99,[],nan,nan,nan
100,0.5,0.05,0.25000000000000006,0.012619469774873536,124,3.0,1.0,1.01,0.31335741069472484,0.34867479052916506,1.0,0.03531737983444022,"[[1.01, 3.0]]",1,1.0,1.0,1.99,[],nan,nan,nan
100,0.5,0.05,0.25000000000000006,0.012619469774873536,125,3.0,1.0,3.0,0.33448263594485916,0.411676883678463,1.0,0.07719424773360384,"[[1.01, 3.0]]",1,1.0,1.0,1.99,[],nan,nan,nan
100,0.5,0.05,0.25000000000000006,0.012619469774873536,126,1.9747248599847305,1.0,1.974711964299614,0.3425610393861285,0.30504301672171313,0.0,0.03751802266441534,"[[1.01, 3.0]]",1,1.0,1.0,1.99,[],nan,nan,nan
100,0.5,0.05,0.25000000000000006,0.012619469774873536,127,3.0,1.0,3.0,0.2926344712360653,0.25795311138079674,1.0,0.034681359855268545,"[[1.01, 3.0]]",1,1.0,1.0,1.99,[],nan,nan,nan
100,0.5,0.05,0.25000000000000006,0.012619469774873536,128,1.01,1.0,1.01,0.3324345960910258,0.40022408483850863,1.0,0.0677894887474828,"[[1.01, 3.0]]",1,1.0,1.0,1.99,[],nan,nan,nan
100,0.5,0.05,0.25000000000000006,0.012619469774873536,129,3.0,1.0,3.0,0.3078031194886324,0.4310053997050016,1.0,0.1232022802163692,"[[1.01, 3.0]]",1,1.0,1.0,1.99,[],nan,nan,nan
100,0.5,0.05,0.25000000000000006,0.012619469774873536,130,2.6741934990498577,1.0,2.674113841938606,0.3658375646949714,0.37530040486323935,0.0,0.009462840168267928,"[[1.01, 3.0]]",1,1.0,1.0,1.99,[],nan,nan,nan
100,0.5,0.05,0.25000000000000006,0.012619469774873536,131,3.0,1.0,3.0,0.324370519456317,0.3351159722572734,1.0,0.010745452800956401,"[[1.01, 3.0]]",1,1.0,1.0,1.99,[],nan,nan,nan
100,0.5,0.05,0.25000000000000006,0.012619469774873536,132,1.01,1.0,1.01,0.23293832749404508,0.41062250980862236,1.0,0.17768418231457728,"[[1.01, 3.0]]",1,1.0,1.0,1.99,[],nan,nan,nan
100,0.5,0.05,0.25000000000000006,0.012619469774873536,133,3.0,1.0,3.0,0.3787542272993064,0.3612290965271447,1.0,0.017525130772161723,"[[1.01, 3.0]]",1,1.0,1.0,1.99,[],nan,nan,nan
100,0.5,0.05,0.25000000000000006,0.012619469774873536,134,3.0,1.0,3.0,0.4018725500586581,0.4590246007056886,1.0,0.05715205064703055,"[[1.01, 3.0]]",1,1.0,1.0,1.99,[],nan,nan,nan
100,0.5,0.05,0.25000000000000006,0.012619469774873536,135,1.01,1.0,1.01,0.3072044328595268,0.4387855876650545,1.0,0.13158115480552768,"[[1.01, 3.0]]",1,1.0,1.0,1.99,[],nan,nan,nan
100,0.5,0.05,0.25000000000000006,0.012619469774873536,136,3.0,1.0,1.01,0.3095366965959784,0.4082598136955014,1.0,0.09872311709952303,"[[1.01, 3.0]]",1,1.0,1.0,1.99,[],nan,nan,nan
100,0.5,0.05,0.25000000000000006,0.012619469774873536,137,1.01,1.0,1.01,0.3453933054687747,0.4092866030439621,1.0,0.06389329757518736,"[[1.01, 3.0]]",1,1.0,1.0,1.99,[],nan,nan,nan
100,0.5,0.05,0.25000000000000006,0.012619469774873536,138,3.0,1.0,1.01,0.34503195227634514,0.3894920660983814,1.0,0.04446011382203624,"[[1.01, 3.0]]",1,1.0,1.0,1.99,[],nan,nan,nan
100,0.5,0.05,0.25000000000000006,0.012619469774873536,139,3.0,1.0,3.0,0.27932881746815197,0.3185554717171252,1.0,0.03922665424897326,"[[1.01, 3.0]]",1,1.0,1.0,1.99,[],nan,nan,nan
100,0.5,0.05,0.25000000000000006,0.012619469774873536,140,3.0,1.0,3.0,0.32184723295610856,0.4023717573761416,1.0,0.08052452442003305,"[[1.01, 3.0]]",1,1.0,1.0,1.99,[],nan,nan,nan
100,0.5,0.05,0.25000000000000006,0.012619469774873536,141,1.01,1.0,1.01,0.3579990053072905,0.4329775037231367,1.0,0.0749784984158462,"[[1.01, 3.0]]",1,1.0,1.0,1.99,[],nan,nan,nan
100,0.5,0.05,0.25000000000000006,0.012619469774873536,142,1.01,1.0,1.01,0.306258666806025,0.413359944013138,1.0,0.10710127720711304,"[[1.01, 3.0]]",1,1.0,1.0,1.99,[],nan,nan,nan
100,0.5,0.05,0.25000000000000006,0.012619469774873536,143,1.01,1.0,1.01,0.27304198000220503,0.4531300978880444,1.0,0.1800881178858394,"[[1.01, 3.0]]",1,1.0,1.0,1.99,[],nan,nan,nan
100,0.5,0.05,0.25000000000000006,0.012619469774873536,144,1.01,1.0,1.01,0.3549571591601484,0.29492518434357246,1.0,0.06003197481657596,"[[1.01, 3.0]]",1,1.0,1.0,1.99,[],nan,nan,nan
100,0.5,0.05,0.25000000000000006,0.012619469774873536,145,3.0,1.0,3.0,0.3530079930970028,0.36748995539575274,1.0,0.014481962298749929,"[[1.01, 3.0]]",1,1.0,1.0,1.99,[],nan,nan,nan
100,0.5,0.05,0.25000000000000006,0.012619469774873536,146,3.0,1.0,1.01,0.31135694092020566,0.38333581141933454,1.0,0.07197887049912888,"[[1.01, 3.0]]",1,1.0,1.0,1.99,[],nan,nan,nan
100,0.5,0.05,0.25000000000000006,0.012619469774873536,147,3.0,1.0,1.01,0.4287419990626215,0.4223319041434029,1.0,0.006410094919218623,"[[1.01, 3.0]]",1,1.0,1.0,1.99,[],nan,nan,nan
100,0.5,0.05,0.25000000000000006,0.012619469774873536,148,1.01,1.0,1.01,0.29464148674709634,0.4098762913804452,1.0,0.11523480463334884,"[[1.01, 3.0]]",1,1.0,1.0,1.99,[],nan,nan,nan
100,0.5,0.05,0.25000000000000006,0.012619469774873536,149,3.0,1.0,3.0,0.3128484075343141,0.4443310010516776,1.0,0.13148259351736352,"[[1.01, 3.0]]",1,1.0,1.0,1.99,[],nan,nan,nan
100,0.5,0.05,0.25000000000000006,0.012619469774873536,150,3.0,1.0,1.01,0.36666185483901254,0.3481493920727719,1.0,0.018512462766240634,"[[1.01, 3.0]]",1,1.0,1.0,1.99,[],nan,nan,nan
100,0.5,0.05,0.25000000000000006,0.012619469774873536,151,1.01,1.0,1.01,0.2897160284020392,0.3504459148644509,1.0,0.06072988646241173,"[[1.01, 3.0]]",1,1.0,1.0,1.99,[],nan,nan,nan
100,0.5,0.05,0.25000000000000006,0.012619469774873536,152,2.804280634048707,1.0,2.8043082976383085,0.3140867577793194,0.385759424586359,0.0,0.0716726668070396,"[[1.01, 3.0]]",1,1.0,1.0,1.99,[],nan,nan,nan
100,0.5,0.05,0.25000000000000006,0.012619469774873536,153,1.01,1.0,1.01,0.32747687314505614,0.4167960476379742,1.0,0.08931917449291804,"[[1.01, 3.0]]",1,1.0,1.0,1.99,[],nan,nan,nan
100,0.5,0.05,0.25000000000000006,0.012619469774873536,154,3.0,1.0,3.0,0.3264430838175273,0.41795812184526016,1.0,0.09151503802773286,"[[1.01, 3.0]]",1,1.0,1.0,1.99,[],nan,nan,nan
100,0.5,0.05,0.25000000000000006,0.012619469774873536,155,3.0,1.0,3.0,0.3744865175278067,0.29566971528518027,1.0,0.07881680224262644,"[[1.01, 3.0]]",1,1.0,1.0,1.99,[],nan,nan,nan
100,0.5,0.05,0.25000000000000006,0.012619469774873536,156,3.0,1.0,3.0,0.32373439474610965,0.3701974922458551,1.0,0.04646309749974542,"[[1.01, 3.0]]",1,1.0,1.0,1.99,[],nan,nan,nan
100,0.5,0.05,0.25000000000000006,0.012619469774873536,157,3.0,1.0,3.0,0.31151874434181065,0.38972128674694234,1.0,0.07820254240513169,"[[1.01, 3.0]]",1,1.0,1.0,1.99,[],nan,nan,nan
100,0.5,0.05,0.25000000000000006,0.012619469774873536,158,1.01,1.0,1.01,0.3807640702519422,0.42856383384375557,1.0,0.04779976359181337,"[[1.01, 3.0]]",1,1.0,1.0,1.99,[],nan,nan,nan
100,0.5,0.05,0.25000000000000006,0.012619469774873536,159,3.0,1.0,3.0,0.33618305890416966,0.3538738442589651,1.0,0.017690785354795457,"[[1.01, 3.0]]",1,1.0,1.0,1.99,[],nan,nan,nan
100,0.5,0.05,0.25000000000000006,0.012619469774873536,160,1.01,1.0,1.01,0.3680626738641959,0.4459683594519083,1.0,0.07790568558771244,"[[1.01, 3.0]]",1,1.0,1.0,1.99,[],nan,nan,nan
100,0.5,0.05,0.25000000000000006,0.012619469774873536,161,3.0,1.0,3.0,0.38308181755330195,0.37498956863291816,1.0,0.008092248920383793,"[[1.01, 3.0]]",1,1.0,1.0,1.99,[],nan,nan,nan
100,0.5,0.05,0.25000000000000006,0.012619469774873536,162,3.0,1.0,3.0,0.3323168395477416,0.37337800345811534,1.0,0.04106116391037373,"[[1.01, 3.0]]",1,1.0,1.0,1.99,[],nan,nan,nan
100,0.5,0.05,0.25000000000000006,0.012619469774873536,163,3.0,1.0,3.0,0.3014873743995577,0.4411048041454017,1.0,0.139617429745844,"[[1.01, 3.0]]",1,1.0,1.0,1.99,[],nan,nan,nan
100,0.5,0.05,0.25000000000000006,0.012619469774873536,164,3.0,1.0,3.0,0.3427996618994483,0.37200044942148647,1.0,0.02920078752203814,"[[1.01, 3.0]]",1,1.0,1.0,1.99,[],nan,nan,nan
100,0.5,0.05,0.25000000000000006,0.012619469774873536,165,1.01,1.0,1.01,0.3399068614667042,0.4213421210682571,1.0,0.0814352596015529,"[[1.01, 3.0]]",1,1.0,1.0,1.99,[],nan,nan,nan
100,0.5,0.05,0.25000000000000006,0.012619469774873536,166,1.01,1.0,1.01,0.2716485417469299,0.3703159455825208,1.0,0.09866740383559092,"[[1.01, 3.0]]",1,1.0,1.0,1.99,[],nan,nan,nan
100,0.5,0.05,0.25000000000000006,0.012619469774873536,167,3.0,1.0,1.01,0.3184038177311931,0.3604424871709812,1.0,0.04203866943978812,"[[1.01, 3.0]]",1,1.0,1.0,1.99,[],nan,nan,nan
100,0.5,0.05,0.25000000000000006,0.012619469774873536,168,3.0,1.0,3.0,0.36421696049445257,0.3476305557140783,1.0,0.016586404780374264,"[[1.01, 3.0]]",1,1.0,1.0,1.99,[],nan,nan,nan
100,0.5,0.05,0.25000000000000006,0.012619469774873536,169,1.01,1.0,1.01,0.2596502469348633,0.40627754658390397,1.0,0.14662729964904064,"[[1.01, 3.0]]",1,1.0,1.0,1.99,[],nan,nan,nan
100,0.5,0.05,0.25000000000000006,0.012619469774873536,170,3.0,1.0,3.0,0.3165578492183555,0.30869346170025247,1.0,0.007864387518103033,"[[1.01, 3.0]]",1,1.0,1.0,1.99,[],nan,nan,nan
100,0.5,0.05,0.25000000000000006,0.012619469774873536,171,3.0,1.0,3.0,0.2981332564555176,0.39247081706385484,1.0,0.09433756060833726,"[[1.01, 3.0]]",1,1.0,1.0,1.99,[],nan,nan,nan
100,0.5,0.05,0.25000000000000006,0.012619469774873536,172,3.0,1.0,1.01,0.3929423827454045,0.32261230830450155,1.0,0.07033007444090295,"[[1.01, 3.0]]",1,1.0,1.0,1.99,[],nan,nan,nan
100,0.5,0.05,0.25000000000000006,0.012619469774873536,173,3.0,1.0,3.0,0.32009039031220987,0.4005469173007647,1.0,0.08045652698855482,"[[1.01, 3.0]]",1,1.0,1.0,1.99,[],nan,nan,nan
100,0.5,0.05,0.25000000000000006,0.012619469774873536,174,3.0,1.0,3.0,0.3010247686865276,0.3551138999091884,1.0,0.05408913122266079,"[[1.01, 3.0]]",1,1.0,1.0,1.99,[],nan,nan,nan
100,0.5,0.05,0.25000000000000006,0.012619469774873536,175,3.0,1.0,1.01,0.3885371587935706,0.3963751304642148,1.0,0.007837971670644206,"[[1.01, 3.0]]",1,1.0,1.0,1.99,[],nan,nan,nan
100,0.5,0.05,0.25000000000000006,0.012619469774873536,176,3.0,1.0,3.0,0.3406956655225944,0.35243301363880497,1.0,0.011737348116210577,"[[1.01, 3.0]]",1,1.0,1.0,1.99,[],nan,nan,nan
100,0.5,0.05,0.25000000000000006,0.012619469774873536,177,3.0,1.0,3.0,0.39046435569230475,0.401642178034417,1.0,0.011177822342112231,"[[1.01, 3.0]]",1,1.0,1.0,1.99,[],nan,nan,nan
100,0.5,0.05,0.25000000000000006,0.012619469774873536,178,3.0,1.0,1.01,0.3110345059472319,0.3918583116513901,1.0,0.0808238057041582,"[[1.01, 3.0]]",1,1.0,1.0,1.99,[],nan,nan,nan
100,0.5,0.05,0.25000000000000006,0.012619469774873536,179,1.01,1.0,1.01,0.2584712827396009,0.36431117574369126,1.0,0.10583989300409036,"[[1.01, 3.0]]",1,1.0,1.0,1.99,[],nan,nan,nan
100,2.0,0.2,4.000000000000001,0.17382478274903565,0,1.01,1.0,1.01,0.2790191363633862,0.581792370445211,1.0,0.3027732340818248,"[[1.01, 3.0]]",1,1.0,1.0,1.99,"[[1.01, 1.01]]",0.0,0.0,0.0
100,2.0,0.2,4.000000000000001,0.17382478274903565,1,1.01,1.0,1.01,0.25770647339624503,0.5230510009857792,1.0,0.26534452758953414,"[[1.01, 3.0]]",1,1.0,1.0,1.99,"[[1.01, 1.01]]",0.0,0.0,0.0
100,2.0,0.2,4.000000000000001,0.17382478274903565,2,1.01,1.0,1.01,0.3542893595945533,0.557424390235251,1.0,0.2031350306406977,"[[1.01, 3.0]]",1,1.0,1.0,1.99,"[[1.01, 1.01]]",0.0,0.0,0.0
100,2.0,0.2,4.000000000000001,0.17382478274903565,3,1.01,1.0,1.01,0.2879920462447289,0.5308998808619115,1.0,0.24290783461718263,"[[1.01, 3.0]]",1,1.0,1.0,1.99,"[[1.01, 1.01]]",0.0,0.0,0.0
100,2.0,0.2,4.000000000000001,0.17382478274903565,4,2.299239105986757,1.0,2.2992388162059356,0.34559871345384685,0.5054366549717867,0.0,0.15983794151793984,"[[1.01, 3.0]]",1,1.0,1.0,1.99,"[[1.5984776324118712, 3.0]]",0.0,0.0,1.4015223675881288
100,2.0,0.2,4.000000000000001,0.17382478274903565,5,2.14142812230636,1.0,2.1414281978862655,0.2920112168147205,0.6277076413335876,0.0,0.3356964245188671,"[[1.01, 3.0]]",1,1.0,1.0,1.99,"[[1.282856395772531, 3.0]]",1.0,0.0,1.717143604227469
100,2.0,0.2,4.000000000000001,0.17382478274903565,6,1.6820262745848482,1.0,1.6820262640865546,0.28966369067650394,0.6263062433418526,0.0,0.33664255266534865,"[[1.01, 3.0]]",1,1.0,1.0,1.99,"[[1.01, 2.354052528173109]]",1.0,0.0,1.344052528173109
100,2.0,0.2,4.000000000000001,0.17382478274903565,7,3.0,1.0,1.01,0.44371659026861604,0.4991706703760383,1.0,0.055454080107422254,"[[1.01, 3.0]]",1,1.0,1.0,1.99,"[[1.01, 1.01]]",0.0,0.0,0.0
100,2.0,0.2,4.000000000000001,0.17382478274903565,8,3.0,1.0,3.0,0.33713275933864434,0.45037424699862805,1.0,0.11324148765998371,"[[1.01, 3.0]]",1,1.0,1.0,1.99,"[[3.0, 3.0]]",0.0,0.0,0.0
100,2.0,0.2,4.000000000000001,0.17382478274903565,9,1.01,1.0,1.01,0.26777282533285646,0.5408699234365464,1.0,0.27309709810368993,"[[1.01, 3.0]]",1,1.0,1.0,1.99,"[[1.01, 1.01]]",0.0,0.0,0.0
100,2.0,0.2,4.000000000000001,0.17382478274903565,10,1.01,1.0,1.01,0.26839279837039454,0.49002438561394307,1.0,0.22163158724354853,"[[1.01, 3.0]]",1,1.0,1.0,1.99,"[[1.01, 1.01]]",0.0,0.0,0.0
100,2.0,0.2,4.000000000000001,0.17382478274903565,11,1.01,1.0,1.01,0.2737063021634586,0.44611366185893997,1.0,0.17240735969548138,"[[1.01, 3.0]]",1,1.0,1.0,1.99,"[[1.01, 1.01]]",0.0,0.0,0.0
100,2.0,0.2,4.000000000000001,0.17382478274903565,12,1.01,1.0,1.01,0.3285948298140676,0.5421707351034422,1.0,0.21357590528937453,"[[1.01, 3.0]]",1,1.0,1.0,1.99,"[[1.01, 1.01]]",0.0,0.0,0.0
100,2.0,0.2,4.000000000000001,0.17382478274903565,13,3.0,1.0,3.0,0.3155044113343774,0.3756333290257931,1.0,0.060128917691415706,"[[1.01, 3.0]]",1,1.0,1.0,1.99,"[[3.0, 3.0]]",0.0,0.0,0.0
100,2.0,0.2,4.000000000000001,0.17382478274903565,14,3.0,1.0,3.0,0.36368264197518047,0.6841074424841733,1.0,0.32042480050899286,"[[1.01, 3.0]]",1,1.0,1.0,1.99,"[[3.0, 3.0]]",0.0,0.0,0.0
100,2.0,0.2,4.000000000000001,0.17382478274903565,15,3.0,1.0,3.0,0.33341418622606034,0.5065693482056645,1.0,0.17315516197960412,"[[1.01, 3.0]]",1,1.0,1.0,1.99,"[[3.0, 3.0]]",0.0,0.0,0.0
100,2.0,0.2,4.000000000000001,0.17382478274903565,16,2.606554978354161,1.0,2.6065551527797446,0.3236513309008112,0.718975341508587,0.0,0.3953240106077758,"[[1.01, 3.0]]",1,1.0,1.0,1.99,"[[2.213110305559489, 3.0]]",0.0,0.0,0.7868896944405108
100,2.0,0.2,4.000000000000001,0.17382478274903565,17,3.0,1.0,3.0,0.35871828168871955,0.5208689470057309,1.0,0.1621506653170114,"[[1.01, 3.0]]",1,1.0,1.0,1.99,"[[3.0, 3.0]]",0.0,0.0,0.0
100,2.0,0.2,4.000000000000001,0.17382478274903565,18,1.126688089938694,1.0,1.126688191260047,0.24239051577031065,0.5824396906569816,0.0,0.34004917488667097,"[[1.01, 3.0]]",1,1.0,1.0,1.99,"[[1.01, 1.243376382520094]]",0.0,0.0,0.23337638252009407
100,2.0,0.2,4.000000000000001,0.17382478274903565,19,3.0,1.0,3.0,0.42686932083468654,0.5184315018848521,1.0,0.09156218105016556,"[[1.01, 3.0]]",1,1.0,1.0,1.99,"[[3.0, 3.0]]",0.0,0.0,0.0
100,2.0,0.2,4.000000000000001,0.17382478274903565,20,1.855325589876528,1.0,1.855317662475883,0.3259581784184267,0.5192972130074416,0.0,0.19333903458901486,"[[1.01, 3.0]]",1,1.0,1.0,1.99,"[[1.01, 2.700635324951766]]",1.0,0.0,1.690635324951766
100,2.0,0.2,4.000000000000001,0.17382478274903565,21,3.0,1.0,3.0,0.3437053291184631,0.47222009887093475,1.0,0.12851476975247167,"[[1.01, 3.0]]",1,1.0,1.0,1.99,"[[3.0, 3.0]]",0.0,0.0,0.0
100,2.0,0.2,4.000000000000001,0.17382478274903565,22,3.0,1.0,3.0,0.3414306909913571,0.5598273346751171,1.0,0.21839664368376005,"[[1.01, 3.0]]",1,1.0,1.0,1.99,"[[3.0, 3.0]]",0.0,0.0,0.0
100,2.0,0.2,4.000000000000001,0.17382478274903565,23,1.01,1.0,1.01,0.22949512635559913,0.6275275176088378,1.0,0.39803239125323875,"[[1.01, 3.0]]",1,1.0,1.0,1.99,"[[1.01, 1.01]]",0.0,0.0,0.0
100,2.0,0.2,4.000000000000001,0.17382478274903565,24,3.0,1.0,3.0,0.359997653629382,0.49208046044085135,1.0,0.13208280681146933,"[[1.01, 3.0]]",1,1.0,1.0,1.99,"[[3.0, 3.0]]",0.0,0.0,0.0
100,2.0,0.2,4.000000000000001,0.17382478274903565,25,3.0,1.0,3.0,0.4067441551694589,0.498987335474187,1.0,0.09224318030472811,"[[1.01, 3.0]]",1,1.0,1.0,1.99,"[[3.0, 3.0]]",0.0,0.0,0.0
100,2.0,0.2,4.000000000000001,0.17382478274903565,26,3.0,1.0,3.0,0.287042057006405,0.5300596106537657,1.0,0.24301755364736072,"[[1.01, 3.0]]",1,1.0,1.0,1.99,"[[3.0, 3.0]]",0.0,0.0,0.0
100,2.0,0.2,4.000000000000001,0.17382478274903565,27,1.8336718097856655,1.0,1.8336718106954795,0.2994869396616896,0.5041613398894224,0.0,0.20467440022773276,"[[1.01, 3.0]]",1,1.0,1.0,1.99,"[[1.01, 2.657343621390959]]",1.0,0.0,1.6473436213909591
100,2.0,0.2,4.000000000000001,0.17382478274903565,28,1.01,1.0,1.01,0.21590871190646224,0.5785722699392178,1.0,0.36266355803275563,"[[1.01, 2.3234000000000004]]",1,1.0,0.0,1.3134000000000003,"[[1.01, 1.01]]",0.0,0.0,0.0
100,2.0,0.2,4.000000000000001,0.17382478274903565,29,3.0,1.0,3.0,0.3204643388057332,0.5857802699795142,1.0,0.26531593117378094,"[[1.01, 3.0]]",1,1.0,1.0,1.99,"[[3.0, 3.0]]",0.0,0.0,0.0
100,2.0,0.2,4.000000000000001,0.17382478274903565,30,1.0347361478720927,1.0,1.0347368609116372,0.3118259340764658,0.5866081011290522,0.0,0.27478216705258635,"[[1.01, 3.0]]",1,1.0,1.0,1.99,"[[1.01, 1.0594737218232744]]",0.0,0.0,0.049473721823274364
100,2.0,0.2,4.000000000000001,0.17382478274903565,31,3.0,1.0,3.0,0.29284904451660804,0.3996243983869888,1.0,0.10677535387038078,"[[1.01, 3.0]]",1,1.0,1.0,1.99,"[[3.0, 3.0]]",0.0,0.0,0.0
100,2.0,0.2,4.000000000000001,0.17382478274903565,32,1.0849126955371835,1.0,1.0849126817120764,0.26308082907501157,0.6200383297435245,0.0,0.3569575006685129,"[[1.01, 3.0]]",1,1.0,1.0,1.99,"[[1.01, 1.1598253634241529]]",0.0,0.0,0.14982536342415287
100,2.0,0.2,4.000000000000001,0.17382478274903565,33,3.0,1.0,2.9839511417626423,0.39079030592056396,0.47522230538946586,0.0,0.0844319994689019,"[[1.01, 3.0]]",1,1.0,1.0,1.99,"[[2.9679022835252846, 3.0]]",0.0,0.0,0.032097716474715376
100,2.0,0.2,4.000000000000001,0.17382478274903565,34,1.01,1.0,1.01,0.34666318030986665,0.5626449245644434,1.0,0.21598174425457672,"[[1.01, 3.0]]",1,1.0,1.0,1.99,"[[1.01, 1.01]]",0.0,0.0,0.0
100,2.0,0.2,4.000000000000001,0.17382478274903565,35,3.0,1.0,3.0,0.35785786954624693,0.47442250865160795,1.0,0.11656463910536102,"[[1.01, 3.0]]",1,1.0,1.0,1.99,"[[3.0, 3.0]]",0.0,0.0,0.0
100,2.0,0.2,4.000000000000001,0.17382478274903565,36,1.4514692783019414,1.0,1.4514690039414393,0.3639575184639426,0.5015016137978242,0.0,0.13754409533388162,"[[1.01, 3.0]]",1,1.0,1.0,1.99,"[[1.01, 1.8929380078828786]]",1.0,0.0,0.8829380078828786
100,2.0,0.2,4.000000000000001,0.17382478274903565,37,1.01,1.0,1.01,0.38340919900966886,0.5129435507765049,1.0,0.12953435176683603,"[[1.01, 3.0]]",1,1.0,1.0,1.99,"[[1.01, 1.01]]",0.0,0.0,0.0
100,2.0,0.2,4.000000000000001,0.17382478274903565,38,3.0,1.0,3.0,0.344199349424518,0.45668685771103706,1.0,0.11248750828651904,"[[1.01, 3.0]]",1,1.0,1.0,1.99,"[[3.0, 3.0]]",0.0,0.0,0.0
100,2.0,0.2,4.000000000000001,0.17382478274903565,39,3.0,1.0,3.0,0.3310394119426432,0.45868832823785416,1.0,0.12764891629521097,"[[1.01, 3.0]]",1,1.0,1.0,1.99,"[[3.0, 3.0]]",0.0,0.0,0.0
100,2.0,0.2,4.000000000000001,0.17382478274903565,40,2.3425058180422385,1.0,2.3425059801646797,0.32233415540997196,0.5428836806736842,0.0,0.22054952526371224,"[[1.01, 3.0]]",1,1.0,1.0,1.99,[],nan,nan,nan
100,2.0,0.2,4.000000000000001,0.17382478274903565,41,3.0,1.0,3.0,0.3661344129934855,0.4847677786084641,1.0,0.11863336561497861,"[[1.01, 3.0]]",1,1.0,1.0,1.99,[],nan,nan,nan
100,2.0,0.2,4.000000000000001,0.17382478274903565,42,1.01,1.0,1.01,0.33603991738208405,0.5390062895044551,1.0,0.202966372122371,"[[1.01, 3.0]]",1,1.0,1.0,1.99,[],nan,nan,nan
100,2.0,0.2,4.000000000000001,0.17382478274903565,43,3.0,1.0,3.0,0.3066808366064562,0.49931121864847866,1.0,0.19263038204202249,"[[1.01, 3.0]]",1,1.0,1.0,1.99,[],nan,nan,nan
100,2.0,0.2,4.000000000000001,0.17382478274903565,44,1.01,1.0,1.01,0.2863460054272208,0.5162956128705626,1.0,0.2299496074433418,"[[1.01, 3.0]]",1,1.0,1.0,1.99,[],nan,nan,nan
100,2.0,0.2,4.000000000000001,0.17382478274903565,45,3.0,1.0,3.0,0.36530183399684363,0.5760500062939181,1.0,0.2107481722970745,"[[1.01, 3.0]]",1,1.0,1.0,1.99,[],nan,nan,nan
100,2.0,0.2,4.000000000000001,0.17382478274903565,46,2.9077066372759672,1.0,2.9077046228515004,0.3493981263570302,0.5188856382615202,0.0,0.16948751190449002,"[[1.01, 3.0]]",1,1.0,1.0,1.99,[],nan,nan,nan
100,2.0,0.2,4.000000000000001,0.17382478274903565,47,3.0,1.0,1.01,0.4254103319431042,0.40624531131185704,1.0,0.019165020631247143,"[[1.01, 3.0]]",1,1.0,1.0,1.99,[],nan,nan,nan
100,2.0,0.2,4.000000000000001,0.17382478274903565,48,2.2989339871560692,1.0,2.298941651074095,0.3752538190662227,0.5062867124919139,0.0,0.13103289342569124,"[[1.01, 3.0]]",1,1.0,1.0,1.99,[],nan,nan,nan
100,2.0,0.2,4.000000000000001,0.17382478274903565,49,1.01,1.0,1.01,0.2711188155640835,0.5556884493229123,1.0,0.28456963375882877,"[[1.01, 3.0]]",1,1.0,1.0,1.99,[],nan,nan,nan
100,2.0,0.2,4.000000000000001,0.17382478274903565,50,1.01,1.0,1.01,0.29961584329242336,0.4427879944419467,1.0,0.14317215114952336,"[[1.01, 3.0]]",1,1.0,1.0,1.99,[],nan,nan,nan
100,2.0,0.2,4.000000000000001,0.17382478274903565,51,1.5753648826653608,1.0,1.5753682592668925,0.3440831498192049,0.5371609723781985,0.0,0.19307782255899358,"[[1.01, 3.0]]",1,1.0,1.0,1.99,[],nan,nan,nan
100,2.0,0.2,4.000000000000001,0.17382478274903565,52,1.01,1.0,1.01,0.3103311895955914,0.521872399164213,1.0,0.2115412095686216,"[[1.01, 3.0]]",1,1.0,1.0,1.99,[],nan,nan,nan
100,2.0,0.2,4.000000000000001,0.17382478274903565,53,3.0,1.0,3.0,0.34528787095989094,0.46361151546472884,1.0,0.1183236445048379,"[[1.01, 3.0]]",1,1.0,1.0,1.99,[],nan,nan,nan
100,2.0,0.2,4.000000000000001,0.17382478274903565,54,3.0,1.0,3.0,0.38227592049471637,0.5542730457123484,1.0,0.171997125217632,"[[1.01, 3.0]]",1,1.0,1.0,1.99,[],nan,nan,nan
100,2.0,0.2,4.000000000000001,0.17382478274903565,55,1.01,1.0,1.01,0.2754493581086149,0.5206071054359352,1.0,0.24515774732732037,"[[1.01, 3.0]]",1,1.0,1.0,1.99,[],nan,nan,nan
100,2.0,0.2,4.000000000000001,0.17382478274903565,56,3.0,1.0,3.0,0.28406100487827196,0.5554373207122587,1.0,0.27137631583398675,"[[1.01, 3.0]]",1,1.0,1.0,1.99,[],nan,nan,nan
100,2.0,0.2,4.000000000000001,0.17382478274903565,57,1.0841983439968716,1.0,1.0841983276930465,0.2936858882302601,0.5893876469699294,0.0,0.2957017587396693,"[[1.01, 3.0]]",1,1.0,1.0,1.99,[],nan,nan,nan
100,2.0,0.2,4.000000000000001,0.17382478274903565,58,1.01,1.0,1.01,0.3740428704569003,0.4775519691206907,1.0,0.10350909866379038,"[[1.01, 3.0]]",1,1.0,1.0,1.99,[],nan,nan,nan
100,2.0,0.2,4.000000000000001,0.17382478274903565,59,1.01,1.0,1.01,0.26888046643570773,0.5892370034478402,1.0,0.3203565370121325,"[[1.01, 3.0]]",1,1.0,1.0,1.99,[],nan,nan,nan
100,2.0,0.2,4.000000000000001,0.17382478274903565,60,2.692684164762728,1.0,2.692685262752698,0.3961961539858537,0.5750519746317674,0.0,0.17885582064591365,"[[1.01, 3.0]]",1,1.0,1.0,1.99,[],nan,nan,nan
100,2.0,0.2,4.000000000000001,0.17382478274903565,61,3.0,1.0,3.0,0.38310810868831463,0.47251827286970005,1.0,0.08941016418138542,"[[1.01, 3.0]]",1,1.0,1.0,1.99,[],nan,nan,nan
100,2.0,0.2,4.000000000000001,0.17382478274903565,62,1.104088583005395,1.0,1.1040885700916392,0.304094473401667,0.5623201659513614,0.0,0.25822569254969435,"[[1.01, 3.0]]",1,1.0,1.0,1.99,[],nan,nan,nan
100,2.0,0.2,4.000000000000001,0.17382478274903565,63,1.01,1.0,1.01,0.229597496803982,0.65385814526005,1.0,0.42426064845606803,"[[1.01, 2.801]]",1,1.0,0.0,1.7910000000000001,[],nan,nan,nan
100,2.0,0.2,4.000000000000001,0.17382478274903565,64,3.0,1.0,3.0,0.3945893747334118,0.3610619809886315,1.0,0.03352739374478031,"[[1.01, 3.0]]",1,1.0,1.0,1.99,[],nan,nan,nan
100,2.0,0.2,4.000000000000001,0.17382478274903565,65,3.0,1.0,3.0,0.38398534757324354,0.5295004933150552,1.0,0.14551514574181168,"[[1.01, 3.0]]",1,1.0,1.0,1.99,[],nan,nan,nan
100,2.0,0.2,4.000000000000001,0.17382478274903565,66,1.01,1.0,1.01,0.27575287480349864,0.5587516422073541,1.0,0.28299876740385543,"[[1.01, 3.0]]",1,1.0,1.0,1.99,[],nan,nan,nan
100,2.0,0.2,4.000000000000001,0.17382478274903565,67,1.01,1.0,1.01,0.24320301557954468,0.6495596855756915,1.0,0.40635666999614684,"[[1.01, 3.0]]",1,1.0,1.0,1.99,[],nan,nan,nan
100,2.0,0.2,4.000000000000001,0.17382478274903565,68,1.178728592323887,1.0,1.1787285984284739,0.29287865304370614,0.5012893586906846,0.0,0.20841070564697844,"[[1.01, 3.0]]",1,1.0,1.0,1.99,[],nan,nan,nan
100,2.0,0.2,4.000000000000001,0.17382478274903565,69,2.0005986721656757,1.0,2.000598197255176,0.3272664466692489,0.6333652235630225,0.0,0.30609877689377357,"[[1.01, 3.0]]",1,1.0,1.0,1.99,[],nan,nan,nan
100,2.0,0.2,4.000000000000001,0.17382478274903565,70,3.0,1.0,3.0,0.35292330222372553,0.5415582409286414,1.0,0.18863493870491582,"[[1.01, 3.0]]",1,1.0,1.0,1.99,[],nan,nan,nan
100,2.0,0.2,4.000000000000001,0.17382478274903565,71,3.0,1.0,3.0,0.33935960147490696,0.5238956589102491,1.0,0.18453605743534218,"[[1.01, 3.0]]",1,1.0,1.0,1.99,[],nan,nan,nan
100,2.0,0.2,4.000000000000001,0.17382478274903565,72,3.0,1.0,3.0,0.2973938341903941,0.5473871091666357,1.0,0.24999327497624158,"[[1.01, 3.0]]",1,1.0,1.0,1.99,[],nan,nan,nan
100,2.0,0.2,4.000000000000001,0.17382478274903565,73,1.01,1.0,1.01,0.36389526205075773,0.5640773924619101,1.0,0.2001821304111524,"[[1.01, 3.0]]",1,1.0,1.0,1.99,[],nan,nan,nan
100,2.0,0.2,4.000000000000001,0.17382478274903565,74,2.359647293727689,1.0,2.3596475479558108,0.3132036631175386,0.5516756378501043,0.0,0.2384719747325657,"[[1.01, 3.0]]",1,1.0,1.0,1.99,[],nan,nan,nan
100,2.0,0.2,4.000000000000001,0.17382478274903565,75,1.01,1.0,1.01,0.33506505067266046,0.5492019358135878,1.0,0.21413688514092732,"[[1.01, 3.0]]",1,1.0,1.0,1.99,[],nan,nan,nan
100,2.0,0.2,4.000000000000001,0.17382478274903565,76,3.0,1.0,3.0,0.3761053390900651,0.5133337652186301,1.0,0.13722842612856495,"[[1.01, 3.0]]",1,1.0,1.0,1.99,[],nan,nan,nan
100,2.0,0.2,4.000000000000001,0.17382478274903565,77,1.6111327351774096,1.0,1.6111323421724466,0.3389959935262644,0.6431727879563764,0.0,0.30417679443011203,"[[1.01, 3.0]]",1,1.0,1.0,1.99,[],nan,nan,nan
100,2.0,0.2,4.000000000000001,0.17382478274903565,78,1.01,1.0,1.01,0.23748389934127434,0.6296715060502607,1.0,0.39218760670898634,"[[1.01, 3.0]]",1,1.0,1.0,1.99,[],nan,nan,nan
100,2.0,0.2,4.000000000000001,0.17382478274903565,79,1.01,1.0,1.01,0.3285269332059647,0.48599993654894846,1.0,0.15747300334298375,"[[1.01, 3.0]]",1,1.0,1.0,1.99,[],nan,nan,nan
100,2.0,0.2,4.000000000000001,0.17382478274903565,80,1.01,1.0,1.01,0.30342956854305003,0.42079529624925033,1.0,0.1173657277062003,"[[1.01, 3.0]]",1,1.0,1.0,1.99,[],nan,nan,nan
100,2.0,0.2,4.000000000000001,0.17382478274903565,81,1.551361368544275,1.0,1.5513613682243232,0.34366834457776063,0.5288092114903327,0.0,0.18514086691257203,"[[1.01, 3.0]]",1,1.0,1.0,1.99,[],nan,nan,nan
100,2.0,0.2,4.000000000000001,0.17382478274903565,82,3.0,1.0,1.01,0.29897714355641186,0.4717932303249284,1.0,0.17281608676851656,"[[1.01, 3.0]]",1,1.0,1.0,1.99,[],nan,nan,nan
100,2.0,0.2,4.000000000000001,0.17382478274903565,83,3.0,1.0,3.0,0.33181685647693393,0.4592969198072611,1.0,0.1274800633303272,"[[1.01, 3.0]]",1,1.0,1.0,1.99,[],nan,nan,nan
100,2.0,0.2,4.000000000000001,0.17382478274903565,84,1.01,1.0,1.01,0.32195446209128453,0.48856768097561615,1.0,0.16661321888433162,"[[1.01, 3.0]]",1,1.0,1.0,1.99,[],nan,nan,nan
100,2.0,0.2,4.000000000000001,0.17382478274903565,85,3.0,1.0,3.0,0.36411616623733106,0.48943592556384524,1.0,0.12531975932651418,"[[1.01, 3.0]]",1,1.0,1.0,1.99,[],nan,nan,nan
100,2.0,0.2,4.000000000000001,0.17382478274903565,86,3.0,1.0,3.0,0.3235455649764789,0.45421543779889845,1.0,0.13066987282241954,"[[1.01, 3.0]]",1,1.0,1.0,1.99,[],nan,nan,nan
100,2.0,0.2,4.000000000000001,0.17382478274903565,87,1.01,1.0,1.0157948119293394,0.25003817319780586,0.4193982250698452,0.0,0.16936005187203934,"[[1.01, 3.0]]",1,1.0,1.0,1.99,[],nan,nan,nan
100,2.0,0.2,4.000000000000001,0.17382478274903565,88,1.01,1.0,1.01,0.34038873820491256,0.600394203306211,1.0,0.2600054651012984,"[[1.01, 3.0]]",1,1.0,1.0,1.99,[],nan,nan,nan
100,2.0,0.2,4.000000000000001,0.17382478274903565,89,1.01,1.0,1.01,0.2515211736168106,0.4845864974440723,1.0,0.2330653238272617,"[[1.01, 3.0]]",1,1.0,1.0,1.99,[],nan,nan,nan
100,2.0,0.2,4.000000000000001,0.17382478274903565,90,1.01,1.0,1.01,0.29092014491106616,0.48271462824534306,1.0,0.1917944833342769,"[[1.01, 3.0]]",1,1.0,1.0,1.99,[],nan,nan,nan
100,2.0,0.2,4.000000000000001,0.17382478274903565,91,1.01,1.0,1.01,0.2713481846543253,0.6529715277858328,1.0,0.3816233431315075,"[[1.01, 3.0]]",1,1.0,1.0,1.99,[],nan,nan,nan
100,2.0,0.2,4.000000000000001,0.17382478274903565,92,1.01,1.0,1.01,0.28657398133558293,0.6909130502862676,1.0,0.40433906895068467,"[[1.01, 3.0]]",1,1.0,1.0,1.99,[],nan,nan,nan
100,2.0,0.2,4.000000000000001,0.17382478274903565,93,1.8822011775081064,1.0,1.8822011722730003,0.34997510290473366,0.4962257429822049,0.0,0.14625064007747124,"[[1.01, 3.0]]",1,1.0,1.0,1.99,[],nan,nan,nan
100,2.0,0.2,4.000000000000001,0.17382478274903565,94,1.01,1.0,1.01,0.2816197459545886,0.6339089402097823,1.0,0.35228919425519367,"[[1.01, 3.0]]",1,1.0,1.0,1.99,[],nan,nan,nan
100,2.0,0.2,4.000000000000001,0.17382478274903565,95,3.0,1.0,3.0,0.38440188717907936,0.5048603237879553,1.0,0.12045843660887595,"[[1.01, 3.0]]",1,1.0,1.0,1.99,[],nan,nan,nan
100,2.0,0.2,4.000000000000001,0.17382478274903565,96,3.0,1.0,3.0,0.30935738499395893,0.4567049024993847,1.0,0.1473475175054258,"[[1.01, 3.0]]",1,1.0,1.0,1.99,[],nan,nan,nan
100,2.0,0.2,4.000000000000001,0.17382478274903565,97,3.0,1.0,3.0,0.3367724918165577,0.5717867878083492,1.0,0.23501429599179152,"[[1.01, 3.0]]",1,1.0,1.0,1.99,[],nan,nan,nan
100,2.0,0.2,4.000000000000001,0.17382478274903565,98,1.01,1.0,1.01,0.28149793271435575,0.4876941840465843,1.0,0.20619625133222858,"[[1.01, 3.0]]",1,1.0,1.0,1.99,[],nan,nan,nan
100,2.0,0.2,4.000000000000001,0.17382478274903565,99,3.0,1.0,3.0,0.30047687746300766,0.46976895478866293,1.0,0.16929207732565527,"[[1.01, 3.0]]",1,1.0,1.0,1.99,[],nan,nan,nan
100,2.0,0.2,4.000000000000001,0.17382478274903565,100,2.4398258722784236,1.0,2.4398041542569735,0.38739845548138546,0.445597777031176,0.0,0.05819932154979052,"[[1.01, 3.0]]",1,1.0,1.0,1.99,[],nan,nan,nan
100,2.0,0.2,4.000000000000001,0.17382478274903565,101,1.01,1.0,1.01,0.2572086411758755,0.6635847039724105,1.0,0.40637606279653504,"[[1.01, 3.0]]",1,1.0,1.0,1.99,[],nan,nan,nan
100,2.0,0.2,4.000000000000001,0.17382478274903565,102,1.5256686104443775,1.0,1.525668287746586,0.2741972565127566,0.6251266117395768,0.0,0.3509293552268202,"[[1.01, 3.0]]",1,1.0,1.0,1.99,[],nan,nan,nan
100,2.0,0.2,4.000000000000001,0.17382478274903565,103,1.01,1.0,1.01,0.30821224644159045,0.49972058040149303,1.0,0.19150833395990258,"[[1.01, 3.0]]",1,1.0,1.0,1.99,[],nan,nan,nan
100,2.0,0.2,4.000000000000001,0.17382478274903565,104,1.01,1.0,1.01,0.28189514523202086,0.5462286351035053,1.0,0.2643334898714844,"[[1.01, 3.0]]",1,1.0,1.0,1.99,[],nan,nan,nan
100,2.0,0.2,4.000000000000001,0.17382478274903565,105,1.01,1.0,1.01,0.3507720838633274,0.5680647457682565,1.0,0.21729266190492907,"[[1.01, 3.0]]",1,1.0,1.0,1.99,[],nan,nan,nan
100,2.0,0.2,4.000000000000001,0.17382478274903565,106,3.0,1.0,3.0,0.38120163966220405,0.4399467158221865,1.0,0.05874507615998242,"[[1.01, 3.0]]",1,1.0,1.0,1.99,[],nan,nan,nan
100,2.0,0.2,4.000000000000001,0.17382478274903565,107,1.01,1.0,1.01,0.21049302928187968,0.6747134760368111,1.0,0.4642204467549314,"[[1.01, 3.0]]",1,1.0,1.0,1.99,[],nan,nan,nan
100,2.0,0.2,4.000000000000001,0.17382478274903565,108,1.181230587210277,1.0,1.181230445994682,0.3615050884138412,0.4833260643783646,0.0,0.1218209759645234,"[[1.01, 3.0]]",1,1.0,1.0,1.99,[],nan,nan,nan
100,2.0,0.2,4.000000000000001,0.17382478274903565,109,1.01,1.0,1.01,0.3028859375204534,0.5528617727984582,1.0,0.24997583527800477,"[[1.01, 3.0]]",1,1.0,1.0,1.99,[],nan,nan,nan
100,2.0,0.2,4.000000000000001,0.17382478274903565,110,2.725856889610919,1.0,2.7258570860952522,0.29393837809792517,0.6214833886572736,0.0,0.3275450105593484,"[[1.01, 3.0]]",1,1.0,1.0,1.99,[],nan,nan,nan
100,2.0,0.2,4.000000000000001,0.17382478274903565,111,1.1630880666774541,1.0,1.1630880945776807,0.23496230449144231,0.6435900289017684,0.0,0.40862772441032613,"[[1.01, 3.0]]",1,1.0,1.0,1.99,[],nan,nan,nan
100,2.0,0.2,4.000000000000001,0.17382478274903565,112,1.01,1.0,1.01,0.30992254548202886,0.510811156326867,1.0,0.20088861084483817,"[[1.01, 3.0]]",1,1.0,1.0,1.99,[],nan,nan,nan
100,2.0,0.2,4.000000000000001,0.17382478274903565,113,3.0,1.0,3.0,0.33329764249701965,0.5831251323425668,1.0,0.24982748984554715,"[[1.01, 3.0]]",1,1.0,1.0,1.99,[],nan,nan,nan
100,2.0,0.2,4.000000000000001,0.17382478274903565,114,2.527347513685625,1.0,2.5273470994913114,0.2832208206873781,0.6645334843894579,0.0,0.38131266370207983,"[[1.01, 3.0]]",1,1.0,1.0,1.99,[],nan,nan,nan
100,2.0,0.2,4.000000000000001,0.17382478274903565,115,3.0,1.0,3.0,0.3636473775306522,0.5950900718649289,1.0,0.23144269433427672,"[[1.01, 3.0]]",1,1.0,1.0,1.99,[],nan,nan,nan
100,2.0,0.2,4.000000000000001,0.17382478274903565,116,3.0,1.0,3.0,0.34968389900865254,0.6234845853968063,1.0,0.27380068638815375,"[[1.01, 3.0]]",1,1.0,1.0,1.99,[],nan,nan,nan
100,2.0,0.2,4.000000000000001,0.17382478274903565,117,1.01,1.0,1.01,0.3371799054147473,0.5163524794462079,1.0,0.17917257403146059,"[[1.01, 3.0]]",1,1.0,1.0,1.99,[],nan,nan,nan
100,2.0,0.2,4.000000000000001,0.17382478274903565,118,1.01,1.0,1.01,0.28629911074914244,0.4065825089576911,1.0,0.12028339820854866,"[[1.01, 3.0]]",1,1.0,1.0,1.99,[],nan,nan,nan
100,2.0,0.2,4.000000000000001,0.17382478274903565,119,3.0,1.0,1.01,0.39339660723935693,0.4157786707157986,1.0,0.02238206347644167,"[[1.01, 3.0]]",1,1.0,1.0,1.99,[],nan,nan,nan
100,2.0,0.2,4.000000000000001,0.17382478274903565,120,3.0,1.0,3.0,0.39258194109438965,0.6070562912170235,1.0,0.21447435012263388,"[[1.01, 3.0]]",1,1.0,1.0,1.99,[],nan,nan,nan
100,2.0,0.2,4.000000000000001,0.17382478274903565,121,2.777443975258128,1.0,2.777447225825751,0.3868403457939342,0.6257702271699496,0.0,0.23892988137601534,"[[1.01, 3.0]]",1,1.0,1.0,1.99,[],nan,nan,nan
100,2.0,0.2,4.000000000000001,0.17382478274903565,122,3.0,1.0,3.0,0.34222951818149566,0.44884174435234225,1.0,0.10661222617084659,"[[1.01, 3.0]]",1,1.0,1.0,1.99,[],nan,nan,nan
100,2.0,0.2,4.000000000000001,0.17382478274903565,123,3.0,1.0,3.0,0.3500365059530008,0.5234951346195542,1.0,0.17345862866655343,"[[1.01, 3.0]]",1,1.0,1.0,1.99,[],nan,nan,nan
100,2.0,0.2,4.000000000000001,0.17382478274903565,124,3.0,1.0,3.0,0.34760364544475586,0.5113710279528723,1.0,0.1637673825081164,"[[1.01, 3.0]]",1,1.0,1.0,1.99,[],nan,nan,nan
100,2.0,0.2,4.000000000000001,0.17382478274903565,125,1.01,1.0,1.01,0.3093396545113978,0.5055222804281659,1.0,0.19618262591676816,"[[1.01, 3.0]]",1,1.0,1.0,1.99,[],nan,nan,nan
100,2.0,0.2,4.000000000000001,0.17382478274903565,126,3.0,1.0,1.01,0.4347828664262794,0.5098208183712832,1.0,0.07503795194500384,"[[1.01, 3.0]]",1,1.0,1.0,1.99,[],nan,nan,nan
100,2.0,0.2,4.000000000000001,0.17382478274903565,127,1.01,1.0,1.01,0.278738295269724,0.4395407860926103,1.0,0.16080249082288633,"[[1.01, 3.0]]",1,1.0,1.0,1.99,[],nan,nan,nan
100,2.0,0.2,4.000000000000001,0.17382478274903565,128,1.5404516739911216,1.0,1.5404614186281338,0.40064902099214167,0.6447723380480874,0.0,0.24412331705594575,"[[1.01, 3.0]]",1,1.0,1.0,1.99,[],nan,nan,nan
100,2.0,0.2,4.000000000000001,0.17382478274903565,129,1.01,1.0,1.01,0.23377828973913348,0.5635030478643257,1.0,0.3297247581251922,"[[1.01, 3.0]]",1,1.0,1.0,1.99,[],nan,nan,nan
100,2.0,0.2,4.000000000000001,0.17382478274903565,130,1.562928633899071,1.0,1.5629284480952272,0.30961105483486234,0.46271703232031364,0.0,0.1531059774854513,"[[1.01, 3.0]]",1,1.0,1.0,1.99,[],nan,nan,nan
100,2.0,0.2,4.000000000000001,0.17382478274903565,131,3.0,1.0,3.0,0.3868701894079555,0.5871015176399051,1.0,0.20023132823194967,"[[1.01, 3.0]]",1,1.0,1.0,1.99,[],nan,nan,nan
100,2.0,0.2,4.000000000000001,0.17382478274903565,132,3.0,1.0,3.0,0.34505424464701956,0.5752406240359202,1.0,0.23018637938890069,"[[1.01, 3.0]]",1,1.0,1.0,1.99,[],nan,nan,nan
100,2.0,0.2,4.000000000000001,0.17382478274903565,133,1.01,1.0,1.01,0.14855654650367775,0.691132802276411,1.0,0.5425762557727333,"[[1.01, 1.9254]]",1,1.0,0.0,0.9154,[],nan,nan,nan
100,2.0,0.2,4.000000000000001,0.17382478274903565,134,3.0,1.0,3.0,0.3433118428514015,0.5348268083587424,1.0,0.19151496550734093,"[[1.01, 3.0]]",1,1.0,1.0,1.99,[],nan,nan,nan
100,2.0,0.2,4.000000000000001,0.17382478274903565,135,1.01,1.0,1.01,0.1939817224353775,0.7257599905958818,1.0,0.5317782681605043,"[[1.01, 3.0]]",1,1.0,1.0,1.99,[],nan,nan,nan
100,2.0,0.2,4.000000000000001,0.17382478274903565,136,1.01,1.0,1.01,0.27980204986064866,0.48723008402449774,1.0,0.20742803416384908,"[[1.01, 3.0]]",1,1.0,1.0,1.99,[],nan,nan,nan
100,2.0,0.2,4.000000000000001,0.17382478274903565,137,1.01,1.0,1.01,0.3193423599101908,0.46404101060276365,1.0,0.14469865069257287,"[[1.01, 3.0]]",1,1.0,1.0,1.99,[],nan,nan,nan
100,2.0,0.2,4.000000000000001,0.17382478274903565,138,1.3796321389117532,1.0,1.3796321349624296,0.2571058087382045,0.6264092576844673,0.0,0.3693034489462628,"[[1.01, 3.0]]",1,1.0,1.0,1.99,[],nan,nan,nan
100,2.0,0.2,4.000000000000001,0.17382478274903565,139,2.41590386259771,1.0,2.415903005432683,0.3433910177638831,0.5513637497227856,0.0,0.20797273195890248,"[[1.01, 3.0]]",1,1.0,1.0,1.99,[],nan,nan,nan
100,2.0,0.2,4.000000000000001,0.17382478274903565,140,1.01,1.0,1.01,0.27942919842286246,0.5662707798360037,1.0,0.28684158141314126,"[[1.01, 3.0]]",1,1.0,1.0,1.99,[],nan,nan,nan
100,2.0,0.2,4.000000000000001,0.17382478274903565,141,1.01,1.0,1.01,0.23187644986298656,0.5022218881373385,1.0,0.2703454382743519,"[[1.01, 3.0]]",1,1.0,1.0,1.99,[],nan,nan,nan
100,2.0,0.2,4.000000000000001,0.17382478274903565,142,1.9467067413604022,1.0,1.9467060476800768,0.2831638037652475,0.5000152413399662,0.0,0.2168514375747187,"[[1.01, 3.0]]",1,1.0,1.0,1.99,[],nan,nan,nan
100,2.0,0.2,4.000000000000001,0.17382478274903565,143,1.1129992092056258,1.0,1.1129994246291421,0.3601401177790716,0.5429679329301408,0.0,0.18282781515106916,"[[1.01, 3.0]]",1,1.0,1.0,1.99,[],nan,nan,nan
100,2.0,0.2,4.000000000000001,0.17382478274903565,144,1.01,1.0,1.01,0.32695307493065096,0.4602526473516568,1.0,0.13329957242100582,"[[1.01, 3.0]]",1,1.0,1.0,1.99,[],nan,nan,nan
100,2.0,0.2,4.000000000000001,0.17382478274903565,145,1.01,1.0,1.01,0.2822941839160844,0.5160069172463204,1.0,0.233712733330236,"[[1.01, 3.0]]",1,1.0,1.0,1.99,[],nan,nan,nan
100,2.0,0.2,4.000000000000001,0.17382478274903565,146,1.01,1.0,1.01,0.23285919581891007,0.559642072426459,1.0,0.32678287660754896,"[[1.01, 3.0]]",1,1.0,1.0,1.99,[],nan,nan,nan
100,2.0,0.2,4.000000000000001,0.17382478274903565,147,1.01,1.0,1.01,0.3242131256758083,0.6644560044101439,1.0,0.34024287873433556,"[[1.01, 3.0]]",1,1.0,1.0,1.99,[],nan,nan,nan
100,2.0,0.2,4.000000000000001,0.17382478274903565,148,2.10646049220663,1.0,2.1064605239756227,0.3280169355759222,0.8818041174147464,0.0,0.5537871818388242,"[[1.01, 3.0]]",1,1.0,1.0,1.99,[],nan,nan,nan
100,2.0,0.2,4.000000000000001,0.17382478274903565,149,2.2801092935071434,1.0,2.280108785341261,0.3027171115368621,0.5985017923075593,0.0,0.2957846807706972,"[[1.01, 3.0]]",1,1.0,1.0,1.99,[],nan,nan,nan
100,2.0,0.2,4.000000000000001,0.17382478274903565,150,1.01,1.0,1.01,0.25161510094409184,0.6950291578527447,1.0,0.4434140569086528,"[[1.01, 3.0]]",1,1.0,1.0,1.99,[],nan,nan,nan
100,2.0,0.2,4.000000000000001,0.17382478274903565,151,2.2507627113737163,1.0,2.2507626855630924,0.3514294121114498,0.5654628326052407,0.0,0.21403342049379087,"[[1.01, 3.0]]",1,1.0,1.0,1.99,[],nan,nan,nan
100,2.0,0.2,4.000000000000001,0.17382478274903565,152,3.0,1.0,3.0,0.3498798831462459,0.449484533203137,1.0,0.09960465005689112,"[[1.01, 3.0]]",1,1.0,1.0,1.99,[],nan,nan,nan
100,2.0,0.2,4.000000000000001,0.17382478274903565,153,1.1307981986279083,1.0,1.1307981588585456,0.19436925434646699,0.6991866298232559,0.0,0.5048173754767888,"[[1.01, 3.0]]",1,1.0,1.0,1.99,[],nan,nan,nan
100,2.0,0.2,4.000000000000001,0.17382478274903565,154,3.0,1.0,3.0,0.37569213330922313,0.5326616720004144,1.0,0.15696953869119123,"[[1.01, 3.0]]",1,1.0,1.0,1.99,[],nan,nan,nan
100,2.0,0.2,4.000000000000001,0.17382478274903565,155,3.0,1.0,3.0,0.3046667884803013,0.49893949636547813,1.0,0.1942727078851768,"[[1.01, 3.0]]",1,1.0,1.0,1.99,[],nan,nan,nan
100,2.0,0.2,4.000000000000001,0.17382478274903565,156,1.01,1.0,1.01,0.22683508354351867,0.5742036121884622,1.0,0.3473685286449435,"[[1.01, 3.0]]",1,1.0,1.0,1.99,[],nan,nan,nan
100,2.0,0.2,4.000000000000001,0.17382478274903565,157,3.0,1.0,3.0,0.33456305856605645,0.43691101335161203,1.0,0.10234795478555558,"[[1.01, 3.0]]",1,1.0,1.0,1.99,[],nan,nan,nan
100,2.0,0.2,4.000000000000001,0.17382478274903565,158,1.01,1.0,1.01,0.3225742801179617,0.5064083371990368,1.0,0.1838340570810751,"[[1.01, 3.0]]",1,1.0,1.0,1.99,[],nan,nan,nan
100,2.0,0.2,4.000000000000001,0.17382478274903565,159,3.0,1.0,3.0,0.31113230194781627,0.5241363604053234,1.0,0.21300405845750714,"[[1.01, 3.0]]",1,1.0,1.0,1.99,[],nan,nan,nan
100,2.0,0.2,4.000000000000001,0.17382478274903565,160,1.433527370243924,1.0,1.433528640971698,0.2898195978871664,0.624508963332579,0.0,0.3346893654454126,"[[1.01, 3.0]]",1,1.0,1.0,1.99,[],nan,nan,nan
100,2.0,0.2,4.000000000000001,0.17382478274903565,161,1.01,1.0,1.01,0.32399736175449406,0.4806360534513173,1.0,0.15663869169682326,"[[1.01, 3.0]]",1,1.0,1.0,1.99,[],nan,nan,nan
100,2.0,0.2,4.000000000000001,0.17382478274903565,162,1.5307371638720912,1.0,1.5307360601130218,0.28670563012967337,0.5815991319082549,0.0,0.2948935017785815,"[[1.01, 3.0]]",1,1.0,1.0,1.99,[],nan,nan,nan
100,2.0,0.2,4.000000000000001,0.17382478274903565,163,3.0,1.0,3.0,0.3303053169974068,0.5096303051814611,1.0,0.17932498818405435,"[[1.01, 3.0]]",1,1.0,1.0,1.99,[],nan,nan,nan
100,2.0,0.2,4.000000000000001,0.17382478274903565,164,1.01,1.0,1.01,0.2839329104819069,0.6756125429341588,1.0,0.39167963245225196,"[[1.01, 3.0]]",1,1.0,1.0,1.99,[],nan,nan,nan
100,2.0,0.2,4.000000000000001,0.17382478274903565,165,3.0,1.0,1.01,0.389860147714286,0.5245081911179652,1.0,0.1346480434036792,"[[1.01, 3.0]]",1,1.0,1.0,1.99,[],nan,nan,nan
100,2.0,0.2,4.000000000000001,0.17382478274903565,166,1.01,1.0,1.01,0.3642272888537459,0.5205561665538483,1.0,0.1563288777001024,"[[1.01, 3.0]]",1,1.0,1.0,1.99,[],nan,nan,nan
100,2.0,0.2,4.000000000000001,0.17382478274903565,167,3.0,1.0,3.0,0.3354338816674608,0.44900064612581353,1.0,0.11356676445835273,"[[1.01, 3.0]]",1,1.0,1.0,1.99,[],nan,nan,nan
100,2.0,0.2,4.000000000000001,0.17382478274903565,168,1.2713609044563272,1.0,1.2713609180579593,0.2402717205890132,0.7033324319276905,0.0,0.46306071133867727,"[[1.01, 3.0]]",1,1.0,1.0,1.99,[],nan,nan,nan
100,2.0,0.2,4.000000000000001,0.17382478274903565,169,1.01,1.0,1.01,0.24447286649404254,0.5020500616556198,1.0,0.2575771951615773,"[[1.01, 3.0]]",1,1.0,1.0,1.99,[],nan,nan,nan
100,2.0,0.2,4.000000000000001,0.17382478274903565,170,1.262601640968593,1.0,1.2626016321806233,0.2766165916960096,0.6386193155045662,0.0,0.3620027238085566,"[[1.01, 3.0]]",1,1.0,1.0,1.99,[],nan,nan,nan
100,2.0,0.2,4.000000000000001,0.17382478274903565,171,3.0,1.0,3.0,0.33965291945843523,0.4379112600047564,1.0,0.09825834054632115,"[[1.01, 3.0]]",1,1.0,1.0,1.99,[],nan,nan,nan
100,2.0,0.2,4.000000000000001,0.17382478274903565,172,1.01,1.0,1.01,0.2569277823205163,0.48549572576005473,1.0,0.22856794343953846,"[[1.01, 3.0]]",1,1.0,1.0,1.99,[],nan,nan,nan
100,2.0,0.2,4.000000000000001,0.17382478274903565,173,1.825334061593934,1.0,1.82533484412725,0.295821531538171,0.4908149652771749,0.0,0.1949934337390039,"[[1.01, 3.0]]",1,1.0,1.0,1.99,[],nan,nan,nan
100,2.0,0.2,4.000000000000001,0.17382478274903565,174,1.512969590892749,1.0,1.5129700656694176,0.3628507626200144,0.5696385834220916,0.0,0.2067878208020772,"[[1.01, 3.0]]",1,1.0,1.0,1.99,[],nan,nan,nan
100,2.0,0.2,4.000000000000001,0.17382478274903565,175,3.0,1.0,3.0,0.29328848416139686,0.5292408255044473,1.0,0.23595234134305043,"[[1.01, 3.0]]",1,1.0,1.0,1.99,[],nan,nan,nan
100,2.0,0.2,4.000000000000001,0.17382478274903565,176,3.0,1.0,3.0,0.38872320440976216,0.5170214254100256,1.0,0.12829822100026345,"[[1.01, 3.0]]",1,1.0,1.0,1.99,[],nan,nan,nan
100,2.0,0.2,4.000000000000001,0.17382478274903565,177,3.0,1.0,3.0,0.37206228726283824,0.588075260793132,1.0,0.21601297353029375,"[[1.01, 3.0]]",1,1.0,1.0,1.99,[],nan,nan,nan
100,2.0,0.2,4.000000000000001,0.17382478274903565,178,3.0,1.0,3.0,0.32708687747544835,0.4859073045833792,1.0,0.15882042710793087,"[[1.01, 3.0]]",1,1.0,1.0,1.99,[],nan,nan,nan
100,2.0,0.2,4.000000000000001,0.17382478274903565,179,1.01,1.0,1.01,0.3784307504239341,0.5335332020784043,1.0,0.15510245165447017,"[[1.01, 3.0]]",1,1.0,1.0,1.99,[],nan,nan,nan
100,8.0,0.8,64.00000000000001,1.6156640016848731,0,1.01,1.0,1.01,0.18114314784689634,1.3506650392419004,1.0,1.169521891395004,"[[1.01, 2.0846]]",1,1.0,0.0,1.0746,"[[1.01, 1.01]]",0.0,0.0,0.0
100,8.0,0.8,64.00000000000001,1.6156640016848731,1,1.8370265632400513,1.0,1.8370318789344569,0.33933150494918296,1.009504019068961,0.0,0.6701725141197781,"[[1.01, 3.0]]",1,1.0,1.0,1.99,"[[1.01, 2.664063757868914]]",1.0,0.0,1.654063757868914
100,8.0,0.8,64.00000000000001,1.6156640016848731,2,1.0168902562213946,1.0,1.0168909840928997,0.2590077984991194,1.304689783394042,0.0,1.0456819848949226,"[[1.01, 2.9204]]",1,1.0,0.0,1.9103999999999999,"[[1.01, 1.0237819681857994]]",0.0,0.0,0.013781968185799354
100,8.0,0.8,64.00000000000001,1.6156640016848731,3,3.0,1.0,3.0,0.40600118423204257,1.044307668988714,1.0,0.6383064847566715,"[[1.2488000000000001, 3.0]]",1,1.0,0.0,1.7511999999999999,"[[3.0, 3.0]]",0.0,0.0,0.0
100,8.0,0.8,64.00000000000001,1.6156640016848731,4,2.0518737839383854,1.0,2.051878053084566,0.31269468463970806,1.1858137988794328,0.0,0.8731191142397248,"[[1.01, 3.0]]",1,1.0,1.0,1.99,"[[1.103756106169132, 3.0]]",1.0,0.0,1.896243893830868
100,8.0,0.8,64.00000000000001,1.6156640016848731,5,1.9824703787884537,1.0,1.9824704187487057,0.293273039286297,1.3964183676703623,0.0,1.1031453283840653,"[[1.01, 3.0]]",1,1.0,1.0,1.99,"[[1.01, 2.788032200764655]]",1.0,0.0,1.778032200764655
100,8.0,0.8,64.00000000000001,1.6156640016848731,6,1.520858932174703,1.0,1.5208594349098568,0.30250523099607113,1.1327502967347836,0.0,0.8302450657387124,"[[1.01, 3.0]]",1,1.0,1.0,1.99,"[[1.01, 2.0317188698197137]]",1.0,0.0,1.0217188698197137
100,8.0,0.8,64.00000000000001,1.6156640016848731,7,3.0,1.0,3.0,0.4954831366071119,1.2121510528250006,1.0,0.7166679162178886,"[[1.01, 3.0]]",1,1.0,1.0,1.99,"[[3.0, 3.0]]",0.0,0.0,0.0
100,8.0,0.8,64.00000000000001,1.6156640016848731,8,1.3960227908239577,1.0,1.3960227879624016,0.19338848270637482,1.003274358786088,0.0,0.8098858760797132,"[[1.01, 3.0]]",1,1.0,1.0,1.99,"[[1.01, 1.7820455759248033]]",1.0,0.0,0.7720455759248033
100,8.0,0.8,64.00000000000001,1.6156640016848731,9,2.4920417670054342,1.0,2.492037620322071,0.3478832866776842,1.1811998959394607,0.0,0.8333166092617765,"[[1.01, 3.0]]",1,1.0,1.0,1.99,"[[1.9840752406441418, 3.0]]",0.0,0.0,1.0159247593558582
100,8.0,0.8,64.00000000000001,1.6156640016848731,10,3.0,1.0,3.0,0.3579146900545327,1.0877541319068593,1.0,0.7298394418523266,"[[1.5274, 3.0]]",1,0.0,0.0,1.4726,"[[3.0, 3.0]]",0.0,0.0,0.0
100,8.0,0.8,64.00000000000001,1.6156640016848731,11,1.2288819281775216,1.0,1.2288819998983675,0.2873113606422312,0.9167893431493592,0.0,0.629477982507128,"[[1.01, 3.0]]",1,1.0,1.0,1.99,"[[1.01, 1.447763999796735]]",0.0,0.0,0.4377639997967351
100,8.0,0.8,64.00000000000001,1.6156640016848731,12,1.3865858875016885,1.0,1.3865859110287881,0.32579578701417183,1.467279362076136,0.0,1.141483575061964,"[[1.01, 3.0]]",1,1.0,1.0,1.99,"[[1.01, 1.7631718220575763]]",1.0,0.0,0.7531718220575763
100,8.0,0.8,64.00000000000001,1.6156640016848731,13,2.0881629894691467,1.0,2.0881629345649,0.3470661953879248,1.1190199728328247,0.0,0.7719537774448999,"[[1.01, 3.0]]",1,1.0,1.0,1.99,"[[1.1763258691298004, 3.0]]",1.0,0.0,1.8236741308701996
100,8.0,0.8,64.00000000000001,1.6156640016848731,14,1.9722462629961157,1.0,1.9722462951531978,0.36547511718230496,1.5622067055182889,0.0,1.196731588335984,"[[1.01, 3.0]]",1,1.0,1.0,1.99,"[[1.01, 2.8161293026814604]]",1.0,0.0,1.8061293026814604
100,8.0,0.8,64.00000000000001,1.6156640016848731,15,1.9165436359212018,1.0,1.9165438630333809,0.4037491063732268,1.3439706595058978,0.0,0.940221553132671,"[[1.01, 3.0]]",1,1.0,1.0,1.99,"[[1.01, 2.8230877260667615]]",1.0,0.0,1.8130877260667615
100,8.0,0.8,64.00000000000001,1.6156640016848731,16,3.0,1.0,3.0,0.49344584439661504,0.9214685788945997,1.0,0.4280227344979846,"[[1.01, 3.0]]",1,1.0,1.0,1.99,"[[3.0, 3.0]]",0.0,0.0,0.0
100,8.0,0.8,64.00000000000001,1.6156640016848731,17,1.01,1.0,1.01,0.12316918791808641,1.5236158072379213,1.0,1.4004466193198348,"[[1.01, 1.8856000000000002]]",1,1.0,0.0,0.8756000000000002,"[[1.01, 1.01]]",0.0,0.0,0.0
100,8.0,0.8,64.00000000000001,1.6156640016848731,18,1.01,1.0,1.01,0.23822204964826127,0.9549632469939826,1.0,0.7167411973457214,"[[1.01, 2.5224]]",1,1.0,0.0,1.5124000000000002,"[[1.01, 1.01]]",0.0,0.0,0.0
100,8.0,0.8,64.00000000000001,1.6156640016848731,19,1.5419335473842337,1.0,1.5419335331346622,0.28680586578503325,1.2445490100072183,0.0,0.9577431442221851,"[[1.01, 3.0]]",1,1.0,1.0,1.99,"[[1.01, 2.073867066269324]]",1.0,0.0,1.0638670662693241
100,8.0,0.8,64.00000000000001,1.6156640016848731,20,2.324519733326901,1.0,2.32451054650627,0.44300812513612814,1.3768866378710205,0.0,0.9338785127348923,"[[1.01, 3.0]]",1,1.0,1.0,1.99,"[[1.6490210930125402, 3.0]]",0.0,0.0,1.3509789069874598
100,8.0,0.8,64.00000000000001,1.6156640016848731,21,1.2989406181644467,1.0,1.298940594007829,0.27606904296311147,1.0062594182343128,0.0,0.7301903752712013,"[[1.01, 3.0]]",1,1.0,1.0,1.99,"[[1.01, 1.5878811880156578]]",1.0,0.0,0.5778811880156578
100,8.0,0.8,64.00000000000001,1.6156640016848731,22,1.2071791663051377,1.0,1.207179804584412,0.39159349845990893,1.2347812924523294,0.0,0.8431877939924204,"[[1.01, 3.0]]",1,1.0,1.0,1.99,"[[1.01, 1.404359609168824]]",0.0,0.0,0.39435960916882395
100,8.0,0.8,64.00000000000001,1.6156640016848731,23,1.9700293683043235,1.0,1.9700296527201322,0.3164077195889892,1.2859281696392526,0.0,0.9695204500502634,"[[1.01, 3.0]]",1,1.0,1.0,1.99,"[[1.01, 2.930059305440264]]",1.0,0.0,1.9200593054402642
100,8.0,0.8,64.00000000000001,1.6156640016848731,24,1.1785776632312246,1.0,1.1785777989816584,0.2435834876872355,0.9988444827019215,0.0,0.755260995014686,"[[1.01, 3.0]]",1,1.0,1.0,1.99,"[[1.01, 1.3471555979633167]]",0.0,0.0,0.33715559796331673
100,8.0,0.8,64.00000000000001,1.6156640016848731,25,3.0,1.0,3.0,0.4793884139280095,1.017314564848545,1.0,0.5379261509205355,"[[1.01, 3.0]]",1,1.0,1.0,1.99,"[[3.0, 3.0]]",0.0,0.0,0.0
100,8.0,0.8,64.00000000000001,1.6156640016848731,26,1.1412307610734593,1.0,1.14123080749382,0.40937319032542635,1.1233502939406548,0.0,0.7139771036152285,"[[1.01, 3.0]]",1,1.0,1.0,1.99,"[[1.01, 1.27246161498764]]",0.0,0.0,0.26246161498764
100,8.0,0.8,64.00000000000001,1.6156640016848731,27,1.1771687965144588,1.0,1.1771734474280702,0.25693271029228915,1.072587178528302,0.0,0.815654468236013,"[[1.01, 3.0]]",1,1.0,1.0,1.99,"[[1.01, 1.3443468948561403]]",0.0,0.0,0.33434689485614033
100,8.0,0.8,64.00000000000001,1.6156640016848731,28,3.0,1.0,3.0,0.39104388449135896,1.2724959335919321,1.0,0.8814520491005732,"[[1.607, 3.0]]",1,0.0,0.0,1.393,"[[3.0, 3.0]]",0.0,0.0,0.0
100,8.0,0.8,64.00000000000001,1.6156640016848731,29,3.0,1.0,3.0,0.4733014037691594,0.9183499774235414,1.0,0.445048573654382,"[[1.01, 3.0]]",1,1.0,1.0,1.99,"[[3.0, 3.0]]",0.0,0.0,0.0
100,8.0,0.8,64.00000000000001,1.6156640016848731,30,1.3274809374347418,1.0,1.3274802939947994,0.34034072398695897,1.3430523217732082,0.0,1.0027115977862493,"[[1.01, 3.0]]",1,1.0,1.0,1.99,"[[1.01, 1.6449605879895988]]",1.0,0.0,0.6349605879895988
100,8.0,0.8,64.00000000000001,1.6156640016848731,31,1.01,1.0,1.01,0.19273341455162532,1.3169709609528888,1.0,1.1242375464012635,"[[1.01, 1.806]]",1,1.0,0.0,0.796,"[[1.01, 1.01]]",0.0,0.0,0.0
100,8.0,0.8,64.00000000000001,1.6156640016848731,32,2.605188335121059,1.0,2.605189369218411,0.3724115824411123,1.3601170502113324,0.0,0.9877054677702202,"[[1.0896, 3.0]]",1,1.0,0.0,1.9104,"[[2.2103787384368223, 3.0]]",0.0,0.0,0.7896212615631777
100,8.0,0.8,64.00000000000001,1.6156640016848731,33,3.0,1.0,3.0,0.3956450909761454,1.1484412631985474,1.0,0.752796172222402,"[[1.0498, 3.0]]",1,1.0,0.0,1.9502,"[[3.0, 3.0]]",0.0,0.0,0.0
100,8.0,0.8,64.00000000000001,1.6156640016848731,34,1.3133479438871194,1.0,1.3133474321227052,0.33673763660174755,1.1505103207075915,0.0,0.8137726841058439,"[[1.01, 3.0]]",1,1.0,1.0,1.99,"[[1.01, 1.6166948642454104]]",1.0,0.0,0.6066948642454104
100,8.0,0.8,64.00000000000001,1.6156640016848731,35,1.232486194720439,1.0,1.232486218989301,0.23150926408025038,1.1331902564774239,0.0,0.9016809923971735,"[[1.01, 3.0]]",1,1.0,1.0,1.99,"[[1.01, 1.4549724379786022]]",0.0,0.0,0.4449724379786022
100,8.0,0.8,64.00000000000001,1.6156640016848731,36,2.373681697900843,1.0,2.3736818839865497,0.35812549037465513,1.2405549972036356,0.0,0.8824295068289805,"[[1.01, 3.0]]",1,1.0,1.0,1.99,"[[1.7473637679730993, 3.0]]",0.0,0.0,1.2526362320269007
100,8.0,0.8,64.00000000000001,1.6156640016848731,37,1.5025082127903693,1.0,1.5025080139101499,0.32518734395556576,1.2087806600446274,0.0,0.8835933160890617,"[[1.01, 3.0]]",1,1.0,1.0,1.99,"[[1.01, 1.9950160278202997]]",1.0,0.0,0.9850160278202997
100,8.0,0.8,64.00000000000001,1.6156640016848731,38,1.01,1.0,1.01,0.14543513513952788,1.3603127124665322,1.0,1.2148775773270044,"[[1.01, 1.607]]",1,1.0,0.0,0.597,"[[1.01, 1.01]]",0.0,0.0,0.0
100,8.0,0.8,64.00000000000001,1.6156640016848731,39,1.5237612864269132,1.0,1.523760546172943,0.2649462249703015,1.131863570946446,0.0,0.8669173459761444,"[[1.01, 3.0]]",1,1.0,1.0,1.99,"[[1.01, 2.0375210923458864]]",1.0,0.0,1.0275210923458864
100,8.0,0.8,64.00000000000001,1.6156640016848731,40,1.5214912381815602,1.0,1.521494239291384,0.3714002301661488,1.1383281214982925,0.0,0.7669278913321438,"[[1.01, 3.0]]",1,1.0,1.0,1.99,[],nan,nan,nan
100,8.0,0.8,64.00000000000001,1.6156640016848731,41,1.0577052502362745,1.0,1.0577055941792053,0.2782271254179453,1.2276052458438778,0.0,0.9493781204259324,"[[1.01, 3.0]]",1,1.0,1.0,1.99,[],nan,nan,nan
100,8.0,0.8,64.00000000000001,1.6156640016848731,42,2.2475552648326973,1.0,2.2475554214655995,0.397115937826102,1.3516530244999356,0.0,0.9545370866738336,"[[1.01, 3.0]]",1,1.0,1.0,1.99,[],nan,nan,nan
100,8.0,0.8,64.00000000000001,1.6156640016848731,43,1.8832536218920106,1.0,1.8832538168315394,0.33061746984299833,1.3290417304264495,0.0,0.9984242605834511,"[[1.01, 3.0]]",1,1.0,1.0,1.99,[],nan,nan,nan
100,8.0,0.8,64.00000000000001,1.6156640016848731,44,1.01,1.0,1.01,0.3779838559353334,0.9318463533665821,1.0,0.5538624974312487,"[[1.01, 3.0]]",1,1.0,1.0,1.99,[],nan,nan,nan
100,8.0,0.8,64.00000000000001,1.6156640016848731,45,1.2836908184574143,1.0,1.2836908423895685,0.23064764875039034,1.244680877430132,0.0,1.0140332286797415,"[[1.01, 2.9204]]",1,1.0,0.0,1.9103999999999999,[],nan,nan,nan
100,8.0,0.8,64.00000000000001,1.6156640016848731,46,1.3951679784406767,1.0,1.395167853001784,0.26029247323038934,1.4217228708826823,0.0,1.161430397652293,"[[1.01, 3.0]]",1,1.0,1.0,1.99,[],nan,nan,nan
100,8.0,0.8,64.00000000000001,1.6156640016848731,47,3.0,1.0,3.0,0.38384440264216346,1.1459881659331688,1.0,0.7621437632910053,"[[1.5672000000000001, 3.0]]",1,0.0,0.0,1.4327999999999999,[],nan,nan,nan
100,8.0,0.8,64.00000000000001,1.6156640016848731,48,1.5472558810055892,1.0,1.547255934501167,0.24484195421151764,1.257445249526231,0.0,1.0126032953147133,"[[1.01, 3.0]]",1,1.0,1.0,1.99,[],nan,nan,nan
100,8.0,0.8,64.00000000000001,1.6156640016848731,49,1.6132685644019331,1.0,1.6132686202883786,0.3523034117231078,0.9239411735304398,0.0,0.5716377618073321,"[[1.01, 3.0]]",1,1.0,1.0,1.99,[],nan,nan,nan
100,8.0,0.8,64.00000000000001,1.6156640016848731,50,1.01,1.0,1.01,0.27187974832317136,0.939784226411217,1.0,0.6679044780880456,"[[1.01, 2.4428]]",1,1.0,0.0,1.4328,[],nan,nan,nan
100,8.0,0.8,64.00000000000001,1.6156640016848731,51,1.1452633152407576,1.0,1.1452631497915216,0.31248266370776073,0.9993025812571662,0.0,0.6868199175494054,"[[1.01, 3.0]]",1,1.0,1.0,1.99,[],nan,nan,nan
100,8.0,0.8,64.00000000000001,1.6156640016848731,52,1.0356803193699777,1.0,1.0356804970324063,0.14093933534838018,1.1875988174707424,0.0,1.0466594821223623,"[[1.01, 2.2039999999999997]]",1,1.0,0.0,1.1939999999999997,[],nan,nan,nan
100,8.0,0.8,64.00000000000001,1.6156640016848731,53,1.01,1.0,1.01,0.14536312119081485,1.1946032215159932,1.0,1.0492401003251783,"[[1.01, 1.7662]]",1,1.0,0.0,0.7562,[],nan,nan,nan
100,8.0,0.8,64.00000000000001,1.6156640016848731,54,1.6492690032395658,1.0,1.6492690478175531,0.2804506830377623,1.3658676249475352,0.0,1.0854169419097728,"[[1.01, 3.0]]",1,1.0,1.0,1.99,[],nan,nan,nan
100,8.0,0.8,64.00000000000001,1.6156640016848731,55,1.1462152742805696,1.0,1.1462152365998621,0.29845277184063257,1.4190888751866964,0.0,1.120636103346064,"[[1.01, 3.0]]",1,1.0,1.0,1.99,[],nan,nan,nan
100,8.0,0.8,64.00000000000001,1.6156640016848731,56,1.4863390176204385,1.0,1.4863388924421397,0.32653460561803305,1.2504141063421303,0.0,0.9238795007240973,"[[1.01, 3.0]]",1,1.0,1.0,1.99,[],nan,nan,nan
100,8.0,0.8,64.00000000000001,1.6156640016848731,57,1.161321007338842,1.0,1.1613206865612384,0.23109133556839967,1.1367714874737382,0.0,0.9056801519053386,"[[1.01, 3.0]]",1,1.0,1.0,1.99,[],nan,nan,nan
100,8.0,0.8,64.00000000000001,1.6156640016848731,58,1.1015111669428113,1.0,1.1015109930786573,0.2543317215481275,1.304411906596147,0.0,1.0500801850480195,"[[1.01, 2.8806000000000003]]",1,1.0,0.0,1.8706000000000003,[],nan,nan,nan
100,8.0,0.8,64.00000000000001,1.6156640016848731,59,1.5211001873337173,1.0,1.5211004851866645,0.3404944417765341,1.13384422768908,0.0,0.793349785912546,"[[1.01, 3.0]]",1,1.0,1.0,1.99,[],nan,nan,nan
100,8.0,0.8,64.00000000000001,1.6156640016848731,60,1.01,1.0,1.01,0.29799595432352194,0.9253125312998136,1.0,0.6273165769762916,"[[1.01, 3.0]]",1,1.0,1.0,1.99,[],nan,nan,nan
100,8.0,0.8,64.00000000000001,1.6156640016848731,61,2.4931455429090907,1.0,2.4931464091843325,0.3643556644806182,1.066116871028699,0.0,0.7017612065480808,"[[1.01, 3.0]]",1,1.0,1.0,1.99,[],nan,nan,nan
100,8.0,0.8,64.00000000000001,1.6156640016848731,62,1.9344500192737508,1.0,1.9344499492532599,0.28244746939170645,1.2871148344625796,0.0,1.004667365070873,"[[1.01, 3.0]]",1,1.0,1.0,1.99,[],nan,nan,nan
100,8.0,0.8,64.00000000000001,1.6156640016848731,63,1.018693486840199,1.0,1.018693512403833,0.19314172681846412,1.1106746212131189,0.0,0.9175328943946548,"[[1.01, 2.6020000000000003]]",1,1.0,0.0,1.5920000000000003,[],nan,nan,nan
100,8.0,0.8,64.00000000000001,1.6156640016848731,64,1.0181404397888558,1.0,1.0181403824349702,0.1707957359403641,1.0652769514190639,0.0,0.8944812154786997,"[[1.01, 2.4826]]",1,1.0,0.0,1.4726000000000001,[],nan,nan,nan
100,8.0,0.8,64.00000000000001,1.6156640016848731,65,3.0,1.0,3.0,0.4356118958012382,0.8118105464233702,1.0,0.37619865062213204,"[[1.01, 3.0]]",1,1.0,1.0,1.99,[],nan,nan,nan
100,8.0,0.8,64.00000000000001,1.6156640016848731,66,3.0,1.0,3.0,0.340667981050736,1.2784707143970477,1.0,0.9378027333463117,"[[1.6866, 3.0]]",1,0.0,0.0,1.3134,[],nan,nan,nan
100,8.0,0.8,64.00000000000001,1.6156640016848731,67,3.0,1.0,3.0,0.4624401377567361,1.0904286018816542,1.0,0.6279884641249182,"[[1.01, 3.0]]",1,1.0,1.0,1.99,[],nan,nan,nan
100,8.0,0.8,64.00000000000001,1.6156640016848731,68,1.061839017149071,1.0,1.0618392547601125,0.20255336702288343,1.3893920929391053,0.0,1.1868387259162219,"[[1.01, 2.3632]]",1,1.0,0.0,1.3532,[],nan,nan,nan
100,8.0,0.8,64.00000000000001,1.6156640016848731,69,1.119564423496299,1.0,1.1195648379857177,0.22651716918437295,1.31906623570861,0.0,1.092549066524237,"[[1.01, 2.6418]]",1,1.0,0.0,1.6318,[],nan,nan,nan
100,8.0,0.8,64.00000000000001,1.6156640016848731,70,1.6398043902308275,1.0,1.6398043771680963,0.3498029624034075,1.2875538570617664,0.0,0.9377508946583588,"[[1.01, 3.0]]",1,1.0,1.0,1.99,[],nan,nan,nan
100,8.0,0.8,64.00000000000001,1.6156640016848731,71,2.042522784025514,1.0,2.0425200640706707,0.36503566963387213,1.145427609702878,0.0,0.7803919400690058,"[[1.01, 3.0]]",1,1.0,1.0,1.99,[],nan,nan,nan
100,8.0,0.8,64.00000000000001,1.6156640016848731,72,3.0,1.0,3.0,0.3636531522589097,1.3839246866821582,1.0,1.0202715344232485,"[[1.6866, 3.0]]",1,0.0,0.0,1.3134,[],nan,nan,nan
100,8.0,0.8,64.00000000000001,1.6156640016848731,73,1.0960675832395255,1.0,1.0960674597805324,0.33153637799863306,1.2998837845950275,0.0,0.9683474065963944,"[[1.01, 3.0]]",1,1.0,1.0,1.99,[],nan,nan,nan
100,8.0,0.8,64.00000000000001,1.6156640016848731,74,3.0,1.0,3.0,0.37898661855669424,0.9426724190782223,1.0,0.5636858005215281,"[[1.2886, 3.0]]",1,1.0,0.0,1.7114,[],nan,nan,nan
100,8.0,0.8,64.00000000000001,1.6156640016848731,75,3.0,1.0,3.0,0.38628570793819456,1.428475554245938,1.0,1.0421898463077435,"[[1.4478, 3.0]]",1,1.0,0.0,1.5522,[],nan,nan,nan
100,8.0,0.8,64.00000000000001,1.6156640016848731,76,2.0274362413693883,1.0,2.0274362059027,0.2790845669136729,1.3302940893743707,0.0,1.0512095224606979,"[[1.01, 3.0]]",1,1.0,1.0,1.99,[],nan,nan,nan
100,8.0,0.8,64.00000000000001,1.6156640016848731,77,3.0,1.0,3.0,0.38118058221370726,1.3460319345378915,1.0,0.9648513523241842,"[[1.2488000000000001, 3.0]]",1,1.0,0.0,1.7511999999999999,[],nan,nan,nan
100,8.0,0.8,64.00000000000001,1.6156640016848731,78,2.0850207326080765,1.0,2.0850215738965705,0.3319309344754387,1.2319133583240884,0.0,0.8999824238486498,"[[1.01, 3.0]]",1,1.0,1.0,1.99,[],nan,nan,nan
100,8.0,0.8,64.00000000000001,1.6156640016848731,79,2.683225800206365,1.0,2.6832238354636195,0.3537738179059218,1.1591965076692172,0.0,0.8054226897632955,"[[1.01, 3.0]]",1,1.0,1.0,1.99,[],nan,nan,nan
100,8.0,0.8,64.00000000000001,1.6156640016848731,80,1.01,1.0,1.01,0.28455839246469466,0.8303762767721867,1.0,0.5458178843074921,"[[1.01, 3.0]]",1,1.0,1.0,1.99,[],nan,nan,nan
100,8.0,0.8,64.00000000000001,1.6156640016848731,81,2.1566994345796493,1.0,2.1566984623625043,0.3493148897475934,1.4092584383332685,0.0,1.0599435485856752,"[[1.01, 3.0]]",1,1.0,1.0,1.99,[],nan,nan,nan
100,8.0,0.8,64.00000000000001,1.6156640016848731,82,2.3490336919943378,1.0,2.3490337535474133,0.40046739079089905,1.0128262936864623,0.0,0.6123589028955632,"[[1.01, 3.0]]",1,1.0,1.0,1.99,[],nan,nan,nan
100,8.0,0.8,64.00000000000001,1.6156640016848731,83,2.7756596289848536,1.0,2.7756596338213066,0.4167059999167115,1.3304084280859476,0.0,0.9137024281692361,"[[1.01, 3.0]]",1,1.0,1.0,1.99,[],nan,nan,nan
100,8.0,0.8,64.00000000000001,1.6156640016848731,84,1.4780307310245069,1.0,1.47803032906742,0.31737723359373843,1.188201160865665,0.0,0.8708239272719267,"[[1.01, 3.0]]",1,1.0,1.0,1.99,[],nan,nan,nan
100,8.0,0.8,64.00000000000001,1.6156640016848731,85,2.047354690159942,1.0,2.047352159212153,0.33191343930611045,1.0839525604730886,0.0,0.7520391211669781,"[[1.01, 3.0]]",1,1.0,1.0,1.99,[],nan,nan,nan
100,8.0,0.8,64.00000000000001,1.6156640016848731,86,1.5761646615681975,1.0,1.5761646919668495,0.34396791123695025,1.240867522218967,0.0,0.8968996109820166,"[[1.01, 3.0]]",1,1.0,1.0,1.99,[],nan,nan,nan
100,8.0,0.8,64.00000000000001,1.6156640016848731,87,1.01,1.0,1.01,0.20787787270052402,1.2997451165652218,1.0,1.091867243864698,"[[1.01, 2.0448000000000004]]",1,1.0,0.0,1.0348000000000004,[],nan,nan,nan
100,8.0,0.8,64.00000000000001,1.6156640016848731,88,1.4066786589488807,1.0,1.4066786210410156,0.309880374545375,1.2609859451945737,0.0,0.9511055706491988,"[[1.01, 3.0]]",1,1.0,1.0,1.99,[],nan,nan,nan
100,8.0,0.8,64.00000000000001,1.6156640016848731,89,2.563024584859763,1.0,2.563025709654573,0.310781806540811,1.0742292902781767,0.0,0.7634474837373657,"[[1.01, 3.0]]",1,1.0,1.0,1.99,[],nan,nan,nan
100,8.0,0.8,64.00000000000001,1.6156640016848731,90,2.0280077633658076,1.0,2.028007498367876,0.37124291579114127,1.3308272503390752,0.0,0.959584334547934,"[[1.01, 3.0]]",1,1.0,1.0,1.99,[],nan,nan,nan
100,8.0,0.8,64.00000000000001,1.6156640016848731,91,2.955510423314937,1.0,2.9555130948202653,0.3871076554741859,0.8902430351191951,0.0,0.5031353796450092,"[[1.01, 3.0]]",1,1.0,1.0,1.99,[],nan,nan,nan
100,8.0,0.8,64.00000000000001,1.6156640016848731,92,2.19789020873808,1.0,2.197890359219173,0.40525800316197325,1.3991614778083743,0.0,0.993903474646401,"[[1.01, 3.0]]",1,1.0,1.0,1.99,[],nan,nan,nan
100,8.0,0.8,64.00000000000001,1.6156640016848731,93,1.4367255157516476,1.0,1.4367246116620718,0.21385768980022313,1.3648539861169022,0.0,1.150996296316679,"[[1.01, 2.7612]]",1,1.0,0.0,1.7512,[],nan,nan,nan
100,8.0,0.8,64.00000000000001,1.6156640016848731,94,1.323001587687123,1.0,1.3230011959084529,0.2928218306403752,1.1537198056818945,0.0,0.8608979750415193,"[[1.01, 3.0]]",1,1.0,1.0,1.99,[],nan,nan,nan
100,8.0,0.8,64.00000000000001,1.6156640016848731,95,1.0891165095517816,1.0,1.089116529382878,0.3045363753373102,1.179612483319751,0.0,0.8750761079824407,"[[1.01, 3.0]]",1,1.0,1.0,1.99,[],nan,nan,nan
100,8.0,0.8,64.00000000000001,1.6156640016848731,96,1.2774490220007166,1.0,1.2774505825712779,0.32883479210057537,1.1007764637100317,0.0,0.7719416716094563,"[[1.01, 3.0]]",1,1.0,1.0,1.99,[],nan,nan,nan
100,8.0,0.8,64.00000000000001,1.6156640016848731,97,2.017962862934444,1.0,2.0179646974203638,0.2918876342456564,1.0796171505828147,0.0,0.7877295163371583,"[[1.01, 3.0]]",1,1.0,1.0,1.99,[],nan,nan,nan
100,8.0,0.8,64.00000000000001,1.6156640016848731,98,1.5532598477579829,1.0,1.5532613071948411,0.2879373018995564,1.0265801959411411,0.0,0.7386428940415848,"[[1.01, 3.0]]",1,1.0,1.0,1.99,[],nan,nan,nan
100,8.0,0.8,64.00000000000001,1.6156640016848731,99,1.3344493925794305,1.0,1.3344512388710115,0.3615072727456046,1.1118874627248432,0.0,0.7503801899792386,"[[1.01, 3.0]]",1,1.0,1.0,1.99,[],nan,nan,nan
100,8.0,0.8,64.00000000000001,1.6156640016848731,100,2.3362544687896145,1.0,2.3362541627978994,0.32934639376517355,1.0568719723795876,0.0,0.7275255786144141,"[[1.01, 3.0]]",1,1.0,1.0,1.99,[],nan,nan,nan
100,8.0,0.8,64.00000000000001,1.6156640016848731,101,1.01,1.0,1.01,0.2487560166256128,1.0201956660147453,1.0,0.7714396493891325,"[[1.01, 1.607]]",1,1.0,0.0,0.597,[],nan,nan,nan
100,8.0,0.8,64.00000000000001,1.6156640016848731,102,3.0,1.0,3.0,0.40700484840175244,1.2924072571575644,1.0,0.885402408755812,"[[1.209, 3.0]]",1,1.0,0.0,1.791,[],nan,nan,nan
100,8.0,0.8,64.00000000000001,1.6156640016848731,103,1.297197671395717,1.0,1.2971976774857434,0.2497801006129519,1.0772701557711473,0.0,0.8274900551581954,"[[1.01, 3.0]]",1,1.0,1.0,1.99,[],nan,nan,nan
100,8.0,0.8,64.00000000000001,1.6156640016848731,104,1.01,1.0,1.01,0.02437223199059504,1.5621749189055452,1.0,1.5378026869149501,"[[1.01, 1.408]]",1,0.0,0.0,0.3979999999999999,[],nan,nan,nan
100,8.0,0.8,64.00000000000001,1.6156640016848731,105,1.168532764645484,1.0,1.1685327643092955,0.2749445585790856,1.0802059470702479,0.0,0.8052613884911622,"[[1.01, 3.0]]",1,1.0,1.0,1.99,[],nan,nan,nan
100,8.0,0.8,64.00000000000001,1.6156640016848731,106,1.2684420890858608,1.0,1.2684421183533252,0.31647482511096503,1.0048447926741668,0.0,0.6883699675632018,"[[1.01, 3.0]]",1,1.0,1.0,1.99,[],nan,nan,nan
100,8.0,0.8,64.00000000000001,1.6156640016848731,107,3.0,1.0,3.0,0.5033003643803519,1.0778247442624624,1.0,0.5745243798821106,"[[1.01, 3.0]]",1,1.0,1.0,1.99,[],nan,nan,nan
100,8.0,0.8,64.00000000000001,1.6156640016848731,108,1.2864411451308473,1.0,1.286441095655873,0.2990564206427793,1.2005648502146535,0.0,0.9015084295718743,"[[1.01, 3.0]]",1,1.0,1.0,1.99,[],nan,nan,nan
100,8.0,0.8,64.00000000000001,1.6156640016848731,109,1.6977040545852424,1.0,1.6977040670438615,0.3144688809992709,1.2710034926775624,0.0,0.9565346116782916,"[[1.01, 3.0]]",1,1.0,1.0,1.99,[],nan,nan,nan
100,8.0,0.8,64.00000000000001,1.6156640016848731,110,1.3557992912613277,1.0,1.3557987481076947,0.32351006864974874,0.9841204535038749,0.0,0.6606103848541262,"[[1.01, 3.0]]",1,1.0,1.0,1.99,[],nan,nan,nan
100,8.0,0.8,64.00000000000001,1.6156640016848731,111,1.512377233119665,1.0,1.5123748650926478,0.2833104270423542,1.1946413274312289,0.0,0.9113309003888747,"[[1.01, 3.0]]",1,1.0,1.0,1.99,[],nan,nan,nan
100,8.0,0.8,64.00000000000001,1.6156640016848731,112,2.4747651696029904,1.0,2.474765837984111,0.41934951932425996,1.3125114082410576,0.0,0.8931618889167976,"[[1.01, 3.0]]",1,1.0,1.0,1.99,[],nan,nan,nan
100,8.0,0.8,64.00000000000001,1.6156640016848731,113,1.01,1.0,1.01,0.17730574576263752,1.0250813778233145,1.0,0.8477756320606771,"[[1.01, 2.3234000000000004]]",1,1.0,0.0,1.3134000000000003,[],nan,nan,nan
100,8.0,0.8,64.00000000000001,1.6156640016848731,114,1.501968163551294,1.0,1.501968509256341,0.24834721545465052,1.2163587498747492,0.0,0.9680115344200987,"[[1.01, 3.0]]",1,1.0,1.0,1.99,[],nan,nan,nan
100,8.0,0.8,64.00000000000001,1.6156640016848731,115,1.5044832617266117,1.0,1.5044832847679837,0.34489164610315143,1.1235164465541014,0.0,0.77862480045095,"[[1.01, 3.0]]",1,1.0,1.0,1.99,[],nan,nan,nan
100,8.0,0.8,64.00000000000001,1.6156640016848731,116,2.2568260410757,1.0,2.256826634473283,0.4291012209384638,1.2411385533538015,0.0,0.8120373324153377,"[[1.01, 3.0]]",1,1.0,1.0,1.99,[],nan,nan,nan
100,8.0,0.8,64.00000000000001,1.6156640016848731,117,1.2585300056721078,1.0,1.2585299204896374,0.17711712578295927,1.105341455179621,0.0,0.9282243293966618,"[[1.01, 2.6020000000000003]]",1,1.0,0.0,1.5920000000000003,[],nan,nan,nan
100,8.0,0.8,64.00000000000001,1.6156640016848731,118,1.7250986883435793,1.0,1.7250986929766439,0.29880161833560887,1.290801569219854,0.0,0.9919999508842452,"[[1.01, 3.0]]",1,1.0,1.0,1.99,[],nan,nan,nan
100,8.0,0.8,64.00000000000001,1.6156640016848731,119,1.01,1.0,1.01,0.2809284915161058,1.1633589777445876,1.0,0.8824304862284817,"[[1.01, 1.9254]]",1,1.0,0.0,0.9154,[],nan,nan,nan
100,8.0,0.8,64.00000000000001,1.6156640016848731,120,1.7599178178467234,1.0,1.759917804828128,0.31052778489824384,1.1384161364708276,0.0,0.8278883515725838,"[[1.01, 3.0]]",1,1.0,1.0,1.99,[],nan,nan,nan
100,8.0,0.8,64.00000000000001,1.6156640016848731,121,1.2979919413589165,1.0,1.2979915876666768,0.33919008567653364,1.1702048845273307,0.0,0.8310147988507971,"[[1.01, 3.0]]",1,1.0,1.0,1.99,[],nan,nan,nan
100,8.0,0.8,64.00000000000001,1.6156640016848731,122,1.1454140713494385,1.0,1.145414050472179,0.3100864578757001,0.9879350028807344,0.0,0.6778485450050343,"[[1.01, 3.0]]",1,1.0,1.0,1.99,[],nan,nan,nan
100,8.0,0.8,64.00000000000001,1.6156640016848731,123,2.6222092285944654,1.0,2.6222252445688947,0.3362690360263002,1.0258256057992228,0.0,0.6895565697729226,"[[1.01, 3.0]]",1,1.0,1.0,1.99,[],nan,nan,nan
100,8.0,0.8,64.00000000000001,1.6156640016848731,124,1.680964208128703,1.0,1.6809647281286997,0.3606891831286352,1.1274579156405706,0.0,0.7667687325119354,"[[1.01, 3.0]]",1,1.0,1.0,1.99,[],nan,nan,nan
100,8.0,0.8,64.00000000000001,1.6156640016848731,125,3.0,1.0,3.0,0.3354690918810228,1.188401942741234,1.0,0.8529328508602112,"[[1.2886, 3.0]]",1,1.0,0.0,1.7114,[],nan,nan,nan
100,8.0,0.8,64.00000000000001,1.6156640016848731,126,2.253256306755256,1.0,2.2532578565199683,0.3141775162155602,1.1383865073924426,0.0,0.8242089911768824,"[[1.01, 3.0]]",1,1.0,1.0,1.99,[],nan,nan,nan
100,8.0,0.8,64.00000000000001,1.6156640016848731,127,2.5484228915961524,1.0,2.548421387053333,0.41765004570108594,1.1957813873520833,0.0,0.7781313416509974,"[[1.01, 3.0]]",1,1.0,1.0,1.99,[],nan,nan,nan
100,8.0,0.8,64.00000000000001,1.6156640016848731,128,1.266775107093294,1.0,1.2667750229777264,0.31202796210594214,0.9931701574505201,0.0,0.681142195344578,"[[1.01, 3.0]]",1,1.0,1.0,1.99,[],nan,nan,nan
100,8.0,0.8,64.00000000000001,1.6156640016848731,129,1.7324266024288852,1.0,1.7324265794118212,0.3203423273331071,1.2590726408049122,0.0,0.9387303134718051,"[[1.01, 3.0]]",1,1.0,1.0,1.99,[],nan,nan,nan
100,8.0,0.8,64.00000000000001,1.6156640016848731,130,1.7510346672949861,1.0,1.751034161131922,0.39619321822542036,1.0245889548893703,0.0,0.6283957366639499,"[[1.01, 3.0]]",1,1.0,1.0,1.99,[],nan,nan,nan
100,8.0,0.8,64.00000000000001,1.6156640016848731,131,1.01,1.0,1.01,0.20229902178700615,1.269201395347498,1.0,1.066902373560492,"[[1.01, 1.5274]]",1,1.0,0.0,0.5174000000000001,[],nan,nan,nan
100,8.0,0.8,64.00000000000001,1.6156640016848731,132,1.6229686511369823,1.0,1.6229686161200583,0.272714971183441,1.148556587948635,0.0,0.875841616765194,"[[1.01, 3.0]]",1,1.0,1.0,1.99,[],nan,nan,nan
100,8.0,0.8,64.00000000000001,1.6156640016848731,133,1.01,1.0,1.01,0.21179979842323243,1.0187477888069931,1.0,0.8069479903837606,"[[1.01, 2.0448000000000004]]",1,1.0,0.0,1.0348000000000004,[],nan,nan,nan
100,8.0,0.8,64.00000000000001,1.6156640016848731,134,1.8289765068862254,1.0,1.8289765173886985,0.30203976363092233,1.1182664968497829,0.0,0.8162267332188605,"[[1.01, 3.0]]",1,1.0,1.0,1.99,[],nan,nan,nan
100,8.0,0.8,64.00000000000001,1.6156640016848731,135,1.278062853181665,1.0,1.2780628294861398,0.29254304440386286,0.9468699994138727,0.0,0.6543269550100099,"[[1.01, 3.0]]",1,1.0,1.0,1.99,[],nan,nan,nan
100,8.0,0.8,64.00000000000001,1.6156640016848731,136,1.4832913917541113,1.0,1.4832914009153426,0.3107736950197859,1.3222526803945112,0.0,1.0114789853747252,"[[1.01, 3.0]]",1,1.0,1.0,1.99,[],nan,nan,nan
100,8.0,0.8,64.00000000000001,1.6156640016848731,137,1.01,1.0,1.01,0.22568767659465652,1.1628953855614073,1.0,0.9372077089667508,"[[1.01, 2.1642]]",1,1.0,0.0,1.1542000000000001,[],nan,nan,nan
100,8.0,0.8,64.00000000000001,1.6156640016848731,138,1.0695181855076505,1.0,1.0695172257325245,0.31100912890792454,1.1183963138598572,0.0,0.8073871849519326,"[[1.01, 3.0]]",1,1.0,1.0,1.99,[],nan,nan,nan
100,8.0,0.8,64.00000000000001,1.6156640016848731,139,1.112261373574314,1.0,1.112261327025626,0.19401766686543223,1.1004161983304126,0.0,0.9063985314649804,"[[1.01, 2.6816000000000004]]",1,1.0,0.0,1.6716000000000004,[],nan,nan,nan
100,8.0,0.8,64.00000000000001,1.6156640016848731,140,2.2360016284591033,1.0,2.236001639969295,0.33514368459385957,1.1167597378626035,0.0,0.781616053268744,"[[1.01, 3.0]]",1,1.0,1.0,1.99,[],nan,nan,nan
100,8.0,0.8,64.00000000000001,1.6156640016848731,141,2.1139411827200867,1.0,2.1139411132678205,0.3693940231311112,1.2403210813983174,0.0,0.8709270582672062,"[[1.01, 3.0]]",1,1.0,1.0,1.99,[],nan,nan,nan
100,8.0,0.8,64.00000000000001,1.6156640016848731,142,1.7006624864450424,1.0,1.700659876983648,0.355482809442266,0.9943470579353575,0.0,0.6388642484930915,"[[1.01, 3.0]]",1,1.0,1.0,1.99,[],nan,nan,nan
100,8.0,0.8,64.00000000000001,1.6156640016848731,143,3.0,1.0,3.0,0.41791303356686393,1.0761720823323488,1.0,0.6582590487654849,"[[1.4876, 3.0]]",1,1.0,0.0,1.5124,[],nan,nan,nan
100,8.0,0.8,64.00000000000001,1.6156640016848731,144,1.5698861773746018,1.0,1.5698861368727854,0.2660692233026067,1.13991321067623,0.0,0.8738439873736232,"[[1.01, 3.0]]",1,1.0,1.0,1.99,[],nan,nan,nan
100,8.0,0.8,64.00000000000001,1.6156640016848731,145,1.0325435557996012,1.0,1.0325436229771028,0.21325242089974913,1.1234768322573212,0.0,0.910224411357572,"[[1.01, 2.801]]",1,1.0,0.0,1.7910000000000001,[],nan,nan,nan
100,8.0,0.8,64.00000000000001,1.6156640016848731,146,1.01,1.0,1.01,0.31818615990007315,0.8872098472367808,1.0,0.5690236873367076,"[[1.01, 3.0]]",1,1.0,1.0,1.99,[],nan,nan,nan
100,8.0,0.8,64.00000000000001,1.6156640016848731,147,1.01,1.0,1.01,0.22484011672543203,1.2039093171841773,1.0,0.9790692004587452,"[[1.01, 1.8856000000000002]]",1,1.0,0.0,0.8756000000000002,[],nan,nan,nan
100,8.0,0.8,64.00000000000001,1.6156640016848731,148,1.1218190293509847,1.0,1.1218191189498736,0.21328405377084447,1.1685382041863854,0.0,0.955254150415541,"[[1.01, 2.7612]]",1,1.0,0.0,1.7512,[],nan,nan,nan
100,8.0,0.8,64.00000000000001,1.6156640016848731,149,2.7377229087327692,1.0,2.737722819821002,0.3969720025732636,1.5206492264819573,0.0,1.1236772239086936,"[[1.209, 3.0]]",1,1.0,0.0,1.791,[],nan,nan,nan
100,8.0,0.8,64.00000000000001,1.6156640016848731,150,3.0,1.0,3.0,0.4616560690136193,0.9701490900906156,1.0,0.5084930210769962,"[[1.01, 3.0]]",1,1.0,1.0,1.99,[],nan,nan,nan
100,8.0,0.8,64.00000000000001,1.6156640016848731,151,1.01,1.0,1.01,0.22235140568654302,1.1299905912650077,1.0,0.9076391855784647,"[[1.01, 2.7214]]",1,1.0,0.0,1.7114,[],nan,nan,nan
100,8.0,0.8,64.00000000000001,1.6156640016848731,152,1.1811395755581793,1.0,1.1811399642394123,0.23790475491505278,1.3183528878152238,0.0,1.080448132900171,"[[1.01, 2.7612]]",1,1.0,0.0,1.7512,[],nan,nan,nan
100,8.0,0.8,64.00000000000001,1.6156640016848731,153,1.211731395261195,1.0,1.2117308976599366,0.404754169080783,0.9542193832567135,0.0,0.5494652141759305,"[[1.01, 3.0]]",1,1.0,1.0,1.99,[],nan,nan,nan
100,8.0,0.8,64.00000000000001,1.6156640016848731,154,1.5035467011495498,1.0,1.5035466234565837,0.2960667762498327,1.427855447914347,0.0,1.1317886716645145,"[[1.01, 3.0]]",1,1.0,1.0,1.99,[],nan,nan,nan
100,8.0,0.8,64.00000000000001,1.6156640016848731,155,2.389961191275394,1.0,2.389961338126317,0.43132731452363726,1.1338911858927014,0.0,0.7025638713690642,"[[1.01, 3.0]]",1,1.0,1.0,1.99,[],nan,nan,nan
100,8.0,0.8,64.00000000000001,1.6156640016848731,156,2.0814046662377392,1.0,2.0814044817195057,0.35614396882401783,1.0455082406559701,0.0,0.6893642718319524,"[[1.01, 3.0]]",1,1.0,1.0,1.99,[],nan,nan,nan
100,8.0,0.8,64.00000000000001,1.6156640016848731,157,1.4699779328909908,1.0,1.46997792085524,0.2679219433742453,1.176703210532652,0.0,0.9087812671584068,"[[1.01, 3.0]]",1,1.0,1.0,1.99,[],nan,nan,nan
100,8.0,0.8,64.00000000000001,1.6156640016848731,158,3.0,1.0,3.0,0.4293211987627787,1.1046752042297732,1.0,0.6753540054669944,"[[1.01, 3.0]]",1,1.0,1.0,1.99,[],nan,nan,nan
100,8.0,0.8,64.00000000000001,1.6156640016848731,159,1.6308374524316023,1.0,1.6308375985417205,0.30809688097345367,1.1663027983740872,0.0,0.8582059174006336,"[[1.01, 3.0]]",1,1.0,1.0,1.99,[],nan,nan,nan
100,8.0,0.8,64.00000000000001,1.6156640016848731,160,2.258837983408062,1.0,2.2588398468890927,0.42368248867584957,1.0245310077456462,0.0,0.6008485190697966,"[[1.01, 3.0]]",1,1.0,1.0,1.99,[],nan,nan,nan
100,8.0,0.8,64.00000000000001,1.6156640016848731,161,1.2626691854396235,1.0,1.2626694046637208,0.3693150657464417,1.1096795567225688,0.0,0.7403644909761271,"[[1.01, 3.0]]",1,1.0,1.0,1.99,[],nan,nan,nan
100,8.0,0.8,64.00000000000001,1.6156640016848731,162,1.01,1.0,1.01,0.25030018003886234,0.9220666951686465,1.0,0.6717665151297841,"[[1.01, 1.9652]]",1,1.0,0.0,0.9552,[],nan,nan,nan
100,8.0,0.8,64.00000000000001,1.6156640016848731,163,1.1827847133321923,1.0,1.1827847494330395,0.25843383187781527,0.9813716745283035,0.0,0.7229378426504882,"[[1.01, 3.0]]",1,1.0,1.0,1.99,[],nan,nan,nan
100,8.0,0.8,64.00000000000001,1.6156640016848731,164,3.0,1.0,3.0,0.3561907539064619,1.2693360556877018,1.0,0.9131453017812399,"[[1.408, 3.0]]",1,1.0,0.0,1.592,[],nan,nan,nan
100,8.0,0.8,64.00000000000001,1.6156640016848731,165,1.2923177473970398,1.0,1.2923177828519752,0.304118002726502,1.2230017276611072,0.0,0.9188837249346051,"[[1.01, 3.0]]",1,1.0,1.0,1.99,[],nan,nan,nan
100,8.0,0.8,64.00000000000001,1.6156640016848731,166,1.01,1.0,1.01,0.34839389326961906,0.9349537545319184,1.0,0.5865598612622993,"[[1.01, 3.0]]",1,1.0,1.0,1.99,[],nan,nan,nan
100,8.0,0.8,64.00000000000001,1.6156640016848731,167,2.24463432449327,1.0,2.244641253234605,0.40824490792991125,1.4039326408220911,0.0,0.9956877328921798,"[[1.01, 3.0]]",1,1.0,1.0,1.99,[],nan,nan,nan
100,8.0,0.8,64.00000000000001,1.6156640016848731,168,1.01,1.0,1.01,0.20626972037262395,1.0705999978686405,1.0,0.8643302774960165,"[[1.01, 2.1642]]",1,1.0,0.0,1.1542000000000001,[],nan,nan,nan
100,8.0,0.8,64.00000000000001,1.6156640016848731,169,1.01,1.0,1.01,0.21788001242286817,1.0276273108245833,1.0,0.8097472984017151,"[[1.01, 2.801]]",1,1.0,0.0,1.7910000000000001,[],nan,nan,nan
100,8.0,0.8,64.00000000000001,1.6156640016848731,170,1.7578049790103627,1.0,1.7578054951878144,0.3442040872427533,1.1337113509647327,0.0,0.7895072637219794,"[[1.01, 3.0]]",1,1.0,1.0,1.99,[],nan,nan,nan
100,8.0,0.8,64.00000000000001,1.6156640016848731,171,1.01,1.0,1.01,0.1959839271395212,1.377338821239036,1.0,1.1813548940995149,"[[1.01, 1.8856000000000002]]",1,1.0,0.0,0.8756000000000002,[],nan,nan,nan
100,8.0,0.8,64.00000000000001,1.6156640016848731,172,2.2998131377448385,1.0,2.29981357893767,0.4077925172234374,1.1312544088313186,0.0,0.7234618916078812,"[[1.01, 3.0]]",1,1.0,1.0,1.99,[],nan,nan,nan
100,8.0,0.8,64.00000000000001,1.6156640016848731,173,1.1463554263493982,1.0,1.146354314474324,0.29419824371910736,1.190433604477004,0.0,0.8962353607578968,"[[1.01, 3.0]]",1,1.0,1.0,1.99,[],nan,nan,nan
100,8.0,0.8,64.00000000000001,1.6156640016848731,174,1.878333588855472,1.0,1.8783336036543865,0.32945927814767745,1.422446588057756,0.0,1.0929873099100784,"[[1.01, 3.0]]",1,1.0,1.0,1.99,[],nan,nan,nan
100,8.0,0.8,64.00000000000001,1.6156640016848731,175,3.0,1.0,3.0,0.3922683925440225,1.1435966185098545,1.0,0.751328225965832,"[[1.2488000000000001, 3.0]]",1,1.0,0.0,1.7511999999999999,[],nan,nan,nan
100,8.0,0.8,64.00000000000001,1.6156640016848731,176,3.0,1.0,3.0,0.40984430299798447,1.0012547620064045,1.0,0.59141045900842,"[[1.01, 3.0]]",1,1.0,1.0,1.99,[],nan,nan,nan
100,8.0,0.8,64.00000000000001,1.6156640016848731,177,2.0318879609526412,1.0,2.0318880404261317,0.45814066292927225,1.0980672524389312,0.0,0.639926589509659,"[[1.01, 3.0]]",1,1.0,1.0,1.99,[],nan,nan,nan
100,8.0,0.8,64.00000000000001,1.6156640016848731,178,1.01,1.0,1.01,0.3209574255382083,0.9227415196780125,1.0,0.6017840941398043,"[[1.01, 2.5224]]",1,1.0,0.0,1.5124000000000002,[],nan,nan,nan
100,8.0,0.8,64.00000000000001,1.6156640016848731,179,1.524063549703356,1.0,1.524063978014159,0.3126543220296468,1.1186778180973838,0.0,0.8060234960677369,"[[1.01, 3.0]]",1,1.0,1.0,1.99,[],nan,nan,nan
100,16.0,1.6,256.00000000000006,3.5957515875850254,0,1.1220791022721195,1.0,1.1220787972375255,0.35223994491456095,1.458498188184937,0.0,1.106258243270376,"[[1.01, 3.0]]",1,1.0,1.0,1.99,"[[1.01, 1.234157594475051]]",0.0,0.0,0.2241575944750509
100,16.0,1.6,256.00000000000006,3.5957515875850254,1,2.293782312585559,1.0,2.2937818219019888,0.43043349140411363,2.282044028854475,0.0,1.8516105374503615,"[[1.209, 3.0]]",1,1.0,0.0,1.791,"[[1.5875636438039775, 3.0]]",0.0,0.0,1.4124363561960225
100,16.0,1.6,256.00000000000006,3.5957515875850254,2,1.698695438776947,1.0,1.6986956764806442,0.3574177571294278,2.230759979753854,0.0,1.873342222624426,"[[1.01, 3.0]]",1,1.0,1.0,1.99,"[[1.01, 2.3873913529612887]]",1.0,0.0,1.3773913529612887
100,16.0,1.6,256.00000000000006,3.5957515875850254,3,1.398687784167354,1.0,1.398687794619782,0.27756882156546997,1.777555302386656,0.0,1.499986480821186,"[[1.01, 2.7214]]",1,1.0,0.0,1.7114,"[[1.01, 1.787375589239564]]",1.0,0.0,0.777375589239564
100,16.0,1.6,256.00000000000006,3.5957515875850254,4,1.6951984983557977,1.0,1.6951951460649628,0.4126181655408656,1.6945849921102323,0.0,1.2819668265693667,"[[1.01, 3.0]]",1,1.0,1.0,1.99,"[[1.01, 2.380390292129926]]",1.0,0.0,1.3703902921299258
100,16.0,1.6,256.00000000000006,3.5957515875850254,5,1.2963270147644876,1.0,1.296326991016943,0.2559168090981386,1.9982822268757228,0.0,1.7423654177775842,"[[1.01, 2.403]]",1,1.0,0.0,1.393,"[[1.01, 1.582653982033886]]",1.0,0.0,0.5726539820338861
100,16.0,1.6,256.00000000000006,3.5957515875850254,6,1.2491562846163633,1.0,1.2491556670848525,0.17186451078195167,2.0913149451157236,0.0,1.919450434333772,"[[1.01, 2.1244]]",1,1.0,0.0,1.1144,"[[1.01, 1.488311334169705]]",0.0,0.0,0.47831133416970495
100,16.0,1.6,256.00000000000006,3.5957515875850254,7,1.01,1.0,1.01,0.11175834344125041,2.1391823840513244,1.0,2.027424040610074,"[[1.01, 1.607]]",1,1.0,0.0,0.597,"[[1.01, 1.01]]",0.0,0.0,0.0
100,16.0,1.6,256.00000000000006,3.5957515875850254,8,1.01,1.0,1.01,0.21962339695499994,1.6983676425212524,1.0,1.4787442455662525,"[[1.01, 2.005]]",1,1.0,0.0,0.9949999999999999,"[[1.01, 1.01]]",0.0,0.0,0.0
100,16.0,1.6,256.00000000000006,3.5957515875850254,9,1.4632476236455452,1.0,1.4632476062651858,0.2850817538879969,1.579438951053711,0.0,1.2943571971657142,"[[1.01, 3.0]]",1,1.0,1.0,1.99,"[[1.01, 1.9164952125303716]]",1.0,0.0,0.9064952125303716
100,16.0,1.6,256.00000000000006,3.5957515875850254,10,3.0,0.0,3.0,0.5083507195837186,1.758304497592424,1.0,1.2499537780087056,"[[1.3284, 3.0]]",1,1.0,0.0,1.6716,"[[3.0, 3.0]]",0.0,0.0,0.0
100,16.0,1.6,256.00000000000006,3.5957515875850254,11,1.9919301515988552,1.0,1.9919302106445507,0.42155230955455303,1.5796868097217176,0.0,1.1581345001671646,"[[1.01, 3.0]]",1,1.0,1.0,1.99,"[[1.01, 2.9738604212891016]]",1.0,0.0,1.9638604212891015
100,16.0,1.6,256.00000000000006,3.5957515875850254,12,1.9368448455754372,1.0,1.9368463436555479,0.40772705691507666,1.4598285367384853,0.0,1.0521014798234087,"[[1.01, 3.0]]",1,1.0,1.0,1.99,"[[1.01, 2.8636926873110955]]",1.0,0.0,1.8536926873110955
100,16.0,1.6,256.00000000000006,3.5957515875850254,13,2.9424929198761545,0.0,2.9424932720920682,0.4571365479852869,1.9451789213917592,0.0,1.4880423734064723,"[[1.408, 3.0]]",1,1.0,0.0,1.592,"[[2.8849865441841365, 3.0]]",0.0,0.0,0.11501345581586353
100,16.0,1.6,256.00000000000006,3.5957515875850254,14,1.9688308711676448,1.0,1.9688307711069715,0.3722833852555424,1.875965085669463,0.0,1.5036817004139205,"[[1.01, 3.0]]",1,1.0,1.0,1.99,"[[1.01, 2.9276615422139427]]",1.0,0.0,1.9176615422139427
100,16.0,1.6,256.00000000000006,3.5957515875850254,15,1.3431315640909316,1.0,1.343131517729045,0.22439560390138286,2.019206087836396,0.0,1.7948104839350132,"[[1.01, 2.3234000000000004]]",1,1.0,0.0,1.3134000000000003,"[[1.01, 1.67626303545809]]",1.0,0.0,0.6662630354580901
100,16.0,1.6,256.00000000000006,3.5957515875850254,16,2.600807952913488,0.0,2.6008111630142685,0.4355584925246263,1.5313411017872312,0.0,1.0957826092626048,"[[1.01, 3.0]]",1,1.0,1.0,1.99,"[[2.201622326028537, 3.0]]",0.0,0.0,0.798377673971463
100,16.0,1.6,256.00000000000006,3.5957515875850254,17,1.4288468350972932,1.0,1.4288457424884449,0.3240637215758953,2.2893441121520772,0.0,1.965280390576182,"[[1.01, 2.6418]]",1,1.0,0.0,1.6318,"[[1.01, 1.8476914849768897]]",1.0,0.0,0.8376914849768897
100,16.0,1.6,256.00000000000006,3.5957515875850254,18,1.01,1.0,1.01,0.23832860517442336,1.5707501364642986,1.0,1.3324215312898753,"[[1.01, 1.8458]]",1,1.0,0.0,0.8358000000000001,"[[1.01, 1.01]]",0.0,0.0,0.0
100,16.0,1.6,256.00000000000006,3.5957515875850254,19,1.8070663374445575,1.0,1.8070662979905845,0.440693472943014,2.0025580233944447,0.0,1.5618645504514306,"[[1.01, 3.0]]",1,1.0,1.0,1.99,"[[1.01, 2.604132595981169]]",1.0,0.0,1.5941325959811692
100,16.0,1.6,256.00000000000006,3.5957515875850254,20,1.01,1.0,1.01,0.3240331684323441,1.605076948680523,1.0,1.2810437802481789,"[[1.01, 1.9254]]",1,1.0,0.0,0.9154,"[[1.01, 1.01]]",0.0,0.0,0.0
100,16.0,1.6,256.00000000000006,3.5957515875850254,21,1.079984201420664,1.0,1.0799842977859437,0.17358680045253247,1.7594868850230738,0.0,1.5859000845705413,"[[1.01, 2.0846]]",1,1.0,0.0,1.0746,"[[1.01, 1.1499685955718875]]",0.0,0.0,0.13996859557188746
100,16.0,1.6,256.00000000000006,3.5957515875850254,22,1.5123808201465991,1.0,1.5123808174333333,0.2664995586936448,1.9209028949749778,0.0,1.654403336281333,"[[1.01, 2.6816000000000004]]",1,1.0,0.0,1.6716000000000004,"[[1.01, 2.014761634866667]]",1.0,0.0,1.0047616348666668
100,16.0,1.6,256.00000000000006,3.5957515875850254,23,3.0,0.0,3.0,0.5881693397183176,1.7638814557366878,1.0,1.1757121160183701,"[[1.209, 3.0]]",1,1.0,0.0,1.791,"[[3.0, 3.0]]",0.0,0.0,0.0
100,16.0,1.6,256.00000000000006,3.5957515875850254,24,1.294516436290358,1.0,1.2945164210327857,0.268472840898558,2.423386096972355,0.0,2.154913256073797,"[[1.01, 2.2836]]",1,1.0,0.0,1.2735999999999998,"[[1.01, 1.5790328420655715]]",1.0,0.0,0.5690328420655715
100,16.0,1.6,256.00000000000006,3.5957515875850254,25,1.5373858179667232,1.0,1.5373803237995598,0.5005687337830113,1.625315023460269,0.0,1.1247462896772578,"[[1.01, 3.0]]",1,1.0,1.0,1.99,"[[1.01, 2.06476064759912]]",1.0,0.0,1.0547606475991198
100,16.0,1.6,256.00000000000006,3.5957515875850254,26,1.4346711125691283,1.0,1.434671495303267,0.3227577788971752,1.5937042955398586,0.0,1.2709465166426834,"[[1.01, 3.0]]",1,1.0,1.0,1.99,"[[1.01, 1.8593429906065342]]",1.0,0.0,0.8493429906065342
100,16.0,1.6,256.00000000000006,3.5957515875850254,27,1.7491062705662814,1.0,1.7491067459179988,0.379100252246906,1.7824103621405525,0.0,1.4033101098936465,"[[1.01, 3.0]]",1,1.0,1.0,1.99,"[[1.01, 2.4882134918359977]]",1.0,0.0,1.4782134918359977
100,16.0,1.6,256.00000000000006,3.5957515875850254,28,1.5730785691168185,1.0,1.5730827752648053,0.41193361624964947,2.0551223418277127,0.0,1.6431887255780633,"[[1.01, 3.0]]",1,1.0,1.0,1.99,"[[1.01, 2.1361655505296104]]",1.0,0.0,1.1261655505296104
100,16.0,1.6,256.00000000000006,3.5957515875850254,29,2.2957202913353116,1.0,2.295720289985428,0.43881145566854685,2.403861947647338,0.0,1.9650504919787912,"[[1.2488000000000001, 3.0]]",1,1.0,0.0,1.7511999999999999,"[[1.5914405799708558, 3.0]]",0.0,0.0,1.4085594200291442
100,16.0,1.6,256.00000000000006,3.5957515875850254,30,2.114136525162548,1.0,2.1141372851648312,0.4601879790123755,2.0873687252479614,0.0,1.6271807462355858,"[[1.01, 3.0]]",1,1.0,1.0,1.99,"[[1.2282745703296625, 3.0]]",1.0,0.0,1.7717254296703375
100,16.0,1.6,256.00000000000006,3.5957515875850254,31,1.01,1.0,1.01,0.02,2.0276454978589773,1.0,2.0076454978589773,"[[1.01, 1.408]]",1,0.0,0.0,0.3979999999999999,"[[1.01, 1.01]]",0.0,0.0,0.0
100,16.0,1.6,256.00000000000006,3.5957515875850254,32,1.7348312636081806,1.0,1.734831812779741,0.3252033261406688,2.1119799152172143,0.0,1.7867765890765455,"[[1.01, 3.0]]",1,1.0,1.0,1.99,"[[1.01, 2.4596636255594824]]",1.0,0.0,1.4496636255594824
100,16.0,1.6,256.00000000000006,3.5957515875850254,33,1.3574529157198998,1.0,1.3574531625232635,0.3544600787675199,1.7548220963332448,0.0,1.400362017565725,"[[1.01, 3.0]]",1,1.0,1.0,1.99,"[[1.01, 1.704906325046527]]",1.0,0.0,0.694906325046527
100,16.0,1.6,256.00000000000006,3.5957515875850254,34,2.843364905180773,0.0,2.8433645181809664,0.4188289222346903,2.3233900553831073,0.0,1.904561133148417,"[[1.607, 3.0]]",1,0.0,0.0,1.393,"[[2.6867290363619327, 3.0]]",0.0,0.0,0.3132709636380673
100,16.0,1.6,256.00000000000006,3.5957515875850254,35,1.3885485585430846,1.0,1.3885483851674543,0.26899560474686196,1.832603662850231,0.0,1.563608058103369,"[[1.01, 2.6418]]",1,1.0,0.0,1.6318,"[[1.01, 1.7670967703349085]]",1.0,0.0,0.7570967703349085
100,16.0,1.6,256.00000000000006,3.5957515875850254,36,1.8263825344903188,1.0,1.8263828266907676,0.41663163661667973,1.9906673341512748,0.0,1.574035697534595,"[[1.01, 3.0]]",1,1.0,1.0,1.99,"[[1.01, 2.6427656533815354]]",1.0,0.0,1.6327656533815353
100,16.0,1.6,256.00000000000006,3.5957515875850254,37,2.2790801793976234,1.0,2.2790804592006126,0.444166964923006,2.064158826717448,0.0,1.6199918617944422,"[[1.0896, 3.0]]",1,1.0,0.0,1.9104,"[[1.5581609184012253, 3.0]]",0.0,0.0,1.4418390815987747
100,16.0,1.6,256.00000000000006,3.5957515875850254,38,1.9512138683155735,1.0,1.9512146519822915,0.4211411519017352,2.3722458951502756,0.0,1.9511047432485404,"[[1.01, 3.0]]",1,1.0,1.0,1.99,"[[1.01, 2.747373095715767]]",1.0,0.0,1.737373095715767
100,16.0,1.6,256.00000000000006,3.5957515875850254,39,2.0271706499495052,1.0,2.027170360633296,0.35574230172174803,2.1132354478262805,0.0,1.7574931461045324,"[[1.0498, 3.0]]",1,1.0,0.0,1.9502,"[[1.054340721266592, 2.865827849258972]]",1.0,0.0,1.8114871279923799
100,16.0,1.6,256.00000000000006,3.5957515875850254,40,1.01,1.0,1.01,0.20548549833616236,1.9425546508329874,1.0,1.737069152496825,"[[1.01, 1.806]]",1,1.0,0.0,0.796,[],nan,nan,nan
100,16.0,1.6,256.00000000000006,3.5957515875850254,41,1.1593033446308485,1.0,1.159302703494451,0.27952988819964236,1.7699520670931213,0.0,1.4904221788934788,"[[1.01, 2.5224]]",1,1.0,0.0,1.5124000000000002,[],nan,nan,nan
100,16.0,1.6,256.00000000000006,3.5957515875850254,42,1.663650772448967,1.0,1.6636509897194605,0.38291393919066247,1.866215357784507,0.0,1.4833014185938447,"[[1.01, 3.0]]",1,1.0,1.0,1.99,[],nan,nan,nan
100,16.0,1.6,256.00000000000006,3.5957515875850254,43,1.1431804164827848,1.0,1.1431799406670757,0.2065302052541283,1.9344479804858887,0.0,1.7279177752317605,"[[1.01, 2.1642]]",1,1.0,0.0,1.1542000000000001,[],nan,nan,nan
100,16.0,1.6,256.00000000000006,3.5957515875850254,44,1.01,1.0,1.01,0.14920751390809417,1.8859841386013125,1.0,1.7367766246932184,"[[1.01, 1.7264]]",1,1.0,0.0,0.7163999999999999,[],nan,nan,nan
100,16.0,1.6,256.00000000000006,3.5957515875850254,45,1.01,1.0,1.01,0.16685523127890178,1.7517132149108043,1.0,1.5848579836319026,"[[1.01, 1.9652]]",1,1.0,0.0,0.9552,[],nan,nan,nan
100,16.0,1.6,256.00000000000006,3.5957515875850254,46,2.5205808902732327,1.0,2.5205813537724095,0.5366006636702378,1.8417615626188473,0.0,1.3051608989486094,"[[1.01, 3.0]]",1,1.0,1.0,1.99,[],nan,nan,nan
100,16.0,1.6,256.00000000000006,3.5957515875850254,47,1.01,1.0,1.01,0.2225634845192288,1.710067686208802,1.0,1.4875042016895732,"[[1.01, 1.8856000000000002]]",1,1.0,0.0,0.8756000000000002,[],nan,nan,nan
100,16.0,1.6,256.00000000000006,3.5957515875850254,48,1.7776576893035667,1.0,1.777657775268696,0.41206722780212474,1.9903819324605543,0.0,1.5783147046584296,"[[1.01, 3.0]]",1,1.0,1.0,1.99,[],nan,nan,nan
100,16.0,1.6,256.00000000000006,3.5957515875850254,49,1.1106051407177875,1.0,1.1106042585990306,0.15838302553817438,2.2230941616047235,0.0,2.064711136066549,"[[1.01, 2.005]]",1,1.0,0.0,0.9949999999999999,[],nan,nan,nan
100,16.0,1.6,256.00000000000006,3.5957515875850254,50,2.3724007818085426,1.0,2.3724011246058643,0.4799923377169997,1.8787452495531645,0.0,1.3987529118361648,"[[1.01, 3.0]]",1,1.0,1.0,1.99,[],nan,nan,nan
100,16.0,1.6,256.00000000000006,3.5957515875850254,51,1.2879620651816452,1.0,1.2879622061571303,0.2034921142805075,1.8920300371983545,0.0,1.688537922917847,"[[1.01, 2.2836]]",1,1.0,0.0,1.2735999999999998,[],nan,nan,nan
100,16.0,1.6,256.00000000000006,3.5957515875850254,52,1.5157357531740405,1.0,1.5157349865114826,0.26994865454557426,1.938409185899875,0.0,1.6684605313543008,"[[1.01, 2.7214]]",1,1.0,0.0,1.7114,[],nan,nan,nan
100,16.0,1.6,256.00000000000006,3.5957515875850254,53,1.1834115076687761,1.0,1.1834113844053902,0.2296655152379787,2.1878098538234267,0.0,1.958144338585448,"[[1.01, 2.1642]]",1,1.0,0.0,1.1542000000000001,[],nan,nan,nan
100,16.0,1.6,256.00000000000006,3.5957515875850254,54,1.1385679373040636,1.0,1.1385682676929536,0.16021929441800684,2.0466969480844024,0.0,1.8864776536663956,"[[1.01, 2.0448000000000004]]",1,1.0,0.0,1.0348000000000004,[],nan,nan,nan
100,16.0,1.6,256.00000000000006,3.5957515875850254,55,1.5345016687142339,1.0,1.534504017245661,0.3937779282255595,1.8452464269792723,0.0,1.4514684987537128,"[[1.01, 3.0]]",1,1.0,1.0,1.99,[],nan,nan,nan
100,16.0,1.6,256.00000000000006,3.5957515875850254,56,1.4273805136736397,1.0,1.4273810806189071,0.3032473675114705,2.092642179798907,0.0,1.7893948122874366,"[[1.01, 2.6418]]",1,1.0,0.0,1.6318,[],nan,nan,nan
100,16.0,1.6,256.00000000000006,3.5957515875850254,57,1.9609963974277935,1.0,1.9458703065722212,0.4379343149172808,2.5,1.0,2.062065685082719,"[[1.01, 3.0]]",1,1.0,1.0,1.99,[],nan,nan,nan
100,16.0,1.6,256.00000000000006,3.5957515875850254,58,1.01,1.0,1.01,0.1942570644405657,2.0244555749893074,1.0,1.8301985105487417,"[[1.01, 2.005]]",1,1.0,0.0,0.9949999999999999,[],nan,nan,nan
100,16.0,1.6,256.00000000000006,3.5957515875850254,59,1.1278489593989651,1.0,1.1278490810955732,0.22106807304154097,1.7005412706666747,0.0,1.4794731976251336,"[[1.01, 2.2836]]",1,1.0,0.0,1.2735999999999998,[],nan,nan,nan
100,16.0,1.6,256.00000000000006,3.5957515875850254,60,1.2871325835703145,1.0,1.2871326068440803,0.24085357639889993,2.1032435726246277,0.0,1.8623899962257278,"[[1.01, 2.3234000000000004]]",1,1.0,0.0,1.3134000000000003,[],nan,nan,nan
100,16.0,1.6,256.00000000000006,3.5957515875850254,61,2.0351119448315305,1.0,2.0351115966467317,0.35207136392049837,2.1853952362178264,0.0,1.833323872297328,"[[1.0896, 3.0]]",1,1.0,0.0,1.9104,[],nan,nan,nan
100,16.0,1.6,256.00000000000006,3.5957515875850254,62,1.3049809469552542,1.0,1.3049815164291498,0.27613365224920317,1.8833187443013157,0.0,1.6071850920521125,"[[1.01, 2.5224]]",1,1.0,0.0,1.5124000000000002,[],nan,nan,nan
100,16.0,1.6,256.00000000000006,3.5957515875850254,63,1.8673228413098832,1.0,1.867322995189512,0.33906902888090285,2.297516250991223,0.0,1.95844722211032,"[[1.01, 3.0]]",1,1.0,1.0,1.99,[],nan,nan,nan
100,16.0,1.6,256.00000000000006,3.5957515875850254,64,1.01,1.0,1.01,0.2398590658673235,1.445122537822936,1.0,1.2052634719556126,"[[1.01, 1.9652]]",1,1.0,0.0,0.9552,[],nan,nan,nan
100,16.0,1.6,256.00000000000006,3.5957515875850254,65,1.121005038107728,1.0,1.1210044545717914,0.17908839459944584,1.8737085559681281,0.0,1.6946201613686822,"[[1.01, 2.0846]]",1,1.0,0.0,1.0746,[],nan,nan,nan
100,16.0,1.6,256.00000000000006,3.5957515875850254,66,2.1494267131651283,1.0,2.1494267054498772,0.39978220214487836,1.6058461767138792,0.0,1.206063974569001,"[[1.01, 3.0]]",1,1.0,1.0,1.99,[],nan,nan,nan
100,16.0,1.6,256.00000000000006,3.5957515875850254,67,1.3175064255258808,1.0,1.3175063238402183,0.31281483797608334,2.202952763270341,0.0,1.8901379252942576,"[[1.01, 2.5224]]",1,1.0,0.0,1.5124000000000002,[],nan,nan,nan
100,16.0,1.6,256.00000000000006,3.5957515875850254,68,2.4760469511659333,1.0,2.476047046265843,0.4482591340897021,2.138054370160916,0.0,1.6897952360712138,"[[1.2488000000000001, 3.0]]",1,1.0,0.0,1.7511999999999999,[],nan,nan,nan
100,16.0,1.6,256.00000000000006,3.5957515875850254,69,1.5124648236399003,1.0,1.5124657507673407,0.3247667495755297,1.7948633176232314,0.0,1.4700965680477016,"[[1.01, 3.0]]",1,1.0,1.0,1.99,[],nan,nan,nan
100,16.0,1.6,256.00000000000006,3.5957515875850254,70,2.8764622877744768,0.0,2.8764623185255926,0.4567695580331112,2.28940647336255,0.0,1.8326369153294388,"[[1.5274, 3.0]]",1,0.0,0.0,1.4726,[],nan,nan,nan
100,16.0,1.6,256.00000000000006,3.5957515875850254,71,1.01,1.0,1.01,0.13425354242214274,1.8702568198757301,1.0,1.7360032774535874,"[[1.01, 1.9254]]",1,1.0,0.0,0.9154,[],nan,nan,nan
100,16.0,1.6,256.00000000000006,3.5957515875850254,72,1.5978287613740136,1.0,1.5877071718490197,0.3419033942691698,2.5,1.0,2.1580966057308304,"[[1.01, 2.7612]]",1,1.0,0.0,1.7512,[],nan,nan,nan
100,16.0,1.6,256.00000000000006,3.5957515875850254,73,1.262805338280888,1.0,1.2628050923590006,0.2091692331969911,2.1600119742019084,0.0,1.9508427410049172,"[[1.01, 2.2039999999999997]]",1,1.0,0.0,1.1939999999999997,[],nan,nan,nan
100,16.0,1.6,256.00000000000006,3.5957515875850254,74,1.0340863483151626,1.0,1.0340867531521472,0.18773974524496634,1.8120178863088878,0.0,1.6242781410639215,"[[1.01, 2.1244]]",1,1.0,0.0,1.1144,[],nan,nan,nan
100,16.0,1.6,256.00000000000006,3.5957515875850254,75,1.9469636119859972,1.0,1.9469637486023648,0.38260629817495434,2.4443787807258945,0.0,2.06177248255094,"[[1.01, 3.0]]",1,1.0,1.0,1.99,[],nan,nan,nan
100,16.0,1.6,256.00000000000006,3.5957515875850254,76,1.01,1.0,1.01,0.15938087549953378,2.049026389138549,1.0,1.8896455136390151,"[[1.01, 1.9652]]",1,1.0,0.0,0.9552,[],nan,nan,nan
100,16.0,1.6,256.00000000000006,3.5957515875850254,77,1.449228837444627,1.0,1.449228414221371,0.49739672229754894,1.8133725575469635,0.0,1.3159758352494144,"[[1.01, 3.0]]",1,1.0,1.0,1.99,[],nan,nan,nan
100,16.0,1.6,256.00000000000006,3.5957515875850254,78,1.4794856819197133,1.0,1.4794853547347566,0.35183496097344136,1.9963650381355993,0.0,1.644530077162158,"[[1.01, 3.0]]",1,1.0,1.0,1.99,[],nan,nan,nan
100,16.0,1.6,256.00000000000006,3.5957515875850254,79,1.5272039483759543,1.0,1.527204396101928,0.38123136059759594,1.6866133171454896,0.0,1.3053819565478937,"[[1.01, 3.0]]",1,1.0,1.0,1.99,[],nan,nan,nan
100,16.0,1.6,256.00000000000006,3.5957515875850254,80,1.01,1.0,1.01,0.18798303245697046,1.7942929738969526,1.0,1.6063099414399822,"[[1.01, 2.0448000000000004]]",1,1.0,0.0,1.0348000000000004,[],nan,nan,nan
100,16.0,1.6,256.00000000000006,3.5957515875850254,81,1.4589048390430326,1.0,1.4589042014378184,0.3468609970272167,2.2097904502805417,0.0,1.862929453253325,"[[1.01, 2.801]]",1,1.0,0.0,1.7910000000000001,[],nan,nan,nan
100,16.0,1.6,256.00000000000006,3.5957515875850254,82,1.0448191582598307,1.0,1.0448191584593332,0.08528416914588888,1.9842400388676809,0.0,1.8989558697217919,"[[1.01, 1.8856000000000002]]",1,1.0,0.0,0.8756000000000002,[],nan,nan,nan
100,16.0,1.6,256.00000000000006,3.5957515875850254,83,1.8269387693340733,1.0,1.8269392441601227,0.29608589672891017,2.4361038159024235,0.0,2.1400179191735136,"[[1.01, 2.9602000000000004]]",1,1.0,0.0,1.9502000000000004,[],nan,nan,nan
100,16.0,1.6,256.00000000000006,3.5957515875850254,84,1.01,1.0,1.01,0.15083007737955387,1.5857292459775763,1.0,1.4348991685980224,"[[1.01, 2.0448000000000004]]",1,1.0,0.0,1.0348000000000004,[],nan,nan,nan
100,16.0,1.6,256.00000000000006,3.5957515875850254,85,1.661058016857937,1.0,1.6610580168661748,0.34712344927774524,1.9195625205160793,0.0,1.572439071238334,"[[1.01, 3.0]]",1,1.0,1.0,1.99,[],nan,nan,nan
100,16.0,1.6,256.00000000000006,3.5957515875850254,86,1.01,1.0,1.01,0.23670333780836714,1.5678760325186312,1.0,1.331172694710264,"[[1.01, 2.0846]]",1,1.0,0.0,1.0746,[],nan,nan,nan
100,16.0,1.6,256.00000000000006,3.5957515875850254,87,1.01,1.0,1.01,0.27392225899965794,1.6934747394994494,1.0,1.4195524804997914,"[[1.01, 2.1244]]",1,1.0,0.0,1.1144,[],nan,nan,nan
100,16.0,1.6,256.00000000000006,3.5957515875850254,88,1.8071866071573899,1.0,1.8071798761009235,0.4280685632562609,1.7648971161004554,0.0,1.3368285528441946,"[[1.01, 3.0]]",1,1.0,1.0,1.99,[],nan,nan,nan
100,16.0,1.6,256.00000000000006,3.5957515875850254,89,1.2341430343069584,1.0,1.2341421762886107,0.18722280417543735,2.0502581560354574,0.0,1.86303535186002,"[[1.01, 2.1642]]",1,1.0,0.0,1.1542000000000001,[],nan,nan,nan
100,16.0,1.6,256.00000000000006,3.5957515875850254,90,1.5008150382059784,1.0,1.5008146017718746,0.285914717110774,1.7386787290721906,0.0,1.4527640119614165,"[[1.01, 2.9602000000000004]]",1,1.0,0.0,1.9502000000000004,[],nan,nan,nan
100,16.0,1.6,256.00000000000006,3.5957515875850254,91,1.850241477332683,1.0,1.8502416413217027,0.3632416620757616,1.9253517424002329,0.0,1.5621100803244712,"[[1.01, 3.0]]",1,1.0,1.0,1.99,[],nan,nan,nan
100,16.0,1.6,256.00000000000006,3.5957515875850254,92,1.01,1.0,1.01,0.18823729915041496,1.8416544182396284,1.0,1.6534171190892135,"[[1.01, 1.7264]]",1,1.0,0.0,0.7163999999999999,[],nan,nan,nan
100,16.0,1.6,256.00000000000006,3.5957515875850254,93,1.7629846511126466,1.0,1.7629847874917446,0.33619224096998596,1.9928749517966349,0.0,1.6566827108266489,"[[1.01, 3.0]]",1,1.0,1.0,1.99,[],nan,nan,nan
100,16.0,1.6,256.00000000000006,3.5957515875850254,94,1.306018922756877,1.0,1.3060188032818454,0.18780379186568105,2.0290157701509894,0.0,1.8412119782853085,"[[1.01, 2.2039999999999997]]",1,1.0,0.0,1.1939999999999997,[],nan,nan,nan
100,16.0,1.6,256.00000000000006,3.5957515875850254,95,1.1644280846461361,1.0,1.1644281494498565,0.2592949949813074,1.759208551499933,0.0,1.4999135565186255,"[[1.01, 2.4428]]",1,1.0,0.0,1.4328,[],nan,nan,nan
100,16.0,1.6,256.00000000000006,3.5957515875850254,96,1.0359370018117808,1.0,1.035936954149291,0.12927081821007233,1.9700677407388525,0.0,1.8407969225287801,"[[1.01, 1.9652]]",1,1.0,0.0,0.9552,[],nan,nan,nan
100,16.0,1.6,256.00000000000006,3.5957515875850254,97,3.0,0.0,3.0,0.39987236583635016,2.179060680280706,1.0,1.779188314444356,"[[2.0448000000000004, 3.0]]",1,0.0,0.0,0.9551999999999996,[],nan,nan,nan
100,16.0,1.6,256.00000000000006,3.5957515875850254,98,1.7648377209405806,1.0,1.7648377676949918,0.3237087640512454,2.378449034098615,0.0,2.0547402700473696,"[[1.01, 3.0]]",1,1.0,1.0,1.99,[],nan,nan,nan
100,16.0,1.6,256.00000000000006,3.5957515875850254,99,1.1699050843355034,1.0,1.1699050393797639,0.3114226025273143,1.681433671798882,0.0,1.3700110692715677,"[[1.01, 2.801]]",1,1.0,0.0,1.7910000000000001,[],nan,nan,nan
100,16.0,1.6,256.00000000000006,3.5957515875850254,100,1.0190358430351045,1.0,1.0190358503706363,0.11154746265071594,2.2231095951427493,0.0,2.1115621324920335,"[[1.01, 1.8856000000000002]]",1,1.0,0.0,0.8756000000000002,[],nan,nan,nan
100,16.0,1.6,256.00000000000006,3.5957515875850254,101,1.7095645663304588,1.0,1.7095645842845788,0.31992936485593804,2.2162740594553463,0.0,1.8963446945994082,"[[1.01, 3.0]]",1,1.0,1.0,1.99,[],nan,nan,nan
100,16.0,1.6,256.00000000000006,3.5957515875850254,102,2.532639612219162,1.0,2.532639669883188,0.4366549164829803,2.1659457463022465,0.0,1.7292908298192662,"[[1.3284, 3.0]]",1,1.0,0.0,1.6716,[],nan,nan,nan
100,16.0,1.6,256.00000000000006,3.5957515875850254,103,1.181023356830607,1.0,1.1810229321030372,0.27041704194511623,1.6288311367735815,0.0,1.3584140948284653,"[[1.01, 2.6020000000000003]]",1,1.0,0.0,1.5920000000000003,[],nan,nan,nan
100,16.0,1.6,256.00000000000006,3.5957515875850254,104,1.9217454561331584,1.0,1.921745483401272,0.3440951410647386,2.1214602482298237,0.0,1.7773651071650851,"[[1.01, 3.0]]",1,1.0,1.0,1.99,[],nan,nan,nan
100,16.0,1.6,256.00000000000006,3.5957515875850254,105,2.7230553244983056,0.0,2.723055686463998,0.4255309752646504,2.291672689405422,0.0,1.8661417141407715,"[[1.4876, 3.0]]",1,1.0,0.0,1.5124,[],nan,nan,nan
100,16.0,1.6,256.00000000000006,3.5957515875850254,106,1.2668362177784687,1.0,1.2668362330486116,0.15256834745143472,1.9986699285214042,0.0,1.8461015810699695,"[[1.01, 2.1244]]",1,1.0,0.0,1.1144,[],nan,nan,nan
100,16.0,1.6,256.00000000000006,3.5957515875850254,107,1.7217051437691233,1.0,1.7217077918226298,0.3949907003665918,2.228600045938503,0.0,1.8336093455719111,"[[1.01, 3.0]]",1,1.0,1.0,1.99,[],nan,nan,nan
100,16.0,1.6,256.00000000000006,3.5957515875850254,108,1.01,1.0,1.01,0.24506526468255235,1.8269066071129214,1.0,1.581841342430369,"[[1.01, 1.8856000000000002]]",1,1.0,0.0,0.8756000000000002,[],nan,nan,nan
100,16.0,1.6,256.00000000000006,3.5957515875850254,109,1.01,1.0,1.01,0.20650404420900068,1.7211708511859796,1.0,1.5146668069769789,"[[1.01, 2.1244]]",1,1.0,0.0,1.1144,[],nan,nan,nan
100,16.0,1.6,256.00000000000006,3.5957515875850254,110,1.0391441588825145,1.0,1.0391446172131875,0.24069499441734907,1.459503108632725,0.0,1.218808114215376,"[[1.01, 2.5224]]",1,1.0,0.0,1.5124000000000002,[],nan,nan,nan
100,16.0,1.6,256.00000000000006,3.5957515875850254,111,1.5925118492809502,1.0,1.5783325799785586,0.2324378215089621,2.5,1.0,2.267562178491038,"[[1.01, 2.403]]",1,1.0,0.0,1.393,[],nan,nan,nan
100,16.0,1.6,256.00000000000006,3.5957515875850254,112,1.453108484394026,1.0,1.4531074547521512,0.4838901693121868,1.5646354660185382,0.0,1.0807452967063513,"[[1.01, 3.0]]",1,1.0,1.0,1.99,[],nan,nan,nan
100,16.0,1.6,256.00000000000006,3.5957515875850254,113,1.5320393929133511,1.0,1.532039551603069,0.3025211912924545,2.13825203469142,0.0,1.8357308433989654,"[[1.01, 2.7612]]",1,1.0,0.0,1.7512,[],nan,nan,nan
100,16.0,1.6,256.00000000000006,3.5957515875850254,114,1.2935218563723763,1.0,1.293521857803139,0.25142311055829925,1.7172472207301877,0.0,1.4658241101718885,"[[1.01, 2.5224]]",1,1.0,0.0,1.5124000000000002,[],nan,nan,nan
100,16.0,1.6,256.00000000000006,3.5957515875850254,115,1.1818228633585761,1.0,1.1818232595536162,0.30006220833463537,1.8770307953743182,0.0,1.5769685870396828,"[[1.01, 2.5622]]",1,1.0,0.0,1.5521999999999998,[],nan,nan,nan
100,16.0,1.6,256.00000000000006,3.5957515875850254,116,1.0879146696814754,1.0,1.0879146248945297,0.11247569590298315,2.3771265944511417,0.0,2.2646508985481586,"[[1.01, 1.8856000000000002]]",1,1.0,0.0,0.8756000000000002,[],nan,nan,nan
100,16.0,1.6,256.00000000000006,3.5957515875850254,117,1.01,1.0,1.01,0.3017791866149089,1.8439945715508663,1.0,1.5422153849359574,"[[1.01, 2.4428]]",1,1.0,0.0,1.4328,[],nan,nan,nan
100,16.0,1.6,256.00000000000006,3.5957515875850254,118,1.4140887537503675,1.0,1.4140892603786852,0.30604082621204004,1.728917436690339,0.0,1.422876610478299,"[[1.01, 3.0]]",1,1.0,1.0,1.99,[],nan,nan,nan
100,16.0,1.6,256.00000000000006,3.5957515875850254,119,1.01,1.0,1.01,0.23570401973168498,2.001637084013755,1.0,1.7659330642820703,"[[1.01, 1.806]]",1,1.0,0.0,0.796,[],nan,nan,nan
100,16.0,1.6,256.00000000000006,3.5957515875850254,120,1.7732803007258977,1.0,1.7732805691935853,0.2956387438650187,2.076438817030012,0.0,1.7808000731649933,"[[1.01, 3.0]]",1,1.0,1.0,1.99,[],nan,nan,nan
100,16.0,1.6,256.00000000000006,3.5957515875850254,121,1.01,1.0,1.01,0.13129715292852537,1.7759030495152819,1.0,1.6446058965867565,"[[1.01, 1.8856000000000002]]",1,1.0,0.0,0.8756000000000002,[],nan,nan,nan
100,16.0,1.6,256.00000000000006,3.5957515875850254,122,1.01,1.0,1.01,0.02,2.057604273526851,1.0,2.037604273526851,"[[1.01, 1.4876]]",1,1.0,0.0,0.4776,[],nan,nan,nan
100,16.0,1.6,256.00000000000006,3.5957515875850254,123,1.7122883939938527,1.0,1.712281260981404,0.4966269794825692,2.0608348533078935,0.0,1.5642078738253242,"[[1.01, 3.0]]",1,1.0,1.0,1.99,[],nan,nan,nan
100,16.0,1.6,256.00000000000006,3.5957515875850254,124,1.01,1.0,1.01,0.3319115910751311,1.4956868943903339,1.0,1.1637753033152027,"[[1.01, 3.0]]",1,1.0,1.0,1.99,[],nan,nan,nan
100,16.0,1.6,256.00000000000006,3.5957515875850254,125,1.2611863027958623,1.0,1.261186304939626,0.18062694477115515,1.8497706659460937,0.0,1.6691437211749385,"[[1.01, 2.2039999999999997]]",1,1.0,0.0,1.1939999999999997,[],nan,nan,nan
100,16.0,1.6,256.00000000000006,3.5957515875850254,126,1.119953804566511,1.0,1.1199537668364496,0.23211900906277932,1.4611701099717376,0.0,1.2290511009089582,"[[1.01, 2.5224]]",1,1.0,0.0,1.5124000000000002,[],nan,nan,nan
100,16.0,1.6,256.00000000000006,3.5957515875850254,127,1.1966731306032095,1.0,1.1966730283292375,0.21797693015721822,1.9388075359912436,0.0,1.7208306058340253,"[[1.01, 2.2438000000000002]]",1,1.0,0.0,1.2338000000000002,[],nan,nan,nan
100,16.0,1.6,256.00000000000006,3.5957515875850254,128,2.512565081432031,1.0,2.5125651735066405,0.4601721660519908,2.1257440672501047,0.0,1.6655719011981138,"[[1.2488000000000001, 3.0]]",1,1.0,0.0,1.7511999999999999,[],nan,nan,nan
100,16.0,1.6,256.00000000000006,3.5957515875850254,129,2.0738769937406314,1.0,2.073877158429157,0.3773148339425104,2.335388286263849,0.0,1.9580734523213388,"[[1.1294, 3.0]]",1,1.0,0.0,1.8706,[],nan,nan,nan
100,16.0,1.6,256.00000000000006,3.5957515875850254,130,2.2369993164711355,1.0,2.237000351027978,0.5070388283924313,1.748282465154186,0.0,1.2412436367617548,"[[1.01, 3.0]]",1,1.0,1.0,1.99,[],nan,nan,nan
100,16.0,1.6,256.00000000000006,3.5957515875850254,131,3.0,0.0,3.0,0.524069033145153,1.8114466269997302,1.0,1.2873775938545773,"[[1.209, 3.0]]",1,1.0,0.0,1.791,[],nan,nan,nan
100,16.0,1.6,256.00000000000006,3.5957515875850254,132,1.3490111995027108,1.0,1.3490109364986314,0.3694280730747612,1.6838591016841433,0.0,1.314431028609382,"[[1.01, 3.0]]",1,1.0,1.0,1.99,[],nan,nan,nan
100,16.0,1.6,256.00000000000006,3.5957515875850254,133,1.8465892334694074,1.0,1.8465892442028056,0.38491351068178703,1.8453839135123848,0.0,1.4604704028305977,"[[1.01, 3.0]]",1,1.0,1.0,1.99,[],nan,nan,nan
100,16.0,1.6,256.00000000000006,3.5957515875850254,134,1.8703336642298607,1.0,1.8703334377614957,0.36304223285257853,2.0138243203938866,0.0,1.650782087541308,"[[1.01, 3.0]]",1,1.0,1.0,1.99,[],nan,nan,nan
100,16.0,1.6,256.00000000000006,3.5957515875850254,135,1.7643576486660348,1.0,1.764350270977066,0.42809389436190526,1.8962913754796848,0.0,1.4681974811177796,"[[1.01, 3.0]]",1,1.0,1.0,1.99,[],nan,nan,nan
100,16.0,1.6,256.00000000000006,3.5957515875850254,136,1.4538338633988206,1.0,1.4538357386207728,0.3484599778076875,1.7156521366124131,0.0,1.3671921588047256,"[[1.01, 3.0]]",1,1.0,1.0,1.99,[],nan,nan,nan
100,16.0,1.6,256.00000000000006,3.5957515875850254,137,1.5675812738055674,1.0,1.5675812276905805,0.43665917545909,2.045767266642598,0.0,1.6091080911835078,"[[1.01, 3.0]]",1,1.0,1.0,1.99,[],nan,nan,nan
100,16.0,1.6,256.00000000000006,3.5957515875850254,138,1.6938214342003763,1.0,1.6938214334236978,0.2317513018739973,2.340295851800888,0.0,2.1085445499268904,"[[1.01, 2.6020000000000003]]",1,1.0,0.0,1.5920000000000003,[],nan,nan,nan
100,16.0,1.6,256.00000000000006,3.5957515875850254,139,1.5033715091319144,1.0,1.5033702336761654,0.31771519603019027,1.7736582943654013,0.0,1.455943098335211,"[[1.01, 3.0]]",1,1.0,1.0,1.99,[],nan,nan,nan
100,16.0,1.6,256.00000000000006,3.5957515875850254,140,1.7018851261199686,1.0,1.7018851506376254,0.3567204461603071,2.34743277342398,0.0,1.9907123272636729,"[[1.01, 3.0]]",1,1.0,1.0,1.99,[],nan,nan,nan
100,16.0,1.6,256.00000000000006,3.5957515875850254,141,1.2573519973581218,1.0,1.2573519871732297,0.27078907649571826,1.789223283064219,0.0,1.5184342065685006,"[[1.01, 2.5224]]",1,1.0,0.0,1.5124000000000002,[],nan,nan,nan
100,16.0,1.6,256.00000000000006,3.5957515875850254,142,2.562877220951567,0.0,2.5628772483446474,0.4054320217177255,1.8400790341478623,0.0,1.434647012430137,"[[1.2886, 3.0]]",1,1.0,0.0,1.7114,[],nan,nan,nan
100,16.0,1.6,256.00000000000006,3.5957515875850254,143,1.01,1.0,1.01,0.17858770679707425,2.1320256831762396,1.0,1.9534379763791654,"[[1.01, 1.9254]]",1,1.0,0.0,0.9154,[],nan,nan,nan
100,16.0,1.6,256.00000000000006,3.5957515875850254,144,1.6728693875644087,1.0,1.6728693964931634,0.30110591266653003,1.8525517901496147,0.0,1.5514458774830846,"[[1.01, 3.0]]",1,1.0,1.0,1.99,[],nan,nan,nan
100,16.0,1.6,256.00000000000006,3.5957515875850254,145,2.2430054672072046,1.0,2.2430057761934443,0.459198390812939,1.8578148248723017,0.0,1.3986164340593628,"[[1.01, 3.0]]",1,1.0,1.0,1.99,[],nan,nan,nan
100,16.0,1.6,256.00000000000006,3.5957515875850254,146,1.3665048806254012,1.0,1.3665048732407816,0.3308538303554418,1.6605781599339844,0.0,1.3297243295785426,"[[1.01, 3.0]]",1,1.0,1.0,1.99,[],nan,nan,nan
100,16.0,1.6,256.00000000000006,3.5957515875850254,147,2.47877986867596,1.0,2.4787798812744604,0.38356645132668593,1.7806630944981268,0.0,1.3970966431714409,"[[1.2488000000000001, 3.0]]",1,1.0,0.0,1.7511999999999999,[],nan,nan,nan
100,16.0,1.6,256.00000000000006,3.5957515875850254,148,1.2993890010949878,1.0,1.29938899329485,0.22537548331448906,2.0998388743979164,0.0,1.8744633910834274,"[[1.01, 2.2836]]",1,1.0,0.0,1.2735999999999998,[],nan,nan,nan
100,16.0,1.6,256.00000000000006,3.5957515875850254,149,1.802687963953176,1.0,1.802688032783435,0.3270732182074878,2.2674647747722525,0.0,1.9403915565647647,"[[1.01, 3.0]]",1,1.0,1.0,1.99,[],nan,nan,nan
100,16.0,1.6,256.00000000000006,3.5957515875850254,150,1.4549075411142782,1.0,1.4549078114050615,0.3316237514807448,1.865169155308246,0.0,1.5335454038275012,"[[1.01, 3.0]]",1,1.0,1.0,1.99,[],nan,nan,nan
100,16.0,1.6,256.00000000000006,3.5957515875850254,151,1.01,1.0,1.01,0.0850371138320142,2.034598129596826,1.0,1.9495610157648118,"[[1.01, 1.6468]]",1,1.0,0.0,0.6368,[],nan,nan,nan
100,16.0,1.6,256.00000000000006,3.5957515875850254,152,1.6795840818913617,1.0,1.6795841199594637,0.34176842699134424,2.2539881835677016,0.0,1.9122197565763575,"[[1.01, 3.0]]",1,1.0,1.0,1.99,[],nan,nan,nan
100,16.0,1.6,256.00000000000006,3.5957515875850254,153,1.01,1.0,1.01,0.20442119149828808,1.6612322582494987,1.0,1.4568110667512106,"[[1.01, 1.6468]]",1,1.0,0.0,0.6368,[],nan,nan,nan
100,16.0,1.6,256.00000000000006,3.5957515875850254,154,2.1620646143035605,1.0,2.162064605362469,0.4327793374642324,2.1860969881878596,0.0,1.7533176507236272,"[[1.0896, 3.0]]",1,1.0,0.0,1.9104,[],nan,nan,nan
100,16.0,1.6,256.00000000000006,3.5957515875850254,155,2.0594612492202877,1.0,2.0594623585097795,0.33388339337472994,2.241989401389866,0.0,1.9081060080151362,"[[1.1692, 3.0]]",1,1.0,0.0,1.8308,[],nan,nan,nan
100,16.0,1.6,256.00000000000006,3.5957515875850254,156,1.6248730953905528,1.0,1.6248738642947052,0.31594551388450126,2.039497652894635,0.0,1.7235521390101338,"[[1.01, 3.0]]",1,1.0,1.0,1.99,[],nan,nan,nan
100,16.0,1.6,256.00000000000006,3.5957515875850254,157,2.3175122261860905,1.0,2.317512441183018,0.5549017190461332,1.486254739638466,0.0,0.9313530205923328,"[[1.01, 3.0]]",1,1.0,1.0,1.99,[],nan,nan,nan
100,16.0,1.6,256.00000000000006,3.5957515875850254,158,1.2978154518277336,1.0,1.2978154826624968,0.16250032349288296,2.1770908033951804,0.0,2.0145904799022976,"[[1.01, 2.1244]]",1,1.0,0.0,1.1144,[],nan,nan,nan
100,16.0,1.6,256.00000000000006,3.5957515875850254,159,1.6386122180069667,1.0,1.6386111474334193,0.41475084835915343,1.7191684536775498,0.0,1.3044176053183962,"[[1.01, 3.0]]",1,1.0,1.0,1.99,[],nan,nan,nan
100,16.0,1.6,256.00000000000006,3.5957515875850254,160,1.01,1.0,1.01,0.17049427802597042,1.7084520843366642,1.0,1.5379578063106938,"[[1.01, 1.9652]]",1,1.0,0.0,0.9552,[],nan,nan,nan
100,16.0,1.6,256.00000000000006,3.5957515875850254,161,1.9992472962394443,1.0,1.9992473232471788,0.4254585991351791,2.0053954367159657,0.0,1.5799368375807865,"[[1.01, 3.0]]",1,1.0,1.0,1.99,[],nan,nan,nan
100,16.0,1.6,256.00000000000006,3.5957515875850254,162,2.098869581013097,1.0,2.0988694478012992,0.4212051896586441,2.0068952683284813,0.0,1.5856900786698371,"[[1.01, 3.0]]",1,1.0,1.0,1.99,[],nan,nan,nan
100,16.0,1.6,256.00000000000006,3.5957515875850254,163,1.5138261828237296,1.0,1.5138253687714005,0.26120373352997145,2.010767840674482,0.0,1.7495641071445105,"[[1.01, 2.6418]]",1,1.0,0.0,1.6318,[],nan,nan,nan
100,16.0,1.6,256.00000000000006,3.5957515875850254,164,1.9681107901870214,1.0,1.9681103996290605,0.45242178314866627,1.9832537039730362,0.0,1.53083192082437,"[[1.01, 3.0]]",1,1.0,1.0,1.99,[],nan,nan,nan
100,16.0,1.6,256.00000000000006,3.5957515875850254,165,1.1060790525099127,1.0,1.106079070389344,0.06359258453230504,2.3392216649713524,0.0,2.2756290804390473,"[[1.01, 1.806]]",1,1.0,0.0,0.796,[],nan,nan,nan
100,16.0,1.6,256.00000000000006,3.5957515875850254,166,2.3352411699411393,1.0,2.3352405463786514,0.40250874538855197,2.2283458656102826,0.0,1.8258371202217307,"[[1.2886, 3.0]]",1,1.0,0.0,1.7114,[],nan,nan,nan
100,16.0,1.6,256.00000000000006,3.5957515875850254,167,1.01,1.0,1.01,0.2644201185217195,1.978042937887898,1.0,1.7136228193661787,"[[1.01, 1.7662]]",1,1.0,0.0,0.7562,[],nan,nan,nan
100,16.0,1.6,256.00000000000006,3.5957515875850254,168,1.1875975571648918,1.0,1.187597599832937,0.28596045612376714,1.809451259899613,0.0,1.523490803775846,"[[1.01, 2.5224]]",1,1.0,0.0,1.5124000000000002,[],nan,nan,nan
100,16.0,1.6,256.00000000000006,3.5957515875850254,169,1.6620274888959532,1.0,1.6620277146140874,0.29311237135949975,2.1444602674981335,0.0,1.8513478961386336,"[[1.01, 2.8806000000000003]]",1,1.0,0.0,1.8706000000000003,[],nan,nan,nan
100,16.0,1.6,256.00000000000006,3.5957515875850254,170,1.7463054299694063,1.0,1.7463055289694924,0.2959069845685943,1.6182028338926486,0.0,1.3222958493240542,"[[1.01, 3.0]]",1,1.0,1.0,1.99,[],nan,nan,nan
100,16.0,1.6,256.00000000000006,3.5957515875850254,171,1.4465746188611839,1.0,1.446574604014017,0.3791941265936973,1.882321734217603,0.0,1.5031276076239057,"[[1.01, 3.0]]",1,1.0,1.0,1.99,[],nan,nan,nan
100,16.0,1.6,256.00000000000006,3.5957515875850254,172,1.1589849834932557,1.0,1.1589842399526402,0.24408148790856635,1.8960135452181266,0.0,1.6519320573095602,"[[1.01, 2.3234000000000004]]",1,1.0,0.0,1.3134000000000003,[],nan,nan,nan
100,16.0,1.6,256.00000000000006,3.5957515875850254,173,1.01,1.0,1.01,0.23279113532569579,2.11486744108723,1.0,1.8820763057615344,"[[1.01, 1.6866]]",1,1.0,0.0,0.6766000000000001,[],nan,nan,nan
100,16.0,1.6,256.00000000000006,3.5957515875850254,174,1.01,1.0,1.01,0.1587625367317298,1.960728765474514,1.0,1.8019662287427842,"[[1.01, 1.9254]]",1,1.0,0.0,0.9154,[],nan,nan,nan
100,16.0,1.6,256.00000000000006,3.5957515875850254,175,1.5331908366755056,1.0,1.53319107097349,0.3404705308480334,1.9094868450109863,0.0,1.569016314162953,"[[1.01, 3.0]]",1,1.0,1.0,1.99,[],nan,nan,nan
100,16.0,1.6,256.00000000000006,3.5957515875850254,176,3.0,0.0,3.0,0.42830327158893966,2.5,1.0,2.0716967284110606,"[[1.9254, 3.0]]",1,0.0,0.0,1.0746,[],nan,nan,nan
100,16.0,1.6,256.00000000000006,3.5957515875850254,177,1.5633656351969292,1.0,1.563365635491271,0.27529289036312266,2.0235286592111645,0.0,1.7482357688480419,"[[1.01, 2.7214]]",1,1.0,0.0,1.7114,[],nan,nan,nan
100,16.0,1.6,256.00000000000006,3.5957515875850254,178,1.7491706529493505,1.0,1.7491706774244982,0.3513502068697268,1.5992694399931955,0.0,1.2479192331234688,"[[1.01, 3.0]]",1,1.0,1.0,1.99,[],nan,nan,nan
100,16.0,1.6,256.00000000000006,3.5957515875850254,179,1.9751779793709252,1.0,1.9751825927819993,0.3950998547253362,1.495745819474695,0.0,1.100645964749359,"[[1.01, 3.0]]",1,1.0,1.0,1.99,[],nan,nan,nan
400,0.5,0.025,0.25000000000000006,0.012943935293148284,0,2.040879385617865,1.0,2.040879561765252,0.3492786454878934,0.3247579373813189,0.0,0.024520708106574474,"[[1.01, 3.0]]",1,1.0,1.0,1.99,"[[1.081759123530504, 3.0]]",1.0,0.0,1.918240876469496
400,0.5,0.025,0.25000000000000006,0.012943935293148284,1,3.0,1.0,1.01,0.3528431879912768,0.3311899450944149,1.0,0.02165324289686188,"[[1.01, 3.0]]",1,1.0,1.0,1.99,"[[1.01, 1.01]]",0.0,0.0,0.0
400,0.5,0.025,0.25000000000000006,0.012943935293148284,2,3.0,1.0,3.0,0.32914648228015747,0.34345947173291635,1.0,0.014312989452758884,"[[1.01, 3.0]]",1,1.0,1.0,1.99,"[[3.0, 3.0]]",0.0,0.0,0.0
400,0.5,0.025,0.25000000000000006,0.012943935293148284,3,3.0,1.0,3.0,0.3392195266292019,0.39880821371366015,1.0,0.05958868708445825,"[[1.01, 3.0]]",1,1.0,1.0,1.99,"[[3.0, 3.0]]",0.0,0.0,0.0
400,0.5,0.025,0.25000000000000006,0.012943935293148284,4,1.01,1.0,1.01,0.3144074884571731,0.3672383635332426,1.0,0.05283087507606948,"[[1.01, 3.0]]",1,1.0,1.0,1.99,"[[1.01, 1.01]]",0.0,0.0,0.0
400,0.5,0.025,0.25000000000000006,0.012943935293148284,5,3.0,1.0,3.0,0.33021968045376004,0.3526870984366799,1.0,0.022467417982919846,"[[1.01, 3.0]]",1,1.0,1.0,1.99,"[[3.0, 3.0]]",0.0,0.0,0.0
400,0.5,0.025,0.25000000000000006,0.012943935293148284,6,1.01,1.0,1.01,0.29847784868021515,0.3450352371212718,1.0,0.04655738844105667,"[[1.01, 3.0]]",1,1.0,1.0,1.99,"[[1.01, 1.01]]",0.0,0.0,0.0
400,0.5,0.025,0.25000000000000006,0.012943935293148284,7,1.747756818107944,1.0,1.7477567516476569,0.35078012986595425,0.4049078440883278,0.0,0.05412771422237356,"[[1.01, 3.0]]",1,1.0,1.0,1.99,"[[1.01, 2.485513503295314]]",1.0,0.0,1.475513503295314
400,0.5,0.025,0.25000000000000006,0.012943935293148284,8,1.01,1.0,1.01,0.2981883682786823,0.3690371103866938,1.0,0.07084874210801151,"[[1.01, 3.0]]",1,1.0,1.0,1.99,"[[1.01, 1.01]]",0.0,0.0,0.0
400,0.5,0.025,0.25000000000000006,0.012943935293148284,9,1.01,1.0,1.01,0.29570195370483016,0.41609804857767807,1.0,0.12039609487284791,"[[1.01, 3.0]]",1,1.0,1.0,1.99,"[[1.01, 1.01]]",0.0,0.0,0.0
400,0.5,0.025,0.25000000000000006,0.012943935293148284,10,1.01,1.0,1.01,0.30421040168259583,0.38680805343645264,1.0,0.0825976517538568,"[[1.01, 3.0]]",1,1.0,1.0,1.99,"[[1.01, 1.01]]",0.0,0.0,0.0
400,0.5,0.025,0.25000000000000006,0.012943935293148284,11,1.01,1.0,1.01,0.3106425643898462,0.3762725836833278,1.0,0.06563001929348156,"[[1.01, 3.0]]",1,1.0,1.0,1.99,"[[1.01, 1.01]]",0.0,0.0,0.0
400,0.5,0.025,0.25000000000000006,0.012943935293148284,12,3.0,1.0,3.0,0.34560753047161175,0.38146279531608385,1.0,0.0358552648444721,"[[1.01, 3.0]]",1,1.0,1.0,1.99,"[[3.0, 3.0]]",0.0,0.0,0.0
400,0.5,0.025,0.25000000000000006,0.012943935293148284,13,3.0,1.0,1.01,0.2990474100087644,0.3920649989353761,1.0,0.09301758892661172,"[[1.01, 3.0]]",1,1.0,1.0,1.99,"[[1.01, 1.01]]",0.0,0.0,0.0
400,0.5,0.025,0.25000000000000006,0.012943935293148284,14,3.0,1.0,3.0,0.3347833253777473,0.36230454669774886,1.0,0.027521221320001565,"[[1.01, 3.0]]",1,1.0,1.0,1.99,"[[3.0, 3.0]]",0.0,0.0,0.0
400,0.5,0.025,0.25000000000000006,0.012943935293148284,15,3.0,1.0,3.0,0.3443702403556566,0.3591279604987629,1.0,0.014757720143106279,"[[1.01, 3.0]]",1,1.0,1.0,1.99,"[[3.0, 3.0]]",0.0,0.0,0.0
400,0.5,0.025,0.25000000000000006,0.012943935293148284,16,3.0,1.0,1.01,0.33660297721673277,0.35117834452141733,1.0,0.014575367304684561,"[[1.01, 3.0]]",1,1.0,1.0,1.99,"[[1.01, 1.01]]",0.0,0.0,0.0
400,0.5,0.025,0.25000000000000006,0.012943935293148284,17,3.0,1.0,3.0,0.3611644540843481,0.33700499340427365,1.0,0.024159460680074463,"[[1.01, 3.0]]",1,1.0,1.0,1.99,"[[3.0, 3.0]]",0.0,0.0,0.0
400,0.5,0.025,0.25000000000000006,0.012943935293148284,18,1.01,1.0,1.01,0.34949426206153256,0.3224723713371287,1.0,0.027021890724403863,"[[1.01, 3.0]]",1,1.0,1.0,1.99,"[[1.01, 1.01]]",0.0,0.0,0.0
400,0.5,0.025,0.25000000000000006,0.012943935293148284,19,3.0,1.0,1.01,0.3368162671430238,0.35793875481398296,1.0,0.021122487670959145,"[[1.01, 3.0]]",1,1.0,1.0,1.99,"[[1.01, 1.01]]",0.0,0.0,0.0
400,0.5,0.025,0.25000000000000006,0.012943935293148284,20,1.01,1.0,1.01,0.30993813780022933,0.366667773904198,1.0,0.056729636103968695,"[[1.01, 3.0]]",1,1.0,1.0,1.99,"[[1.01, 1.01]]",0.0,0.0,0.0
400,0.5,0.025,0.25000000000000006,0.012943935293148284,21,3.0,1.0,1.01,0.33926105701255604,0.3584244238326281,1.0,0.01916336682007208,"[[1.01, 3.0]]",1,1.0,1.0,1.99,"[[1.01, 1.01]]",0.0,0.0,0.0
400,0.5,0.025,0.25000000000000006,0.012943935293148284,22,3.0,1.0,3.0,0.3430426798058582,0.38322928070802986,1.0,0.04018660090217169,"[[1.01, 3.0]]",1,1.0,1.0,1.99,"[[3.0, 3.0]]",0.0,0.0,0.0
400,0.5,0.025,0.25000000000000006,0.012943935293148284,23,3.0,1.0,3.0,0.33651619846390557,0.3601835477065871,1.0,0.023667349242681546,"[[1.01, 3.0]]",1,1.0,1.0,1.99,"[[3.0, 3.0]]",0.0,0.0,0.0
400,0.5,0.025,0.25000000000000006,0.012943935293148284,24,1.01,1.0,1.01,0.2901968891507725,0.36720273787710733,1.0,0.07700584872633481,"[[1.01, 3.0]]",1,1.0,1.0,1.99,"[[1.01, 1.01]]",0.0,0.0,0.0
400,0.5,0.025,0.25000000000000006,0.012943935293148284,25,3.0,1.0,3.0,0.3700704083127256,0.3651502218162312,1.0,0.004920186496494394,"[[1.01, 3.0]]",1,1.0,1.0,1.99,"[[3.0, 3.0]]",0.0,0.0,0.0
400,0.5,0.025,0.25000000000000006,0.012943935293148284,26,1.01,1.0,1.01,0.3210376079876379,0.37060071409320405,1.0,0.049563106105566135,"[[1.01, 3.0]]",1,1.0,1.0,1.99,"[[1.01, 1.01]]",0.0,0.0,0.0
400,0.5,0.025,0.25000000000000006,0.012943935293148284,27,1.01,1.0,1.01,0.3360838188116716,0.37514551404675367,1.0,0.03906169523508207,"[[1.01, 3.0]]",1,1.0,1.0,1.99,"[[1.01, 1.01]]",0.0,0.0,0.0
400,0.5,0.025,0.25000000000000006,0.012943935293148284,28,3.0,1.0,3.0,0.36618062831698656,0.338553577330301,1.0,0.027627050986685553,"[[1.01, 3.0]]",1,1.0,1.0,1.99,"[[3.0, 3.0]]",0.0,0.0,0.0
400,0.5,0.025,0.25000000000000006,0.012943935293148284,29,1.01,1.0,1.01,0.2875370013012535,0.3562068990857559,1.0,0.06866989778450244,"[[1.01, 3.0]]",1,1.0,1.0,1.99,"[[1.01, 1.01]]",0.0,0.0,0.0
400,0.5,0.025,0.25000000000000006,0.012943935293148284,30,3.0,1.0,3.0,0.3547060331488399,0.33418063303623147,1.0,0.02052540011260845,"[[1.01, 3.0]]",1,1.0,1.0,1.99,"[[3.0, 3.0]]",0.0,0.0,0.0
400,0.5,0.025,0.25000000000000006,0.012943935293148284,31,3.0,1.0,1.01,0.32840729911818106,0.3423452941964522,1.0,0.013937995078271148,"[[1.01, 3.0]]",1,1.0,1.0,1.99,"[[1.01, 1.01]]",0.0,0.0,0.0
400,0.5,0.025,0.25000000000000006,0.012943935293148284,32,3.0,1.0,1.01,0.35264156270104396,0.326930188008874,1.0,0.02571137469216994,"[[1.01, 3.0]]",1,1.0,1.0,1.99,"[[1.01, 1.01]]",0.0,0.0,0.0
400,0.5,0.025,0.25000000000000006,0.012943935293148284,33,1.01,1.0,1.01,0.34538210636969485,0.37734104062596424,1.0,0.03195893425626939,"[[1.01, 3.0]]",1,1.0,1.0,1.99,"[[1.01, 1.01]]",0.0,0.0,0.0
400,0.5,0.025,0.25000000000000006,0.012943935293148284,34,1.3943581063862556,1.0,1.3943578349876067,0.3439684319436129,0.3638149731952065,0.0,0.01984654125159363,"[[1.01, 3.0]]",1,1.0,1.0,1.99,"[[1.01, 1.7787156699752134]]",1.0,0.0,0.7687156699752133
400,0.5,0.025,0.25000000000000006,0.012943935293148284,35,3.0,1.0,1.01,0.3299064366737068,0.34886536598570056,1.0,0.018958929311993777,"[[1.01, 3.0]]",1,1.0,1.0,1.99,"[[1.01, 1.01]]",0.0,0.0,0.0
400,0.5,0.025,0.25000000000000006,0.012943935293148284,36,3.0,1.0,1.01,0.3211820652600277,0.31387958530708215,1.0,0.007302479952945529,"[[1.01, 3.0]]",1,1.0,1.0,1.99,"[[1.01, 1.01]]",0.0,0.0,0.0
400,0.5,0.025,0.25000000000000006,0.012943935293148284,37,1.01,1.0,1.01,0.3486219866450729,0.29951746744065516,1.0,0.04910451920441772,"[[1.01, 3.0]]",1,1.0,1.0,1.99,"[[1.01, 1.01]]",0.0,0.0,0.0
400,0.5,0.025,0.25000000000000006,0.012943935293148284,38,3.0,1.0,3.0,0.3482724342766086,0.39891430950097323,1.0,0.05064187522436464,"[[1.01, 3.0]]",1,1.0,1.0,1.99,"[[3.0, 3.0]]",0.0,0.0,0.0
400,0.5,0.025,0.25000000000000006,0.012943935293148284,39,1.981879592246228,1.0,1.9818837325601748,0.3270806518955149,0.3974447168666946,0.0,0.0703640649711797,"[[1.01, 3.0]]",1,1.0,1.0,1.99,"[[1.01, 2.9537674651203494]]",1.0,0.0,1.9437674651203494
400,0.5,0.025,0.25000000000000006,0.012943935293148284,40,1.01,1.0,1.01,0.3159196337855886,0.3568933280051125,1.0,0.04097369421952385,"[[1.01, 3.0]]",1,1.0,1.0,1.99,[],nan,nan,nan
400,0.5,0.025,0.25000000000000006,0.012943935293148284,41,3.0,1.0,3.0,0.33646106320128877,0.42777421981314373,1.0,0.09131315661185496,"[[1.01, 3.0]]",1,1.0,1.0,1.99,[],nan,nan,nan
400,0.5,0.025,0.25000000000000006,0.012943935293148284,42,1.5064723505365187,1.0,1.501477164967643,0.3225371958889028,0.35082453353650966,0.0,0.02828733764760688,"[[1.01, 3.0]]",1,1.0,1.0,1.99,[],nan,nan,nan
400,0.5,0.025,0.25000000000000006,0.012943935293148284,43,3.0,1.0,3.0,0.33679469960255304,0.3438845734944314,1.0,0.007089873891878373,"[[1.01, 3.0]]",1,1.0,1.0,1.99,[],nan,nan,nan
400,0.5,0.025,0.25000000000000006,0.012943935293148284,44,3.0,1.0,3.0,0.3392569854307536,0.38545987093855283,1.0,0.04620288550779922,"[[1.01, 3.0]]",1,1.0,1.0,1.99,[],nan,nan,nan
400,0.5,0.025,0.25000000000000006,0.012943935293148284,45,3.0,1.0,3.0,0.34305658793800725,0.3347216997303921,1.0,0.008334888207615132,"[[1.01, 3.0]]",1,1.0,1.0,1.99,[],nan,nan,nan
400,0.5,0.025,0.25000000000000006,0.012943935293148284,46,3.0,1.0,3.0,0.3250869551621052,0.35874480583463264,1.0,0.03365785067252747,"[[1.01, 3.0]]",1,1.0,1.0,1.99,[],nan,nan,nan
400,0.5,0.025,0.25000000000000006,0.012943935293148284,47,1.01,1.0,1.01,0.31860901109362993,0.4069464043394096,1.0,0.08833739324577966,"[[1.01, 3.0]]",1,1.0,1.0,1.99,[],nan,nan,nan
400,0.5,0.025,0.25000000000000006,0.012943935293148284,48,3.0,1.0,3.0,0.3254273328805517,0.3211266541511275,1.0,0.00430067872942419,"[[1.01, 3.0]]",1,1.0,1.0,1.99,[],nan,nan,nan
400,0.5,0.025,0.25000000000000006,0.012943935293148284,49,3.0,1.0,1.01,0.34524347991890203,0.3281705031948854,1.0,0.017072976724016642,"[[1.01, 3.0]]",1,1.0,1.0,1.99,[],nan,nan,nan
400,0.5,0.025,0.25000000000000006,0.012943935293148284,50,3.0,1.0,1.01,0.3428222847600084,0.35662886214309725,1.0,0.013806577383088825,"[[1.01, 3.0]]",1,1.0,1.0,1.99,[],nan,nan,nan
400,0.5,0.025,0.25000000000000006,0.012943935293148284,51,3.0,1.0,1.01,0.37040229788067436,0.35666432604538534,1.0,0.01373797183528902,"[[1.01, 3.0]]",1,1.0,1.0,1.99,[],nan,nan,nan
400,0.5,0.025,0.25000000000000006,0.012943935293148284,52,3.0,1.0,3.0,0.30787559695824696,0.32836809663592553,1.0,0.020492499677678577,"[[1.01, 3.0]]",1,1.0,1.0,1.99,[],nan,nan,nan
400,0.5,0.025,0.25000000000000006,0.012943935293148284,53,3.0,1.0,3.0,0.341181675282785,0.3463794201443243,1.0,0.005197744861539344,"[[1.01, 3.0]]",1,1.0,1.0,1.99,[],nan,nan,nan
400,0.5,0.025,0.25000000000000006,0.012943935293148284,54,3.0,1.0,1.01,0.3207468429319057,0.30597651778667845,1.0,0.014770325145227248,"[[1.01, 3.0]]",1,1.0,1.0,1.99,[],nan,nan,nan
400,0.5,0.025,0.25000000000000006,0.012943935293148284,55,3.0,1.0,1.01,0.3459770429342212,0.3614307649413551,1.0,0.015453722007133908,"[[1.01, 3.0]]",1,1.0,1.0,1.99,[],nan,nan,nan
400,0.5,0.025,0.25000000000000006,0.012943935293148284,56,3.0,1.0,3.0,0.31813222965596466,0.34678922040661925,1.0,0.028656990750654587,"[[1.01, 3.0]]",1,1.0,1.0,1.99,[],nan,nan,nan
400,0.5,0.025,0.25000000000000006,0.012943935293148284,57,3.0,1.0,3.0,0.34328695928360436,0.38237640457187,1.0,0.039089445288265634,"[[1.01, 3.0]]",1,1.0,1.0,1.99,[],nan,nan,nan
400,0.5,0.025,0.25000000000000006,0.012943935293148284,58,1.01,1.0,1.01,0.3353217571631293,0.3834001112088961,1.0,0.048078354045766825,"[[1.01, 3.0]]",1,1.0,1.0,1.99,[],nan,nan,nan
400,0.5,0.025,0.25000000000000006,0.012943935293148284,59,3.0,1.0,3.0,0.39652612063951787,0.34140164202209056,1.0,0.05512447861742731,"[[1.01, 3.0]]",1,1.0,1.0,1.99,[],nan,nan,nan
400,0.5,0.025,0.25000000000000006,0.012943935293148284,60,1.01,1.0,1.01,0.32811843542589775,0.38750816487883205,1.0,0.0593897294529343,"[[1.01, 3.0]]",1,1.0,1.0,1.99,[],nan,nan,nan
400,0.5,0.025,0.25000000000000006,0.012943935293148284,61,3.0,1.0,3.0,0.35314963469919375,0.35934965295013593,1.0,0.006200018250942185,"[[1.01, 3.0]]",1,1.0,1.0,1.99,[],nan,nan,nan
400,0.5,0.025,0.25000000000000006,0.012943935293148284,62,2.3276526437574896,1.0,2.327651582726135,0.31751564958788275,0.3590637082239783,0.0,0.041548058636095564,"[[1.01, 3.0]]",1,1.0,1.0,1.99,[],nan,nan,nan
400,0.5,0.025,0.25000000000000006,0.012943935293148284,63,3.0,1.0,3.0,0.3611162990931603,0.33579638111543114,1.0,0.025319917977729145,"[[1.01, 3.0]]",1,1.0,1.0,1.99,[],nan,nan,nan
400,0.5,0.025,0.25000000000000006,0.012943935293148284,64,3.0,1.0,3.0,0.3405194513581963,0.3373814109080138,1.0,0.0031380404501824555,"[[1.01, 3.0]]",1,1.0,1.0,1.99,[],nan,nan,nan
400,0.5,0.025,0.25000000000000006,0.012943935293148284,65,3.0,1.0,3.0,0.3262986826192879,0.3684654839880834,1.0,0.04216680136879547,"[[1.01, 3.0]]",1,1.0,1.0,1.99,[],nan,nan,nan
400,0.5,0.025,0.25000000000000006,0.012943935293148284,66,1.01,1.0,1.01,0.34215966663692543,0.39214483827904983,1.0,0.049985171642124404,"[[1.01, 3.0]]",1,1.0,1.0,1.99,[],nan,nan,nan
400,0.5,0.025,0.25000000000000006,0.012943935293148284,67,3.0,1.0,3.0,0.31963002058387213,0.3494895408036857,1.0,0.029859520219813585,"[[1.01, 3.0]]",1,1.0,1.0,1.99,[],nan,nan,nan
400,0.5,0.025,0.25000000000000006,0.012943935293148284,68,1.01,1.0,1.01,0.3194099920890629,0.3593222026505337,1.0,0.03991221056147082,"[[1.01, 3.0]]",1,1.0,1.0,1.99,[],nan,nan,nan
400,0.5,0.025,0.25000000000000006,0.012943935293148284,69,3.0,1.0,1.01,0.3396930234871684,0.36426583737373947,1.0,0.024572813886571065,"[[1.01, 3.0]]",1,1.0,1.0,1.99,[],nan,nan,nan
400,0.5,0.025,0.25000000000000006,0.012943935293148284,70,3.0,1.0,1.01,0.32249427514055373,0.33031563450524226,1.0,0.00782135936468853,"[[1.01, 3.0]]",1,1.0,1.0,1.99,[],nan,nan,nan
400,0.5,0.025,0.25000000000000006,0.012943935293148284,71,1.01,1.0,1.01,0.30782870057500616,0.3791364258949269,1.0,0.07130772531992075,"[[1.01, 3.0]]",1,1.0,1.0,1.99,[],nan,nan,nan
400,0.5,0.025,0.25000000000000006,0.012943935293148284,72,3.0,1.0,3.0,0.3063617644128809,0.33968211103763996,1.0,0.03332034662475908,"[[1.01, 3.0]]",1,1.0,1.0,1.99,[],nan,nan,nan
400,0.5,0.025,0.25000000000000006,0.012943935293148284,73,3.0,1.0,3.0,0.3405247145088082,0.3354115855359982,1.0,0.0051131289728100215,"[[1.01, 3.0]]",1,1.0,1.0,1.99,[],nan,nan,nan
400,0.5,0.025,0.25000000000000006,0.012943935293148284,74,3.0,1.0,1.01,0.32853696241842745,0.3620682321092558,1.0,0.03353126969082837,"[[1.01, 3.0]]",1,1.0,1.0,1.99,[],nan,nan,nan
400,0.5,0.025,0.25000000000000006,0.012943935293148284,75,1.01,1.0,1.01,0.3022596692170596,0.3637337691829846,1.0,0.06147409996592501,"[[1.01, 3.0]]",1,1.0,1.0,1.99,[],nan,nan,nan
400,0.5,0.025,0.25000000000000006,0.012943935293148284,76,3.0,1.0,3.0,0.35844289475554936,0.3654975463729548,1.0,0.0070546516174054275,"[[1.01, 3.0]]",1,1.0,1.0,1.99,[],nan,nan,nan
400,0.5,0.025,0.25000000000000006,0.012943935293148284,77,3.0,1.0,3.0,0.3367960347412825,0.33040667367199006,1.0,0.006389361069292443,"[[1.01, 3.0]]",1,1.0,1.0,1.99,[],nan,nan,nan
400,0.5,0.025,0.25000000000000006,0.012943935293148284,78,3.0,1.0,3.0,0.34469578706666676,0.3699680556228517,1.0,0.025272268556184918,"[[1.01, 3.0]]",1,1.0,1.0,1.99,[],nan,nan,nan
400,0.5,0.025,0.25000000000000006,0.012943935293148284,79,1.01,1.0,1.01,0.33094091289536065,0.36421785496715076,1.0,0.033276942071790105,"[[1.01, 3.0]]",1,1.0,1.0,1.99,[],nan,nan,nan
400,0.5,0.025,0.25000000000000006,0.012943935293148284,80,3.0,1.0,3.0,0.342649307579734,0.34711716083962535,1.0,0.004467853259891352,"[[1.01, 3.0]]",1,1.0,1.0,1.99,[],nan,nan,nan
400,0.5,0.025,0.25000000000000006,0.012943935293148284,81,1.01,1.0,1.01,0.3810281768698,0.3338921312704912,1.0,0.047136045599308785,"[[1.01, 3.0]]",1,1.0,1.0,1.99,[],nan,nan,nan
400,0.5,0.025,0.25000000000000006,0.012943935293148284,82,3.0,1.0,3.0,0.3626575662613379,0.35406466075263027,1.0,0.008592905508707616,"[[1.01, 3.0]]",1,1.0,1.0,1.99,[],nan,nan,nan
400,0.5,0.025,0.25000000000000006,0.012943935293148284,83,3.0,1.0,3.0,0.3184610872815379,0.3407780381773816,1.0,0.022316950895843735,"[[1.01, 3.0]]",1,1.0,1.0,1.99,[],nan,nan,nan
400,0.5,0.025,0.25000000000000006,0.012943935293148284,84,3.0,1.0,1.01,0.3385619060514676,0.34905635429464765,1.0,0.010494448243180077,"[[1.01, 3.0]]",1,1.0,1.0,1.99,[],nan,nan,nan
400,0.5,0.025,0.25000000000000006,0.012943935293148284,85,3.0,1.0,1.01,0.34877214560500525,0.33962687968034283,1.0,0.009145265924662416,"[[1.01, 3.0]]",1,1.0,1.0,1.99,[],nan,nan,nan
400,0.5,0.025,0.25000000000000006,0.012943935293148284,86,1.4750034342566354,1.0,1.4750034367144378,0.3161240761817786,0.39926098696801077,0.0,0.08313691078623214,"[[1.01, 3.0]]",1,1.0,1.0,1.99,[],nan,nan,nan
400,0.5,0.025,0.25000000000000006,0.012943935293148284,87,1.01,1.0,1.01,0.3281238583189188,0.40301330867251145,1.0,0.07488945035359262,"[[1.01, 3.0]]",1,1.0,1.0,1.99,[],nan,nan,nan
400,0.5,0.025,0.25000000000000006,0.012943935293148284,88,2.8420147043755644,1.0,2.8420153351614434,0.34080452456217036,0.37774605892493246,0.0,0.036941534362762096,"[[1.01, 3.0]]",1,1.0,1.0,1.99,[],nan,nan,nan
400,0.5,0.025,0.25000000000000006,0.012943935293148284,89,3.0,1.0,3.0,0.33612158511733786,0.3977163191171128,1.0,0.06159473399977494,"[[1.01, 3.0]]",1,1.0,1.0,1.99,[],nan,nan,nan
400,0.5,0.025,0.25000000000000006,0.012943935293148284,90,3.0,1.0,3.0,0.33652446798808494,0.3865464804154545,1.0,0.05002201242736953,"[[1.01, 3.0]]",1,1.0,1.0,1.99,[],nan,nan,nan
400,0.5,0.025,0.25000000000000006,0.012943935293148284,91,3.0,1.0,3.0,0.34184363049792765,0.37277110571166766,1.0,0.030927475213740008,"[[1.01, 3.0]]",1,1.0,1.0,1.99,[],nan,nan,nan
400,0.5,0.025,0.25000000000000006,0.012943935293148284,92,3.0,1.0,1.01,0.3564237238028515,0.35287734281150424,1.0,0.003546380991347242,"[[1.01, 3.0]]",1,1.0,1.0,1.99,[],nan,nan,nan
400,0.5,0.025,0.25000000000000006,0.012943935293148284,93,3.0,1.0,1.01,0.33425504195167244,0.3469504342704276,1.0,0.012695392318755161,"[[1.01, 3.0]]",1,1.0,1.0,1.99,[],nan,nan,nan
400,0.5,0.025,0.25000000000000006,0.012943935293148284,94,1.01,1.0,1.01,0.3057246478419008,0.3725248004635024,1.0,0.0668001526216016,"[[1.01, 3.0]]",1,1.0,1.0,1.99,[],nan,nan,nan
400,0.5,0.025,0.25000000000000006,0.012943935293148284,95,1.01,1.0,1.01,0.3253746942541089,0.3739388184859307,1.0,0.04856412423182177,"[[1.01, 3.0]]",1,1.0,1.0,1.99,[],nan,nan,nan
400,0.5,0.025,0.25000000000000006,0.012943935293148284,96,3.0,1.0,3.0,0.32709075286085043,0.30216890689789094,1.0,0.024921845962959488,"[[1.01, 3.0]]",1,1.0,1.0,1.99,[],nan,nan,nan
400,0.5,0.025,0.25000000000000006,0.012943935293148284,97,1.01,1.0,1.01,0.30644777348636726,0.3744016707668219,1.0,0.06795389728045464,"[[1.01, 3.0]]",1,1.0,1.0,1.99,[],nan,nan,nan
400,0.5,0.025,0.25000000000000006,0.012943935293148284,98,3.0,1.0,3.0,0.3453663902319118,0.3413569704283666,1.0,0.004009419803545189,"[[1.01, 3.0]]",1,1.0,1.0,1.99,[],nan,nan,nan
400,0.5,0.025,0.25000000000000006,0.012943935293148284,99,3.0,1.0,3.0,0.31814763051731343,0.3656660732870792,1.0,0.047518442769765745,"[[1.01, 3.0]]",1,1.0,1.0,1.99,[],nan,nan,nan
400,0.5,0.025,0.25000000000000006,0.012943935293148284,100,3.0,1.0,3.0,0.3647648379804399,0.3478755305932364,1.0,0.01688930738720351,"[[1.01, 3.0]]",1,1.0,1.0,1.99,[],nan,nan,nan
400,0.5,0.025,0.25000000000000006,0.012943935293148284,101,1.01,1.0,1.01,0.3177243010703066,0.3719467337711504,1.0,0.054222432700843815,"[[1.01, 3.0]]",1,1.0,1.0,1.99,[],nan,nan,nan
400,0.5,0.025,0.25000000000000006,0.012943935293148284,102,3.0,1.0,3.0,0.34451233340515136,0.3713099554348189,1.0,0.02679762202966751,"[[1.01, 3.0]]",1,1.0,1.0,1.99,[],nan,nan,nan
400,0.5,0.025,0.25000000000000006,0.012943935293148284,103,3.0,1.0,3.0,0.3493830674489351,0.36339556657181665,1.0,0.01401249912288155,"[[1.01, 3.0]]",1,1.0,1.0,1.99,[],nan,nan,nan
400,0.5,0.025,0.25000000000000006,0.012943935293148284,104,1.1615351091847879,1.0,1.1615359105490664,0.32801224342430807,0.4022951721652662,0.0,0.07428292874095815,"[[1.01, 3.0]]",1,1.0,1.0,1.99,[],nan,nan,nan
400,0.5,0.025,0.25000000000000006,0.012943935293148284,105,3.0,1.0,3.0,0.3137327485288373,0.3652939814595116,1.0,0.05156123293067427,"[[1.01, 3.0]]",1,1.0,1.0,1.99,[],nan,nan,nan
400,0.5,0.025,0.25000000000000006,0.012943935293148284,106,1.01,1.0,1.01,0.3103004531722928,0.3953078992998601,1.0,0.08500744612756728,"[[1.01, 3.0]]",1,1.0,1.0,1.99,[],nan,nan,nan
400,0.5,0.025,0.25000000000000006,0.012943935293148284,107,3.0,1.0,1.01,0.36077811085885014,0.38163964120313454,1.0,0.020861530344284396,"[[1.01, 3.0]]",1,1.0,1.0,1.99,[],nan,nan,nan
400,0.5,0.025,0.25000000000000006,0.012943935293148284,108,3.0,1.0,3.0,0.3464208995703917,0.386503484620981,1.0,0.040082585050589314,"[[1.01, 3.0]]",1,1.0,1.0,1.99,[],nan,nan,nan
400,0.5,0.025,0.25000000000000006,0.012943935293148284,109,1.01,1.0,1.01,0.2952737662456834,0.38051541968588176,1.0,0.08524165344019835,"[[1.01, 3.0]]",1,1.0,1.0,1.99,[],nan,nan,nan
400,0.5,0.025,0.25000000000000006,0.012943935293148284,110,3.0,1.0,3.0,0.2904533652346861,0.3449638569681291,1.0,0.05451049173344297,"[[1.01, 3.0]]",1,1.0,1.0,1.99,[],nan,nan,nan
400,0.5,0.025,0.25000000000000006,0.012943935293148284,111,3.0,1.0,3.0,0.33351201793865903,0.3443130540345646,1.0,0.010801036095905547,"[[1.01, 3.0]]",1,1.0,1.0,1.99,[],nan,nan,nan
400,0.5,0.025,0.25000000000000006,0.012943935293148284,112,3.0,1.0,3.0,0.3323147202437276,0.37796881101625796,1.0,0.045654090772530354,"[[1.01, 3.0]]",1,1.0,1.0,1.99,[],nan,nan,nan
400,0.5,0.025,0.25000000000000006,0.012943935293148284,113,3.0,1.0,3.0,0.3738139080591292,0.3553325514379988,1.0,0.018481356621130374,"[[1.01, 3.0]]",1,1.0,1.0,1.99,[],nan,nan,nan
400,0.5,0.025,0.25000000000000006,0.012943935293148284,114,1.01,1.0,1.01,0.3455828425673113,0.33967866286232756,1.0,0.0059041797049837474,"[[1.01, 3.0]]",1,1.0,1.0,1.99,[],nan,nan,nan
400,0.5,0.025,0.25000000000000006,0.012943935293148284,115,3.0,1.0,3.0,0.3377394388320754,0.38624545029837876,1.0,0.048506011466303345,"[[1.01, 3.0]]",1,1.0,1.0,1.99,[],nan,nan,nan
400,0.5,0.025,0.25000000000000006,0.012943935293148284,116,3.0,1.0,1.01,0.3300202931223238,0.3068568206515399,1.0,0.023163472470783875,"[[1.01, 3.0]]",1,1.0,1.0,1.99,[],nan,nan,nan
400,0.5,0.025,0.25000000000000006,0.012943935293148284,117,3.0,1.0,1.4999152865695957,0.3291390317334533,0.328957290733654,0.0,0.00018174099979934022,"[[1.01, 3.0]]",1,1.0,1.0,1.99,[],nan,nan,nan
400,0.5,0.025,0.25000000000000006,0.012943935293148284,118,3.0,1.0,3.0,0.3251602254244152,0.3632988057318968,1.0,0.03813858030748163,"[[1.01, 3.0]]",1,1.0,1.0,1.99,[],nan,nan,nan
400,0.5,0.025,0.25000000000000006,0.012943935293148284,119,1.01,1.0,1.01,0.31040266058464683,0.375815985877898,1.0,0.06541332529325117,"[[1.01, 3.0]]",1,1.0,1.0,1.99,[],nan,nan,nan
400,0.5,0.025,0.25000000000000006,0.012943935293148284,120,3.0,1.0,3.0,0.3106542582045019,0.3336524450305142,1.0,0.022998186826012346,"[[1.01, 3.0]]",1,1.0,1.0,1.99,[],nan,nan,nan
400,0.5,0.025,0.25000000000000006,0.012943935293148284,121,1.01,1.0,1.01,0.2936136018482539,0.37561732229726447,1.0,0.08200372044901055,"[[1.01, 3.0]]",1,1.0,1.0,1.99,[],nan,nan,nan
400,0.5,0.025,0.25000000000000006,0.012943935293148284,122,3.0,1.0,1.01,0.33649042676673085,0.36510166441337866,1.0,0.028611237646647802,"[[1.01, 3.0]]",1,1.0,1.0,1.99,[],nan,nan,nan
400,0.5,0.025,0.25000000000000006,0.012943935293148284,123,3.0,1.0,3.0,0.35227474647942275,0.407422343249338,1.0,0.055147596769915264,"[[1.01, 3.0]]",1,1.0,1.0,1.99,[],nan,nan,nan
400,0.5,0.025,0.25000000000000006,0.012943935293148284,124,3.0,1.0,3.0,0.353079900395469,0.34013123135636136,1.0,0.01294866903910763,"[[1.01, 3.0]]",1,1.0,1.0,1.99,[],nan,nan,nan
400,0.5,0.025,0.25000000000000006,0.012943935293148284,125,3.0,1.0,3.0,0.3178638182744244,0.36814626735919015,1.0,0.05028244908476576,"[[1.01, 3.0]]",1,1.0,1.0,1.99,[],nan,nan,nan
400,0.5,0.025,0.25000000000000006,0.012943935293148284,126,1.01,1.0,1.01,0.29366701856061395,0.40457742009930986,1.0,0.11091040153869591,"[[1.01, 3.0]]",1,1.0,1.0,1.99,[],nan,nan,nan
400,0.5,0.025,0.25000000000000006,0.012943935293148284,127,3.0,1.0,3.0,0.34985690509752465,0.357662786661439,1.0,0.007805881563914374,"[[1.01, 3.0]]",1,1.0,1.0,1.99,[],nan,nan,nan
400,0.5,0.025,0.25000000000000006,0.012943935293148284,128,3.0,1.0,3.0,0.34980211416320445,0.3907682439027618,1.0,0.04096612973955738,"[[1.01, 3.0]]",1,1.0,1.0,1.99,[],nan,nan,nan
400,0.5,0.025,0.25000000000000006,0.012943935293148284,129,3.0,1.0,3.0,0.31835105428553906,0.38979103409495064,1.0,0.07143997980941158,"[[1.01, 3.0]]",1,1.0,1.0,1.99,[],nan,nan,nan
400,0.5,0.025,0.25000000000000006,0.012943935293148284,130,3.0,1.0,1.01,0.37500884701140164,0.3375431115281901,1.0,0.037465735483211526,"[[1.01, 3.0]]",1,1.0,1.0,1.99,[],nan,nan,nan
400,0.5,0.025,0.25000000000000006,0.012943935293148284,131,1.01,1.0,1.01,0.3113925163693608,0.37982178659737026,1.0,0.06842927022800949,"[[1.01, 3.0]]",1,1.0,1.0,1.99,[],nan,nan,nan
400,0.5,0.025,0.25000000000000006,0.012943935293148284,132,3.0,1.0,3.0,0.3419938177673615,0.3719097357497753,1.0,0.02991591798241383,"[[1.01, 3.0]]",1,1.0,1.0,1.99,[],nan,nan,nan
400,0.5,0.025,0.25000000000000006,0.012943935293148284,133,3.0,1.0,1.01,0.3514582010974047,0.33009005467321384,1.0,0.02136814642419088,"[[1.01, 3.0]]",1,1.0,1.0,1.99,[],nan,nan,nan
400,0.5,0.025,0.25000000000000006,0.012943935293148284,134,3.0,1.0,1.5000355078158545,0.3286674948021172,0.32855948867226575,0.0,0.00010800612985145674,"[[1.01, 3.0]]",1,1.0,1.0,1.99,[],nan,nan,nan
400,0.5,0.025,0.25000000000000006,0.012943935293148284,135,3.0,1.0,3.0,0.36120534033588136,0.34778432936290754,1.0,0.013421010972973824,"[[1.01, 3.0]]",1,1.0,1.0,1.99,[],nan,nan,nan
400,0.5,0.025,0.25000000000000006,0.012943935293148284,136,1.8209022578033558,1.0,1.8209001204482915,0.3360287350571789,0.385148080819096,0.0,0.04911934576191712,"[[1.01, 3.0]]",1,1.0,1.0,1.99,[],nan,nan,nan
400,0.5,0.025,0.25000000000000006,0.012943935293148284,137,3.0,1.0,3.0,0.36420452958189203,0.3469353574627417,1.0,0.017269172119150356,"[[1.01, 3.0]]",1,1.0,1.0,1.99,[],nan,nan,nan
400,0.5,0.025,0.25000000000000006,0.012943935293148284,138,3.0,1.0,3.0,0.34382335045408174,0.36623729131313176,1.0,0.02241394085905002,"[[1.01, 3.0]]",1,1.0,1.0,1.99,[],nan,nan,nan
400,0.5,0.025,0.25000000000000006,0.012943935293148284,139,3.0,1.0,3.0,0.33860496049927324,0.32657314660332043,1.0,0.012031813895952814,"[[1.01, 3.0]]",1,1.0,1.0,1.99,[],nan,nan,nan
400,0.5,0.025,0.25000000000000006,0.012943935293148284,140,1.01,1.0,1.01,0.31560867582413715,0.3340784699866099,1.0,0.01846979416247274,"[[1.01, 3.0]]",1,1.0,1.0,1.99,[],nan,nan,nan
400,0.5,0.025,0.25000000000000006,0.012943935293148284,141,3.0,1.0,3.0,0.3483447676685231,0.36123495673483175,1.0,0.012890189066308622,"[[1.01, 3.0]]",1,1.0,1.0,1.99,[],nan,nan,nan
400,0.5,0.025,0.25000000000000006,0.012943935293148284,142,1.01,1.0,1.01,0.320139728767336,0.36023853786378635,1.0,0.04009880909645036,"[[1.01, 3.0]]",1,1.0,1.0,1.99,[],nan,nan,nan
400,0.5,0.025,0.25000000000000006,0.012943935293148284,143,1.5306530710256667,1.0,1.5306473593970356,0.35156731140578473,0.3055980312882021,0.0,0.04596928011758261,"[[1.01, 3.0]]",1,1.0,1.0,1.99,[],nan,nan,nan
400,0.5,0.025,0.25000000000000006,0.012943935293148284,144,1.01,1.0,1.01,0.3247697650585478,0.37722880273356924,1.0,0.052459037675021414,"[[1.01, 3.0]]",1,1.0,1.0,1.99,[],nan,nan,nan
400,0.5,0.025,0.25000000000000006,0.012943935293148284,145,3.0,1.0,3.0,0.3097462079838897,0.3325431800056951,1.0,0.022796972021805417,"[[1.01, 3.0]]",1,1.0,1.0,1.99,[],nan,nan,nan
400,0.5,0.025,0.25000000000000006,0.012943935293148284,146,3.0,1.0,3.0,0.3571731707158116,0.3668925905789131,1.0,0.009719419863101486,"[[1.01, 3.0]]",1,1.0,1.0,1.99,[],nan,nan,nan
400,0.5,0.025,0.25000000000000006,0.012943935293148284,147,1.01,1.0,1.01,0.32796217275438555,0.3657736227206305,1.0,0.03781144996624497,"[[1.01, 3.0]]",1,1.0,1.0,1.99,[],nan,nan,nan
400,0.5,0.025,0.25000000000000006,0.012943935293148284,148,1.9061257134443264,1.0,1.9061193563846166,0.34069449559362314,0.36851329616336853,0.0,0.027818800569745394,"[[1.01, 3.0]]",1,1.0,1.0,1.99,[],nan,nan,nan
400,0.5,0.025,0.25000000000000006,0.012943935293148284,149,1.01,1.0,1.01,0.34487990900815574,0.35222946414966927,1.0,0.007349555141513531,"[[1.01, 3.0]]",1,1.0,1.0,1.99,[],nan,nan,nan
400,0.5,0.025,0.25000000000000006,0.012943935293148284,150,3.0,1.0,3.0,0.3613402669304472,0.3655069634171385,1.0,0.004166696486691324,"[[1.01, 3.0]]",1,1.0,1.0,1.99,[],nan,nan,nan
400,0.5,0.025,0.25000000000000006,0.012943935293148284,151,1.01,1.0,1.01,0.27623821946339133,0.3772865911081567,1.0,0.10104837164476538,"[[1.01, 3.0]]",1,1.0,1.0,1.99,[],nan,nan,nan
400,0.5,0.025,0.25000000000000006,0.012943935293148284,152,1.5086005881662956,1.0,1.5073566732883967,0.3142761827274349,0.3627297891006002,0.0,0.048453606373165314,"[[1.01, 3.0]]",1,1.0,1.0,1.99,[],nan,nan,nan
400,0.5,0.025,0.25000000000000006,0.012943935293148284,153,1.01,1.0,1.01,0.32313234241444516,0.3758281809806583,1.0,0.05269583856621313,"[[1.01, 3.0]]",1,1.0,1.0,1.99,[],nan,nan,nan
400,0.5,0.025,0.25000000000000006,0.012943935293148284,154,1.5543265997373552,1.0,1.5543273466714311,0.33852720391300983,0.37008243727733486,0.0,0.03155523336432503,"[[1.01, 3.0]]",1,1.0,1.0,1.99,[],nan,nan,nan
400,0.5,0.025,0.25000000000000006,0.012943935293148284,155,3.0,1.0,1.01,0.3333239450990636,0.35043852797759745,1.0,0.017114582878533846,"[[1.01, 3.0]]",1,1.0,1.0,1.99,[],nan,nan,nan
400,0.5,0.025,0.25000000000000006,0.012943935293148284,156,3.0,1.0,3.0,0.31679678954454993,0.38835882490988655,1.0,0.07156203536533662,"[[1.01, 3.0]]",1,1.0,1.0,1.99,[],nan,nan,nan
400,0.5,0.025,0.25000000000000006,0.012943935293148284,157,3.0,1.0,3.0,0.3221100426917065,0.3689123034789525,1.0,0.046802260787245975,"[[1.01, 3.0]]",1,1.0,1.0,1.99,[],nan,nan,nan
400,0.5,0.025,0.25000000000000006,0.012943935293148284,158,1.01,1.0,1.01,0.3194460279108983,0.4054546911480335,1.0,0.08600866323713519,"[[1.01, 3.0]]",1,1.0,1.0,1.99,[],nan,nan,nan
400,0.5,0.025,0.25000000000000006,0.012943935293148284,159,3.0,1.0,1.01,0.35720074390186307,0.33861393782091154,1.0,0.018586806080951535,"[[1.01, 3.0]]",1,1.0,1.0,1.99,[],nan,nan,nan
400,0.5,0.025,0.25000000000000006,0.012943935293148284,160,3.0,1.0,3.0,0.32834864939707004,0.3735330733407512,1.0,0.04518442394368116,"[[1.01, 3.0]]",1,1.0,1.0,1.99,[],nan,nan,nan
400,0.5,0.025,0.25000000000000006,0.012943935293148284,161,3.0,1.0,3.0,0.3397075432963157,0.39013379506976237,1.0,0.05042625177344667,"[[1.01, 3.0]]",1,1.0,1.0,1.99,[],nan,nan,nan
400,0.5,0.025,0.25000000000000006,0.012943935293148284,162,1.0713521607943057,1.0,1.0713522440391516,0.3795970386011803,0.32272100988021774,0.0,0.05687602872096259,"[[1.01, 3.0]]",1,1.0,1.0,1.99,[],nan,nan,nan
400,0.5,0.025,0.25000000000000006,0.012943935293148284,163,3.0,1.0,3.0,0.3210741214466565,0.34356956060815724,1.0,0.022495439161500763,"[[1.01, 3.0]]",1,1.0,1.0,1.99,[],nan,nan,nan
400,0.5,0.025,0.25000000000000006,0.012943935293148284,164,3.0,1.0,3.0,0.3432672661906067,0.320246076486659,1.0,0.02302118970394773,"[[1.01, 3.0]]",1,1.0,1.0,1.99,[],nan,nan,nan
400,0.5,0.025,0.25000000000000006,0.012943935293148284,165,1.5607165798834806,1.0,1.5607164998379386,0.30963246424403434,0.41403571493850383,0.0,0.10440325069446948,"[[1.01, 3.0]]",1,1.0,1.0,1.99,[],nan,nan,nan
400,0.5,0.025,0.25000000000000006,0.012943935293148284,166,1.01,1.0,1.01,0.32709004217717136,0.36278454769721125,1.0,0.03569450552003989,"[[1.01, 3.0]]",1,1.0,1.0,1.99,[],nan,nan,nan
400,0.5,0.025,0.25000000000000006,0.012943935293148284,167,1.0466519328437278,1.0,1.0466518617842255,0.31452681735447563,0.33432271871751856,0.0,0.019795901363042934,"[[1.01, 3.0]]",1,1.0,1.0,1.99,[],nan,nan,nan
400,0.5,0.025,0.25000000000000006,0.012943935293148284,168,3.0,1.0,3.0,0.32705411502946696,0.34038156925655183,1.0,0.013327454227084867,"[[1.01, 3.0]]",1,1.0,1.0,1.99,[],nan,nan,nan
400,0.5,0.025,0.25000000000000006,0.012943935293148284,169,2.1103579831663657,1.0,2.1103581463788155,0.3135917137548258,0.35894515337248484,0.0,0.04535343961765903,"[[1.01, 3.0]]",1,1.0,1.0,1.99,[],nan,nan,nan
400,0.5,0.025,0.25000000000000006,0.012943935293148284,170,2.9715867032996086,1.0,2.971594164369049,0.36297891561790985,0.3101102718349256,0.0,0.052868643782984226,"[[1.01, 3.0]]",1,1.0,1.0,1.99,[],nan,nan,nan
400,0.5,0.025,0.25000000000000006,0.012943935293148284,171,1.544691754261421,1.0,1.5446917520998442,0.3364396080638623,0.35763227317781787,0.0,0.021192665113955567,"[[1.01, 3.0]]",1,1.0,1.0,1.99,[],nan,nan,nan
400,0.5,0.025,0.25000000000000006,0.012943935293148284,172,1.01,1.0,1.01,0.3078150534254735,0.35692577930226255,1.0,0.04911072587678905,"[[1.01, 3.0]]",1,1.0,1.0,1.99,[],nan,nan,nan
400,0.5,0.025,0.25000000000000006,0.012943935293148284,173,3.0,1.0,1.01,0.340397124126633,0.33523908394578583,1.0,0.0051580401808471454,"[[1.01, 3.0]]",1,1.0,1.0,1.99,[],nan,nan,nan
400,0.5,0.025,0.25000000000000006,0.012943935293148284,174,1.789828333630802,1.0,1.7898282952629656,0.32839692829771255,0.42476504709770113,0.0,0.09636811879998858,"[[1.01, 3.0]]",1,1.0,1.0,1.99,[],nan,nan,nan
400,0.5,0.025,0.25000000000000006,0.012943935293148284,175,3.0,1.0,3.0,0.3617287962192148,0.4143898103789339,1.0,0.05266101415971913,"[[1.01, 3.0]]",1,1.0,1.0,1.99,[],nan,nan,nan
400,0.5,0.025,0.25000000000000006,0.012943935293148284,176,3.0,1.0,3.0,0.30619520107497983,0.3567594674981495,1.0,0.05056426642316969,"[[1.01, 3.0]]",1,1.0,1.0,1.99,[],nan,nan,nan
400,0.5,0.025,0.25000000000000006,0.012943935293148284,177,1.01,1.0,1.01,0.2932154790296805,0.36117299298393857,1.0,0.06795751395425809,"[[1.01, 3.0]]",1,1.0,1.0,1.99,[],nan,nan,nan
400,0.5,0.025,0.25000000000000006,0.012943935293148284,178,3.0,1.0,1.01,0.3365403198613797,0.3456632994478935,1.0,0.009122979586513758,"[[1.01, 3.0]]",1,1.0,1.0,1.99,[],nan,nan,nan
400,0.5,0.025,0.25000000000000006,0.012943935293148284,179,1.01,1.0,1.01,0.28690733910862537,0.3913439800853661,1.0,0.10443664097674071,"[[1.01, 3.0]]",1,1.0,1.0,1.99,[],nan,nan,nan
400,2.0,0.1,4.000000000000001,0.19198019825176293,0,1.01,1.0,1.01,0.26388955647490303,0.4390880895093896,1.0,0.17519853303448657,"[[1.01, 3.0]]",1,1.0,1.0,1.99,"[[1.01, 1.01]]",0.0,0.0,0.0
400,2.0,0.1,4.000000000000001,0.19198019825176293,1,3.0,1.0,3.0,0.38601503615757515,0.4621881160297955,1.0,0.07617307987222033,"[[1.01, 3.0]]",1,1.0,1.0,1.99,"[[3.0, 3.0]]",0.0,0.0,0.0
400,2.0,0.1,4.000000000000001,0.19198019825176293,2,1.0720909002349701,1.0,1.072090887787382,0.30954079274909274,0.4065751640266418,0.0,0.09703437127754905,"[[1.01, 3.0]]",1,1.0,1.0,1.99,"[[1.01, 1.134181775574764]]",0.0,0.0,0.12418177557476406
400,2.0,0.1,4.000000000000001,0.19198019825176293,3,3.0,1.0,3.0,0.33775500086985427,0.4566409092150836,1.0,0.11888590834522933,"[[1.01, 3.0]]",1,1.0,1.0,1.99,"[[3.0, 3.0]]",0.0,0.0,0.0
400,2.0,0.1,4.000000000000001,0.19198019825176293,4,3.0,1.0,3.0,0.346836867367865,0.43376016663121,1.0,0.08692329926334497,"[[1.01, 3.0]]",1,1.0,1.0,1.99,"[[3.0, 3.0]]",0.0,0.0,0.0
400,2.0,0.1,4.000000000000001,0.19198019825176293,5,1.01,1.0,1.01,0.3233003613346499,0.42526954543679596,1.0,0.10196918410214606,"[[1.01, 3.0]]",1,1.0,1.0,1.99,"[[1.01, 1.01]]",0.0,0.0,0.0
400,2.0,0.1,4.000000000000001,0.19198019825176293,6,3.0,1.0,3.0,0.34819403826704837,0.45557419184106074,1.0,0.10738015357401237,"[[1.01, 3.0]]",1,1.0,1.0,1.99,"[[3.0, 3.0]]",0.0,0.0,0.0
400,2.0,0.1,4.000000000000001,0.19198019825176293,7,3.0,1.0,3.0,0.3503288721926716,0.4690631557820961,1.0,0.1187342835894245,"[[1.01, 3.0]]",1,1.0,1.0,1.99,"[[3.0, 3.0]]",0.0,0.0,0.0
400,2.0,0.1,4.000000000000001,0.19198019825176293,8,3.0,1.0,3.0,0.32503878718708595,0.39958879452314994,1.0,0.07455000733606398,"[[1.01, 3.0]]",1,1.0,1.0,1.99,"[[3.0, 3.0]]",0.0,0.0,0.0
400,2.0,0.1,4.000000000000001,0.19198019825176293,9,3.0,1.0,3.0,0.33105893349509075,0.48342798703677925,1.0,0.1523690535416885,"[[1.01, 3.0]]",1,1.0,1.0,1.99,"[[3.0, 3.0]]",0.0,0.0,0.0
400,2.0,0.1,4.000000000000001,0.19198019825176293,10,2.7679732900096625,1.0,2.767973657099233,0.32390539480675773,0.47242679434518564,0.0,0.1485213995384279,"[[1.01, 3.0]]",1,1.0,1.0,1.99,"[[2.5359473141984656, 3.0]]",0.0,0.0,0.46405268580153436
400,2.0,0.1,4.000000000000001,0.19198019825176293,11,1.5756306496496195,1.0,1.5756306806962652,0.3231990351821828,0.42010919958580484,0.0,0.09691016440362205,"[[1.01, 3.0]]",1,1.0,1.0,1.99,"[[1.01, 2.14126136139253]]",1.0,0.0,1.1312613613925302
400,2.0,0.1,4.000000000000001,0.19198019825176293,12,3.0,1.0,3.0,0.33829640727962046,0.427142722956241,1.0,0.08884631567662055,"[[1.01, 3.0]]",1,1.0,1.0,1.99,"[[3.0, 3.0]]",0.0,0.0,0.0
400,2.0,0.1,4.000000000000001,0.19198019825176293,13,1.9634787746081825,1.0,1.9634788044751434,0.30436548634576754,0.4798476676107533,0.0,0.17548218126498577,"[[1.01, 3.0]]",1,1.0,1.0,1.99,"[[1.01, 2.9169576089502867]]",1.0,0.0,1.9069576089502867
400,2.0,0.1,4.000000000000001,0.19198019825176293,14,1.01,1.0,1.01,0.31253166868243853,0.4665283047555278,1.0,0.15399663607308928,"[[1.01, 3.0]]",1,1.0,1.0,1.99,"[[1.01, 1.01]]",0.0,0.0,0.0
400,2.0,0.1,4.000000000000001,0.19198019825176293,15,1.01,1.0,1.01,0.3419723857144858,0.40980118346014904,1.0,0.06782879774566325,"[[1.01, 3.0]]",1,1.0,1.0,1.99,"[[1.01, 1.01]]",0.0,0.0,0.0
400,2.0,0.1,4.000000000000001,0.19198019825176293,16,1.01,1.0,1.01,0.2927695941659117,0.42874651645171147,1.0,0.13597692228579977,"[[1.01, 3.0]]",1,1.0,1.0,1.99,"[[1.01, 1.01]]",0.0,0.0,0.0
400,2.0,0.1,4.000000000000001,0.19198019825176293,17,3.0,1.0,3.0,0.33025381342702326,0.42589852208348267,1.0,0.09564470865645941,"[[1.01, 3.0]]",1,1.0,1.0,1.99,"[[3.0, 3.0]]",0.0,0.0,0.0
400,2.0,0.1,4.000000000000001,0.19198019825176293,18,1.01,1.0,1.01,0.3260318119957494,0.3749948468388425,1.0,0.04896303484309311,"[[1.01, 3.0]]",1,1.0,1.0,1.99,"[[1.01, 1.01]]",0.0,0.0,0.0
400,2.0,0.1,4.000000000000001,0.19198019825176293,19,1.01,1.0,1.01,0.3192502905933609,0.4516527374022171,1.0,0.1324024468088562,"[[1.01, 3.0]]",1,1.0,1.0,1.99,"[[1.01, 1.01]]",0.0,0.0,0.0
400,2.0,0.1,4.000000000000001,0.19198019825176293,20,1.01,1.0,1.01,0.3177840528268199,0.4057068834195596,1.0,0.08792283059273975,"[[1.01, 3.0]]",1,1.0,1.0,1.99,"[[1.01, 1.01]]",0.0,0.0,0.0
400,2.0,0.1,4.000000000000001,0.19198019825176293,21,1.01,1.0,1.01,0.3327755059885237,0.4628989928856153,1.0,0.13012348689709163,"[[1.01, 3.0]]",1,1.0,1.0,1.99,"[[1.01, 1.01]]",0.0,0.0,0.0
400,2.0,0.1,4.000000000000001,0.19198019825176293,22,3.0,1.0,3.0,0.34342803841465785,0.4569200844559634,1.0,0.11349204604130553,"[[1.01, 3.0]]",1,1.0,1.0,1.99,"[[3.0, 3.0]]",0.0,0.0,0.0
400,2.0,0.1,4.000000000000001,0.19198019825176293,23,3.0,1.0,3.0,0.33848295432274084,0.46404820621243414,1.0,0.1255652518896933,"[[1.01, 3.0]]",1,1.0,1.0,1.99,"[[3.0, 3.0]]",0.0,0.0,0.0
400,2.0,0.1,4.000000000000001,0.19198019825176293,24,3.0,1.0,3.0,0.351074361130793,0.39873033775188566,1.0,0.047655976621092666,"[[1.01, 3.0]]",1,1.0,1.0,1.99,"[[3.0, 3.0]]",0.0,0.0,0.0
400,2.0,0.1,4.000000000000001,0.19198019825176293,25,1.01,1.0,1.01,0.3370902496078635,0.3951742512811964,1.0,0.058084001673332886,"[[1.01, 3.0]]",1,1.0,1.0,1.99,"[[1.01, 1.01]]",0.0,0.0,0.0
400,2.0,0.1,4.000000000000001,0.19198019825176293,26,2.290168644171201,1.0,2.290168627017729,0.3665281472567795,0.4519429836302575,0.0,0.08541483637347796,"[[1.01, 3.0]]",1,1.0,1.0,1.99,"[[1.5803372540354577, 3.0]]",0.0,0.0,1.4196627459645423
400,2.0,0.1,4.000000000000001,0.19198019825176293,27,3.0,1.0,3.0,0.33649903791717867,0.4458013089834608,1.0,0.10930227106628215,"[[1.01, 3.0]]",1,1.0,1.0,1.99,"[[3.0, 3.0]]",0.0,0.0,0.0
400,2.0,0.1,4.000000000000001,0.19198019825176293,28,1.01,1.0,1.01,0.2655954381798573,0.4434624115823963,1.0,0.17786697340253899,"[[1.01, 3.0]]",1,1.0,1.0,1.99,"[[1.01, 1.01]]",0.0,0.0,0.0
400,2.0,0.1,4.000000000000001,0.19198019825176293,29,3.0,1.0,1.01,0.31296459460407566,0.39348745253499545,1.0,0.08052285793091979,"[[1.01, 3.0]]",1,1.0,1.0,1.99,"[[1.01, 1.01]]",0.0,0.0,0.0
400,2.0,0.1,4.000000000000001,0.19198019825176293,30,1.01,1.0,1.01,0.3091474817408949,0.4230318628774794,1.0,0.1138843811365845,"[[1.01, 3.0]]",1,1.0,1.0,1.99,"[[1.01, 1.01]]",0.0,0.0,0.0
400,2.0,0.1,4.000000000000001,0.19198019825176293,31,1.01,1.0,1.01,0.31090705758606746,0.4235211348626853,1.0,0.11261407727661782,"[[1.01, 3.0]]",1,1.0,1.0,1.99,"[[1.01, 1.01]]",0.0,0.0,0.0
400,2.0,0.1,4.000000000000001,0.19198019825176293,32,3.0,1.0,3.0,0.32941426644411237,0.4957712519269532,1.0,0.16635698548284084,"[[1.01, 3.0]]",1,1.0,1.0,1.99,"[[3.0, 3.0]]",0.0,0.0,0.0
400,2.0,0.1,4.000000000000001,0.19198019825176293,33,1.01,1.0,1.01,0.25358594168659815,0.46358903564990633,1.0,0.21000309396330819,"[[1.01, 3.0]]",1,1.0,1.0,1.99,"[[1.01, 1.01]]",0.0,0.0,0.0
400,2.0,0.1,4.000000000000001,0.19198019825176293,34,3.0,1.0,3.0,0.3518261032464644,0.3730967490081183,1.0,0.021270645761653884,"[[1.01, 3.0]]",1,1.0,1.0,1.99,"[[3.0, 3.0]]",0.0,0.0,0.0
400,2.0,0.1,4.000000000000001,0.19198019825176293,35,1.01,1.0,1.01,0.3435834619447523,0.40916678771590054,1.0,0.06558332577114823,"[[1.01, 3.0]]",1,1.0,1.0,1.99,"[[1.01, 1.01]]",0.0,0.0,0.0
400,2.0,0.1,4.000000000000001,0.19198019825176293,36,3.0,1.0,3.0,0.3441149289825302,0.42994183873346936,1.0,0.08582690975093915,"[[1.01, 3.0]]",1,1.0,1.0,1.99,"[[3.0, 3.0]]",0.0,0.0,0.0
400,2.0,0.1,4.000000000000001,0.19198019825176293,37,3.0,1.0,3.0,0.37217700796153663,0.41771230172020546,1.0,0.04553529375866883,"[[1.01, 3.0]]",1,1.0,1.0,1.99,"[[3.0, 3.0]]",0.0,0.0,0.0
400,2.0,0.1,4.000000000000001,0.19198019825176293,38,2.3722330678681107,1.0,2.372230877413673,0.3452445255487105,0.44043497194025666,0.0,0.09519044639154617,"[[1.01, 3.0]]",1,1.0,1.0,1.99,"[[1.7444617548273458, 3.0]]",0.0,0.0,1.2555382451726542
400,2.0,0.1,4.000000000000001,0.19198019825176293,39,3.0,1.0,3.0,0.34518518466466086,0.4344074546353802,1.0,0.08922226997071936,"[[1.01, 3.0]]",1,1.0,1.0,1.99,"[[3.0, 3.0]]",0.0,0.0,0.0
400,2.0,0.1,4.000000000000001,0.19198019825176293,40,3.0,1.0,3.0,0.32936600457399523,0.4078995940510897,1.0,0.07853358947709449,"[[1.01, 3.0]]",1,1.0,1.0,1.99,[],nan,nan,nan
400,2.0,0.1,4.000000000000001,0.19198019825176293,41,1.01,1.0,1.01,0.34158835063016385,0.40847477534918014,1.0,0.06688642471901629,"[[1.01, 3.0]]",1,1.0,1.0,1.99,[],nan,nan,nan
400,2.0,0.1,4.000000000000001,0.19198019825176293,42,1.01,1.0,1.01,0.28348857411415374,0.41225703385436957,1.0,0.12876845974021583,"[[1.01, 3.0]]",1,1.0,1.0,1.99,[],nan,nan,nan
400,2.0,0.1,4.000000000000001,0.19198019825176293,43,1.01,1.0,1.01,0.32486386786227295,0.4457947798919957,1.0,0.12093091202972273,"[[1.01, 3.0]]",1,1.0,1.0,1.99,[],nan,nan,nan
400,2.0,0.1,4.000000000000001,0.19198019825176293,44,3.0,1.0,3.0,0.3611097764602436,0.40965346919302764,1.0,0.04854369273278403,"[[1.01, 3.0]]",1,1.0,1.0,1.99,[],nan,nan,nan
400,2.0,0.1,4.000000000000001,0.19198019825176293,45,3.0,1.0,3.0,0.3079632760345823,0.4190768474711337,1.0,0.11111357143655143,"[[1.01, 3.0]]",1,1.0,1.0,1.99,[],nan,nan,nan
400,2.0,0.1,4.000000000000001,0.19198019825176293,46,1.01,1.0,1.01,0.29516101002530504,0.4800836062723426,1.0,0.18492259624703755,"[[1.01, 3.0]]",1,1.0,1.0,1.99,[],nan,nan,nan
400,2.0,0.1,4.000000000000001,0.19198019825176293,47,1.0147552353372487,1.0,1.0147552358730407,0.2737499018926265,0.4708816088208194,0.0,0.19713170692819293,"[[1.01, 3.0]]",1,1.0,1.0,1.99,[],nan,nan,nan
400,2.0,0.1,4.000000000000001,0.19198019825176293,48,3.0,1.0,3.0,0.33471146119745254,0.4168633992169956,1.0,0.08215193801954307,"[[1.01, 3.0]]",1,1.0,1.0,1.99,[],nan,nan,nan
400,2.0,0.1,4.000000000000001,0.19198019825176293,49,1.01,1.0,1.01,0.32161280229484285,0.45309875496573854,1.0,0.1314859526708957,"[[1.01, 3.0]]",1,1.0,1.0,1.99,[],nan,nan,nan
400,2.0,0.1,4.000000000000001,0.19198019825176293,50,1.6976411957744835,1.0,1.6976411949813346,0.3033054242480165,0.42643820556234985,0.0,0.12313278131433336,"[[1.01, 3.0]]",1,1.0,1.0,1.99,[],nan,nan,nan
400,2.0,0.1,4.000000000000001,0.19198019825176293,51,1.01,1.0,1.01,0.31790108821802804,0.4198656571359532,1.0,0.10196456891792516,"[[1.01, 3.0]]",1,1.0,1.0,1.99,[],nan,nan,nan
400,2.0,0.1,4.000000000000001,0.19198019825176293,52,1.01,1.0,1.01,0.286768432529759,0.4481762372411446,1.0,0.1614078047113856,"[[1.01, 3.0]]",1,1.0,1.0,1.99,[],nan,nan,nan
400,2.0,0.1,4.000000000000001,0.19198019825176293,53,1.74965084642007,1.0,1.749650849797518,0.3282730714285664,0.4788268758801299,0.0,0.15055380445156352,"[[1.01, 3.0]]",1,1.0,1.0,1.99,[],nan,nan,nan
400,2.0,0.1,4.000000000000001,0.19198019825176293,54,3.0,1.0,3.0,0.3469320667242563,0.40927716507788076,1.0,0.06234509835362445,"[[1.01, 3.0]]",1,1.0,1.0,1.99,[],nan,nan,nan
400,2.0,0.1,4.000000000000001,0.19198019825176293,55,3.0,1.0,1.01,0.3443912571700445,0.3989203069682385,1.0,0.05452904979819401,"[[1.01, 3.0]]",1,1.0,1.0,1.99,[],nan,nan,nan
400,2.0,0.1,4.000000000000001,0.19198019825176293,56,1.01,1.0,1.01,0.3138563929398371,0.42856634657734566,1.0,0.11470995363750858,"[[1.01, 3.0]]",1,1.0,1.0,1.99,[],nan,nan,nan
400,2.0,0.1,4.000000000000001,0.19198019825176293,57,1.1943389238697582,1.0,1.1943366740662684,0.2895771909523389,0.46585676081222843,0.0,0.17627956985988952,"[[1.01, 3.0]]",1,1.0,1.0,1.99,[],nan,nan,nan
400,2.0,0.1,4.000000000000001,0.19198019825176293,58,1.01,1.0,1.01,0.31742389947322003,0.4407389401628223,1.0,0.12331504068960225,"[[1.01, 3.0]]",1,1.0,1.0,1.99,[],nan,nan,nan
400,2.0,0.1,4.000000000000001,0.19198019825176293,59,1.01,1.0,1.01,0.29750610106996644,0.43132244060551456,1.0,0.1338163395355481,"[[1.01, 3.0]]",1,1.0,1.0,1.99,[],nan,nan,nan
400,2.0,0.1,4.000000000000001,0.19198019825176293,60,3.0,1.0,1.01,0.3495115987645245,0.4239557230420376,1.0,0.07444412427751312,"[[1.01, 3.0]]",1,1.0,1.0,1.99,[],nan,nan,nan
400,2.0,0.1,4.000000000000001,0.19198019825176293,61,3.0,1.0,3.0,0.3657343194370383,0.4071443785618739,1.0,0.041410059124835585,"[[1.01, 3.0]]",1,1.0,1.0,1.99,[],nan,nan,nan
400,2.0,0.1,4.000000000000001,0.19198019825176293,62,1.01,1.0,1.01,0.29335045307309954,0.45288604011707,1.0,0.15953558704397047,"[[1.01, 3.0]]",1,1.0,1.0,1.99,[],nan,nan,nan
400,2.0,0.1,4.000000000000001,0.19198019825176293,63,1.01,1.0,1.01,0.30087455835577487,0.42610312365470077,1.0,0.1252285652989259,"[[1.01, 3.0]]",1,1.0,1.0,1.99,[],nan,nan,nan
400,2.0,0.1,4.000000000000001,0.19198019825176293,64,1.01,1.0,1.01,0.2875586566816622,0.45486864755318873,1.0,0.16730999087152654,"[[1.01, 3.0]]",1,1.0,1.0,1.99,[],nan,nan,nan
400,2.0,0.1,4.000000000000001,0.19198019825176293,65,1.01,1.0,1.01,0.2716167266932646,0.464916896327568,1.0,0.1933001696343034,"[[1.01, 3.0]]",1,1.0,1.0,1.99,[],nan,nan,nan
400,2.0,0.1,4.000000000000001,0.19198019825176293,66,3.0,1.0,3.0,0.3279126867531916,0.4156429784659132,1.0,0.08773029171272162,"[[1.01, 3.0]]",1,1.0,1.0,1.99,[],nan,nan,nan
400,2.0,0.1,4.000000000000001,0.19198019825176293,67,1.1167164336663837,1.0,1.1167164588647354,0.37089035929007347,0.40799458339641725,0.0,0.037104224106343786,"[[1.01, 3.0]]",1,1.0,1.0,1.99,[],nan,nan,nan
400,2.0,0.1,4.000000000000001,0.19198019825176293,68,1.01,1.0,1.01,0.3178105486947503,0.42790141995045916,1.0,0.11009087125570888,"[[1.01, 3.0]]",1,1.0,1.0,1.99,[],nan,nan,nan
400,2.0,0.1,4.000000000000001,0.19198019825176293,69,3.0,1.0,3.0,0.35594800463541326,0.4335746065276481,1.0,0.07762660189223486,"[[1.01, 3.0]]",1,1.0,1.0,1.99,[],nan,nan,nan
400,2.0,0.1,4.000000000000001,0.19198019825176293,70,3.0,1.0,3.0,0.31411826348654937,0.4725858911523736,1.0,0.15846762766582423,"[[1.01, 3.0]]",1,1.0,1.0,1.99,[],nan,nan,nan
400,2.0,0.1,4.000000000000001,0.19198019825176293,71,1.8922109379335645,1.0,1.892210741463452,0.3302731665991584,0.44132083344751355,0.0,0.11104766684835515,"[[1.01, 3.0]]",1,1.0,1.0,1.99,[],nan,nan,nan
400,2.0,0.1,4.000000000000001,0.19198019825176293,72,3.0,1.0,3.0,0.3272040100311829,0.41452739403279354,1.0,0.08732338400161066,"[[1.01, 3.0]]",1,1.0,1.0,1.99,[],nan,nan,nan
400,2.0,0.1,4.000000000000001,0.19198019825176293,73,1.3072691405626577,1.0,1.3072690979624242,0.33577928786067185,0.4327447092541116,0.0,0.09696542139343978,"[[1.01, 3.0]]",1,1.0,1.0,1.99,[],nan,nan,nan
400,2.0,0.1,4.000000000000001,0.19198019825176293,74,3.0,1.0,3.0,0.3428230060895246,0.4396927500173798,1.0,0.09686974392785519,"[[1.01, 3.0]]",1,1.0,1.0,1.99,[],nan,nan,nan
400,2.0,0.1,4.000000000000001,0.19198019825176293,75,3.0,1.0,3.0,0.3738957256290533,0.4504530678672932,1.0,0.0765573422382399,"[[1.01, 3.0]]",1,1.0,1.0,1.99,[],nan,nan,nan
400,2.0,0.1,4.000000000000001,0.19198019825176293,76,3.0,1.0,3.0,0.32511534338067427,0.47208610425070785,1.0,0.14697076087003358,"[[1.01, 3.0]]",1,1.0,1.0,1.99,[],nan,nan,nan
400,2.0,0.1,4.000000000000001,0.19198019825176293,77,1.2662897523791572,1.0,1.2662892887706159,0.35381028174355567,0.44018377733236974,0.0,0.08637349558881408,"[[1.01, 3.0]]",1,1.0,1.0,1.99,[],nan,nan,nan
400,2.0,0.1,4.000000000000001,0.19198019825176293,78,3.0,1.0,3.0,0.36053085790519684,0.4013554315162395,1.0,0.040824573611042636,"[[1.01, 3.0]]",1,1.0,1.0,1.99,[],nan,nan,nan
400,2.0,0.1,4.000000000000001,0.19198019825176293,79,2.4157024398583276,1.0,2.4157027227222794,0.3172928858600826,0.4570222492424433,0.0,0.1397293633823607,"[[1.01, 3.0]]",1,1.0,1.0,1.99,[],nan,nan,nan
400,2.0,0.1,4.000000000000001,0.19198019825176293,80,3.0,1.0,3.0,0.3522744515318695,0.4382221734591112,1.0,0.0859477219272417,"[[1.01, 3.0]]",1,1.0,1.0,1.99,[],nan,nan,nan
400,2.0,0.1,4.000000000000001,0.19198019825176293,81,1.01,1.0,1.01,0.3215070055387685,0.48576966356232487,1.0,0.16426265802355638,"[[1.01, 3.0]]",1,1.0,1.0,1.99,[],nan,nan,nan
400,2.0,0.1,4.000000000000001,0.19198019825176293,82,2.3199995927817745,1.0,2.3199997315700007,0.34578210653395186,0.42410048487274665,0.0,0.07831837833879479,"[[1.01, 3.0]]",1,1.0,1.0,1.99,[],nan,nan,nan
400,2.0,0.1,4.000000000000001,0.19198019825176293,83,3.0,1.0,3.0,0.33349193815215583,0.4468269421318861,1.0,0.11333500397973029,"[[1.01, 3.0]]",1,1.0,1.0,1.99,[],nan,nan,nan
400,2.0,0.1,4.000000000000001,0.19198019825176293,84,2.725130414490945,1.0,2.7251311739566355,0.33927419429147115,0.40153182641461904,0.0,0.06225763212314789,"[[1.01, 3.0]]",1,1.0,1.0,1.99,[],nan,nan,nan
400,2.0,0.1,4.000000000000001,0.19198019825176293,85,1.01,1.0,1.01,0.32077086683741823,0.42625819053222164,1.0,0.1054873236948034,"[[1.01, 3.0]]",1,1.0,1.0,1.99,[],nan,nan,nan
400,2.0,0.1,4.000000000000001,0.19198019825176293,86,1.0477866272618146,1.0,1.0477865148405778,0.2932331214116106,0.447775571621762,0.0,0.1545424502101514,"[[1.01, 3.0]]",1,1.0,1.0,1.99,[],nan,nan,nan
400,2.0,0.1,4.000000000000001,0.19198019825176293,87,1.01,1.0,1.01,0.3187232080315389,0.42626662140245064,1.0,0.10754341337091172,"[[1.01, 3.0]]",1,1.0,1.0,1.99,[],nan,nan,nan
400,2.0,0.1,4.000000000000001,0.19198019825176293,88,3.0,1.0,3.0,0.3586024440608353,0.4240033187878179,1.0,0.06540087472698258,"[[1.01, 3.0]]",1,1.0,1.0,1.99,[],nan,nan,nan
400,2.0,0.1,4.000000000000001,0.19198019825176293,89,3.0,1.0,1.01,0.3873832173045964,0.398267154694416,1.0,0.010883937389819576,"[[1.01, 3.0]]",1,1.0,1.0,1.99,[],nan,nan,nan
400,2.0,0.1,4.000000000000001,0.19198019825176293,90,2.72108952021086,1.0,2.7210900001263876,0.3368662072222355,0.44430187629399087,0.0,0.10743566907175539,"[[1.01, 3.0]]",1,1.0,1.0,1.99,[],nan,nan,nan
400,2.0,0.1,4.000000000000001,0.19198019825176293,91,3.0,1.0,3.0,0.3412352405792078,0.4080495341701691,1.0,0.0668142935909613,"[[1.01, 3.0]]",1,1.0,1.0,1.99,[],nan,nan,nan
400,2.0,0.1,4.000000000000001,0.19198019825176293,92,3.0,1.0,3.0,0.3566455990264907,0.43111638949235587,1.0,0.07447079046586519,"[[1.01, 3.0]]",1,1.0,1.0,1.99,[],nan,nan,nan
400,2.0,0.1,4.000000000000001,0.19198019825176293,93,1.01,1.0,1.01,0.27437055476513067,0.44933904268950864,1.0,0.17496848792437797,"[[1.01, 3.0]]",1,1.0,1.0,1.99,[],nan,nan,nan
400,2.0,0.1,4.000000000000001,0.19198019825176293,94,3.0,1.0,3.0,0.31974216218779455,0.3983104334676548,1.0,0.07856827127986027,"[[1.01, 3.0]]",1,1.0,1.0,1.99,[],nan,nan,nan
400,2.0,0.1,4.000000000000001,0.19198019825176293,95,1.01,1.0,1.01,0.31670718391208125,0.4587196500389336,1.0,0.14201246612685237,"[[1.01, 3.0]]",1,1.0,1.0,1.99,[],nan,nan,nan
400,2.0,0.1,4.000000000000001,0.19198019825176293,96,1.01,1.0,1.01,0.29987965011332335,0.40974361203983123,1.0,0.10986396192650788,"[[1.01, 3.0]]",1,1.0,1.0,1.99,[],nan,nan,nan
400,2.0,0.1,4.000000000000001,0.19198019825176293,97,1.7631290785280398,1.0,1.7631290277968088,0.3356739675209286,0.48648509141074453,0.0,0.15081112388981593,"[[1.01, 3.0]]",1,1.0,1.0,1.99,[],nan,nan,nan
400,2.0,0.1,4.000000000000001,0.19198019825176293,98,1.01,1.0,1.01,0.33137374828515703,0.47546650971415033,1.0,0.1440927614289933,"[[1.01, 3.0]]",1,1.0,1.0,1.99,[],nan,nan,nan
400,2.0,0.1,4.000000000000001,0.19198019825176293,99,3.0,1.0,3.0,0.36310232077873295,0.47712932104748546,1.0,0.11402700026875251,"[[1.01, 3.0]]",1,1.0,1.0,1.99,[],nan,nan,nan
400,2.0,0.1,4.000000000000001,0.19198019825176293,100,1.01,1.0,1.01,0.2838899316116442,0.43289551995302505,1.0,0.14900558834138083,"[[1.01, 3.0]]",1,1.0,1.0,1.99,[],nan,nan,nan
400,2.0,0.1,4.000000000000001,0.19198019825176293,101,1.01,1.0,1.01,0.31063016056123494,0.42740774401720316,1.0,0.11677758345596823,"[[1.01, 3.0]]",1,1.0,1.0,1.99,[],nan,nan,nan
400,2.0,0.1,4.000000000000001,0.19198019825176293,102,1.1171799804264944,1.0,1.1171799843189527,0.2828162575651467,0.5079826543984689,0.0,0.22516639683332218,"[[1.01, 3.0]]",1,1.0,1.0,1.99,[],nan,nan,nan
400,2.0,0.1,4.000000000000001,0.19198019825176293,103,3.0,1.0,3.0,0.341482435341317,0.3735945903300029,1.0,0.032112154988685915,"[[1.01, 3.0]]",1,1.0,1.0,1.99,[],nan,nan,nan
400,2.0,0.1,4.000000000000001,0.19198019825176293,104,1.01,1.0,1.01,0.2935746466539909,0.4530787592768483,1.0,0.1595041126228574,"[[1.01, 3.0]]",1,1.0,1.0,1.99,[],nan,nan,nan
400,2.0,0.1,4.000000000000001,0.19198019825176293,105,1.01,1.0,1.01,0.3512891975333767,0.4147323797000943,1.0,0.06344318216671763,"[[1.01, 3.0]]",1,1.0,1.0,1.99,[],nan,nan,nan
400,2.0,0.1,4.000000000000001,0.19198019825176293,106,1.01,1.0,1.01,0.2905850820121299,0.4713294355902916,1.0,0.1807443535781617,"[[1.01, 3.0]]",1,1.0,1.0,1.99,[],nan,nan,nan
400,2.0,0.1,4.000000000000001,0.19198019825176293,107,3.0,1.0,3.0,0.33525825274741755,0.41388230789736363,1.0,0.07862405514994608,"[[1.01, 3.0]]",1,1.0,1.0,1.99,[],nan,nan,nan
400,2.0,0.1,4.000000000000001,0.19198019825176293,108,1.5233714340507738,1.0,1.5233724940375586,0.329196130335212,0.43968913664731496,0.0,0.11049300631210296,"[[1.01, 3.0]]",1,1.0,1.0,1.99,[],nan,nan,nan
400,2.0,0.1,4.000000000000001,0.19198019825176293,109,2.23692598786354,1.0,2.2369264511377285,0.3450847591474207,0.4570678310483169,0.0,0.11198307190089618,"[[1.01, 3.0]]",1,1.0,1.0,1.99,[],nan,nan,nan
400,2.0,0.1,4.000000000000001,0.19198019825176293,110,1.01,1.0,1.01,0.3408052382055108,0.4054986132211695,1.0,0.0646933750156587,"[[1.01, 3.0]]",1,1.0,1.0,1.99,[],nan,nan,nan
400,2.0,0.1,4.000000000000001,0.19198019825176293,111,1.01,1.0,1.01,0.34995914693886826,0.4030000923124299,1.0,0.05304094537356163,"[[1.01, 3.0]]",1,1.0,1.0,1.99,[],nan,nan,nan
400,2.0,0.1,4.000000000000001,0.19198019825176293,112,3.0,1.0,3.0,0.3300467310939478,0.5104871350383599,1.0,0.18044040394441208,"[[1.01, 3.0]]",1,1.0,1.0,1.99,[],nan,nan,nan
400,2.0,0.1,4.000000000000001,0.19198019825176293,113,1.01,1.0,1.01,0.33282227103540785,0.4565842608769854,1.0,0.12376198984157755,"[[1.01, 3.0]]",1,1.0,1.0,1.99,[],nan,nan,nan
400,2.0,0.1,4.000000000000001,0.19198019825176293,114,1.0704007392273114,1.0,1.0704006871972753,0.29925528873659096,0.451810137032038,0.0,0.15255484829544702,"[[1.01, 3.0]]",1,1.0,1.0,1.99,[],nan,nan,nan
400,2.0,0.1,4.000000000000001,0.19198019825176293,115,3.0,1.0,3.0,0.3667718512788985,0.43056577757181497,1.0,0.06379392629291647,"[[1.01, 3.0]]",1,1.0,1.0,1.99,[],nan,nan,nan
400,2.0,0.1,4.000000000000001,0.19198019825176293,116,1.6018643954480336,1.0,1.6018643839501852,0.3417206555253191,0.44027088822521265,0.0,0.09855023269989355,"[[1.01, 3.0]]",1,1.0,1.0,1.99,[],nan,nan,nan
400,2.0,0.1,4.000000000000001,0.19198019825176293,117,1.01,1.0,1.01,0.32511483165377764,0.4683708481884441,1.0,0.14325601653466646,"[[1.01, 3.0]]",1,1.0,1.0,1.99,[],nan,nan,nan
400,2.0,0.1,4.000000000000001,0.19198019825176293,118,1.7493048755775231,1.0,1.749302317572529,0.36745527286759383,0.3972535861960438,0.0,0.029798313328449955,"[[1.01, 3.0]]",1,1.0,1.0,1.99,[],nan,nan,nan
400,2.0,0.1,4.000000000000001,0.19198019825176293,119,1.01,1.0,1.01,0.317448295721301,0.44079098299319686,1.0,0.12334268727189585,"[[1.01, 3.0]]",1,1.0,1.0,1.99,[],nan,nan,nan
400,2.0,0.1,4.000000000000001,0.19198019825176293,120,1.01,1.0,1.01,0.32801923168840474,0.432616118394402,1.0,0.10459688670599726,"[[1.01, 3.0]]",1,1.0,1.0,1.99,[],nan,nan,nan
400,2.0,0.1,4.000000000000001,0.19198019825176293,121,1.4838827939438513,1.0,1.4838824018188017,0.33925731205736104,0.4608972396763601,0.0,0.12163992761899906,"[[1.01, 3.0]]",1,1.0,1.0,1.99,[],nan,nan,nan
400,2.0,0.1,4.000000000000001,0.19198019825176293,122,1.01,1.0,1.01,0.3245200461454352,0.42951184231446254,1.0,0.10499179616902732,"[[1.01, 3.0]]",1,1.0,1.0,1.99,[],nan,nan,nan
400,2.0,0.1,4.000000000000001,0.19198019825176293,123,1.01,1.0,1.01,0.3171960112440284,0.42376823033404554,1.0,0.10657221909001713,"[[1.01, 3.0]]",1,1.0,1.0,1.99,[],nan,nan,nan
400,2.0,0.1,4.000000000000001,0.19198019825176293,124,1.01,1.0,1.01,0.3198231302366708,0.4273351363233061,1.0,0.1075120060866353,"[[1.01, 3.0]]",1,1.0,1.0,1.99,[],nan,nan,nan
400,2.0,0.1,4.000000000000001,0.19198019825176293,125,1.01,1.0,1.01,0.34583090953971796,0.4442878986383007,1.0,0.09845698909858275,"[[1.01, 3.0]]",1,1.0,1.0,1.99,[],nan,nan,nan
400,2.0,0.1,4.000000000000001,0.19198019825176293,126,2.928130768032316,1.0,2.92813102967063,0.32444578073388275,0.4117402367283745,0.0,0.08729445599449176,"[[1.01, 3.0]]",1,1.0,1.0,1.99,[],nan,nan,nan
400,2.0,0.1,4.000000000000001,0.19198019825176293,127,3.0,1.0,3.0,0.3229070015295347,0.45252440508814307,1.0,0.12961740355860835,"[[1.01, 3.0]]",1,1.0,1.0,1.99,[],nan,nan,nan
400,2.0,0.1,4.000000000000001,0.19198019825176293,128,1.01,1.0,1.01,0.3313243103610317,0.44022442418903585,1.0,0.10890011382800413,"[[1.01, 3.0]]",1,1.0,1.0,1.99,[],nan,nan,nan
400,2.0,0.1,4.000000000000001,0.19198019825176293,129,1.01,1.0,1.01,0.3145668562660597,0.3901350347095868,1.0,0.07556817844352715,"[[1.01, 3.0]]",1,1.0,1.0,1.99,[],nan,nan,nan
400,2.0,0.1,4.000000000000001,0.19198019825176293,130,3.0,1.0,3.0,0.3533395184144531,0.4064304694409311,1.0,0.053090951026477984,"[[1.01, 3.0]]",1,1.0,1.0,1.99,[],nan,nan,nan
400,2.0,0.1,4.000000000000001,0.19198019825176293,131,3.0,1.0,3.0,0.37934795540259286,0.43283012523087705,1.0,0.05348216982828419,"[[1.01, 3.0]]",1,1.0,1.0,1.99,[],nan,nan,nan
400,2.0,0.1,4.000000000000001,0.19198019825176293,132,3.0,1.0,3.0,0.3684022614644148,0.4697807048116423,1.0,0.10137844334722751,"[[1.01, 3.0]]",1,1.0,1.0,1.99,[],nan,nan,nan
400,2.0,0.1,4.000000000000001,0.19198019825176293,133,1.01,1.0,1.01,0.3083131494265796,0.43307589262897395,1.0,0.12476274320239433,"[[1.01, 3.0]]",1,1.0,1.0,1.99,[],nan,nan,nan
400,2.0,0.1,4.000000000000001,0.19198019825176293,134,3.0,1.0,3.0,0.36754100153868524,0.4428027150759917,1.0,0.07526171353730648,"[[1.01, 3.0]]",1,1.0,1.0,1.99,[],nan,nan,nan
400,2.0,0.1,4.000000000000001,0.19198019825176293,135,3.0,1.0,3.0,0.32863576201705974,0.44374119336629075,1.0,0.11510543134923101,"[[1.01, 3.0]]",1,1.0,1.0,1.99,[],nan,nan,nan
400,2.0,0.1,4.000000000000001,0.19198019825176293,136,2.4413853814943605,1.0,2.4413853483809516,0.3192450338947174,0.4505652024530202,0.0,0.13132016855830275,"[[1.01, 3.0]]",1,1.0,1.0,1.99,[],nan,nan,nan
400,2.0,0.1,4.000000000000001,0.19198019825176293,137,3.0,1.0,3.0,0.33160676564549507,0.38169314464809256,1.0,0.05008637900259749,"[[1.01, 3.0]]",1,1.0,1.0,1.99,[],nan,nan,nan
400,2.0,0.1,4.000000000000001,0.19198019825176293,138,3.0,1.0,3.0,0.3351954112354165,0.4305145580872516,1.0,0.09531914685183507,"[[1.01, 3.0]]",1,1.0,1.0,1.99,[],nan,nan,nan
400,2.0,0.1,4.000000000000001,0.19198019825176293,139,1.01,1.0,1.01,0.2933961209908607,0.41854785670611644,1.0,0.12515173571525573,"[[1.01, 3.0]]",1,1.0,1.0,1.99,[],nan,nan,nan
400,2.0,0.1,4.000000000000001,0.19198019825176293,140,3.0,1.0,1.01,0.36807575278140053,0.38057014388255467,1.0,0.012494391101154134,"[[1.01, 3.0]]",1,1.0,1.0,1.99,[],nan,nan,nan
400,2.0,0.1,4.000000000000001,0.19198019825176293,141,1.01,1.0,1.01,0.3250555458679755,0.421161977011337,1.0,0.09610643114336148,"[[1.01, 3.0]]",1,1.0,1.0,1.99,[],nan,nan,nan
400,2.0,0.1,4.000000000000001,0.19198019825176293,142,1.702250314448479,1.0,1.7022457164628848,0.35289065893546473,0.4591153265027869,0.0,0.10622466756732218,"[[1.01, 3.0]]",1,1.0,1.0,1.99,[],nan,nan,nan
400,2.0,0.1,4.000000000000001,0.19198019825176293,143,3.0,1.0,3.0,0.3675632495809868,0.3895801692199653,1.0,0.022016919638978505,"[[1.01, 3.0]]",1,1.0,1.0,1.99,[],nan,nan,nan
400,2.0,0.1,4.000000000000001,0.19198019825176293,144,1.01,1.0,1.01,0.33001489595062966,0.42375006956042743,1.0,0.09373517360979777,"[[1.01, 3.0]]",1,1.0,1.0,1.99,[],nan,nan,nan
400,2.0,0.1,4.000000000000001,0.19198019825176293,145,3.0,1.0,1.01,0.3403128802002914,0.38508807388310756,1.0,0.04477519368281618,"[[1.01, 3.0]]",1,1.0,1.0,1.99,[],nan,nan,nan
400,2.0,0.1,4.000000000000001,0.19198019825176293,146,2.9532615602276704,1.0,2.9532616197710237,0.34594617666282085,0.4057204647287554,0.0,0.059774288065934544,"[[1.01, 3.0]]",1,1.0,1.0,1.99,[],nan,nan,nan
400,2.0,0.1,4.000000000000001,0.19198019825176293,147,1.437195108612474,1.0,1.4371949604561518,0.3414779176937853,0.45371929508110903,0.0,0.1122413773873237,"[[1.01, 3.0]]",1,1.0,1.0,1.99,[],nan,nan,nan
400,2.0,0.1,4.000000000000001,0.19198019825176293,148,3.0,1.0,3.0,0.3522162788641995,0.4282768492998778,1.0,0.07606057043567832,"[[1.01, 3.0]]",1,1.0,1.0,1.99,[],nan,nan,nan
400,2.0,0.1,4.000000000000001,0.19198019825176293,149,3.0,1.0,3.0,0.35633877057246094,0.4515943343585759,1.0,0.09525556378611494,"[[1.01, 3.0]]",1,1.0,1.0,1.99,[],nan,nan,nan
400,2.0,0.1,4.000000000000001,0.19198019825176293,150,2.502486302755577,1.0,2.5024857842110118,0.34385852597065314,0.4784825452336587,0.0,0.13462401926300555,"[[1.01, 3.0]]",1,1.0,1.0,1.99,[],nan,nan,nan
400,2.0,0.1,4.000000000000001,0.19198019825176293,151,3.0,1.0,3.0,0.33096469606004864,0.44151869248567305,1.0,0.11055399642562441,"[[1.01, 3.0]]",1,1.0,1.0,1.99,[],nan,nan,nan
400,2.0,0.1,4.000000000000001,0.19198019825176293,152,1.1270164217147742,1.0,1.1270166186900703,0.300258621993735,0.44089470520884533,0.0,0.14063608321511034,"[[1.01, 3.0]]",1,1.0,1.0,1.99,[],nan,nan,nan
400,2.0,0.1,4.000000000000001,0.19198019825176293,153,1.7221809649469284,1.0,1.7221807451053819,0.3385301406306433,0.42442949121930845,0.0,0.08589935058866516,"[[1.01, 3.0]]",1,1.0,1.0,1.99,[],nan,nan,nan
400,2.0,0.1,4.000000000000001,0.19198019825176293,154,1.2761307411056422,1.0,1.2761306803019792,0.30194917074706557,0.434800893712405,0.0,0.13285172296533942,"[[1.01, 3.0]]",1,1.0,1.0,1.99,[],nan,nan,nan
400,2.0,0.1,4.000000000000001,0.19198019825176293,155,1.01,1.0,1.01,0.2951778063302351,0.39684023805511576,1.0,0.10166243172488065,"[[1.01, 3.0]]",1,1.0,1.0,1.99,[],nan,nan,nan
400,2.0,0.1,4.000000000000001,0.19198019825176293,156,2.2063821477303915,1.0,2.2063848180725225,0.335192166023807,0.3970164733427816,0.0,0.06182430731897459,"[[1.01, 3.0]]",1,1.0,1.0,1.99,[],nan,nan,nan
400,2.0,0.1,4.000000000000001,0.19198019825176293,157,3.0,1.0,3.0,0.33387100420495863,0.4773524064144385,1.0,0.14348140220947986,"[[1.01, 3.0]]",1,1.0,1.0,1.99,[],nan,nan,nan
400,2.0,0.1,4.000000000000001,0.19198019825176293,158,3.0,1.0,3.0,0.3456719552689869,0.40745357557025325,1.0,0.06178162030126633,"[[1.01, 3.0]]",1,1.0,1.0,1.99,[],nan,nan,nan
400,2.0,0.1,4.000000000000001,0.19198019825176293,159,3.0,1.0,3.0,0.32832429785850653,0.4884604884287005,1.0,0.16013619057019396,"[[1.01, 3.0]]",1,1.0,1.0,1.99,[],nan,nan,nan
400,2.0,0.1,4.000000000000001,0.19198019825176293,160,2.76919916434491,1.0,2.769199205993671,0.34132082157101407,0.4085769961337521,0.0,0.06725617456273802,"[[1.01, 3.0]]",1,1.0,1.0,1.99,[],nan,nan,nan
400,2.0,0.1,4.000000000000001,0.19198019825176293,161,1.2532825775921288,1.0,1.2532825940877896,0.3159186330326211,0.4567078379646635,0.0,0.14078920493204244,"[[1.01, 3.0]]",1,1.0,1.0,1.99,[],nan,nan,nan
400,2.0,0.1,4.000000000000001,0.19198019825176293,162,3.0,1.0,3.0,0.34925577160923726,0.4480029583715005,1.0,0.09874718676226324,"[[1.01, 3.0]]",1,1.0,1.0,1.99,[],nan,nan,nan
400,2.0,0.1,4.000000000000001,0.19198019825176293,163,3.0,1.0,3.0,0.3594538859429387,0.4437564913949212,1.0,0.08430260545198248,"[[1.01, 3.0]]",1,1.0,1.0,1.99,[],nan,nan,nan
400,2.0,0.1,4.000000000000001,0.19198019825176293,164,1.01,1.0,1.01,0.30316413047660556,0.4114852004329922,1.0,0.10832106995638663,"[[1.01, 3.0]]",1,1.0,1.0,1.99,[],nan,nan,nan
400,2.0,0.1,4.000000000000001,0.19198019825176293,165,3.0,1.0,3.0,0.32780169021323396,0.4245982295054009,1.0,0.09679653929216692,"[[1.01, 3.0]]",1,1.0,1.0,1.99,[],nan,nan,nan
400,2.0,0.1,4.000000000000001,0.19198019825176293,166,1.01,1.0,1.01,0.3216103521365792,0.4061478876985695,1.0,0.08453753556199034,"[[1.01, 3.0]]",1,1.0,1.0,1.99,[],nan,nan,nan
400,2.0,0.1,4.000000000000001,0.19198019825176293,167,1.01,1.0,1.01,0.3405403675168739,0.4456830050439676,1.0,0.10514263752709369,"[[1.01, 3.0]]",1,1.0,1.0,1.99,[],nan,nan,nan
400,2.0,0.1,4.000000000000001,0.19198019825176293,168,3.0,1.0,3.0,0.3412568298336959,0.3878566113205555,1.0,0.046599781486859615,"[[1.01, 3.0]]",1,1.0,1.0,1.99,[],nan,nan,nan
400,2.0,0.1,4.000000000000001,0.19198019825176293,169,2.248134580135006,1.0,2.2481346766927963,0.36589094921204973,0.45858938553189,0.0,0.09269843631984026,"[[1.01, 3.0]]",1,1.0,1.0,1.99,[],nan,nan,nan
400,2.0,0.1,4.000000000000001,0.19198019825176293,170,1.01,1.0,1.01,0.33244199831755705,0.44098992543866217,1.0,0.10854792712110511,"[[1.01, 3.0]]",1,1.0,1.0,1.99,[],nan,nan,nan
400,2.0,0.1,4.000000000000001,0.19198019825176293,171,1.01,1.0,1.01,0.32245154387394054,0.4659754441829926,1.0,0.14352390030905204,"[[1.01, 3.0]]",1,1.0,1.0,1.99,[],nan,nan,nan
400,2.0,0.1,4.000000000000001,0.19198019825176293,172,3.0,1.0,3.0,0.37248500231350473,0.46711470023399304,1.0,0.09462969792048831,"[[1.01, 3.0]]",1,1.0,1.0,1.99,[],nan,nan,nan
400,2.0,0.1,4.000000000000001,0.19198019825176293,173,1.258382958208511,1.0,1.2583832415803902,0.3674475592528265,0.458160021094047,0.0,0.0907124618412205,"[[1.01, 3.0]]",1,1.0,1.0,1.99,[],nan,nan,nan
400,2.0,0.1,4.000000000000001,0.19198019825176293,174,1.01,1.0,1.01,0.35384377709727194,0.4170846342687923,1.0,0.06324085717152034,"[[1.01, 3.0]]",1,1.0,1.0,1.99,[],nan,nan,nan
400,2.0,0.1,4.000000000000001,0.19198019825176293,175,3.0,1.0,3.0,0.3426924479238253,0.4043690364865699,1.0,0.061676588562744605,"[[1.01, 3.0]]",1,1.0,1.0,1.99,[],nan,nan,nan
400,2.0,0.1,4.000000000000001,0.19198019825176293,176,1.01,1.0,1.01,0.3489154219506328,0.4435511627424632,1.0,0.0946357407918304,"[[1.01, 3.0]]",1,1.0,1.0,1.99,[],nan,nan,nan
400,2.0,0.1,4.000000000000001,0.19198019825176293,177,1.8023979351207977,1.0,1.802397567920413,0.36950232758767,0.43881791813009985,0.0,0.06931559054242986,"[[1.01, 3.0]]",1,1.0,1.0,1.99,[],nan,nan,nan
400,2.0,0.1,4.000000000000001,0.19198019825176293,178,1.01,1.0,1.01,0.3189834378850429,0.3468283089948606,1.0,0.027844871109817704,"[[1.01, 3.0]]",1,1.0,1.0,1.99,[],nan,nan,nan
400,2.0,0.1,4.000000000000001,0.19198019825176293,179,1.01,1.0,1.01,0.36359161280066,0.3960324352298764,1.0,0.03244082242921642,"[[1.01, 3.0]]",1,1.0,1.0,1.99,[],nan,nan,nan
400,8.0,0.4,64.00000000000001,2.2963544109322553,0,1.2012680609497248,1.0,1.2012680810741405,0.314828598170208,0.660374542595571,0.0,0.34554594442536307,"[[1.01, 3.0]]",1,1.0,1.0,1.99,"[[1.01, 1.392536162148281]]",0.0,0.0,0.382536162148281
400,8.0,0.4,64.00000000000001,2.2963544109322553,1,1.01,1.0,1.01,0.36242075336513374,0.6161087985089757,1.0,0.25368804514384197,"[[1.01, 3.0]]",1,1.0,1.0,1.99,"[[1.01, 1.01]]",0.0,0.0,0.0
400,8.0,0.4,64.00000000000001,2.2963544109322553,2,1.1588286422321776,1.0,1.1588288896912866,0.2676632841939626,0.8450036092368206,0.0,0.5773403250428579,"[[1.01, 2.2039999999999997]]",1,1.0,0.0,1.1939999999999997,"[[1.01, 1.3076577793825732]]",0.0,0.0,0.2976577793825732
400,8.0,0.4,64.00000000000001,2.2963544109322553,3,1.320276349954018,1.0,1.3202762621963993,0.32663983947679565,0.7492773798222985,0.0,0.4226375403455028,"[[1.01, 3.0]]",1,1.0,1.0,1.99,"[[1.01, 1.6305525243927985]]",1.0,0.0,0.6205525243927985
400,8.0,0.4,64.00000000000001,2.2963544109322553,4,1.5416590180256269,1.0,1.5416600513428143,0.3458272912676423,0.7581445186239456,0.0,0.41231722735630333,"[[1.01, 3.0]]",1,1.0,1.0,1.99,"[[1.01, 2.0733201026856287]]",1.0,0.0,1.0633201026856287
400,8.0,0.4,64.00000000000001,2.2963544109322553,5,2.441027078898483,1.0,2.4410281153927937,0.35842966180459984,0.7184901414541721,0.0,0.3600604796495723,"[[1.01, 3.0]]",1,1.0,1.0,1.99,"[[1.8820562307855875, 3.0]]",0.0,0.0,1.1179437692144125
400,8.0,0.4,64.00000000000001,2.2963544109322553,6,1.8619676301122943,1.0,1.861968001312346,0.3936265725211848,0.6287612083421801,0.0,0.23513463582099525,"[[1.01, 3.0]]",1,1.0,1.0,1.99,"[[1.01, 2.713936002624692]]",1.0,0.0,1.703936002624692
400,8.0,0.4,64.00000000000001,2.2963544109322553,7,1.2654881879357616,1.0,1.265488775379206,0.40446007812507734,0.6447122878423388,0.0,0.24025220971726147,"[[1.01, 3.0]]",1,1.0,1.0,1.99,"[[1.01, 1.5209775507584118]]",1.0,0.0,0.5109775507584118
400,8.0,0.4,64.00000000000001,2.2963544109322553,8,1.01,1.0,1.01,0.25718793734709655,0.7788436106828627,1.0,0.5216556733357661,"[[1.01, 2.0846]]",1,1.0,0.0,1.0746,"[[1.01, 1.01]]",0.0,0.0,0.0
400,8.0,0.4,64.00000000000001,2.2963544109322553,9,1.1758428150734022,1.0,1.1758433328398203,0.3195331462049586,0.7482063916278748,0.0,0.42867324542291624,"[[1.01, 3.0]]",1,1.0,1.0,1.99,"[[1.01, 1.3416866656796407]]",0.0,0.0,0.33168666567964067
400,8.0,0.4,64.00000000000001,2.2963544109322553,10,3.0,0.0,3.0,0.3381143339084922,0.7117060999444105,1.0,0.37359176603591826,"[[1.3682, 3.0]]",1,1.0,0.0,1.6318,"[[3.0, 3.0]]",0.0,0.0,0.0
400,8.0,0.4,64.00000000000001,2.2963544109322553,11,1.0620939586618534,1.0,1.062094146189548,0.30721956097116804,0.6848341164748667,0.0,0.37761455550369866,"[[1.01, 3.0]]",1,1.0,1.0,1.99,"[[1.01, 1.1141882923790958]]",0.0,0.0,0.10418829237909577
400,8.0,0.4,64.00000000000001,2.2963544109322553,12,3.0,0.0,3.0,0.37045200249539106,0.7144411511270126,1.0,0.3439891486316215,"[[1.4876, 3.0]]",1,1.0,0.0,1.5124,"[[3.0, 3.0]]",0.0,0.0,0.0
400,8.0,0.4,64.00000000000001,2.2963544109322553,13,2.0886306245223967,1.0,2.0886310212528594,0.339787553201632,0.7618115660394922,0.0,0.4220240128378602,"[[1.01, 3.0]]",1,1.0,1.0,1.99,"[[1.1772620425057188, 3.0]]",1.0,0.0,1.8227379574942812
400,8.0,0.4,64.00000000000001,2.2963544109322553,14,3.0,0.0,3.0,0.3802644061718675,0.6811518888838183,1.0,0.30088748271195076,"[[1.01, 3.0]]",1,1.0,1.0,1.99,"[[3.0, 3.0]]",0.0,0.0,0.0
400,8.0,0.4,64.00000000000001,2.2963544109322553,15,1.5302069056774823,1.0,1.5302107692781588,0.35809654933354407,0.7820867808269953,0.0,0.4239902314934513,"[[1.01, 3.0]]",1,1.0,1.0,1.99,"[[1.01, 2.050421538556318]]",1.0,0.0,1.0404215385563178
400,8.0,0.4,64.00000000000001,2.2963544109322553,16,3.0,0.0,3.0,0.4042087523948182,0.737136868290322,1.0,0.3329281158955038,"[[1.01, 3.0]]",1,1.0,1.0,1.99,"[[3.0, 3.0]]",0.0,0.0,0.0
400,8.0,0.4,64.00000000000001,2.2963544109322553,17,1.01,1.0,1.01,0.264915538358635,0.7293195226082254,1.0,0.4644039842495904,"[[1.01, 2.1642]]",1,1.0,0.0,1.1542000000000001,"[[1.01, 1.01]]",0.0,0.0,0.0
400,8.0,0.4,64.00000000000001,2.2963544109322553,18,1.9749459538350447,1.0,1.974945781152878,0.3602886867016219,0.6869616773519547,0.0,0.3266729906503328,"[[1.01, 3.0]]",1,1.0,1.0,1.99,"[[1.01, 2.939891562305756]]",1.0,0.0,1.929891562305756
400,8.0,0.4,64.00000000000001,2.2963544109322553,19,2.224328780020063,1.0,2.224329146940658,0.3502702797566996,0.7028360101443183,0.0,0.3525657303876187,"[[1.01, 3.0]]",1,1.0,1.0,1.99,"[[1.4486582938813157, 3.0]]",1.0,0.0,1.5513417061186843
400,8.0,0.4,64.00000000000001,2.2963544109322553,20,1.1932620307768154,1.0,1.1932620306965873,0.34307742919466283,0.756586307079262,0.0,0.41350887788459917,"[[1.01, 3.0]]",1,1.0,1.0,1.99,"[[1.01, 1.3765240613931746]]",0.0,0.0,0.3665240613931746
400,8.0,0.4,64.00000000000001,2.2963544109322553,21,2.7340325272006742,1.0,2.7340326436663758,0.3514545696126732,0.7831757874887878,0.0,0.4317212178761146,"[[1.2488000000000001, 3.0]]",1,1.0,0.0,1.7511999999999999,"[[2.4680652873327515, 3.0]]",0.0,0.0,0.5319347126672485
400,8.0,0.4,64.00000000000001,2.2963544109322553,22,1.2181361472603125,1.0,1.218136255991129,0.29783423918489615,0.7202563922816583,0.0,0.4224221530967621,"[[1.01, 3.0]]",1,1.0,1.0,1.99,"[[1.01, 1.4262725119822581]]",0.0,0.0,0.4162725119822581
400,8.0,0.4,64.00000000000001,2.2963544109322553,23,1.01,1.0,1.01,0.26143580477925615,0.7512736339649398,1.0,0.4898378291856837,"[[1.01, 1.7662]]",1,1.0,0.0,0.7562,"[[1.01, 1.01]]",0.0,0.0,0.0
400,8.0,0.4,64.00000000000001,2.2963544109322553,24,1.8457996645926344,1.0,1.84579965433029,0.3192747302889582,0.7335768928819613,0.0,0.41430216259300306,"[[1.01, 3.0]]",1,1.0,1.0,1.99,"[[1.01, 2.68159930866058]]",1.0,0.0,1.67159930866058
400,8.0,0.4,64.00000000000001,2.2963544109322553,25,1.7860845074887917,1.0,1.7860833422340607,0.3319830690953126,0.7328419687634777,0.0,0.4008588996681651,"[[1.01, 3.0]]",1,1.0,1.0,1.99,"[[1.01, 2.5621666844681217]]",1.0,0.0,1.5521666844681217
400,8.0,0.4,64.00000000000001,2.2963544109322553,26,1.1229467758057634,1.0,1.1229468029586631,0.30081181992732503,0.7495411755312228,0.0,0.44872935560389776,"[[1.01, 2.801]]",1,1.0,0.0,1.7910000000000001,"[[1.01, 1.2358936059173262]]",0.0,0.0,0.2258936059173262
400,8.0,0.4,64.00000000000001,2.2963544109322553,27,1.01,1.0,1.01,0.2754001178815159,0.7030214242102945,1.0,0.42762130632877854,"[[1.01, 2.2438000000000002]]",1,1.0,0.0,1.2338000000000002,"[[1.01, 1.01]]",0.0,0.0,0.0
400,8.0,0.4,64.00000000000001,2.2963544109322553,28,1.01,1.0,1.01,0.29964781015469555,0.7287273048785029,1.0,0.42907949472380735,"[[1.01, 2.0846]]",1,1.0,0.0,1.0746,"[[1.01, 1.01]]",0.0,0.0,0.0
400,8.0,0.4,64.00000000000001,2.2963544109322553,29,2.337162317521944,1.0,2.337162349520848,0.36512818244677375,0.7191000105349561,0.0,0.35397182808818234,"[[1.01, 3.0]]",1,1.0,1.0,1.99,"[[1.674324699041696, 3.0]]",0.0,0.0,1.325675300958304
400,8.0,0.4,64.00000000000001,2.2963544109322553,30,1.9322982188891582,1.0,1.9322990022287063,0.3654064239902215,0.7544107787780925,0.0,0.389004354787871,"[[1.01, 3.0]]",1,1.0,1.0,1.99,"[[1.01, 2.820499335274655]]",1.0,0.0,1.810499335274655
400,8.0,0.4,64.00000000000001,2.2963544109322553,31,2.072228891745227,1.0,2.0722309726718757,0.35406826641952543,0.6909716755626362,0.0,0.33690340914311073,"[[1.01, 3.0]]",1,1.0,1.0,1.99,"[[1.1444619453437515, 3.0]]",1.0,0.0,1.8555380546562485
400,8.0,0.4,64.00000000000001,2.2963544109322553,32,1.259058928845089,1.0,1.2590590008398137,0.32565726067972284,0.6903351325861738,0.0,0.364677871906451,"[[1.01, 3.0]]",1,1.0,1.0,1.99,"[[1.01, 1.5081180016796274]]",1.0,0.0,0.4981180016796274
400,8.0,0.4,64.00000000000001,2.2963544109322553,33,1.01,1.0,1.01,0.2879043095021298,0.6439758254718101,1.0,0.3560715159696803,"[[1.01, 2.2836]]",1,1.0,0.0,1.2735999999999998,"[[1.01, 1.01]]",0.0,0.0,0.0
400,8.0,0.4,64.00000000000001,2.2963544109322553,34,1.9794223389711,1.0,1.9794226512879864,0.36870670779684167,0.6784123651501087,0.0,0.30970565735326705,"[[1.01, 3.0]]",1,1.0,1.0,1.99,"[[1.01, 2.9488453025759727]]",1.0,0.0,1.9388453025759727
400,8.0,0.4,64.00000000000001,2.2963544109322553,35,1.2018910147520334,1.0,1.2018909818432872,0.2943511411277389,0.7131441976863913,0.0,0.41879305655865234,"[[1.01, 3.0]]",1,1.0,1.0,1.99,"[[1.01, 1.3937819636865745]]",0.0,0.0,0.38378196368657447
400,8.0,0.4,64.00000000000001,2.2963544109322553,36,1.7735358628996727,1.0,1.7735358054053425,0.3135685201515801,0.8130668544217597,0.0,0.49949833427017964,"[[1.01, 3.0]]",1,1.0,1.0,1.99,"[[1.01, 2.5370716108106848]]",1.0,0.0,1.5270716108106848
400,8.0,0.4,64.00000000000001,2.2963544109322553,37,2.2958454175130245,1.0,2.29584657193909,0.3774558570568036,0.6897761473021082,0.0,0.3123202902453046,"[[1.01, 3.0]]",1,1.0,1.0,1.99,"[[1.5916931438781798, 3.0]]",0.0,0.0,1.4083068561218202
400,8.0,0.4,64.00000000000001,2.2963544109322553,38,1.662480125104114,1.0,1.662480598909145,0.3256140221453449,0.7581459296496559,0.0,0.432531907504311,"[[1.01, 3.0]]",1,1.0,1.0,1.99,"[[1.01, 2.31496119781829]]",1.0,0.0,1.30496119781829
400,8.0,0.4,64.00000000000001,2.2963544109322553,39,1.1922020320313875,1.0,1.1922065585065824,0.2962291456612469,0.7654441563788149,0.0,0.469215010717568,"[[1.01, 2.7612]]",1,1.0,0.0,1.7512,"[[1.01, 1.3744131170131648]]",0.0,0.0,0.3644131170131648
400,8.0,0.4,64.00000000000001,2.2963544109322553,40,1.2026206547191503,1.0,1.2026208895358173,0.3282262297433144,0.7871422709051753,0.0,0.4589160411618609,"[[1.01, 3.0]]",1,1.0,1.0,1.99,[],nan,nan,nan
400,8.0,0.4,64.00000000000001,2.2963544109322553,41,1.0133524307218795,1.0,1.013352281045286,0.287918155017802,0.7189738945880124,0.0,0.4310557395702104,"[[1.01, 2.6418]]",1,1.0,0.0,1.6318,[],nan,nan,nan
400,8.0,0.4,64.00000000000001,2.2963544109322553,42,1.2797461332245972,1.0,1.2797461507820218,0.2962425510946384,0.670723437335392,0.0,0.3744808862407536,"[[1.01, 3.0]]",1,1.0,1.0,1.99,[],nan,nan,nan
400,8.0,0.4,64.00000000000001,2.2963544109322553,43,1.957370278734433,1.0,1.9573702745957053,0.364882589029229,0.7801093706374754,0.0,0.41522678160824644,"[[1.01, 3.0]]",1,1.0,1.0,1.99,[],nan,nan,nan
400,8.0,0.4,64.00000000000001,2.2963544109322553,44,2.626256643699548,1.0,2.626258710498002,0.3589710471116285,0.7387738499938833,0.0,0.37980280288225476,"[[1.0498, 3.0]]",1,1.0,0.0,1.9502,[],nan,nan,nan
400,8.0,0.4,64.00000000000001,2.2963544109322553,45,1.6208224233398174,1.0,1.6208227060608986,0.3428958665529346,0.7535957180690831,0.0,0.4106998515161485,"[[1.01, 3.0]]",1,1.0,1.0,1.99,[],nan,nan,nan
400,8.0,0.4,64.00000000000001,2.2963544109322553,46,3.0,0.0,3.0,0.36904260393304245,0.764667811092606,1.0,0.3956252071595635,"[[1.2886, 3.0]]",1,1.0,0.0,1.7114,[],nan,nan,nan
400,8.0,0.4,64.00000000000001,2.2963544109322553,47,1.01,1.0,1.01,0.3137412368253658,0.7241179891519299,1.0,0.4103767523265641,"[[1.01, 2.3632]]",1,1.0,0.0,1.3532,[],nan,nan,nan
400,8.0,0.4,64.00000000000001,2.2963544109322553,48,2.429421270293009,1.0,2.4294220479478814,0.37196648457593,0.7222394815031283,0.0,0.3502729969271983,"[[1.01, 3.0]]",1,1.0,1.0,1.99,[],nan,nan,nan
400,8.0,0.4,64.00000000000001,2.2963544109322553,49,3.0,0.0,3.0,0.39527864888686415,0.7648918150811251,1.0,0.369613166194261,"[[1.3284, 3.0]]",1,1.0,0.0,1.6716,[],nan,nan,nan
400,8.0,0.4,64.00000000000001,2.2963544109322553,50,1.296798213568093,1.0,1.2967983801121545,0.29167487330379616,0.7512448525634678,0.0,0.4595699792596717,"[[1.01, 3.0]]",1,1.0,1.0,1.99,[],nan,nan,nan
400,8.0,0.4,64.00000000000001,2.2963544109322553,51,1.9326196952969887,1.0,1.932619937057687,0.3425534316146687,0.6478174726950214,0.0,0.3052640410803527,"[[1.01, 3.0]]",1,1.0,1.0,1.99,[],nan,nan,nan
400,8.0,0.4,64.00000000000001,2.2963544109322553,52,1.2895962083314454,1.0,1.2895961702570156,0.32021254759867057,0.7070906934579,0.0,0.3868781458592294,"[[1.01, 3.0]]",1,1.0,1.0,1.99,[],nan,nan,nan
400,8.0,0.4,64.00000000000001,2.2963544109322553,53,1.01,1.0,1.01,0.3187185913787657,0.6874869813652921,1.0,0.3687683899865264,"[[1.01, 2.3632]]",1,1.0,0.0,1.3532,[],nan,nan,nan
400,8.0,0.4,64.00000000000001,2.2963544109322553,54,1.0695878092076203,1.0,1.0695878863035913,0.3379560550097043,0.7112761908805586,0.0,0.3733201358708543,"[[1.01, 3.0]]",1,1.0,1.0,1.99,[],nan,nan,nan
400,8.0,0.4,64.00000000000001,2.2963544109322553,55,1.5783053263021807,1.0,1.5783091076442768,0.33343039206786046,0.627246557254751,0.0,0.2938161651868905,"[[1.01, 3.0]]",1,1.0,1.0,1.99,[],nan,nan,nan
400,8.0,0.4,64.00000000000001,2.2963544109322553,56,1.8895158094028617,1.0,1.8895156760727334,0.36640194903561457,0.7684222510004359,0.0,0.40202030196482136,"[[1.01, 3.0]]",1,1.0,1.0,1.99,[],nan,nan,nan
400,8.0,0.4,64.00000000000001,2.2963544109322553,57,2.697747889828338,1.0,2.6977477309497098,0.3732097753225794,0.6478852903578427,0.0,0.27467551503526333,"[[1.01, 3.0]]",1,1.0,1.0,1.99,[],nan,nan,nan
400,8.0,0.4,64.00000000000001,2.2963544109322553,58,1.1604278060819195,1.0,1.1604271255682144,0.3251385657902472,0.7268541339824351,0.0,0.40171556819218796,"[[1.01, 3.0]]",1,1.0,1.0,1.99,[],nan,nan,nan
400,8.0,0.4,64.00000000000001,2.2963544109322553,59,3.0,0.0,3.0,0.40060109535699384,0.6686829244944065,1.0,0.26808182913741263,"[[1.0498, 3.0]]",1,1.0,0.0,1.9502,[],nan,nan,nan
400,8.0,0.4,64.00000000000001,2.2963544109322553,60,1.01,1.0,1.01,0.28368750517517854,0.7936563978492076,1.0,0.5099688926740291,"[[1.01, 1.7662]]",1,1.0,0.0,0.7562,[],nan,nan,nan
400,8.0,0.4,64.00000000000001,2.2963544109322553,61,1.173318321156721,1.0,1.1733182601860477,0.30488573736002217,0.7413593090250301,0.0,0.43647357166500794,"[[1.01, 3.0]]",1,1.0,1.0,1.99,[],nan,nan,nan
400,8.0,0.4,64.00000000000001,2.2963544109322553,62,2.1096083702718444,1.0,2.109608730431045,0.37442654080060633,0.7459983362866635,0.0,0.3715717954860571,"[[1.01, 3.0]]",1,1.0,1.0,1.99,[],nan,nan,nan
400,8.0,0.4,64.00000000000001,2.2963544109322553,63,1.01,1.0,1.01,0.26581177147981344,0.7372011956267193,1.0,0.4713894241469058,"[[1.01, 2.1642]]",1,1.0,0.0,1.1542000000000001,[],nan,nan,nan
400,8.0,0.4,64.00000000000001,2.2963544109322553,64,1.6701715004787159,1.0,1.6701715731784172,0.3539654543143561,0.79197080836853,0.0,0.43800535405417385,"[[1.01, 3.0]]",1,1.0,1.0,1.99,[],nan,nan,nan
400,8.0,0.4,64.00000000000001,2.2963544109322553,65,3.0,0.0,3.0,0.37315880781657335,0.7542824986917056,1.0,0.38112369087513226,"[[1.3682, 3.0]]",1,1.0,0.0,1.6318,[],nan,nan,nan
400,8.0,0.4,64.00000000000001,2.2963544109322553,66,1.01,1.0,1.01,0.2853996166367991,0.719255734345341,1.0,0.4338561177085419,"[[1.01, 2.005]]",1,1.0,0.0,0.9949999999999999,[],nan,nan,nan
400,8.0,0.4,64.00000000000001,2.2963544109322553,67,1.24820173709995,1.0,1.248201769794075,0.30762682747177783,0.6985216055372099,0.0,0.39089477806543205,"[[1.01, 3.0]]",1,1.0,1.0,1.99,[],nan,nan,nan
400,8.0,0.4,64.00000000000001,2.2963544109322553,68,1.01,1.0,1.01,0.30048994069535584,0.6887538040474215,1.0,0.38826386335206564,"[[1.01, 2.6020000000000003]]",1,1.0,0.0,1.5920000000000003,[],nan,nan,nan
400,8.0,0.4,64.00000000000001,2.2963544109322553,69,1.141630506745525,1.0,1.141630517058524,0.3162512499831527,0.7530503243374707,0.0,0.436799074354318,"[[1.01, 3.0]]",1,1.0,1.0,1.99,[],nan,nan,nan
400,8.0,0.4,64.00000000000001,2.2963544109322553,70,3.0,0.0,3.0,0.37886468699382775,0.6545958917860082,1.0,0.27573120479218044,"[[1.1294, 3.0]]",1,1.0,0.0,1.8706,[],nan,nan,nan
400,8.0,0.4,64.00000000000001,2.2963544109322553,71,1.5894056589781316,1.0,1.58940566035076,0.32834837162739816,0.8424679822958939,0.0,0.5141196106684958,"[[1.01, 3.0]]",1,1.0,1.0,1.99,[],nan,nan,nan
400,8.0,0.4,64.00000000000001,2.2963544109322553,72,1.4681865801252891,1.0,1.46818625082763,0.311940896859649,0.8501966763597848,0.0,0.5382557795001358,"[[1.01, 3.0]]",1,1.0,1.0,1.99,[],nan,nan,nan
400,8.0,0.4,64.00000000000001,2.2963544109322553,73,1.01,1.0,1.01,0.24484101853105722,0.7072369025347286,1.0,0.4623958840036714,"[[1.01, 2.0448000000000004]]",1,1.0,0.0,1.0348000000000004,[],nan,nan,nan
400,8.0,0.4,64.00000000000001,2.2963544109322553,74,2.423675422679545,1.0,2.4236754208428857,0.3423627564366339,0.7063527849683625,0.0,0.3639900285317286,"[[1.01, 3.0]]",1,1.0,1.0,1.99,[],nan,nan,nan
400,8.0,0.4,64.00000000000001,2.2963544109322553,75,1.25767555542527,1.0,1.2576729950123626,0.3223129950298405,0.8514564315276832,0.0,0.5291434364978427,"[[1.01, 2.801]]",1,1.0,0.0,1.7910000000000001,[],nan,nan,nan
400,8.0,0.4,64.00000000000001,2.2963544109322553,76,2.6368791847511592,1.0,2.6368816876816585,0.37085730952965357,0.7032990405887701,0.0,0.33244173105911656,"[[1.01, 3.0]]",1,1.0,1.0,1.99,[],nan,nan,nan
400,8.0,0.4,64.00000000000001,2.2963544109322553,77,1.447766452263858,1.0,1.4477664530356011,0.3295432487109286,0.7480484822571437,0.0,0.4185052335462151,"[[1.01, 3.0]]",1,1.0,1.0,1.99,[],nan,nan,nan
400,8.0,0.4,64.00000000000001,2.2963544109322553,78,1.4364438287496848,1.0,1.4364404359804734,0.3549027801290272,0.7307296338870574,0.0,0.37582685375803015,"[[1.01, 3.0]]",1,1.0,1.0,1.99,[],nan,nan,nan
400,8.0,0.4,64.00000000000001,2.2963544109322553,79,1.7214717951595875,1.0,1.7214637304770106,0.32233790518781913,0.6638411721699041,0.0,0.341503266982085,"[[1.01, 3.0]]",1,1.0,1.0,1.99,[],nan,nan,nan
400,8.0,0.4,64.00000000000001,2.2963544109322553,80,1.673649071139923,1.0,1.6736477269925547,0.36014700526370724,0.6868289158392543,0.0,0.3266819105755471,"[[1.01, 3.0]]",1,1.0,1.0,1.99,[],nan,nan,nan
400,8.0,0.4,64.00000000000001,2.2963544109322553,81,1.7395467989608744,1.0,1.7395466678933686,0.3472151146053784,0.6834771976250326,0.0,0.33626208301965416,"[[1.01, 3.0]]",1,1.0,1.0,1.99,[],nan,nan,nan
400,8.0,0.4,64.00000000000001,2.2963544109322553,82,1.01,1.0,1.01,0.27679767434477937,0.7547488823298165,1.0,0.47795120798503715,"[[1.01, 1.4478]]",1,0.0,0.0,0.43779999999999997,[],nan,nan,nan
400,8.0,0.4,64.00000000000001,2.2963544109322553,83,2.1790833700774934,1.0,2.179083460372279,0.35347148908436876,0.8671246563230264,0.0,0.5136531672386576,"[[1.0896, 3.0]]",1,1.0,0.0,1.9104,[],nan,nan,nan
400,8.0,0.4,64.00000000000001,2.2963544109322553,84,1.01,1.0,1.01,0.31332412922833697,0.7182570457902762,1.0,0.4049329165619392,"[[1.01, 1.8458]]",1,1.0,0.0,0.8358000000000001,[],nan,nan,nan
400,8.0,0.4,64.00000000000001,2.2963544109322553,85,1.5510710548757025,1.0,1.5510710084736634,0.32401585080710094,0.8207755239528587,0.0,0.49675967314575775,"[[1.01, 3.0]]",1,1.0,1.0,1.99,[],nan,nan,nan
400,8.0,0.4,64.00000000000001,2.2963544109322553,86,2.6588644583832313,1.0,2.6588651765698956,0.3690468316478898,0.7183652100240309,0.0,0.34931837837614105,"[[1.01, 3.0]]",1,1.0,1.0,1.99,[],nan,nan,nan
400,8.0,0.4,64.00000000000001,2.2963544109322553,87,2.605281857337722,1.0,2.605280932278184,0.3799292541231653,0.7420417783238025,0.0,0.36211252420063716,"[[1.01, 3.0]]",1,1.0,1.0,1.99,[],nan,nan,nan
400,8.0,0.4,64.00000000000001,2.2963544109322553,88,1.578509706766559,1.0,1.5785097890385547,0.3375317398654524,0.8108362205612102,0.0,0.4733044806957578,"[[1.01, 3.0]]",1,1.0,1.0,1.99,[],nan,nan,nan
400,8.0,0.4,64.00000000000001,2.2963544109322553,89,2.3846130538759374,1.0,2.3846137705372334,0.3313020162271489,0.8075151674137153,0.0,0.47621315118656643,"[[1.209, 3.0]]",1,1.0,0.0,1.791,[],nan,nan,nan
400,8.0,0.4,64.00000000000001,2.2963544109322553,90,1.8343616551774273,1.0,1.8343604362799655,0.3350649086173764,0.6612392531740969,0.0,0.3261743445567205,"[[1.01, 3.0]]",1,1.0,1.0,1.99,[],nan,nan,nan
400,8.0,0.4,64.00000000000001,2.2963544109322553,91,1.8289386821414368,1.0,1.828938413715993,0.3464568638378732,0.8303507151038565,0.0,0.4838938512659833,"[[1.01, 3.0]]",1,1.0,1.0,1.99,[],nan,nan,nan
400,8.0,0.4,64.00000000000001,2.2963544109322553,92,2.079018117557273,1.0,2.079019595199547,0.38558934163512604,0.7967477950698926,0.0,0.41115845343476654,"[[1.01, 3.0]]",1,1.0,1.0,1.99,[],nan,nan,nan
400,8.0,0.4,64.00000000000001,2.2963544109322553,93,3.0,0.0,3.0,0.38548330139921405,0.7239111445281013,1.0,0.3384278431288873,"[[1.1294, 3.0]]",1,1.0,0.0,1.8706,[],nan,nan,nan
400,8.0,0.4,64.00000000000001,2.2963544109322553,94,1.9473074982904541,1.0,1.9473074239923485,0.31640736228870614,0.8014817863334321,0.0,0.485074424044726,"[[1.01, 3.0]]",1,1.0,1.0,1.99,[],nan,nan,nan
400,8.0,0.4,64.00000000000001,2.2963544109322553,95,1.056421045704604,1.0,1.0564210288824176,0.2821249168099657,0.797384638575586,0.0,0.5152597217656203,"[[1.01, 2.2836]]",1,1.0,0.0,1.2735999999999998,[],nan,nan,nan
400,8.0,0.4,64.00000000000001,2.2963544109322553,96,1.1562582804362032,1.0,1.156258231062207,0.28215877992830407,0.7009453487704091,0.0,0.4187865688421051,"[[1.01, 2.8806000000000003]]",1,1.0,0.0,1.8706000000000003,[],nan,nan,nan
400,8.0,0.4,64.00000000000001,2.2963544109322553,97,2.176963351248622,1.0,2.1769647837851647,0.3318150739213422,0.7653265108284291,0.0,0.4335114369070869,"[[1.01, 3.0]]",1,1.0,1.0,1.99,[],nan,nan,nan
400,8.0,0.4,64.00000000000001,2.2963544109322553,98,1.01,1.0,1.01,0.24323990086680639,0.7597426616506098,1.0,0.5165027607838034,"[[1.01, 1.9652]]",1,1.0,0.0,0.9552,[],nan,nan,nan
400,8.0,0.4,64.00000000000001,2.2963544109322553,99,1.0516971811776918,1.0,1.051697320797647,0.2715364913445434,0.817720260385927,0.0,0.5461837690413837,"[[1.01, 2.1642]]",1,1.0,0.0,1.1542000000000001,[],nan,nan,nan
400,8.0,0.4,64.00000000000001,2.2963544109322553,100,1.4918309322229177,1.0,1.4918293373641944,0.33367515379358953,0.7626798861776846,0.0,0.42900473238409503,"[[1.01, 3.0]]",1,1.0,1.0,1.99,[],nan,nan,nan
400,8.0,0.4,64.00000000000001,2.2963544109322553,101,1.8004505727378497,1.0,1.8004517935774251,0.35662339847352864,0.7134859281349146,0.0,0.356862529661386,"[[1.01, 3.0]]",1,1.0,1.0,1.99,[],nan,nan,nan
400,8.0,0.4,64.00000000000001,2.2963544109322553,102,2.4135859670595647,1.0,2.4135844027389592,0.38243997646413663,0.7695894469528264,0.0,0.38714947048868975,"[[1.01, 3.0]]",1,1.0,1.0,1.99,[],nan,nan,nan
400,8.0,0.4,64.00000000000001,2.2963544109322553,103,1.3630169146456896,1.0,1.3630130682549635,0.3168409254546957,0.7162931963499988,0.0,0.39945227089530305,"[[1.01, 3.0]]",1,1.0,1.0,1.99,[],nan,nan,nan
400,8.0,0.4,64.00000000000001,2.2963544109322553,104,3.0,0.0,3.0,0.3575259294643453,0.8290098884626684,1.0,0.4714839589983231,"[[1.4876, 3.0]]",1,1.0,0.0,1.5124,[],nan,nan,nan
400,8.0,0.4,64.00000000000001,2.2963544109322553,105,1.01,1.0,1.01,0.26922470983201924,0.7498379234288317,1.0,0.48061321359681247,"[[1.01, 1.9254]]",1,1.0,0.0,0.9154,[],nan,nan,nan
400,8.0,0.4,64.00000000000001,2.2963544109322553,106,1.0909827568078183,1.0,1.090982827327206,0.28934279562993703,0.7319686222534008,0.0,0.4426258266234637,"[[1.01, 2.6816000000000004]]",1,1.0,0.0,1.6716000000000004,[],nan,nan,nan
400,8.0,0.4,64.00000000000001,2.2963544109322553,107,1.4132770733276678,1.0,1.413274600370476,0.33003979061363586,0.7435246472912447,0.0,0.4134848566776088,"[[1.01, 3.0]]",1,1.0,1.0,1.99,[],nan,nan,nan
400,8.0,0.4,64.00000000000001,2.2963544109322553,108,1.5315058464025788,1.0,1.5315059540313574,0.3308532470553628,0.7193312587885098,0.0,0.388478011733147,"[[1.01, 3.0]]",1,1.0,1.0,1.99,[],nan,nan,nan
400,8.0,0.4,64.00000000000001,2.2963544109322553,109,1.4045065128427907,1.0,1.404503089329076,0.32843844524406457,0.7448410385882763,0.0,0.41640259334421176,"[[1.01, 3.0]]",1,1.0,1.0,1.99,[],nan,nan,nan
400,8.0,0.4,64.00000000000001,2.2963544109322553,110,1.130122851948452,1.0,1.1301227214438503,0.29588642497722367,0.7218849961045781,0.0,0.42599857112735445,"[[1.01, 2.9204]]",1,1.0,0.0,1.9103999999999999,[],nan,nan,nan
400,8.0,0.4,64.00000000000001,2.2963544109322553,111,2.61135561540615,1.0,2.6113497020998655,0.3565874751413905,0.7494576490773616,0.0,0.39287017393597107,"[[1.0896, 3.0]]",1,1.0,0.0,1.9104,[],nan,nan,nan
400,8.0,0.4,64.00000000000001,2.2963544109322553,112,1.6424255311363285,1.0,1.642425531352388,0.3090299460217422,0.6993412064842568,0.0,0.3903112604625146,"[[1.01, 3.0]]",1,1.0,1.0,1.99,[],nan,nan,nan
400,8.0,0.4,64.00000000000001,2.2963544109322553,113,1.01,1.0,1.01,0.2575428854229039,0.7408153859380388,1.0,0.4832725005151349,"[[1.01, 1.6468]]",1,1.0,0.0,0.6368,[],nan,nan,nan
400,8.0,0.4,64.00000000000001,2.2963544109322553,114,1.01,1.0,1.01,0.29773370967370744,0.7216284007883,1.0,0.4238946911145926,"[[1.01, 1.9652]]",1,1.0,0.0,0.9552,[],nan,nan,nan
400,8.0,0.4,64.00000000000001,2.2963544109322553,115,2.999369389360812,0.0,2.99936931275639,0.42182766415664,0.6770759598243623,0.0,0.2552482956677223,"[[1.01, 3.0]]",1,1.0,1.0,1.99,[],nan,nan,nan
400,8.0,0.4,64.00000000000001,2.2963544109322553,116,1.411969302552188,1.0,1.4119692846230618,0.3166807497964095,0.8003475133380081,0.0,0.48366676354159865,"[[1.01, 3.0]]",1,1.0,1.0,1.99,[],nan,nan,nan
400,8.0,0.4,64.00000000000001,2.2963544109322553,117,1.020423135227464,1.0,1.0204225048818534,0.29773398864364836,0.6873849525476232,0.0,0.38965096390397486,"[[1.01, 3.0]]",1,1.0,1.0,1.99,[],nan,nan,nan
400,8.0,0.4,64.00000000000001,2.2963544109322553,118,1.01,1.0,1.01,0.2876676307894702,0.6550178868198144,1.0,0.3673502560303442,"[[1.01, 2.6020000000000003]]",1,1.0,0.0,1.5920000000000003,[],nan,nan,nan
400,8.0,0.4,64.00000000000001,2.2963544109322553,119,1.01,1.0,1.01,0.30661084493729807,0.6704316587665703,1.0,0.3638208138292722,"[[1.01, 2.6816000000000004]]",1,1.0,0.0,1.6716000000000004,[],nan,nan,nan
400,8.0,0.4,64.00000000000001,2.2963544109322553,120,2.406331556290621,1.0,2.4063317358630214,0.37026718448001233,0.7245447145768479,0.0,0.35427753009683555,"[[1.01, 3.0]]",1,1.0,1.0,1.99,[],nan,nan,nan
400,8.0,0.4,64.00000000000001,2.2963544109322553,121,1.808278608372089,1.0,1.8082785822044307,0.36046601091917796,0.6545370432207465,0.0,0.2940710323015685,"[[1.01, 3.0]]",1,1.0,1.0,1.99,[],nan,nan,nan
400,8.0,0.4,64.00000000000001,2.2963544109322553,122,1.5535429210331912,1.0,1.5535430317593362,0.29640641578525506,0.8504400071413143,0.0,0.5540335913560592,"[[1.01, 3.0]]",1,1.0,1.0,1.99,[],nan,nan,nan
400,8.0,0.4,64.00000000000001,2.2963544109322553,123,1.9837515750782446,1.0,1.9837515655839295,0.34661191451806805,0.7187583446356527,0.0,0.37214643011758464,"[[1.01, 3.0]]",1,1.0,1.0,1.99,[],nan,nan,nan
400,8.0,0.4,64.00000000000001,2.2963544109322553,124,2.52795090062997,1.0,2.5279509724346956,0.40798399006132274,0.7695536277892703,0.0,0.36156963772794753,"[[1.01, 3.0]]",1,1.0,1.0,1.99,[],nan,nan,nan
400,8.0,0.4,64.00000000000001,2.2963544109322553,125,1.749683945196365,1.0,1.7496839358057645,0.34280401500835245,0.8097247987977403,0.0,0.46692078378938784,"[[1.01, 3.0]]",1,1.0,1.0,1.99,[],nan,nan,nan
400,8.0,0.4,64.00000000000001,2.2963544109322553,126,1.98748677261724,1.0,1.9874866265923459,0.34823275912938817,0.7494656298517863,0.0,0.40123287072239816,"[[1.01, 3.0]]",1,1.0,1.0,1.99,[],nan,nan,nan
400,8.0,0.4,64.00000000000001,2.2963544109322553,127,1.01,1.0,1.01,0.2865988121123275,0.6970420800986256,1.0,0.41044326798629804,"[[1.01, 1.7662]]",1,1.0,0.0,0.7562,[],nan,nan,nan
400,8.0,0.4,64.00000000000001,2.2963544109322553,128,2.451673114370981,1.0,2.451673105255992,0.36940699922185355,0.8740288543363214,0.0,0.5046218551144679,"[[1.209, 3.0]]",1,1.0,0.0,1.791,[],nan,nan,nan
400,8.0,0.4,64.00000000000001,2.2963544109322553,129,2.386218120628609,1.0,2.3862225762513565,0.3854008765054561,0.7194640233774847,0.0,0.3340631468720286,"[[1.01, 3.0]]",1,1.0,1.0,1.99,[],nan,nan,nan
400,8.0,0.4,64.00000000000001,2.2963544109322553,130,2.1128835489097915,1.0,2.1128836199598737,0.3384219629482777,0.747781341776793,0.0,0.4093593788285153,"[[1.01, 3.0]]",1,1.0,1.0,1.99,[],nan,nan,nan
400,8.0,0.4,64.00000000000001,2.2963544109322553,131,1.1181122205942324,1.0,1.1181122157135603,0.2506051109796879,0.678625248963849,0.0,0.4280201379841611,"[[1.01, 2.4826]]",1,1.0,0.0,1.4726000000000001,[],nan,nan,nan
400,8.0,0.4,64.00000000000001,2.2963544109322553,132,1.7090273327256476,1.0,1.7090262731088535,0.3312361157252269,0.7518958995380464,0.0,0.4206597838128195,"[[1.01, 3.0]]",1,1.0,1.0,1.99,[],nan,nan,nan
400,8.0,0.4,64.00000000000001,2.2963544109322553,133,1.1992850015769974,1.0,1.1992848382843524,0.3058305604537512,0.690343461498777,0.0,0.38451290104502583,"[[1.01, 3.0]]",1,1.0,1.0,1.99,[],nan,nan,nan
400,8.0,0.4,64.00000000000001,2.2963544109322553,134,1.2446325129046645,1.0,1.2446325092481036,0.3113068096065573,0.7286711835350664,0.0,0.4173643739285091,"[[1.01, 3.0]]",1,1.0,1.0,1.99,[],nan,nan,nan
400,8.0,0.4,64.00000000000001,2.2963544109322553,135,3.0,0.0,3.0,0.39757206794652894,0.730769804655958,1.0,0.33319773670942904,"[[1.2488000000000001, 3.0]]",1,1.0,0.0,1.7511999999999999,[],nan,nan,nan
400,8.0,0.4,64.00000000000001,2.2963544109322553,136,1.01,1.0,1.01,0.28885470901868593,0.7494291878619213,1.0,0.4605744788432353,"[[1.01, 1.8856000000000002]]",1,1.0,0.0,0.8756000000000002,[],nan,nan,nan
400,8.0,0.4,64.00000000000001,2.2963544109322553,137,3.0,0.0,3.0,0.3917420063749415,0.7605810074571733,1.0,0.3688390010822318,"[[1.1294, 3.0]]",1,1.0,0.0,1.8706,[],nan,nan,nan
400,8.0,0.4,64.00000000000001,2.2963544109322553,138,1.1314001749898412,1.0,1.131400200211967,0.3221324677844962,0.744646329582515,0.0,0.42251386179801875,"[[1.01, 3.0]]",1,1.0,1.0,1.99,[],nan,nan,nan
400,8.0,0.4,64.00000000000001,2.2963544109322553,139,1.9621118239573696,1.0,1.9621118237366701,0.3970875609597823,0.7678193398089104,0.0,0.37073177884912806,"[[1.01, 3.0]]",1,1.0,1.0,1.99,[],nan,nan,nan
400,8.0,0.4,64.00000000000001,2.2963544109322553,140,1.840285320108173,1.0,1.8402856954619136,0.3903236893287937,0.7088516400173069,0.0,0.31852795068851325,"[[1.01, 3.0]]",1,1.0,1.0,1.99,[],nan,nan,nan
400,8.0,0.4,64.00000000000001,2.2963544109322553,141,2.3791020816959807,1.0,2.379104498607739,0.39710390409426477,0.7765128525151032,0.0,0.3794089484208384,"[[1.01, 3.0]]",1,1.0,1.0,1.99,[],nan,nan,nan
400,8.0,0.4,64.00000000000001,2.2963544109322553,142,1.01,1.0,1.01,0.2958616531168546,0.7144800408203243,1.0,0.41861838770346976,"[[1.01, 2.0448000000000004]]",1,1.0,0.0,1.0348000000000004,[],nan,nan,nan
400,8.0,0.4,64.00000000000001,2.2963544109322553,143,1.01,1.0,1.01,0.2775521373172064,0.6883581122707783,1.0,0.41080597495357185,"[[1.01, 1.8458]]",1,1.0,0.0,0.8358000000000001,[],nan,nan,nan
400,8.0,0.4,64.00000000000001,2.2963544109322553,144,1.457798592461157,1.0,1.4577983600537021,0.30377978215472234,0.697043109226548,0.0,0.39326332707182565,"[[1.01, 3.0]]",1,1.0,1.0,1.99,[],nan,nan,nan
400,8.0,0.4,64.00000000000001,2.2963544109322553,145,1.1954695244099474,1.0,1.195470492792609,0.3109488270293781,0.7048370408371314,0.0,0.3938882138077533,"[[1.01, 3.0]]",1,1.0,1.0,1.99,[],nan,nan,nan
400,8.0,0.4,64.00000000000001,2.2963544109322553,146,2.1648363784053726,1.0,2.164839846233326,0.38182508087667755,0.752147349257265,0.0,0.37032226838058746,"[[1.01, 3.0]]",1,1.0,1.0,1.99,[],nan,nan,nan
400,8.0,0.4,64.00000000000001,2.2963544109322553,147,1.4806526671345597,1.0,1.480652804499512,0.31114168552697913,0.7560286516899515,0.0,0.44488696616297235,"[[1.01, 3.0]]",1,1.0,1.0,1.99,[],nan,nan,nan
400,8.0,0.4,64.00000000000001,2.2963544109322553,148,1.01,1.0,1.01,0.30903483757586037,0.6858653240941233,1.0,0.3768304865182629,"[[1.01, 3.0]]",1,1.0,1.0,1.99,[],nan,nan,nan
400,8.0,0.4,64.00000000000001,2.2963544109322553,149,1.01,1.0,1.01,0.2705022724798607,0.641919511203907,1.0,0.3714172387240463,"[[1.01, 2.6020000000000003]]",1,1.0,0.0,1.5920000000000003,[],nan,nan,nan
400,8.0,0.4,64.00000000000001,2.2963544109322553,150,1.3996779170799143,1.0,1.3996766233431872,0.33624683142627104,0.6657221492586914,0.0,0.3294753178324204,"[[1.01, 3.0]]",1,1.0,1.0,1.99,[],nan,nan,nan
400,8.0,0.4,64.00000000000001,2.2963544109322553,151,2.0610677168158436,1.0,2.061067205363911,0.35627209872514554,0.6938218149455174,0.0,0.3375497162203719,"[[1.01, 3.0]]",1,1.0,1.0,1.99,[],nan,nan,nan
400,8.0,0.4,64.00000000000001,2.2963544109322553,152,1.1880162300890769,1.0,1.188016318359457,0.27748356687806663,0.7575880623567489,0.0,0.4801044954786823,"[[1.01, 2.5622]]",1,1.0,0.0,1.5521999999999998,[],nan,nan,nan
400,8.0,0.4,64.00000000000001,2.2963544109322553,153,1.4044380566390477,1.0,1.4044383848833841,0.3640961713851217,0.6029683538723584,0.0,0.23887218248723668,"[[1.01, 3.0]]",1,1.0,1.0,1.99,[],nan,nan,nan
400,8.0,0.4,64.00000000000001,2.2963544109322553,154,1.2836213278574025,1.0,1.283621367206446,0.2967899603966199,0.7320795676874924,0.0,0.43528960729087246,"[[1.01, 3.0]]",1,1.0,1.0,1.99,[],nan,nan,nan
400,8.0,0.4,64.00000000000001,2.2963544109322553,155,2.019000316153408,1.0,2.0190000709655327,0.4158693124402355,0.7300274042004652,0.0,0.3141580917602297,"[[1.01, 3.0]]",1,1.0,1.0,1.99,[],nan,nan,nan
400,8.0,0.4,64.00000000000001,2.2963544109322553,156,1.4806675827848546,1.0,1.4806672229529825,0.3074739450452397,0.7729634610625244,0.0,0.4654895160172847,"[[1.01, 3.0]]",1,1.0,1.0,1.99,[],nan,nan,nan
400,8.0,0.4,64.00000000000001,2.2963544109322553,157,1.818328882794179,1.0,1.8183284406602112,0.3444104074088665,0.7932246556702601,0.0,0.4488142482613936,"[[1.01, 3.0]]",1,1.0,1.0,1.99,[],nan,nan,nan
400,8.0,0.4,64.00000000000001,2.2963544109322553,158,2.541539419020824,1.0,2.5415403447274114,0.383035802999064,0.6857037598459077,0.0,0.3026679568468437,"[[1.01, 3.0]]",1,1.0,1.0,1.99,[],nan,nan,nan
400,8.0,0.4,64.00000000000001,2.2963544109322553,159,1.2759867248374863,1.0,1.2759867697700655,0.30426929827932464,0.7551746327238472,0.0,0.4509053344445226,"[[1.01, 3.0]]",1,1.0,1.0,1.99,[],nan,nan,nan
400,8.0,0.4,64.00000000000001,2.2963544109322553,160,1.605829163908556,1.0,1.6058292300689747,0.3316124022855553,0.7708749695105321,0.0,0.43926256722497686,"[[1.01, 3.0]]",1,1.0,1.0,1.99,[],nan,nan,nan
400,8.0,0.4,64.00000000000001,2.2963544109322553,161,1.4698679844989362,1.0,1.4698676033351534,0.3551758986092049,0.7050182841219286,0.0,0.3498423855127237,"[[1.01, 3.0]]",1,1.0,1.0,1.99,[],nan,nan,nan
400,8.0,0.4,64.00000000000001,2.2963544109322553,162,1.2275774834035529,1.0,1.2275771876185704,0.34667459901494535,0.7083486942705711,0.0,0.36167409525562577,"[[1.01, 3.0]]",1,1.0,1.0,1.99,[],nan,nan,nan
400,8.0,0.4,64.00000000000001,2.2963544109322553,163,1.0470509356622724,1.0,1.047050958984614,0.2915339376491648,0.6223313911570006,0.0,0.33079745350783585,"[[1.01, 3.0]]",1,1.0,1.0,1.99,[],nan,nan,nan
400,8.0,0.4,64.00000000000001,2.2963544109322553,164,1.1481422922252205,1.0,1.1481423226095258,0.26048912607501734,0.7145639756792614,0.0,0.4540748496042441,"[[1.01, 2.4826]]",1,1.0,0.0,1.4726000000000001,[],nan,nan,nan
400,8.0,0.4,64.00000000000001,2.2963544109322553,165,1.01,1.0,1.01,0.2528531756451193,0.7734377478272255,1.0,0.5205845721821063,"[[1.01, 1.6866]]",1,1.0,0.0,0.6766000000000001,[],nan,nan,nan
400,8.0,0.4,64.00000000000001,2.2963544109322553,166,2.3763141708190614,1.0,2.3763141653793904,0.3663826980328807,0.7276453163243148,0.0,0.36126261829143413,"[[1.01, 3.0]]",1,1.0,1.0,1.99,[],nan,nan,nan
400,8.0,0.4,64.00000000000001,2.2963544109322553,167,3.0,0.0,3.0,0.39268023995349094,0.7479172753780213,1.0,0.3552370354245304,"[[1.209, 3.0]]",1,1.0,0.0,1.791,[],nan,nan,nan
400,8.0,0.4,64.00000000000001,2.2963544109322553,168,1.0954806189933692,1.0,1.0954817661841505,0.24429438756757235,0.7180228574087824,0.0,0.47372846984121,"[[1.01, 2.2438000000000002]]",1,1.0,0.0,1.2338000000000002,[],nan,nan,nan
400,8.0,0.4,64.00000000000001,2.2963544109322553,169,3.0,0.0,3.0,0.3606939188672765,0.7481306577826955,1.0,0.387436738915419,"[[1.2488000000000001, 3.0]]",1,1.0,0.0,1.7511999999999999,[],nan,nan,nan
400,8.0,0.4,64.00000000000001,2.2963544109322553,170,1.763916833784289,1.0,1.7639164444138062,0.3247631703303308,0.7395434069520486,0.0,0.41478023662171776,"[[1.01, 3.0]]",1,1.0,1.0,1.99,[],nan,nan,nan
400,8.0,0.4,64.00000000000001,2.2963544109322553,171,2.519290462245768,1.0,2.5192893249887143,0.3772325591155838,0.7165821514345627,0.0,0.33934959231897893,"[[1.01, 3.0]]",1,1.0,1.0,1.99,[],nan,nan,nan
400,8.0,0.4,64.00000000000001,2.2963544109322553,172,1.8292692339468266,1.0,1.8292629544000165,0.3386729636899368,0.6697053548299403,0.0,0.3310323911400035,"[[1.01, 3.0]]",1,1.0,1.0,1.99,[],nan,nan,nan
400,8.0,0.4,64.00000000000001,2.2963544109322553,173,1.01,1.0,1.01,0.2720617666610505,0.7565668444327659,1.0,0.4845050777717154,"[[1.01, 1.7264]]",1,1.0,0.0,0.7163999999999999,[],nan,nan,nan
400,8.0,0.4,64.00000000000001,2.2963544109322553,174,3.0,0.0,3.0,0.3957828540657127,0.6629798023042617,1.0,0.267196948238549,"[[1.01, 3.0]]",1,1.0,1.0,1.99,[],nan,nan,nan
400,8.0,0.4,64.00000000000001,2.2963544109322553,175,1.0147572806035257,1.0,1.0147573157537075,0.3008551445972752,0.6976861705785009,0.0,0.3968310259812257,"[[1.01, 3.0]]",1,1.0,1.0,1.99,[],nan,nan,nan
400,8.0,0.4,64.00000000000001,2.2963544109322553,176,1.2297207416323002,1.0,1.2297208534099038,0.2939674184769702,0.7188373733308531,0.0,0.42486995485388285,"[[1.01, 3.0]]",1,1.0,1.0,1.99,[],nan,nan,nan
400,8.0,0.4,64.00000000000001,2.2963544109322553,177,1.7230392094760305,1.0,1.7230392534918668,0.39615836178212926,0.7060997693766611,0.0,0.3099414075945318,"[[1.01, 3.0]]",1,1.0,1.0,1.99,[],nan,nan,nan
400,8.0,0.4,64.00000000000001,2.2963544109322553,178,2.092399748857511,1.0,2.092400072647353,0.3819711416655474,0.8114100827670634,0.0,0.429438941101516,"[[1.01, 3.0]]",1,1.0,1.0,1.99,[],nan,nan,nan
400,8.0,0.4,64.00000000000001,2.2963544109322553,179,2.2907271239313367,1.0,2.290728861665229,0.34375369775259285,0.7800027179247098,0.0,0.4362490201721169,"[[1.0498, 3.0]]",1,1.0,0.0,1.9502,[],nan,nan,nan
400,16.0,0.8,256.00000000000006,6.4626560067394925,0,1.0358750946594255,1.0,1.0358751596408935,0.30318462339208324,1.1455785853298313,0.0,0.8423939619377481,"[[1.01, 1.8856000000000002]]",1,1.0,0.0,0.8756000000000002,"[[1.01, 1.061750319281787]]",0.0,0.0,0.05175031928178697
400,16.0,0.8,256.00000000000006,6.4626560067394925,1,1.01,1.0,1.01,0.22783695215065933,0.987127958170627,1.0,0.7592910060199677,"[[1.01, 1.6468]]",1,1.0,0.0,0.6368,"[[1.01, 1.01]]",0.0,0.0,0.0
400,16.0,0.8,256.00000000000006,6.4626560067394925,2,1.8684399912786072,1.0,1.8684400010661044,0.3553209419695543,1.2861790423618882,0.0,0.9308581003923339,"[[1.209, 3.0]]",1,1.0,0.0,1.791,"[[1.01, 2.4872911079297095]]",1.0,0.0,1.4772911079297095
400,16.0,0.8,256.00000000000006,6.4626560067394925,3,1.2209029294036862,1.0,1.2209032868943561,0.2726637895055423,1.0457568673146036,0.0,0.7730930778090612,"[[1.01, 2.0448000000000004]]",1,1.0,0.0,1.0348000000000004,"[[1.01, 1.4318065737887122]]",0.0,0.0,0.4218065737887122
400,16.0,0.8,256.00000000000006,6.4626560067394925,4,2.2525099220238767,1.0,2.2525099552547516,0.39147826794519036,1.327541552084709,0.0,0.9360632841395186,"[[1.4478, 3.0]]",1,1.0,0.0,1.5522,"[[1.5050199105095032, 3.0]]",0.0,0.0,1.4949800894904968
400,16.0,0.8,256.00000000000006,6.4626560067394925,5,1.3738209749335755,1.0,1.373820454111986,0.319761099106243,1.1412359590288423,0.0,0.8214748599225994,"[[1.01, 2.2836]]",1,1.0,0.0,1.2735999999999998,"[[1.01, 1.737640908223972]]",1.0,0.0,0.7276409082239721
400,16.0,0.8,256.00000000000006,6.4626560067394925,6,1.0933550921201207,1.0,1.0933550791871727,0.329921830068988,1.0557226960214423,0.0,0.7258008659524543,"[[1.01, 2.1244]]",1,1.0,0.0,1.1144,"[[1.01, 1.1767101583743453]]",0.0,0.0,0.16671015837434533
400,16.0,0.8,256.00000000000006,6.4626560067394925,7,1.4165236677401156,1.0,1.416523732734998,0.3177034442545184,1.1601179532593595,0.0,0.8424145090048412,"[[1.01, 2.3234000000000004]]",1,1.0,0.0,1.3134000000000003,"[[1.01, 1.823047465469996]]",1.0,0.0,0.813047465469996
400,16.0,0.8,256.00000000000006,6.4626560067394925,8,1.55368616974722,1.0,1.553686817932215,0.3159482918515637,1.2862005603216191,0.0,0.9702522684700554,"[[1.01, 2.3632]]",1,1.0,0.0,1.3532,"[[1.01, 2.0973736358644297]]",1.0,0.0,1.0873736358644297
400,16.0,0.8,256.00000000000006,6.4626560067394925,9,1.6634691264399888,1.0,1.663469141231582,0.3335922551580203,1.1013866747746013,0.0,0.7677944196165809,"[[1.01, 2.9204]]",1,1.0,0.0,1.9103999999999999,"[[1.01, 2.1874116969366595]]",1.0,0.0,1.1774116969366595
400,16.0,0.8,256.00000000000006,6.4626560067394925,10,1.01,1.0,1.01,0.2550452464745849,1.0187758034481982,1.0,0.7637305569736133,"[[1.01, 1.5672000000000001]]",1,1.0,0.0,0.5572000000000001,"[[1.01, 1.01]]",0.0,0.0,0.0
400,16.0,0.8,256.00000000000006,6.4626560067394925,11,1.1526206365679075,1.0,1.1526205192879724,0.30022261491515384,1.0767899036609718,0.0,0.7765672887458179,"[[1.01, 2.005]]",1,1.0,0.0,0.9949999999999999,"[[1.01, 1.2952410385759447]]",0.0,0.0,0.28524103857594474
400,16.0,0.8,256.00000000000006,6.4626560067394925,12,1.729169602636476,1.0,1.7291693738527674,0.3475301956278199,1.0272341787694301,0.0,0.6797039831416103,"[[1.01, 3.0]]",1,1.0,1.0,1.99,"[[1.01, 2.4483387477055345]]",1.0,0.0,1.4383387477055345
400,16.0,0.8,256.00000000000006,6.4626560067394925,13,1.9583739700007097,1.0,1.9583741146190847,0.41330084104659554,1.0091584286091642,0.0,0.5958575875625687,"[[1.01, 3.0]]",1,1.0,1.0,1.99,"[[1.01, 2.9067482292381692]]",1.0,0.0,1.8967482292381692
400,16.0,0.8,256.00000000000006,6.4626560067394925,14,1.096782502801553,1.0,1.0967827663849454,0.2640502567560667,1.1735229875895483,0.0,0.9094727308334816,"[[1.01, 1.806]]",1,1.0,0.0,0.796,"[[1.01, 1.1835655327698908]]",0.0,0.0,0.17356553276989084
400,16.0,0.8,256.00000000000006,6.4626560067394925,15,1.3672135322935912,1.0,1.367213534262163,0.2847333016169738,1.1650816852530763,0.0,0.8803483836361026,"[[1.01, 2.1244]]",1,1.0,0.0,1.1144,"[[1.01, 1.724427068524326]]",1.0,0.0,0.7144270685243259
400,16.0,0.8,256.00000000000006,6.4626560067394925,16,1.01,1.0,1.01,0.20716025907624783,1.2294888382676346,1.0,1.0223285791913868,"[[1.01, 1.4876]]",1,1.0,0.0,0.4776,"[[1.01, 1.01]]",0.0,0.0,0.0
400,16.0,0.8,256.00000000000006,6.4626560067394925,17,1.8557296654613273,1.0,1.8557296548962414,0.37607261605398284,1.1965744915490433,0.0,0.8205018754950604,"[[1.0896, 3.0]]",1,1.0,0.0,1.9104,"[[1.01, 2.5840589430018377]]",1.0,0.0,1.5740589430018377
400,16.0,0.8,256.00000000000006,6.4626560067394925,18,1.4043491394527998,1.0,1.404338559532278,0.3751628853504338,1.0621831726317839,0.0,0.68702028728135,"[[1.01, 2.8407999999999998]]",1,1.0,0.0,1.8307999999999998,"[[1.01, 1.7986771190645559]]",1.0,0.0,0.7886771190645558
400,16.0,0.8,256.00000000000006,6.4626560067394925,19,2.2277085772352376,1.0,2.227708658010284,0.36122381295562295,1.1818146321894156,0.0,0.8205908192337927,"[[1.408, 3.0]]",1,1.0,0.0,1.592,"[[1.4554173160205677, 2.871944808068826]]",1.0,0.0,1.4165274920482585
400,16.0,0.8,256.00000000000006,6.4626560067394925,20,2.7505039562603555,0.0,2.7505040404926557,0.41211127543374865,1.179431458183579,0.0,0.7673201827498304,"[[1.5672000000000001, 3.0]]",1,0.0,0.0,1.4327999999999999,"[[2.5010080809853115, 3.0]]",0.0,0.0,0.49899191901468853
400,16.0,0.8,256.00000000000006,6.4626560067394925,21,1.58543991894646,1.0,1.5854401470275963,0.3320102899968653,1.1341680235517841,0.0,0.8021577335549188,"[[1.01, 2.6816000000000004]]",1,1.0,0.0,1.6716000000000004,"[[1.01, 2.1608802940551923]]",1.0,0.0,1.1508802940551923
400,16.0,0.8,256.00000000000006,6.4626560067394925,22,1.9630501831558718,1.0,1.9630501617346945,0.38481379975043567,1.1455714627636264,0.0,0.7607576630131907,"[[1.1294, 3.0]]",1,1.0,0.0,1.8706,"[[1.01, 2.736476309729788]]",1.0,0.0,1.7264763097297882
400,16.0,0.8,256.00000000000006,6.4626560067394925,23,1.056511359489219,1.0,1.0565117961317807,0.24873879603005175,1.0699523381143292,0.0,0.8212135420842774,"[[1.01, 1.806]]",1,1.0,0.0,0.796,"[[1.01, 1.1030235922635614]]",0.0,0.0,0.09302359226356138
400,16.0,0.8,256.00000000000006,6.4626560067394925,24,1.664185501644815,1.0,1.66418548756292,0.35592516878821356,1.3370977143908171,0.0,0.9811725456026036,"[[1.0498, 2.6418]]",1,1.0,0.0,1.5919999999999999,"[[1.01, 2.241716787397952]]",1.0,0.0,1.231716787397952
400,16.0,0.8,256.00000000000006,6.4626560067394925,25,1.230770460530742,1.0,1.230770494194305,0.30137772599168033,1.0622118318557034,0.0,0.7608341058640231,"[[1.01, 2.1244]]",1,1.0,0.0,1.1144,"[[1.01, 1.45154098838861]]",0.0,0.0,0.4415409883886099
400,16.0,0.8,256.00000000000006,6.4626560067394925,26,1.352515590958785,1.0,1.352515549999156,0.3005206939175167,1.0594403506179062,0.0,0.7589196567003895,"[[1.01, 2.2836]]",1,1.0,0.0,1.2735999999999998,"[[1.01, 1.6950310999983118]]",1.0,0.0,0.6850310999983118
400,16.0,0.8,256.00000000000006,6.4626560067394925,27,1.2347156049242707,1.0,1.2347155505103906,0.3472148776361505,0.986681503134125,0.0,0.6394666254979744,"[[1.01, 2.5224]]",1,1.0,0.0,1.5124000000000002,"[[1.01, 1.4594311010207812]]",0.0,0.0,0.4494311010207812
400,16.0,0.8,256.00000000000006,6.4626560067394925,28,1.2185431691193693,1.0,1.218543113987122,0.27873924521262206,1.2146904688996993,0.0,0.9359512236870773,"[[1.01, 1.9254]]",1,1.0,0.0,0.9154,"[[1.01, 1.4270862279742438]]",0.0,0.0,0.4170862279742438
400,16.0,0.8,256.00000000000006,6.4626560067394925,29,1.670503405188386,1.0,1.6705049313410065,0.3787893977475839,0.9902897855870414,0.0,0.6115003878394575,"[[1.01, 3.0]]",1,1.0,1.0,1.99,"[[1.01, 2.331009862682013]]",1.0,0.0,1.3210098626820128
400,16.0,0.8,256.00000000000006,6.4626560067394925,30,1.0416909938660766,1.0,1.0416910106235209,0.2272933506188603,1.2175124264955934,0.0,0.9902190758767331,"[[1.01, 1.6468]]",1,1.0,0.0,0.6368,"[[1.01, 1.0733820212470417]]",0.0,0.0,0.06338202124704173
400,16.0,0.8,256.00000000000006,6.4626560067394925,31,2.0229777806579663,1.0,2.0229777850068587,0.378777176395635,1.2356043560666905,0.0,0.8568271796710555,"[[1.2488000000000001, 3.0]]",1,1.0,0.0,1.7511999999999999,"[[1.0459555700137173, 2.873025848845999]]",1.0,0.0,1.8270702788322817
400,16.0,0.8,256.00000000000006,6.4626560067394925,32,1.3975919210582395,1.0,1.3975919303255444,0.3249893752062653,1.2192333705221177,0.0,0.8942439953158523,"[[1.01, 2.2438000000000002]]",1,1.0,0.0,1.2338000000000002,"[[1.01, 1.7851838606510888]]",1.0,0.0,0.7751838606510888
400,16.0,0.8,256.00000000000006,6.4626560067394925,33,2.005170528470633,1.0,2.00517012052571,0.39416146634048194,1.2093433703538488,0.0,0.8151819040133668,"[[1.209, 3.0]]",1,1.0,0.0,1.791,"[[1.01034024105142, 2.8201552605300293]]",1.0,0.0,1.8098150194786093
400,16.0,0.8,256.00000000000006,6.4626560067394925,34,1.4608727936731551,1.0,1.4608727946060838,0.3518080969643468,1.1162566954673683,0.0,0.7644485985030215,"[[1.01, 2.6020000000000003]]",1,1.0,0.0,1.5920000000000003,"[[1.01, 1.9117455892121675]]",1.0,0.0,0.9017455892121675
400,16.0,0.8,256.00000000000006,6.4626560067394925,35,1.7936137994942714,1.0,1.7936189538418033,0.378421369638296,1.1411574646672253,0.0,0.7627360950289294,"[[1.01, 3.0]]",1,1.0,1.0,1.99,"[[1.01, 2.368397083450234]]",1.0,0.0,1.3583970834502341
400,16.0,0.8,256.00000000000006,6.4626560067394925,36,2.1579214910262112,1.0,2.1579212220776367,0.36049028876499445,1.1769756701059542,0.0,0.8164853813409597,"[[1.3284, 3.0]]",1,1.0,0.0,1.6716,"[[1.3158424441552734, 2.8475308888036315]]",1.0,0.0,1.531688444648358
400,16.0,0.8,256.00000000000006,6.4626560067394925,37,1.2224952061677732,1.0,1.2224952039996955,0.303777476236925,1.0529865935091918,0.0,0.7492091172722668,"[[1.01, 2.1244]]",1,1.0,0.0,1.1144,"[[1.01, 1.434990407999391]]",0.0,0.0,0.4249904079993909
400,16.0,0.8,256.00000000000006,6.4626560067394925,38,1.211433791467209,1.0,1.2114341466907679,0.2277639729865989,1.2029322538361773,0.0,0.9751682808495784,"[[1.01, 1.806]]",1,1.0,0.0,0.796,"[[1.01, 1.4128682933815357]]",0.0,0.0,0.40286829338153574
400,16.0,0.8,256.00000000000006,6.4626560067394925,39,1.478693432179295,1.0,1.4786933713658945,0.33656480589915827,1.1529636432004924,0.0,0.8163988373013341,"[[1.01, 2.4826]]",1,1.0,0.0,1.4726000000000001,"[[1.01, 1.947386742731789]]",1.0,0.0,0.937386742731789
400,16.0,0.8,256.00000000000006,6.4626560067394925,40,1.01,1.0,1.01,0.23931569289428847,1.040584745192654,1.0,0.8012690522983655,"[[1.01, 1.6468]]",1,1.0,0.0,0.6368,[],nan,nan,nan
400,16.0,0.8,256.00000000000006,6.4626560067394925,41,1.8662520938601181,1.0,1.8662521389634923,0.3465502448739094,1.0264622233369884,0.0,0.679911978463079,"[[1.0498, 3.0]]",1,1.0,0.0,1.9502,[],nan,nan,nan
400,16.0,0.8,256.00000000000006,6.4626560067394925,42,1.01,1.0,1.01,0.2063011891070551,1.0933035276477554,1.0,0.8870023385407003,"[[1.01, 1.5672000000000001]]",1,1.0,0.0,0.5572000000000001,[],nan,nan,nan
400,16.0,0.8,256.00000000000006,6.4626560067394925,43,1.1697509478428227,1.0,1.1697508990312604,0.2685566431217615,1.0660777400014585,0.0,0.7975210968796971,"[[1.01, 1.9652]]",1,1.0,0.0,0.9552,[],nan,nan,nan
400,16.0,0.8,256.00000000000006,6.4626560067394925,44,1.1747527810537948,1.0,1.1747528064513806,0.276481187828465,1.1746155722519895,0.0,0.8981343844235246,"[[1.01, 1.8856000000000002]]",1,1.0,0.0,0.8756000000000002,[],nan,nan,nan
400,16.0,0.8,256.00000000000006,6.4626560067394925,45,2.169230278222855,1.0,2.169230334013559,0.37314134191019804,1.1278217855703094,0.0,0.7546804436601113,"[[1.2886, 3.0]]",1,1.0,0.0,1.7114,[],nan,nan,nan
400,16.0,0.8,256.00000000000006,6.4626560067394925,46,1.089545620691662,1.0,1.089546109316107,0.22862302885751815,1.1632302492252335,0.0,0.9346072203677154,"[[1.01, 1.7264]]",1,1.0,0.0,0.7163999999999999,[],nan,nan,nan
400,16.0,0.8,256.00000000000006,6.4626560067394925,47,1.3106182800739605,1.0,1.3106183057815577,0.27497351798555586,1.1717001663971685,0.0,0.8967266484116125,"[[1.01, 2.0448000000000004]]",1,1.0,0.0,1.0348000000000004,[],nan,nan,nan
400,16.0,0.8,256.00000000000006,6.4626560067394925,48,1.4101205837631137,1.0,1.4101201869049573,0.26016713753335496,1.1221344659205246,0.0,0.8619673283871696,"[[1.01, 2.1244]]",1,1.0,0.0,1.1144,[],nan,nan,nan
400,16.0,0.8,256.00000000000006,6.4626560067394925,49,2.4164632035121394,0.0,2.416462989204459,0.386753839447234,1.091591563033858,0.0,0.7048377235866239,"[[1.3682, 3.0]]",1,1.0,0.0,1.6318,[],nan,nan,nan
400,16.0,0.8,256.00000000000006,6.4626560067394925,50,2.59050015610028,0.0,2.590500354377184,0.39623903050976383,0.9936225251534647,0.0,0.5973834946437009,"[[1.3284, 3.0]]",1,1.0,0.0,1.6716,[],nan,nan,nan
400,16.0,0.8,256.00000000000006,6.4626560067394925,51,1.6707026873331354,1.0,1.670703119238825,0.32039764229042167,1.3687640690723462,0.0,1.0483664267819246,"[[1.0896, 2.4826]]",1,1.0,0.0,1.3930000000000002,[],nan,nan,nan
400,16.0,0.8,256.00000000000006,6.4626560067394925,52,1.1247733701281193,1.0,1.1247734962580385,0.2802567340878012,1.0690212403946115,0.0,0.7887645063068103,"[[1.01, 1.9254]]",1,1.0,0.0,0.9154,[],nan,nan,nan
400,16.0,0.8,256.00000000000006,6.4626560067394925,53,1.1919650351967783,1.0,1.191964887703696,0.26078834574719906,1.1440199950100955,0.0,0.8832316492628964,"[[1.01, 1.8856000000000002]]",1,1.0,0.0,0.8756000000000002,[],nan,nan,nan
400,16.0,0.8,256.00000000000006,6.4626560067394925,54,1.801905748613252,1.0,1.8019041918568428,0.3355602915278831,1.1628065501802194,0.0,0.8272462586523364,"[[1.1294, 3.0]]",1,1.0,0.0,1.8706,[],nan,nan,nan
400,16.0,0.8,256.00000000000006,6.4626560067394925,55,2.287510001307533,0.0,2.287510396406848,0.3442690998293148,1.2446093997822179,0.0,0.9003402999529031,"[[1.5274, 3.0]]",1,0.0,0.0,1.4726,[],nan,nan,nan
400,16.0,0.8,256.00000000000006,6.4626560067394925,56,1.330208691775039,1.0,1.3302087615568938,0.2765710881253447,1.1181863189667558,0.0,0.8416152308414111,"[[1.01, 2.0846]]",1,1.0,0.0,1.0746,[],nan,nan,nan
400,16.0,0.8,256.00000000000006,6.4626560067394925,57,1.2634669143062685,1.0,1.263467015919415,0.26408209310688874,1.1008165444961233,0.0,0.8367344513892345,"[[1.01, 2.005]]",1,1.0,0.0,0.9949999999999999,[],nan,nan,nan
400,16.0,0.8,256.00000000000006,6.4626560067394925,58,1.7021027243153797,1.0,1.7021033993208181,0.3644012576094132,1.160981799923702,0.0,0.7965805423142888,"[[1.01, 3.0]]",1,1.0,1.0,1.99,[],nan,nan,nan
400,16.0,0.8,256.00000000000006,6.4626560067394925,59,1.7526567578035974,1.0,1.752657024280898,0.3410631543532683,1.2528054453542328,0.0,0.9117422910009645,"[[1.0896, 2.8407999999999998]]",1,1.0,0.0,1.7511999999999999,[],nan,nan,nan
400,16.0,0.8,256.00000000000006,6.4626560067394925,60,1.384151161938315,1.0,1.3841508151760151,0.3303507680057126,1.0810661763059446,0.0,0.750715408300232,"[[1.01, 2.4428]]",1,1.0,0.0,1.4328,[],nan,nan,nan
400,16.0,0.8,256.00000000000006,6.4626560067394925,61,2.0969357465664458,1.0,2.096936645907054,0.4286499802624836,1.289472603636008,0.0,0.8608226233735244,"[[1.2488000000000001, 3.0]]",1,1.0,0.0,1.7511999999999999,[],nan,nan,nan
400,16.0,0.8,256.00000000000006,6.4626560067394925,62,1.3108909304785232,1.0,1.310890930894213,0.2609186142736993,1.2328928784478248,0.0,0.9719742641741256,"[[1.01, 1.9652]]",1,1.0,0.0,0.9552,[],nan,nan,nan
400,16.0,0.8,256.00000000000006,6.4626560067394925,63,2.279756292617,0.0,2.2797563786642945,0.362586014808506,1.2461851627039275,0.0,0.8835991478954215,"[[1.4876, 3.0]]",1,1.0,0.0,1.5124,[],nan,nan,nan
400,16.0,0.8,256.00000000000006,6.4626560067394925,64,1.7078098730252051,1.0,1.7078098705031401,0.3759540853583385,1.1201797943972112,0.0,0.7442257090388726,"[[1.01, 3.0]]",1,1.0,1.0,1.99,[],nan,nan,nan
400,16.0,0.8,256.00000000000006,6.4626560067394925,65,1.2845360021408256,1.0,1.284535780900733,0.3145612828342595,1.1773950125459627,0.0,0.8628337297117032,"[[1.01, 2.1244]]",1,1.0,0.0,1.1144,[],nan,nan,nan
400,16.0,0.8,256.00000000000006,6.4626560067394925,66,1.418254880255538,1.0,1.4182547676402504,0.3285707666563646,1.0438053513454242,0.0,0.7152345846890595,"[[1.01, 2.5622]]",1,1.0,0.0,1.5521999999999998,[],nan,nan,nan
400,16.0,0.8,256.00000000000006,6.4626560067394925,67,1.8119695522319543,1.0,1.8119696422320266,0.40477050236885626,1.0896288405562118,0.0,0.6848583381873555,"[[1.01, 3.0]]",1,1.0,1.0,1.99,[],nan,nan,nan
400,16.0,0.8,256.00000000000006,6.4626560067394925,68,1.2005975918853973,1.0,1.2005964286391282,0.2867798063806478,1.1826217909032768,0.0,0.895841984522629,"[[1.01, 1.9652]]",1,1.0,0.0,0.9552,[],nan,nan,nan
400,16.0,0.8,256.00000000000006,6.4626560067394925,69,1.257260096995023,1.0,1.2572599781140907,0.3276888619039068,1.051609843311697,0.0,0.7239209814077902,"[[1.01, 2.2836]]",1,1.0,0.0,1.2735999999999998,[],nan,nan,nan
400,16.0,0.8,256.00000000000006,6.4626560067394925,70,1.4409076038239574,1.0,1.4409078090012046,0.27059964758328375,1.131133647978982,0.0,0.8605340003956983,"[[1.01, 2.2039999999999997]]",1,1.0,0.0,1.1939999999999997,[],nan,nan,nan
400,16.0,0.8,256.00000000000006,6.4626560067394925,71,1.3565130111947494,1.0,1.3565132189812577,0.27001499418047015,1.2113742514415529,0.0,0.9413592572610827,"[[1.01, 2.0448000000000004]]",1,1.0,0.0,1.0348000000000004,[],nan,nan,nan
400,16.0,0.8,256.00000000000006,6.4626560067394925,72,2.0622733472701205,1.0,2.062273145556327,0.3811562168934649,1.1458324030570188,0.0,0.7646761861635539,"[[1.209, 3.0]]",1,1.0,0.0,1.791,[],nan,nan,nan
400,16.0,0.8,256.00000000000006,6.4626560067394925,73,1.01,1.0,1.01,0.21718233312618418,1.0519568277777087,1.0,0.8347744946515245,"[[1.01, 1.607]]",1,1.0,0.0,0.597,[],nan,nan,nan
400,16.0,0.8,256.00000000000006,6.4626560067394925,74,2.293889505042792,0.0,2.293890116702457,0.3701544611430113,1.107230830840744,0.0,0.7370763696977326,"[[1.3682, 3.0]]",1,1.0,0.0,1.6318,[],nan,nan,nan
400,16.0,0.8,256.00000000000006,6.4626560067394925,75,1.4788257502023372,1.0,1.4788259057468844,0.30645731870784526,0.9911739068755426,0.0,0.6847165881676973,"[[1.01, 2.6020000000000003]]",1,1.0,0.0,1.5920000000000003,[],nan,nan,nan
400,16.0,0.8,256.00000000000006,6.4626560067394925,76,1.3775316902606118,1.0,1.3775317684801731,0.3369835424957744,1.0646971660690858,0.0,0.7277136235733115,"[[1.01, 2.4826]]",1,1.0,0.0,1.4726000000000001,[],nan,nan,nan
400,16.0,0.8,256.00000000000006,6.4626560067394925,77,1.6513906837921166,1.0,1.6513909263311792,0.32433392044304593,1.1973597380397447,0.0,0.8730258175966987,"[[1.01, 2.6418]]",1,1.0,0.0,1.6318,[],nan,nan,nan
400,16.0,0.8,256.00000000000006,6.4626560067394925,78,2.0979302399268973,1.0,2.097930522837229,0.37811995869322435,1.2984022574173326,0.0,0.9202822987241083,"[[1.3284, 3.0]]",1,1.0,0.0,1.6716,[],nan,nan,nan
400,16.0,0.8,256.00000000000006,6.4626560067394925,79,1.5256968736145315,1.0,1.525696973919483,0.32996450777764474,1.2197892504163934,0.0,0.8898247426387487,"[[1.01, 2.4428]]",1,1.0,0.0,1.4328,[],nan,nan,nan
400,16.0,0.8,256.00000000000006,6.4626560067394925,80,1.1246472564263719,1.0,1.1246466304105247,0.3124494869675919,1.0122263146414623,0.0,0.6997768276738704,"[[1.01, 2.1244]]",1,1.0,0.0,1.1144,[],nan,nan,nan
400,16.0,0.8,256.00000000000006,6.4626560067394925,81,1.9740773003037526,1.0,1.9740775930406056,0.38994087552255413,1.1027319127953525,0.0,0.7127910372727984,"[[1.0896, 3.0]]",1,1.0,0.0,1.9104,[],nan,nan,nan
400,16.0,0.8,256.00000000000006,6.4626560067394925,82,1.0663194107377656,1.0,1.066319408191806,0.28091057774899975,1.1511135684693825,0.0,0.8702029907203828,"[[1.01, 1.8458]]",1,1.0,0.0,0.8358000000000001,[],nan,nan,nan
400,16.0,0.8,256.00000000000006,6.4626560067394925,83,1.1137935334602351,1.0,1.1137935685831046,0.267592349095591,1.0192822077875057,0.0,0.7516898586919147,"[[1.01, 1.9254]]",1,1.0,0.0,0.9154,[],nan,nan,nan
400,16.0,0.8,256.00000000000006,6.4626560067394925,84,1.01,1.0,1.01,0.23764154111237737,1.0626156617747888,1.0,0.8249741206624115,"[[1.01, 1.6468]]",1,1.0,0.0,0.6368,[],nan,nan,nan
400,16.0,0.8,256.00000000000006,6.4626560067394925,85,1.0268237624183618,1.0,1.0268239718814531,0.2877430049732041,1.0679422629291213,0.0,0.7801992579559172,"[[1.01, 1.8856000000000002]]",1,1.0,0.0,0.8756000000000002,[],nan,nan,nan
400,16.0,0.8,256.00000000000006,6.4626560067394925,86,1.808664616274208,1.0,1.808667417044638,0.35440490657333146,1.1214639005637195,0.0,0.767058993990388,"[[1.0498, 3.0]]",1,1.0,0.0,1.9502,[],nan,nan,nan
400,16.0,0.8,256.00000000000006,6.4626560067394925,87,1.4715720203122147,1.0,1.4715719977123138,0.34497563328538855,1.1000613408334388,0.0,0.7550857075480502,"[[1.01, 2.6418]]",1,1.0,0.0,1.6318,[],nan,nan,nan
400,16.0,0.8,256.00000000000006,6.4626560067394925,88,1.6446340581750751,1.0,1.6446341365580808,0.30783175888695824,1.1650329843452272,0.0,0.8572012254582689,"[[1.01, 2.6020000000000003]]",1,1.0,0.0,1.5920000000000003,[],nan,nan,nan
400,16.0,0.8,256.00000000000006,6.4626560067394925,89,1.8998191635871604,1.0,1.8998191883792983,0.38112690702553775,1.1463941682446472,0.0,0.7652672612191095,"[[1.0896, 3.0]]",1,1.0,0.0,1.9104,[],nan,nan,nan
400,16.0,0.8,256.00000000000006,6.4626560067394925,90,1.1475679198046638,1.0,1.1475661686134735,0.3065785407957355,0.9523298043331831,0.0,0.6457512635374476,"[[1.01, 2.2039999999999997]]",1,1.0,0.0,1.1939999999999997,[],nan,nan,nan
400,16.0,0.8,256.00000000000006,6.4626560067394925,91,1.2839323200619273,1.0,1.283932499331008,0.2883296783056142,1.1254009876495907,0.0,0.8370713093439766,"[[1.01, 2.0846]]",1,1.0,0.0,1.0746,[],nan,nan,nan
400,16.0,0.8,256.00000000000006,6.4626560067394925,92,2.2516504667284876,1.0,2.2516504068732544,0.38796462420464256,1.1156430111405389,0.0,0.7276783869358963,"[[1.2886, 3.0]]",1,1.0,0.0,1.7114,[],nan,nan,nan
400,16.0,0.8,256.00000000000006,6.4626560067394925,93,2.0039398632768157,1.0,2.0039399637096005,0.348068578895559,1.0130704122988254,0.0,0.6650018334032665,"[[1.1294, 3.0]]",1,1.0,0.0,1.8706,[],nan,nan,nan
400,16.0,0.8,256.00000000000006,6.4626560067394925,94,1.2367722960679797,1.0,1.2367721774425087,0.29121355270692806,0.9964554895054512,0.0,0.7052419367985231,"[[1.01, 2.1642]]",1,1.0,0.0,1.1542000000000001,[],nan,nan,nan
400,16.0,0.8,256.00000000000006,6.4626560067394925,95,1.3903790793928235,1.0,1.390379067846259,0.3189826582053462,1.1832829244790815,0.0,0.8643002662737352,"[[1.01, 2.2438000000000002]]",1,1.0,0.0,1.2338000000000002,[],nan,nan,nan
400,16.0,0.8,256.00000000000006,6.4626560067394925,96,1.417702536054396,1.0,1.417702533990273,0.32483286503186204,1.084751998602664,0.0,0.7599191335708019,"[[1.01, 2.4428]]",1,1.0,0.0,1.4328,[],nan,nan,nan
400,16.0,0.8,256.00000000000006,6.4626560067394925,97,1.8466312970857386,1.0,1.846633989721349,0.357281906081693,1.1843363502861752,0.0,0.8270544442044823,"[[1.1294, 3.0]]",1,1.0,0.0,1.8706,[],nan,nan,nan
400,16.0,0.8,256.00000000000006,6.4626560067394925,98,1.01,1.0,1.01,0.20679363014372498,1.2098552880226112,1.0,1.0030616578788862,"[[1.01, 1.607]]",1,1.0,0.0,0.597,[],nan,nan,nan
400,16.0,0.8,256.00000000000006,6.4626560067394925,99,1.0397196060133087,1.0,1.0397196002772149,0.23913502242763232,1.0583122807537286,0.0,0.8191772583260963,"[[1.01, 1.7662]]",1,1.0,0.0,0.7562,[],nan,nan,nan
400,16.0,0.8,256.00000000000006,6.4626560067394925,100,1.3686303531883357,1.0,1.3686302620929611,0.32610537035086923,1.1661150918986256,0.0,0.8400097215477564,"[[1.01, 2.2836]]",1,1.0,0.0,1.2735999999999998,[],nan,nan,nan
400,16.0,0.8,256.00000000000006,6.4626560067394925,101,1.01,1.0,1.01,0.24981791065406878,1.063668711035443,1.0,0.8138508003813743,"[[1.01, 1.4478]]",1,0.0,0.0,0.43779999999999997,[],nan,nan,nan
400,16.0,0.8,256.00000000000006,6.4626560067394925,102,2.136062253494377,1.0,2.1360621792518004,0.354204339591211,1.1699408911793956,0.0,0.8157365515881846,"[[1.3284, 3.0]]",1,1.0,0.0,1.6716,[],nan,nan,nan
400,16.0,0.8,256.00000000000006,6.4626560067394925,103,1.8007745593912123,1.0,1.8007744481189412,0.36905434379236274,1.139130009806557,0.0,0.7700756660141943,"[[1.0498, 3.0]]",1,1.0,0.0,1.9502,[],nan,nan,nan
400,16.0,0.8,256.00000000000006,6.4626560067394925,104,2.6066264626570637,0.0,2.606626974562115,0.43992107407117764,1.2641084625006789,0.0,0.8241873884295012,"[[1.5274, 3.0]]",1,0.0,0.0,1.4726,[],nan,nan,nan
400,16.0,0.8,256.00000000000006,6.4626560067394925,105,1.3358637914881812,1.0,1.3358644259997963,0.3418497994187501,1.0472099919536106,0.0,0.7053601925348605,"[[1.01, 2.4826]]",1,1.0,0.0,1.4726000000000001,[],nan,nan,nan
400,16.0,0.8,256.00000000000006,6.4626560067394925,106,1.6721006538374015,1.0,1.672100641324509,0.3152276490222579,1.161593695093022,0.0,0.846366046070764,"[[1.01, 2.6816000000000004]]",1,1.0,0.0,1.6716000000000004,[],nan,nan,nan
400,16.0,0.8,256.00000000000006,6.4626560067394925,107,1.286427936960637,1.0,1.2864280058259403,0.2973213131488188,1.1478511051929845,0.0,0.8505297920441657,"[[1.01, 2.0846]]",1,1.0,0.0,1.0746,[],nan,nan,nan
400,16.0,0.8,256.00000000000006,6.4626560067394925,108,1.8880139575280308,1.0,1.888014294950628,0.3342877873117419,1.1781247512445083,0.0,0.8438369639327664,"[[1.209, 3.0]]",1,1.0,0.0,1.791,[],nan,nan,nan
400,16.0,0.8,256.00000000000006,6.4626560067394925,109,1.5745540877139117,1.0,1.5745545761584214,0.3572460279281985,1.0625033455829436,0.0,0.7052573176547451,"[[1.01, 3.0]]",1,1.0,1.0,1.99,[],nan,nan,nan
400,16.0,0.8,256.00000000000006,6.4626560067394925,110,1.5424681330868084,1.0,1.5424681348905411,0.34213010754439216,1.084080450015395,0.0,0.741950342471003,"[[1.01, 2.7612]]",1,1.0,0.0,1.7512,[],nan,nan,nan
400,16.0,0.8,256.00000000000006,6.4626560067394925,111,1.9656707721658953,1.0,1.9656705123550937,0.3600383874305539,1.321949156229334,0.0,0.96191076879878,"[[1.2886, 3.0]]",1,1.0,0.0,1.7114,[],nan,nan,nan
400,16.0,0.8,256.00000000000006,6.4626560067394925,112,2.673765758730324,0.0,2.673766984897081,0.37219767580464713,1.22215473915972,0.0,0.8499570633550729,"[[1.6866, 3.0]]",1,0.0,0.0,1.3134,[],nan,nan,nan
400,16.0,0.8,256.00000000000006,6.4626560067394925,113,1.5153228993450742,1.0,1.5153231609807547,0.3155245511077204,1.198084570482086,0.0,0.8825600193743656,"[[1.01, 2.403]]",1,1.0,0.0,1.393,[],nan,nan,nan
400,16.0,0.8,256.00000000000006,6.4626560067394925,114,1.1391643801230813,1.0,1.1391646029050804,0.3078271013060958,1.0463023602032169,0.0,0.7384752588971211,"[[1.01, 2.0846]]",1,1.0,0.0,1.0746,[],nan,nan,nan
400,16.0,0.8,256.00000000000006,6.4626560067394925,115,2.2528003804595724,1.0,2.2528004076891666,0.38986447361894666,1.2550962808420605,0.0,0.8652318072231138,"[[1.408, 3.0]]",1,1.0,0.0,1.592,[],nan,nan,nan
400,16.0,0.8,256.00000000000006,6.4626560067394925,116,1.7443532945407718,1.0,1.744353256623684,0.37158695375589473,1.37268089756262,0.0,1.0010939438067252,"[[1.0896, 2.8407999999999998]]",1,1.0,0.0,1.7511999999999999,[],nan,nan,nan
400,16.0,0.8,256.00000000000006,6.4626560067394925,117,1.6190950885841222,1.0,1.6190950824017176,0.31336791932418495,1.2243767145184796,0.0,0.9110087951942947,"[[1.01, 2.5224]]",1,1.0,0.0,1.5124000000000002,[],nan,nan,nan
400,16.0,0.8,256.00000000000006,6.4626560067394925,118,1.6372666808399086,1.0,1.6372666839482894,0.31397139542760155,1.26730574253319,0.0,0.9533343471055884,"[[1.0498, 2.5224]]",1,1.0,0.0,1.4726000000000001,[],nan,nan,nan
400,16.0,0.8,256.00000000000006,6.4626560067394925,119,1.0408918540459549,1.0,1.040891870711789,0.27744906848115053,1.0653128262615914,0.0,0.7878637577804408,"[[1.01, 1.8458]]",1,1.0,0.0,0.8358000000000001,[],nan,nan,nan
400,16.0,0.8,256.00000000000006,6.4626560067394925,120,1.9368554508882203,1.0,1.9368554566233573,0.3780265477335827,1.2449216544085602,0.0,0.8668951066749775,"[[1.209, 3.0]]",1,1.0,0.0,1.791,[],nan,nan,nan
400,16.0,0.8,256.00000000000006,6.4626560067394925,121,1.8145197582663315,1.0,1.8145203681398747,0.3640618651366813,1.1455643282176005,0.0,0.7815024630809191,"[[1.0498, 3.0]]",1,1.0,0.0,1.9502,[],nan,nan,nan
400,16.0,0.8,256.00000000000006,6.4626560067394925,122,1.3964989798132692,1.0,1.3964989472201654,0.29907857665820337,1.2013735937707692,0.0,0.9022950171125659,"[[1.01, 2.2039999999999997]]",1,1.0,0.0,1.1939999999999997,[],nan,nan,nan
400,16.0,0.8,256.00000000000006,6.4626560067394925,123,1.2275078600247658,1.0,1.2275078956205372,0.30277877969468975,1.126946800973153,0.0,0.8241680212784632,"[[1.01, 2.0448000000000004]]",1,1.0,0.0,1.0348000000000004,[],nan,nan,nan
400,16.0,0.8,256.00000000000006,6.4626560067394925,124,1.4754349572286103,1.0,1.4754349399712432,0.3244555222556545,1.2029206693709011,0.0,0.8784651471152467,"[[1.01, 2.3632]]",1,1.0,0.0,1.3532,[],nan,nan,nan
400,16.0,0.8,256.00000000000006,6.4626560067394925,125,1.9948497403302483,1.0,1.9948497505653568,0.3802101468702603,1.1961969414189269,0.0,0.8159867945486665,"[[1.209, 3.0]]",1,1.0,0.0,1.791,[],nan,nan,nan
400,16.0,0.8,256.00000000000006,6.4626560067394925,126,2.5010490325091013,0.0,2.501048867682777,0.37962079126330156,1.1246753276836132,0.0,0.7450545364203116,"[[1.4876, 3.0]]",1,1.0,0.0,1.5124,[],nan,nan,nan
400,16.0,0.8,256.00000000000006,6.4626560067394925,127,1.142491495587431,1.0,1.142491536278702,0.2869620544235917,0.9652359636184071,0.0,0.6782739091948154,"[[1.01, 2.0846]]",1,1.0,0.0,1.0746,[],nan,nan,nan
400,16.0,0.8,256.00000000000006,6.4626560067394925,128,1.4845713477087765,1.0,1.484571176881857,0.30301587709245537,1.15999643023888,0.0,0.8569805531464247,"[[1.01, 2.3632]]",1,1.0,0.0,1.3532,[],nan,nan,nan
400,16.0,0.8,256.00000000000006,6.4626560067394925,129,1.9029662370079083,1.0,1.9029663469909952,0.36503167881778675,1.2377862844892864,0.0,0.8727546056714997,"[[1.1692, 3.0]]",1,1.0,0.0,1.8308,[],nan,nan,nan
400,16.0,0.8,256.00000000000006,6.4626560067394925,130,2.8891989671106817,0.0,2.8891996647841975,0.4333958238056105,1.053182242841396,0.0,0.6197864190357855,"[[1.4478, 3.0]]",1,1.0,0.0,1.5522,[],nan,nan,nan
400,16.0,0.8,256.00000000000006,6.4626560067394925,131,1.5331106554089777,1.0,1.5331113131252696,0.3138101911788646,1.1722279178225388,0.0,0.8584177266436741,"[[1.01, 2.4428]]",1,1.0,0.0,1.4328,[],nan,nan,nan
400,16.0,0.8,256.00000000000006,6.4626560067394925,132,1.3128980841006777,1.0,1.3128981803139128,0.30365945809927686,1.076535849976394,0.0,0.7728763918771171,"[[1.01, 2.2039999999999997]]",1,1.0,0.0,1.1939999999999997,[],nan,nan,nan
400,16.0,0.8,256.00000000000006,6.4626560067394925,133,1.7131316984008382,1.0,1.7131310638015735,0.3574228509285279,1.2136429372863804,0.0,0.8562200863578525,"[[1.01, 2.9602000000000004]]",1,1.0,0.0,1.9502000000000004,[],nan,nan,nan
400,16.0,0.8,256.00000000000006,6.4626560067394925,134,1.4276347675253316,1.0,1.4276346974971872,0.29497480853040553,1.1723466200743025,0.0,0.8773718115438969,"[[1.01, 2.2438000000000002]]",1,1.0,0.0,1.2338000000000002,[],nan,nan,nan
400,16.0,0.8,256.00000000000006,6.4626560067394925,135,1.7366878651112645,1.0,1.7366877980010516,0.33625325593060257,1.2218663106664125,0.0,0.8856130547358099,"[[1.0896, 2.8407999999999998]]",1,1.0,0.0,1.7511999999999999,[],nan,nan,nan
400,16.0,0.8,256.00000000000006,6.4626560067394925,136,1.5442767643108206,1.0,1.5442770031208053,0.33344410488071125,1.1256394777803893,0.0,0.792195372899678,"[[1.01, 2.6418]]",1,1.0,0.0,1.6318,[],nan,nan,nan
400,16.0,0.8,256.00000000000006,6.4626560067394925,137,1.809300708442356,1.0,1.8093008881342405,0.403081231452287,1.1097142539408589,0.0,0.7066330224885718,"[[1.01, 3.0]]",1,1.0,1.0,1.99,[],nan,nan,nan
400,16.0,0.8,256.00000000000006,6.4626560067394925,138,1.6201873746124738,1.0,1.6201874153071896,0.33712094848411395,1.021070050345874,0.0,0.6839491018617601,"[[1.01, 3.0]]",1,1.0,1.0,1.99,[],nan,nan,nan
400,16.0,0.8,256.00000000000006,6.4626560067394925,139,1.3687970663701379,1.0,1.3687969374444888,0.2770891280207093,1.139832924068331,0.0,0.8627437960476216,"[[1.01, 2.1244]]",1,1.0,0.0,1.1144,[],nan,nan,nan
400,16.0,0.8,256.00000000000006,6.4626560067394925,140,1.75766865824476,1.0,1.7576686179958745,0.3226818756583879,1.1197922021094187,0.0,0.7971103264510307,"[[1.0896, 3.0]]",1,1.0,0.0,1.9104,[],nan,nan,nan
400,16.0,0.8,256.00000000000006,6.4626560067394925,141,1.2956567993194565,1.0,1.295656837616293,0.2984714120338856,1.1779715304464482,0.0,0.8795001184125626,"[[1.01, 2.0846]]",1,1.0,0.0,1.0746,[],nan,nan,nan
400,16.0,0.8,256.00000000000006,6.4626560067394925,142,2.3674241579583346,0.0,2.3674241347173357,0.4006031089097562,1.2023735232657142,0.0,0.8017704143559581,"[[1.408, 3.0]]",1,1.0,0.0,1.592,[],nan,nan,nan
400,16.0,0.8,256.00000000000006,6.4626560067394925,143,1.9274067256846519,1.0,1.927406730301847,0.32299330953060473,1.1090018556893024,0.0,0.7860085461586976,"[[1.209, 3.0]]",1,1.0,0.0,1.791,[],nan,nan,nan
400,16.0,0.8,256.00000000000006,6.4626560067394925,144,1.3224220063171894,1.0,1.3224219841072475,0.31668177283331606,1.0946564240067558,0.0,0.7779746511734398,"[[1.01, 2.2438000000000002]]",1,1.0,0.0,1.2338000000000002,[],nan,nan,nan
400,16.0,0.8,256.00000000000006,6.4626560067394925,145,1.4845979120656465,1.0,1.484598422663712,0.32891207964036895,1.153625951665965,0.0,0.8247138720255961,"[[1.01, 2.4826]]",1,1.0,0.0,1.4726000000000001,[],nan,nan,nan
400,16.0,0.8,256.00000000000006,6.4626560067394925,146,1.152346000503436,1.0,1.1523448354878671,0.24267119435962314,1.1494277570854987,0.0,0.9067565627258756,"[[1.01, 1.806]]",1,1.0,0.0,0.796,[],nan,nan,nan
400,16.0,0.8,256.00000000000006,6.4626560067394925,147,1.1354925538660379,1.0,1.1354924733501315,0.27595651240254,1.0651182263544667,0.0,0.7891617139519267,"[[1.01, 1.9254]]",1,1.0,0.0,0.9154,[],nan,nan,nan
400,16.0,0.8,256.00000000000006,6.4626560067394925,148,1.645731229169592,1.0,1.6457315898486513,0.35984861827378967,1.117404723701797,0.0,0.7575561054280073,"[[1.01, 3.0]]",1,1.0,1.0,1.99,[],nan,nan,nan
400,16.0,0.8,256.00000000000006,6.4626560067394925,149,1.5718430252169133,1.0,1.5718431804194548,0.3779500274853886,1.0655455817293666,0.0,0.687595554243978,"[[1.01, 3.0]]",1,1.0,1.0,1.99,[],nan,nan,nan
400,16.0,0.8,256.00000000000006,6.4626560067394925,150,1.7207047454645477,1.0,1.720705285336594,0.3367396842457598,1.0692959739650043,0.0,0.7325562897192446,"[[1.01, 3.0]]",1,1.0,1.0,1.99,[],nan,nan,nan
400,16.0,0.8,256.00000000000006,6.4626560067394925,151,1.6162241836888445,1.0,1.616244727328557,0.3774487468813803,1.0360536597489454,0.0,0.6586049128675651,"[[1.01, 3.0]]",1,1.0,1.0,1.99,[],nan,nan,nan
400,16.0,0.8,256.00000000000006,6.4626560067394925,152,1.7642007441798764,1.0,1.7642002153981586,0.3649912948546903,1.0884040832124353,0.0,0.723412788357745,"[[1.01, 3.0]]",1,1.0,1.0,1.99,[],nan,nan,nan
400,16.0,0.8,256.00000000000006,6.4626560067394925,153,1.4118857845982542,1.0,1.4118856870180012,0.32379848888080615,1.158667108873957,0.0,0.834868619993151,"[[1.01, 2.3234000000000004]]",1,1.0,0.0,1.3134000000000003,[],nan,nan,nan
400,16.0,0.8,256.00000000000006,6.4626560067394925,154,1.1572881949763316,1.0,1.157288734405065,0.30039810711661113,1.0681047004057875,0.0,0.7677065932891765,"[[1.01, 2.0448000000000004]]",1,1.0,0.0,1.0348000000000004,[],nan,nan,nan
400,16.0,0.8,256.00000000000006,6.4626560067394925,155,2.0435024201008707,1.0,2.043502992650376,0.35688212394314484,1.2138475665597024,0.0,0.8569654426165576,"[[1.2886, 3.0]]",1,1.0,0.0,1.7114,[],nan,nan,nan
400,16.0,0.8,256.00000000000006,6.4626560067394925,156,1.01,1.0,1.01,0.23550361014874024,1.0623501335109498,1.0,0.8268465233622095,"[[1.01, 1.6866]]",1,1.0,0.0,0.6766000000000001,[],nan,nan,nan
400,16.0,0.8,256.00000000000006,6.4626560067394925,157,2.2647313238836784,1.0,2.2647313502432307,0.3712282888021662,1.2163690356689179,0.0,0.8451407468667517,"[[1.408, 3.0]]",1,1.0,0.0,1.592,[],nan,nan,nan
400,16.0,0.8,256.00000000000006,6.4626560067394925,158,1.5123542574481228,1.0,1.5123234546974957,0.3083924819294274,1.161961515606612,0.0,0.8535690336771846,"[[1.01, 2.403]]",1,1.0,0.0,1.393,[],nan,nan,nan
400,16.0,0.8,256.00000000000006,6.4626560067394925,159,1.01,1.0,1.0200149595805608,0.271080154560775,1.055657960646256,0.0,0.7845778060854809,"[[1.01, 1.6866]]",1,1.0,0.0,0.6766000000000001,[],nan,nan,nan
400,16.0,0.8,256.00000000000006,6.4626560067394925,160,1.1142373852186684,1.0,1.1142373174736198,0.2561435144072423,1.042050560451729,0.0,0.7859070460444866,"[[1.01, 1.8856000000000002]]",1,1.0,0.0,0.8756000000000002,[],nan,nan,nan
400,16.0,0.8,256.00000000000006,6.4626560067394925,161,1.7500396331194925,1.0,1.7500397110471113,0.4026631259759578,1.13765083995579,0.0,0.7349877139798322,"[[1.01, 3.0]]",1,1.0,1.0,1.99,[],nan,nan,nan
400,16.0,0.8,256.00000000000006,6.4626560067394925,162,1.3949291855217951,1.0,1.3949211681471712,0.36962534654794604,1.0662015163175376,0.0,0.6965761697695916,"[[1.01, 2.7612]]",1,1.0,0.0,1.7512,[],nan,nan,nan
400,16.0,0.8,256.00000000000006,6.4626560067394925,163,1.3554793275448973,1.0,1.3554793296179668,0.28169659137339437,1.0869709789798583,0.0,0.8052743876064639,"[[1.01, 2.1642]]",1,1.0,0.0,1.1542000000000001,[],nan,nan,nan
400,16.0,0.8,256.00000000000006,6.4626560067394925,164,1.1070367144595668,1.0,1.1070367199934776,0.27488362382027687,1.0716631566102686,0.0,0.7967795327899917,"[[1.01, 1.8856000000000002]]",1,1.0,0.0,0.8756000000000002,[],nan,nan,nan
400,16.0,0.8,256.00000000000006,6.4626560067394925,165,1.8966662100208147,1.0,1.8966661884031488,0.388680930064773,1.2397959034309216,0.0,0.8511149733661486,"[[1.1294, 3.0]]",1,1.0,0.0,1.8706,[],nan,nan,nan
400,16.0,0.8,256.00000000000006,6.4626560067394925,166,1.01,1.0,1.01,0.23413544227628247,1.1006893770697186,1.0,0.8665539347934361,"[[1.01, 1.6468]]",1,1.0,0.0,0.6368,[],nan,nan,nan
400,16.0,0.8,256.00000000000006,6.4626560067394925,167,3.0,0.0,3.0,0.37052188849734413,1.2602755893130886,1.0,0.8897537008157445,"[[1.8856000000000002, 3.0]]",1,0.0,0.0,1.1143999999999998,[],nan,nan,nan
400,16.0,0.8,256.00000000000006,6.4626560067394925,168,1.9426825486480426,1.0,1.942682536938716,0.3818495929737906,1.1400936310229646,0.0,0.758244038049174,"[[1.1294, 3.0]]",1,1.0,0.0,1.8706,[],nan,nan,nan
400,16.0,0.8,256.00000000000006,6.4626560067394925,169,2.4398426454118063,0.0,2.439842861851489,0.4048573825753619,1.2967681259845503,0.0,0.8919107434091884,"[[1.5274, 3.0]]",1,0.0,0.0,1.4726,[],nan,nan,nan
400,16.0,0.8,256.00000000000006,6.4626560067394925,170,1.6043593571523695,1.0,1.6043596181675654,0.3560140276150348,1.0930019625338074,0.0,0.7369879349187727,"[[1.01, 3.0]]",1,1.0,1.0,1.99,[],nan,nan,nan
400,16.0,0.8,256.00000000000006,6.4626560067394925,171,1.0243298071550755,1.0,1.024329804133466,0.2891103731247978,1.147328922485432,0.0,0.8582185493606341,"[[1.01, 1.806]]",1,1.0,0.0,0.796,[],nan,nan,nan
400,16.0,0.8,256.00000000000006,6.4626560067394925,172,1.01,1.0,1.01,0.2597366333847294,1.0330545772366873,1.0,0.7733179438519578,"[[1.01, 1.5672000000000001]]",1,1.0,0.0,0.5572000000000001,[],nan,nan,nan
400,16.0,0.8,256.00000000000006,6.4626560067394925,173,1.3074748110490306,1.0,1.3074747677271907,0.2940705626084089,1.1946782265725893,0.0,0.9006076639641803,"[[1.01, 2.0846]]",1,1.0,0.0,1.0746,[],nan,nan,nan
400,16.0,0.8,256.00000000000006,6.4626560067394925,174,2.041932654389321,1.0,2.041932640581024,0.40112338933130326,1.1949053437798782,0.0,0.7937819544485749,"[[1.209, 3.0]]",1,1.0,0.0,1.791,[],nan,nan,nan
400,16.0,0.8,256.00000000000006,6.4626560067394925,175,1.4296990681999415,1.0,1.4296990688229354,0.3777542913426616,0.9931402850622694,0.0,0.6153859937196078,"[[1.01, 3.0]]",1,1.0,1.0,1.99,[],nan,nan,nan
400,16.0,0.8,256.00000000000006,6.4626560067394925,176,1.146665463603643,1.0,1.1466654823963096,0.3013906174414579,1.1659021357546822,0.0,0.8645115183132243,"[[1.01, 1.9254]]",1,1.0,0.0,0.9154,[],nan,nan,nan
400,16.0,0.8,256.00000000000006,6.4626560067394925,177,1.4441223612892438,1.0,1.4441223641100178,0.32449546586278954,1.131194131570304,0.0,0.8066986657075145,"[[1.01, 2.403]]",1,1.0,0.0,1.393,[],nan,nan,nan
400,16.0,0.8,256.00000000000006,6.4626560067394925,178,1.6052827903216675,1.0,1.6052829884763475,0.3453394242381392,1.027377897511705,0.0,0.6820384732735658,"[[1.01, 3.0]]",1,1.0,1.0,1.99,[],nan,nan,nan
400,16.0,0.8,256.00000000000006,6.4626560067394925,179,1.4766457924130663,1.0,1.476645672108439,0.31341957681200433,1.115774968033717,0.0,0.8023553912217127,"[[1.01, 2.4428]]",1,1.0,0.0,1.4328,[],nan,nan,nan
1600,0.5,0.0125,0.25000000000000006,0.013109787176414079,0,3.0,1.0,3.0,0.3269139210296696,0.3299532647965024,1.0,0.0030393437668327916,"[[1.01, 3.0]]",1,1.0,1.0,1.99,"[[3.0, 3.0]]",0.0,0.0,0.0
1600,0.5,0.0125,0.25000000000000006,0.013109787176414079,1,3.0,1.0,3.0,0.3287727881518023,0.33788634230911174,1.0,0.009113554157309467,"[[1.01, 3.0]]",1,1.0,1.0,1.99,"[[3.0, 3.0]]",0.0,0.0,0.0
1600,0.5,0.0125,0.25000000000000006,0.013109787176414079,2,1.01,1.0,1.01,0.35042246116793435,0.32640801340417963,1.0,0.02401444776375472,"[[1.01, 3.0]]",1,1.0,1.0,1.99,"[[1.01, 1.01]]",0.0,0.0,0.0
1600,0.5,0.0125,0.25000000000000006,0.013109787176414079,3,3.0,1.0,3.0,0.3513366256544511,0.3625207137407733,1.0,0.011184088086322208,"[[1.01, 3.0]]",1,1.0,1.0,1.99,"[[3.0, 3.0]]",0.0,0.0,0.0
1600,0.5,0.0125,0.25000000000000006,0.013109787176414079,4,1.01,1.0,1.01,0.31952326017696886,0.35684039530729267,1.0,0.03731713513032381,"[[1.01, 3.0]]",1,1.0,1.0,1.99,"[[1.01, 1.01]]",0.0,0.0,0.0
1600,0.5,0.0125,0.25000000000000006,0.013109787176414079,5,1.01,1.0,1.01,0.32619426174426874,0.36200638645228683,1.0,0.03581212470801809,"[[1.01, 3.0]]",1,1.0,1.0,1.99,"[[1.01, 1.01]]",0.0,0.0,0.0
1600,0.5,0.0125,0.25000000000000006,0.013109787176414079,6,3.0,1.0,1.01,0.3373567984064959,0.34912241472166095,1.0,0.01176561631516504,"[[1.01, 3.0]]",1,1.0,1.0,1.99,"[[1.01, 1.01]]",0.0,0.0,0.0
1600,0.5,0.0125,0.25000000000000006,0.013109787176414079,7,3.0,1.0,3.0,0.3375764634621302,0.3503179966791035,1.0,0.0127415332169733,"[[1.01, 3.0]]",1,1.0,1.0,1.99,"[[3.0, 3.0]]",0.0,0.0,0.0
1600,0.5,0.0125,0.25000000000000006,0.013109787176414079,8,1.01,1.0,1.01,0.34411546878243443,0.3289436801264777,1.0,0.015171788655956753,"[[1.01, 3.0]]",1,1.0,1.0,1.99,"[[1.01, 1.01]]",0.0,0.0,0.0
1600,0.5,0.0125,0.25000000000000006,0.013109787176414079,9,1.7223924008938094,1.0,1.722392454249844,0.3179980410275838,0.355172158094801,0.0,0.03717411706721724,"[[1.01, 3.0]]",1,1.0,1.0,1.99,"[[1.01, 2.4347849084996884]]",1.0,0.0,1.4247849084996884
1600,0.5,0.0125,0.25000000000000006,0.013109787176414079,10,3.0,1.0,1.01,0.3466634652955067,0.34002791031100144,1.0,0.006635554984505243,"[[1.01, 3.0]]",1,1.0,1.0,1.99,"[[1.01, 1.01]]",0.0,0.0,0.0
1600,0.5,0.0125,0.25000000000000006,0.013109787176414079,11,3.0,1.0,3.0,0.33267928556520804,0.3670735421365914,1.0,0.03439425657138334,"[[1.01, 3.0]]",1,1.0,1.0,1.99,"[[3.0, 3.0]]",0.0,0.0,0.0
1600,0.5,0.0125,0.25000000000000006,0.013109787176414079,12,3.0,1.0,3.0,0.3347282587992791,0.34945882909617637,1.0,0.014730570296897283,"[[1.01, 3.0]]",1,1.0,1.0,1.99,"[[3.0, 3.0]]",0.0,0.0,0.0
1600,0.5,0.0125,0.25000000000000006,0.013109787176414079,13,3.0,1.0,3.0,0.32126396789091977,0.3343376564944228,1.0,0.013073688603503053,"[[1.01, 3.0]]",1,1.0,1.0,1.99,"[[3.0, 3.0]]",0.0,0.0,0.0
1600,0.5,0.0125,0.25000000000000006,0.013109787176414079,14,3.0,1.0,3.0,0.3260520874118404,0.3286561292904421,1.0,0.002604041878601693,"[[1.01, 3.0]]",1,1.0,1.0,1.99,"[[3.0, 3.0]]",0.0,0.0,0.0
1600,0.5,0.0125,0.25000000000000006,0.013109787176414079,15,3.0,1.0,3.0,0.3366235931905987,0.35846040418532304,1.0,0.021836810994724343,"[[1.01, 3.0]]",1,1.0,1.0,1.99,"[[3.0, 3.0]]",0.0,0.0,0.0
1600,0.5,0.0125,0.25000000000000006,0.013109787176414079,16,3.0,1.0,3.0,0.3236623348824697,0.33010215667718557,1.0,0.006439821794715861,"[[1.01, 3.0]]",1,1.0,1.0,1.99,"[[3.0, 3.0]]",0.0,0.0,0.0
1600,0.5,0.0125,0.25000000000000006,0.013109787176414079,17,3.0,1.0,3.0,0.33692325197061146,0.34898837985299536,1.0,0.012065127882383897,"[[1.01, 3.0]]",1,1.0,1.0,1.99,"[[3.0, 3.0]]",0.0,0.0,0.0
1600,0.5,0.0125,0.25000000000000006,0.013109787176414079,18,3.0,1.0,3.0,0.3409177911902463,0.33705772999531947,1.0,0.0038600611949268226,"[[1.01, 3.0]]",1,1.0,1.0,1.99,"[[3.0, 3.0]]",0.0,0.0,0.0
1600,0.5,0.0125,0.25000000000000006,0.013109787176414079,19,1.9306562653547938,1.0,1.9306619222923025,0.35038006415892436,0.31875255237844147,0.0,0.0316275117804829,"[[1.01, 3.0]]",1,1.0,1.0,1.99,"[[1.01, 2.8513238445846047]]",1.0,0.0,1.8413238445846047
1600,0.5,0.0125,0.25000000000000006,0.013109787176414079,20,1.01,1.0,1.01,0.3264295038298627,0.33331943462545754,1.0,0.006889930795594856,"[[1.01, 3.0]]",1,1.0,1.0,1.99,"[[1.01, 1.01]]",0.0,0.0,0.0
1600,0.5,0.0125,0.25000000000000006,0.013109787176414079,21,1.3080097282589667,1.0,1.308009831902627,0.34295083869078846,0.3576078724593765,0.0,0.014657033768588013,"[[1.01, 3.0]]",1,1.0,1.0,1.99,"[[1.01, 1.606019663805254]]",1.0,0.0,0.596019663805254
1600,0.5,0.0125,0.25000000000000006,0.013109787176414079,22,3.0,1.0,3.0,0.338191053435823,0.3281927590142496,1.0,0.009998294421573406,"[[1.01, 3.0]]",1,1.0,1.0,1.99,"[[3.0, 3.0]]",0.0,0.0,0.0
1600,0.5,0.0125,0.25000000000000006,0.013109787176414079,23,1.01,1.0,1.01,0.32482356825917924,0.3332614128240159,1.0,0.00843784456483665,"[[1.01, 3.0]]",1,1.0,1.0,1.99,"[[1.01, 1.01]]",0.0,0.0,0.0
1600,0.5,0.0125,0.25000000000000006,0.013109787176414079,24,3.0,1.0,3.0,0.330593862846672,0.3550795525853676,1.0,0.024485689738695582,"[[1.01, 3.0]]",1,1.0,1.0,1.99,"[[3.0, 3.0]]",0.0,0.0,0.0
1600,0.5,0.0125,0.25000000000000006,0.013109787176414079,25,1.01,1.0,1.01,0.32477236996182823,0.3386052617298714,1.0,0.013832891768043143,"[[1.01, 3.0]]",1,1.0,1.0,1.99,"[[1.01, 1.01]]",0.0,0.0,0.0
1600,0.5,0.0125,0.25000000000000006,0.013109787176414079,26,3.0,1.0,3.0,0.3565030226852975,0.3824196355758851,1.0,0.02591661289058761,"[[1.01, 3.0]]",1,1.0,1.0,1.99,"[[3.0, 3.0]]",0.0,0.0,0.0
1600,0.5,0.0125,0.25000000000000006,0.013109787176414079,27,1.1186804256450338,1.0,1.118679283595878,0.32883400926623485,0.35070705672364505,0.0,0.0218730474574102,"[[1.01, 3.0]]",1,1.0,1.0,1.99,"[[1.01, 1.2273585671917562]]",0.0,0.0,0.21735856719175617
1600,0.5,0.0125,0.25000000000000006,0.013109787176414079,28,3.0,1.0,3.0,0.3160245820157562,0.3444530744701843,1.0,0.028428492454428134,"[[1.01, 3.0]]",1,1.0,1.0,1.99,"[[3.0, 3.0]]",0.0,0.0,0.0
1600,0.5,0.0125,0.25000000000000006,0.013109787176414079,29,1.01,1.0,1.01,0.3288378089420556,0.3532033598025301,1.0,0.024365550860474483,"[[1.01, 3.0]]",1,1.0,1.0,1.99,"[[1.01, 1.01]]",0.0,0.0,0.0
1600,0.5,0.0125,0.25000000000000006,0.013109787176414079,30,3.0,1.0,3.0,0.3435459634788068,0.35593590871766223,1.0,0.012389945238855449,"[[1.01, 3.0]]",1,1.0,1.0,1.99,"[[3.0, 3.0]]",0.0,0.0,0.0
1600,0.5,0.0125,0.25000000000000006,0.013109787176414079,31,3.0,1.0,1.01,0.33009683731317135,0.3255208312036684,1.0,0.004576006109502928,"[[1.01, 3.0]]",1,1.0,1.0,1.99,"[[1.01, 1.01]]",0.0,0.0,0.0
1600,0.5,0.0125,0.25000000000000006,0.013109787176414079,32,3.0,1.0,1.01,0.3318302317007122,0.3341775942471101,1.0,0.002347362546397891,"[[1.01, 3.0]]",1,1.0,1.0,1.99,"[[1.01, 1.01]]",0.0,0.0,0.0
1600,0.5,0.0125,0.25000000000000006,0.013109787176414079,33,3.0,1.0,3.0,0.35164420790730494,0.3374875453214662,1.0,0.014156662585838753,"[[1.01, 3.0]]",1,1.0,1.0,1.99,"[[3.0, 3.0]]",0.0,0.0,0.0
1600,0.5,0.0125,0.25000000000000006,0.013109787176414079,34,1.87506749353436,1.0,1.875064764097754,0.3343430392278014,0.35646583430984635,0.0,0.022122795082044955,"[[1.01, 3.0]]",1,1.0,1.0,1.99,"[[1.01, 2.7401295281955083]]",1.0,0.0,1.7301295281955082
1600,0.5,0.0125,0.25000000000000006,0.013109787176414079,35,3.0,1.0,3.0,0.3187103799602414,0.3458405458698363,1.0,0.02713016590959494,"[[1.01, 3.0]]",1,1.0,1.0,1.99,"[[3.0, 3.0]]",0.0,0.0,0.0
1600,0.5,0.0125,0.25000000000000006,0.013109787176414079,36,3.0,1.0,1.01,0.337447879362292,0.339942684686579,1.0,0.0024948053242870305,"[[1.01, 3.0]]",1,1.0,1.0,1.99,"[[1.01, 1.01]]",0.0,0.0,0.0
1600,0.5,0.0125,0.25000000000000006,0.013109787176414079,37,1.01,1.0,1.01,0.31726785148643993,0.3541043562095325,1.0,0.03683650472309258,"[[1.01, 3.0]]",1,1.0,1.0,1.99,"[[1.01, 1.01]]",0.0,0.0,0.0
1600,0.5,0.0125,0.25000000000000006,0.013109787176414079,38,3.0,1.0,1.01,0.33648416625579247,0.3322804147938465,1.0,0.004203751461945959,"[[1.01, 3.0]]",1,1.0,1.0,1.99,"[[1.01, 1.01]]",0.0,0.0,0.0
1600,0.5,0.0125,0.25000000000000006,0.013109787176414079,39,3.0,1.0,3.0,0.3307927146024826,0.3358516147809093,1.0,0.005058900178426695,"[[1.01, 3.0]]",1,1.0,1.0,1.99,"[[3.0, 3.0]]",0.0,0.0,0.0
1600,0.5,0.0125,0.25000000000000006,0.013109787176414079,40,1.01,1.0,1.01,0.30400063802817195,0.3603750414634521,1.0,0.05637440343528016,"[[1.01, 3.0]]",1,1.0,1.0,1.99,[],nan,nan,nan
1600,0.5,0.0125,0.25000000000000006,0.013109787176414079,41,3.0,1.0,3.0,0.32836811618627487,0.3430211642695522,1.0,0.014653048083277331,"[[1.01, 3.0]]",1,1.0,1.0,1.99,[],nan,nan,nan
1600,0.5,0.0125,0.25000000000000006,0.013109787176414079,42,3.0,1.0,3.0,0.3430995191247328,0.37483175500641625,1.0,0.031732235881683446,"[[1.01, 3.0]]",1,1.0,1.0,1.99,[],nan,nan,nan
1600,0.5,0.0125,0.25000000000000006,0.013109787176414079,43,1.01,1.0,1.01,0.32644991296195347,0.3534515493524342,1.0,0.027001636390480754,"[[1.01, 3.0]]",1,1.0,1.0,1.99,[],nan,nan,nan
1600,0.5,0.0125,0.25000000000000006,0.013109787176414079,44,3.0,1.0,3.0,0.33009347632534336,0.3543935126615624,1.0,0.024300036336219022,"[[1.01, 3.0]]",1,1.0,1.0,1.99,[],nan,nan,nan
1600,0.5,0.0125,0.25000000000000006,0.013109787176414079,45,3.0,1.0,1.01,0.33716585651127023,0.3305237403554468,1.0,0.006642116155823441,"[[1.01, 3.0]]",1,1.0,1.0,1.99,[],nan,nan,nan
1600,0.5,0.0125,0.25000000000000006,0.013109787176414079,46,3.0,1.0,1.01,0.32478804137630457,0.34506311138250256,1.0,0.020275070006197993,"[[1.01, 3.0]]",1,1.0,1.0,1.99,[],nan,nan,nan
1600,0.5,0.0125,0.25000000000000006,0.013109787176414079,47,1.01,1.0,1.01,0.3326442034559443,0.3408498829270012,1.0,0.008205679471056881,"[[1.01, 3.0]]",1,1.0,1.0,1.99,[],nan,nan,nan
1600,0.5,0.0125,0.25000000000000006,0.013109787176414079,48,3.0,1.0,3.0,0.3579650105539712,0.34941460027134247,1.0,0.008550410282628707,"[[1.01, 3.0]]",1,1.0,1.0,1.99,[],nan,nan,nan
1600,0.5,0.0125,0.25000000000000006,0.013109787176414079,49,3.0,1.0,3.0,0.3232538381535844,0.35154966457233644,1.0,0.028295826418752057,"[[1.01, 3.0]]",1,1.0,1.0,1.99,[],nan,nan,nan
1600,0.5,0.0125,0.25000000000000006,0.013109787176414079,50,1.01,1.0,1.01,0.32543738864317473,0.346317697063118,1.0,0.02088030841994326,"[[1.01, 3.0]]",1,1.0,1.0,1.99,[],nan,nan,nan
1600,0.5,0.0125,0.25000000000000006,0.013109787176414079,51,1.01,1.0,1.01,0.31419125584349206,0.3415060053810981,1.0,0.027314749537606042,"[[1.01, 3.0]]",1,1.0,1.0,1.99,[],nan,nan,nan
1600,0.5,0.0125,0.25000000000000006,0.013109787176414079,52,3.0,1.0,3.0,0.3331976917449326,0.3353267018836705,1.0,0.002129010138737897,"[[1.01, 3.0]]",1,1.0,1.0,1.99,[],nan,nan,nan
1600,0.5,0.0125,0.25000000000000006,0.013109787176414079,53,3.0,1.0,3.0,0.3279997059194534,0.37071145936496264,1.0,0.04271175344550926,"[[1.01, 3.0]]",1,1.0,1.0,1.99,[],nan,nan,nan
1600,0.5,0.0125,0.25000000000000006,0.013109787176414079,54,1.01,1.0,1.01,0.3206588525573046,0.3396643128974935,1.0,0.019005460340188907,"[[1.01, 3.0]]",1,1.0,1.0,1.99,[],nan,nan,nan
1600,0.5,0.0125,0.25000000000000006,0.013109787176414079,55,3.0,1.0,3.0,0.32722421273154917,0.33945719251679446,1.0,0.01223297978524529,"[[1.01, 3.0]]",1,1.0,1.0,1.99,[],nan,nan,nan
1600,0.5,0.0125,0.25000000000000006,0.013109787176414079,56,1.576114500898643,1.0,1.5761153157005818,0.3433935515371034,0.35635020292717967,0.0,0.01295665139007629,"[[1.01, 3.0]]",1,1.0,1.0,1.99,[],nan,nan,nan
1600,0.5,0.0125,0.25000000000000006,0.013109787176414079,57,3.0,1.0,3.0,0.33586128049208935,0.32974080716988463,1.0,0.0061204733222047225,"[[1.01, 3.0]]",1,1.0,1.0,1.99,[],nan,nan,nan
1600,0.5,0.0125,0.25000000000000006,0.013109787176414079,58,1.01,1.0,1.01,0.3356763002566019,0.3508003587212263,1.0,0.01512405846462439,"[[1.01, 3.0]]",1,1.0,1.0,1.99,[],nan,nan,nan
1600,0.5,0.0125,0.25000000000000006,0.013109787176414079,59,2.922046164087441,1.0,2.9220492290602396,0.33036711950974856,0.3523634464381995,0.0,0.021996326928450938,"[[1.01, 3.0]]",1,1.0,1.0,1.99,[],nan,nan,nan
1600,0.5,0.0125,0.25000000000000006,0.013109787176414079,60,1.209064646269504,1.0,1.2090644218150965,0.3293747077831766,0.37784019201806,0.0,0.048465484234883394,"[[1.01, 3.0]]",1,1.0,1.0,1.99,[],nan,nan,nan
1600,0.5,0.0125,0.25000000000000006,0.013109787176414079,61,1.01,1.0,1.01,0.32135992847145306,0.3502478280696835,1.0,0.02888789959823046,"[[1.01, 3.0]]",1,1.0,1.0,1.99,[],nan,nan,nan
1600,0.5,0.0125,0.25000000000000006,0.013109787176414079,62,1.01,1.0,1.01,0.3388933658814066,0.3239464816009868,1.0,0.014946884280419792,"[[1.01, 3.0]]",1,1.0,1.0,1.99,[],nan,nan,nan
1600,0.5,0.0125,0.25000000000000006,0.013109787176414079,63,1.01,1.0,1.01,0.34954549555347786,0.3194865140968533,1.0,0.030058981456624556,"[[1.01, 3.0]]",1,1.0,1.0,1.99,[],nan,nan,nan
1600,0.5,0.0125,0.25000000000000006,0.013109787176414079,64,3.0,1.0,3.0,0.33093633063093525,0.32632500845806317,1.0,0.004611322172872079,"[[1.01, 3.0]]",1,1.0,1.0,1.99,[],nan,nan,nan
1600,0.5,0.0125,0.25000000000000006,0.013109787176414079,65,3.0,1.0,3.0,0.33349025445912084,0.34960933050453985,1.0,0.016119076045419012,"[[1.01, 3.0]]",1,1.0,1.0,1.99,[],nan,nan,nan
1600,0.5,0.0125,0.25000000000000006,0.013109787176414079,66,3.0,1.0,1.01,0.325748496814201,0.3481507413128317,1.0,0.022402244498630708,"[[1.01, 3.0]]",1,1.0,1.0,1.99,[],nan,nan,nan
1600,0.5,0.0125,0.25000000000000006,0.013109787176414079,67,1.01,1.0,1.01,0.3126040968895814,0.369159227895724,1.0,0.05655513100614257,"[[1.01, 3.0]]",1,1.0,1.0,1.99,[],nan,nan,nan
1600,0.5,0.0125,0.25000000000000006,0.013109787176414079,68,3.0,1.0,1.01,0.34748760355814196,0.3313097182426077,1.0,0.01617788531553427,"[[1.01, 3.0]]",1,1.0,1.0,1.99,[],nan,nan,nan
1600,0.5,0.0125,0.25000000000000006,0.013109787176414079,69,3.0,1.0,1.01,0.34375229786056427,0.3589698794809372,1.0,0.015217581620372955,"[[1.01, 3.0]]",1,1.0,1.0,1.99,[],nan,nan,nan
1600,0.5,0.0125,0.25000000000000006,0.013109787176414079,70,1.7205413744104516,1.0,1.720541246890231,0.3433638320321009,0.3782528576163339,0.0,0.03488902558423301,"[[1.01, 3.0]]",1,1.0,1.0,1.99,[],nan,nan,nan
1600,0.5,0.0125,0.25000000000000006,0.013109787176414079,71,2.935928993839253,1.0,2.935995078727705,0.31518149069226503,0.36606338347375134,0.0,0.050881892781486304,"[[1.01, 3.0]]",1,1.0,1.0,1.99,[],nan,nan,nan
1600,0.5,0.0125,0.25000000000000006,0.013109787176414079,72,1.01,1.0,1.01,0.342321852795558,0.32145508409204926,1.0,0.02086676870350873,"[[1.01, 3.0]]",1,1.0,1.0,1.99,[],nan,nan,nan
1600,0.5,0.0125,0.25000000000000006,0.013109787176414079,73,3.0,1.0,3.0,0.3302487776241845,0.34917675720217206,1.0,0.018927979577987586,"[[1.01, 3.0]]",1,1.0,1.0,1.99,[],nan,nan,nan
1600,0.5,0.0125,0.25000000000000006,0.013109787176414079,74,3.0,1.0,3.0,0.3130555935355602,0.35402412932130545,1.0,0.040968535785745275,"[[1.01, 3.0]]",1,1.0,1.0,1.99,[],nan,nan,nan
1600,0.5,0.0125,0.25000000000000006,0.013109787176414079,75,3.0,1.0,3.0,0.3367641372508577,0.33840159404891207,1.0,0.001637456798054382,"[[1.01, 3.0]]",1,1.0,1.0,1.99,[],nan,nan,nan
1600,0.5,0.0125,0.25000000000000006,0.013109787176414079,76,2.3730805817405916,1.0,2.373071351196434,0.33072482286542304,0.347199114604767,0.0,0.01647429173934395,"[[1.01, 3.0]]",1,1.0,1.0,1.99,[],nan,nan,nan
1600,0.5,0.0125,0.25000000000000006,0.013109787176414079,77,1.01,1.0,1.01,0.3226394345462073,0.36117299958853677,1.0,0.038533565042329465,"[[1.01, 3.0]]",1,1.0,1.0,1.99,[],nan,nan,nan
1600,0.5,0.0125,0.25000000000000006,0.013109787176414079,78,3.0,1.0,3.0,0.3394137314250673,0.3302796838562728,1.0,0.00913404756879449,"[[1.01, 3.0]]",1,1.0,1.0,1.99,[],nan,nan,nan
1600,0.5,0.0125,0.25000000000000006,0.013109787176414079,79,3.0,1.0,1.01,0.35591272104112176,0.34812663961985746,1.0,0.0077860814212643015,"[[1.01, 3.0]]",1,1.0,1.0,1.99,[],nan,nan,nan
1600,0.5,0.0125,0.25000000000000006,0.013109787176414079,80,1.01,1.0,1.01,0.31205934821986336,0.3688265323255512,1.0,0.05676718410568782,"[[1.01, 3.0]]",1,1.0,1.0,1.99,[],nan,nan,nan
1600,0.5,0.0125,0.25000000000000006,0.013109787176414079,81,2.6097183336735688,1.0,2.6097086712390802,0.3290903949015484,0.3546918175600756,0.0,0.025601422658527218,"[[1.01, 3.0]]",1,1.0,1.0,1.99,[],nan,nan,nan
1600,0.5,0.0125,0.25000000000000006,0.013109787176414079,82,1.01,1.0,1.01,0.34247789780182175,0.33599178190067425,1.0,0.0064861159011475045,"[[1.01, 3.0]]",1,1.0,1.0,1.99,[],nan,nan,nan
1600,0.5,0.0125,0.25000000000000006,0.013109787176414079,83,3.0,1.0,3.0,0.34651548393635745,0.3376222750003279,1.0,0.008893208936029573,"[[1.01, 3.0]]",1,1.0,1.0,1.99,[],nan,nan,nan
1600,0.5,0.0125,0.25000000000000006,0.013109787176414079,84,3.0,1.0,3.0,0.33397350892620103,0.32821681124287866,1.0,0.005756697683322376,"[[1.01, 3.0]]",1,1.0,1.0,1.99,[],nan,nan,nan
1600,0.5,0.0125,0.25000000000000006,0.013109787176414079,85,1.01,1.0,1.01,0.3191339533635362,0.3593538720352872,1.0,0.040219918671750954,"[[1.01, 3.0]]",1,1.0,1.0,1.99,[],nan,nan,nan
1600,0.5,0.0125,0.25000000000000006,0.013109787176414079,86,1.01,1.0,1.01,0.3314751704335881,0.3439303579180019,1.0,0.012455187484413821,"[[1.01, 3.0]]",1,1.0,1.0,1.99,[],nan,nan,nan
1600,0.5,0.0125,0.25000000000000006,0.013109787176414079,87,1.01,1.0,1.01,0.33731962619872075,0.3593945955900348,1.0,0.022074969391314037,"[[1.01, 3.0]]",1,1.0,1.0,1.99,[],nan,nan,nan
1600,0.5,0.0125,0.25000000000000006,0.013109787176414079,88,3.0,1.0,1.01,0.31764755045794674,0.34326763335430166,1.0,0.025620082896354923,"[[1.01, 3.0]]",1,1.0,1.0,1.99,[],nan,nan,nan
1600,0.5,0.0125,0.25000000000000006,0.013109787176414079,89,1.01,1.0,1.01,0.3349313346283735,0.3509937194346327,1.0,0.01606238480625921,"[[1.01, 3.0]]",1,1.0,1.0,1.99,[],nan,nan,nan
1600,0.5,0.0125,0.25000000000000006,0.013109787176414079,90,1.01,1.0,1.01,0.3133218454366634,0.3505716654456245,1.0,0.0372498200089611,"[[1.01, 3.0]]",1,1.0,1.0,1.99,[],nan,nan,nan
1600,0.5,0.0125,0.25000000000000006,0.013109787176414079,91,3.0,1.0,3.0,0.3366027200284157,0.3449658972343904,1.0,0.008363177205974737,"[[1.01, 3.0]]",1,1.0,1.0,1.99,[],nan,nan,nan
1600,0.5,0.0125,0.25000000000000006,0.013109787176414079,92,1.464855435921956,1.0,1.501046849018381,0.3285745237531949,0.34945763440730765,0.0,0.020883110654112746,"[[1.01, 3.0]]",1,1.0,1.0,1.99,[],nan,nan,nan
1600,0.5,0.0125,0.25000000000000006,0.013109787176414079,93,1.01,1.0,1.01,0.32364819925268357,0.3411912973932871,1.0,0.017543098140603508,"[[1.01, 3.0]]",1,1.0,1.0,1.99,[],nan,nan,nan
1600,0.5,0.0125,0.25000000000000006,0.013109787176414079,94,1.01,1.0,1.01,0.3259997839731162,0.35139784609908015,1.0,0.02539806212596396,"[[1.01, 3.0]]",1,1.0,1.0,1.99,[],nan,nan,nan
1600,0.5,0.0125,0.25000000000000006,0.013109787176414079,95,1.01,1.0,1.01,0.31318275986093397,0.350948721956348,1.0,0.03776596209541405,"[[1.01, 3.0]]",1,1.0,1.0,1.99,[],nan,nan,nan
1600,0.5,0.0125,0.25000000000000006,0.013109787176414079,96,3.0,1.0,3.0,0.3507081184763948,0.3647765004569769,1.0,0.014068381980582079,"[[1.01, 3.0]]",1,1.0,1.0,1.99,[],nan,nan,nan
1600,0.5,0.0125,0.25000000000000006,0.013109787176414079,97,2.2417682037448357,1.0,2.2417727588235845,0.3294333792456185,0.363199771502205,0.0,0.03376639225658651,"[[1.01, 3.0]]",1,1.0,1.0,1.99,[],nan,nan,nan
1600,0.5,0.0125,0.25000000000000006,0.013109787176414079,98,3.0,1.0,3.0,0.3386092750845591,0.31904256604531916,1.0,0.01956670903923996,"[[1.01, 3.0]]",1,1.0,1.0,1.99,[],nan,nan,nan
1600,0.5,0.0125,0.25000000000000006,0.013109787176414079,99,3.0,1.0,3.0,0.3500773727719145,0.34327919110706784,1.0,0.0067981816648466364,"[[1.01, 3.0]]",1,1.0,1.0,1.99,[],nan,nan,nan
1600,0.5,0.0125,0.25000000000000006,0.013109787176414079,100,3.0,1.0,3.0,0.326939559487402,0.3546480335415699,1.0,0.027708474054167875,"[[1.01, 3.0]]",1,1.0,1.0,1.99,[],nan,nan,nan
1600,0.5,0.0125,0.25000000000000006,0.013109787176414079,101,3.0,1.0,1.01,0.3449270651657307,0.33354251633599596,1.0,0.01138454882973472,"[[1.01, 3.0]]",1,1.0,1.0,1.99,[],nan,nan,nan
1600,0.5,0.0125,0.25000000000000006,0.013109787176414079,102,1.6641736953109336,1.0,1.6641701526360648,0.3272818378372939,0.35377143105171044,0.0,0.026489593214416518,"[[1.01, 3.0]]",1,1.0,1.0,1.99,[],nan,nan,nan
1600,0.5,0.0125,0.25000000000000006,0.013109787176414079,103,3.0,1.0,3.0,0.3388909070551022,0.3341512708198817,1.0,0.004739636235220501,"[[1.01, 3.0]]",1,1.0,1.0,1.99,[],nan,nan,nan
1600,0.5,0.0125,0.25000000000000006,0.013109787176414079,104,3.0,1.0,3.0,0.3362428312750267,0.35197941409845723,1.0,0.015736582823430545,"[[1.01, 3.0]]",1,1.0,1.0,1.99,[],nan,nan,nan
1600,0.5,0.0125,0.25000000000000006,0.013109787176414079,105,3.0,1.0,3.0,0.3266249691885083,0.3590185942377408,1.0,0.03239362504923249,"[[1.01, 3.0]]",1,1.0,1.0,1.99,[],nan,nan,nan
1600,0.5,0.0125,0.25000000000000006,0.013109787176414079,106,3.0,1.0,3.0,0.33364342313568546,0.3221032609518366,1.0,0.011540162183848846,"[[1.01, 3.0]]",1,1.0,1.0,1.99,[],nan,nan,nan
1600,0.5,0.0125,0.25000000000000006,0.013109787176414079,107,3.0,1.0,3.0,0.34152487881863436,0.3445228351819528,1.0,0.0029979563633184547,"[[1.01, 3.0]]",1,1.0,1.0,1.99,[],nan,nan,nan
1600,0.5,0.0125,0.25000000000000006,0.013109787176414079,108,2.118848378658781,1.0,2.1188423260237346,0.3290474824990934,0.36299778559551527,0.0,0.033950303096421885,"[[1.01, 3.0]]",1,1.0,1.0,1.99,[],nan,nan,nan
1600,0.5,0.0125,0.25000000000000006,0.013109787176414079,109,1.739782442108312,1.0,1.7397818022977605,0.33159979842675047,0.3475222731708185,0.0,0.01592247474406805,"[[1.01, 3.0]]",1,1.0,1.0,1.99,[],nan,nan,nan
1600,0.5,0.0125,0.25000000000000006,0.013109787176414079,110,3.0,1.0,3.0,0.33964209626795255,0.3665532271546501,1.0,0.026911130886697554,"[[1.01, 3.0]]",1,1.0,1.0,1.99,[],nan,nan,nan
1600,0.5,0.0125,0.25000000000000006,0.013109787176414079,111,3.0,1.0,1.01,0.34739913322940436,0.34266146336644404,1.0,0.004737669862960314,"[[1.01, 3.0]]",1,1.0,1.0,1.99,[],nan,nan,nan
1600,0.5,0.0125,0.25000000000000006,0.013109787176414079,112,3.0,1.0,3.0,0.33067206148863815,0.34790478804300756,1.0,0.017232726554369415,"[[1.01, 3.0]]",1,1.0,1.0,1.99,[],nan,nan,nan
1600,0.5,0.0125,0.25000000000000006,0.013109787176414079,113,3.0,1.0,3.0,0.32724482234317986,0.3557851099583232,1.0,0.028540287615143323,"[[1.01, 3.0]]",1,1.0,1.0,1.99,[],nan,nan,nan
1600,0.5,0.0125,0.25000000000000006,0.013109787176414079,114,1.01,1.0,1.01,0.30712144719766077,0.36340824758735285,1.0,0.05628680038969208,"[[1.01, 3.0]]",1,1.0,1.0,1.99,[],nan,nan,nan
1600,0.5,0.0125,0.25000000000000006,0.013109787176414079,115,3.0,1.0,3.0,0.3322574855822608,0.34104006594906394,1.0,0.008782580366803128,"[[1.01, 3.0]]",1,1.0,1.0,1.99,[],nan,nan,nan
1600,0.5,0.0125,0.25000000000000006,0.013109787176414079,116,3.0,1.0,3.0,0.3305628684674663,0.3552043957843758,1.0,0.024641527316909495,"[[1.01, 3.0]]",1,1.0,1.0,1.99,[],nan,nan,nan
1600,0.5,0.0125,0.25000000000000006,0.013109787176414079,117,3.0,1.0,3.0,0.32521481423159154,0.36283156620534157,1.0,0.03761675197375003,"[[1.01, 3.0]]",1,1.0,1.0,1.99,[],nan,nan,nan
1600,0.5,0.0125,0.25000000000000006,0.013109787176414079,118,1.01,1.0,1.01,0.3209487910699592,0.3515800493899268,1.0,0.030631258319967603,"[[1.01, 3.0]]",1,1.0,1.0,1.99,[],nan,nan,nan
1600,0.5,0.0125,0.25000000000000006,0.013109787176414079,119,3.0,1.0,3.0,0.32950012063423684,0.3551957486873403,1.0,0.025695628053103436,"[[1.01, 3.0]]",1,1.0,1.0,1.99,[],nan,nan,nan
1600,0.5,0.0125,0.25000000000000006,0.013109787176414079,120,1.559066645334388,1.0,1.5590698686450548,0.3200455971566468,0.35620078081534595,0.0,0.03615518365869913,"[[1.01, 3.0]]",1,1.0,1.0,1.99,[],nan,nan,nan
1600,0.5,0.0125,0.25000000000000006,0.013109787176414079,121,3.0,1.0,3.0,0.3394163330741258,0.3803828105983944,1.0,0.04096647752426863,"[[1.01, 3.0]]",1,1.0,1.0,1.99,[],nan,nan,nan
1600,0.5,0.0125,0.25000000000000006,0.013109787176414079,122,3.0,1.0,3.0,0.3264994747563418,0.34567748938338244,1.0,0.019178014627040663,"[[1.01, 3.0]]",1,1.0,1.0,1.99,[],nan,nan,nan
1600,0.5,0.0125,0.25000000000000006,0.013109787176414079,123,3.0,1.0,1.01,0.33900613474857605,0.3427152445096092,1.0,0.003709109761033169,"[[1.01, 3.0]]",1,1.0,1.0,1.99,[],nan,nan,nan
1600,0.5,0.0125,0.25000000000000006,0.013109787176414079,124,3.0,1.0,1.499463597785754,0.3436511675682672,0.3441040530946417,0.0,0.0004528855263745135,"[[1.01, 3.0]]",1,1.0,1.0,1.99,[],nan,nan,nan
1600,0.5,0.0125,0.25000000000000006,0.013109787176414079,125,1.01,1.0,1.01,0.3235337882883976,0.3465934784068172,1.0,0.02305969011841963,"[[1.01, 3.0]]",1,1.0,1.0,1.99,[],nan,nan,nan
1600,0.5,0.0125,0.25000000000000006,0.013109787176414079,126,3.0,1.0,1.01,0.35658917968408255,0.33446931862976664,1.0,0.022119861054315904,"[[1.01, 3.0]]",1,1.0,1.0,1.99,[],nan,nan,nan
1600,0.5,0.0125,0.25000000000000006,0.013109787176414079,127,1.01,1.0,1.01,0.31866214145594024,0.35106384964084164,1.0,0.0324017081849014,"[[1.01, 3.0]]",1,1.0,1.0,1.99,[],nan,nan,nan
1600,0.5,0.0125,0.25000000000000006,0.013109787176414079,128,3.0,1.0,3.0,0.33679304050051473,0.3423601554961069,1.0,0.005567114995592148,"[[1.01, 3.0]]",1,1.0,1.0,1.99,[],nan,nan,nan
1600,0.5,0.0125,0.25000000000000006,0.013109787176414079,129,3.0,1.0,3.0,0.32440164257887605,0.3307049090288525,1.0,0.0063032664499764746,"[[1.01, 3.0]]",1,1.0,1.0,1.99,[],nan,nan,nan
1600,0.5,0.0125,0.25000000000000006,0.013109787176414079,130,3.0,1.0,3.0,0.3314450239864626,0.34823204401202307,1.0,0.016787020025560484,"[[1.01, 3.0]]",1,1.0,1.0,1.99,[],nan,nan,nan
1600,0.5,0.0125,0.25000000000000006,0.013109787176414079,131,3.0,1.0,1.01,0.3411035816194769,0.33566492373289664,1.0,0.005438657886580267,"[[1.01, 3.0]]",1,1.0,1.0,1.99,[],nan,nan,nan
1600,0.5,0.0125,0.25000000000000006,0.013109787176414079,132,1.01,1.0,1.01,0.321105370073972,0.33077792750916724,1.0,0.00967255743519524,"[[1.01, 3.0]]",1,1.0,1.0,1.99,[],nan,nan,nan
1600,0.5,0.0125,0.25000000000000006,0.013109787176414079,133,3.0,1.0,3.0,0.33842096226249485,0.37461154262627255,1.0,0.0361905803637777,"[[1.01, 3.0]]",1,1.0,1.0,1.99,[],nan,nan,nan
1600,0.5,0.0125,0.25000000000000006,0.013109787176414079,134,3.0,1.0,1.01,0.3351879763804636,0.3510248096322464,1.0,0.01583683325178281,"[[1.01, 3.0]]",1,1.0,1.0,1.99,[],nan,nan,nan
1600,0.5,0.0125,0.25000000000000006,0.013109787176414079,135,3.0,1.0,3.0,0.3456479263868244,0.34803489740536947,1.0,0.00238697101854507,"[[1.01, 3.0]]",1,1.0,1.0,1.99,[],nan,nan,nan
1600,0.5,0.0125,0.25000000000000006,0.013109787176414079,136,1.01,1.0,1.01,0.3272436939628314,0.34431384597178016,1.0,0.01707015200894879,"[[1.01, 3.0]]",1,1.0,1.0,1.99,[],nan,nan,nan
1600,0.5,0.0125,0.25000000000000006,0.013109787176414079,137,3.0,1.0,3.0,0.3295542780838855,0.3536869949568022,1.0,0.024132716872916737,"[[1.01, 3.0]]",1,1.0,1.0,1.99,[],nan,nan,nan
1600,0.5,0.0125,0.25000000000000006,0.013109787176414079,138,1.01,1.0,1.01,0.34847130512336444,0.3300537659670153,1.0,0.01841753915634914,"[[1.01, 3.0]]",1,1.0,1.0,1.99,[],nan,nan,nan
1600,0.5,0.0125,0.25000000000000006,0.013109787176414079,139,3.0,1.0,3.0,0.3455253955982493,0.34033572959708747,1.0,0.00518966600116183,"[[1.01, 3.0]]",1,1.0,1.0,1.99,[],nan,nan,nan
1600,0.5,0.0125,0.25000000000000006,0.013109787176414079,140,3.0,1.0,1.01,0.32603951213426385,0.3377929862870184,1.0,0.011753474152754573,"[[1.01, 3.0]]",1,1.0,1.0,1.99,[],nan,nan,nan
1600,0.5,0.0125,0.25000000000000006,0.013109787176414079,141,3.0,1.0,3.0,0.34041447529380825,0.36145346730820777,1.0,0.021038992014399516,"[[1.01, 3.0]]",1,1.0,1.0,1.99,[],nan,nan,nan
1600,0.5,0.0125,0.25000000000000006,0.013109787176414079,142,3.0,1.0,3.0,0.32715252659705046,0.34950737879124305,1.0,0.022354852194192587,"[[1.01, 3.0]]",1,1.0,1.0,1.99,[],nan,nan,nan
1600,0.5,0.0125,0.25000000000000006,0.013109787176414079,143,3.0,1.0,3.0,0.32967147678367237,0.3603210494444651,1.0,0.030649572660792712,"[[1.01, 3.0]]",1,1.0,1.0,1.99,[],nan,nan,nan
1600,0.5,0.0125,0.25000000000000006,0.013109787176414079,144,2.203360079727971,1.0,1.4972824943311225,0.3576133124740074,0.3531970028751378,0.0,0.004416309598869628,"[[1.01, 3.0]]",1,1.0,1.0,1.99,[],nan,nan,nan
1600,0.5,0.0125,0.25000000000000006,0.013109787176414079,145,1.01,1.0,1.01,0.30294902849807986,0.34864011396340344,1.0,0.04569108546532358,"[[1.01, 3.0]]",1,1.0,1.0,1.99,[],nan,nan,nan
1600,0.5,0.0125,0.25000000000000006,0.013109787176414079,146,3.0,1.0,3.0,0.33423520445851473,0.3423502648132037,1.0,0.008115060354688952,"[[1.01, 3.0]]",1,1.0,1.0,1.99,[],nan,nan,nan
1600,0.5,0.0125,0.25000000000000006,0.013109787176414079,147,1.01,1.0,1.01,0.3172142159358235,0.3521356688813845,1.0,0.03492145294556098,"[[1.01, 3.0]]",1,1.0,1.0,1.99,[],nan,nan,nan
1600,0.5,0.0125,0.25000000000000006,0.013109787176414079,148,3.0,1.0,3.0,0.34321437771567803,0.36350363636121547,1.0,0.020289258645537434,"[[1.01, 3.0]]",1,1.0,1.0,1.99,[],nan,nan,nan
1600,0.5,0.0125,0.25000000000000006,0.013109787176414079,149,1.01,1.0,1.01,0.3453740512180786,0.33515491481243603,1.0,0.010219136405642593,"[[1.01, 3.0]]",1,1.0,1.0,1.99,[],nan,nan,nan
1600,0.5,0.0125,0.25000000000000006,0.013109787176414079,150,3.0,1.0,3.0,0.33929133866605216,0.3569720398710115,1.0,0.017680701204959348,"[[1.01, 3.0]]",1,1.0,1.0,1.99,[],nan,nan,nan
1600,0.5,0.0125,0.25000000000000006,0.013109787176414079,151,1.01,1.0,1.01,0.3173776817753117,0.34677704249509883,1.0,0.029399360719787104,"[[1.01, 3.0]]",1,1.0,1.0,1.99,[],nan,nan,nan
1600,0.5,0.0125,0.25000000000000006,0.013109787176414079,152,3.0,1.0,3.0,0.3313872742982198,0.37012372989650677,1.0,0.03873645559828698,"[[1.01, 3.0]]",1,1.0,1.0,1.99,[],nan,nan,nan
1600,0.5,0.0125,0.25000000000000006,0.013109787176414079,153,3.0,1.0,1.4987066845022914,0.32445540312605764,0.3282401789107936,0.0,0.003784775784735961,"[[1.01, 3.0]]",1,1.0,1.0,1.99,[],nan,nan,nan
1600,0.5,0.0125,0.25000000000000006,0.013109787176414079,154,3.0,1.0,3.0,0.330536887953129,0.34731250654817986,1.0,0.016775618595050834,"[[1.01, 3.0]]",1,1.0,1.0,1.99,[],nan,nan,nan
1600,0.5,0.0125,0.25000000000000006,0.013109787176414079,155,3.0,1.0,3.0,0.32283645400768646,0.3604798871274862,1.0,0.03764343311979973,"[[1.01, 3.0]]",1,1.0,1.0,1.99,[],nan,nan,nan
1600,0.5,0.0125,0.25000000000000006,0.013109787176414079,156,1.01,1.0,1.01,0.3346163738502517,0.3585537990339999,1.0,0.023937425183748196,"[[1.01, 3.0]]",1,1.0,1.0,1.99,[],nan,nan,nan
1600,0.5,0.0125,0.25000000000000006,0.013109787176414079,157,3.0,1.0,3.0,0.3314998396776344,0.33726969220329,1.0,0.005769852525655594,"[[1.01, 3.0]]",1,1.0,1.0,1.99,[],nan,nan,nan
1600,0.5,0.0125,0.25000000000000006,0.013109787176414079,158,3.0,1.0,1.01,0.34233238780539044,0.33211817103685426,1.0,0.010214216768536177,"[[1.01, 3.0]]",1,1.0,1.0,1.99,[],nan,nan,nan
1600,0.5,0.0125,0.25000000000000006,0.013109787176414079,159,3.0,1.0,3.0,0.3285322949464281,0.3485379059621484,1.0,0.020005611015720293,"[[1.01, 3.0]]",1,1.0,1.0,1.99,[],nan,nan,nan
1600,0.5,0.0125,0.25000000000000006,0.013109787176414079,160,3.0,1.0,3.0,0.33554700513616287,0.3556870602528272,1.0,0.020140055116664335,"[[1.01, 3.0]]",1,1.0,1.0,1.99,[],nan,nan,nan
1600,0.5,0.0125,0.25000000000000006,0.013109787176414079,161,3.0,1.0,3.0,0.34548575702733514,0.33517877555465775,1.0,0.01030698147267739,"[[1.01, 3.0]]",1,1.0,1.0,1.99,[],nan,nan,nan
1600,0.5,0.0125,0.25000000000000006,0.013109787176414079,162,1.01,1.0,1.01,0.35105230821501554,0.32673128945051444,1.0,0.0243210187645011,"[[1.01, 3.0]]",1,1.0,1.0,1.99,[],nan,nan,nan
1600,0.5,0.0125,0.25000000000000006,0.013109787176414079,163,3.0,1.0,3.0,0.3451728191330356,0.3674247550397674,1.0,0.0222519359067318,"[[1.01, 3.0]]",1,1.0,1.0,1.99,[],nan,nan,nan
1600,0.5,0.0125,0.25000000000000006,0.013109787176414079,164,3.0,1.0,3.0,0.326966623820321,0.3434961740898265,1.0,0.016529550269505533,"[[1.01, 3.0]]",1,1.0,1.0,1.99,[],nan,nan,nan
1600,0.5,0.0125,0.25000000000000006,0.013109787176414079,165,1.01,1.0,1.01,0.33250873980769163,0.3493331507675278,1.0,0.016824410959836167,"[[1.01, 3.0]]",1,1.0,1.0,1.99,[],nan,nan,nan
1600,0.5,0.0125,0.25000000000000006,0.013109787176414079,166,1.01,1.0,1.01,0.32641914558765456,0.357420358584227,1.0,0.031001212996572436,"[[1.01, 3.0]]",1,1.0,1.0,1.99,[],nan,nan,nan
1600,0.5,0.0125,0.25000000000000006,0.013109787176414079,167,3.0,1.0,3.0,0.3276143951548139,0.33407959539230664,1.0,0.006465200237492752,"[[1.01, 3.0]]",1,1.0,1.0,1.99,[],nan,nan,nan
1600,0.5,0.0125,0.25000000000000006,0.013109787176414079,168,1.01,1.0,1.01,0.32128865486993624,0.33590179000382336,1.0,0.014613135133887123,"[[1.01, 3.0]]",1,1.0,1.0,1.99,[],nan,nan,nan
1600,0.5,0.0125,0.25000000000000006,0.013109787176414079,169,1.01,1.0,1.01,0.31866113131002155,0.3690551989712539,1.0,0.050394067661232333,"[[1.01, 3.0]]",1,1.0,1.0,1.99,[],nan,nan,nan
1600,0.5,0.0125,0.25000000000000006,0.013109787176414079,170,1.01,1.0,1.01,0.3167349716318141,0.3474489437639244,1.0,0.0307139721321103,"[[1.01, 3.0]]",1,1.0,1.0,1.99,[],nan,nan,nan
1600,0.5,0.0125,0.25000000000000006,0.013109787176414079,171,1.01,1.0,1.01,0.32856590556777,0.33811780524319124,1.0,0.00955189967542125,"[[1.01, 3.0]]",1,1.0,1.0,1.99,[],nan,nan,nan
1600,0.5,0.0125,0.25000000000000006,0.013109787176414079,172,3.0,1.0,3.0,0.3419110515427793,0.3566238293932131,1.0,0.01471277785043379,"[[1.01, 3.0]]",1,1.0,1.0,1.99,[],nan,nan,nan
1600,0.5,0.0125,0.25000000000000006,0.013109787176414079,173,1.01,1.0,1.01,0.33261644621280584,0.3516152649469613,1.0,0.018998818734155487,"[[1.01, 3.0]]",1,1.0,1.0,1.99,[],nan,nan,nan
1600,0.5,0.0125,0.25000000000000006,0.013109787176414079,174,3.0,1.0,3.0,0.32906473360776467,0.3611675696283528,1.0,0.03210283602058811,"[[1.01, 3.0]]",1,1.0,1.0,1.99,[],nan,nan,nan
1600,0.5,0.0125,0.25000000000000006,0.013109787176414079,175,3.0,1.0,3.0,0.3282576597411599,0.34648682468670366,1.0,0.018229164945543774,"[[1.01, 3.0]]",1,1.0,1.0,1.99,[],nan,nan,nan
1600,0.5,0.0125,0.25000000000000006,0.013109787176414079,176,3.0,1.0,3.0,0.32970480247279715,0.34107447348793984,1.0,0.01136967101514269,"[[1.01, 3.0]]",1,1.0,1.0,1.99,[],nan,nan,nan
1600,0.5,0.0125,0.25000000000000006,0.013109787176414079,177,1.947172172550807,1.0,1.947159211402039,0.33130417024648756,0.3394672631596452,0.0,0.008163092913157644,"[[1.01, 3.0]]",1,1.0,1.0,1.99,[],nan,nan,nan
1600,0.5,0.0125,0.25000000000000006,0.013109787176414079,178,3.0,1.0,3.0,0.3238559598779688,0.34920454703789,1.0,0.02534858715992122,"[[1.01, 3.0]]",1,1.0,1.0,1.99,[],nan,nan,nan
1600,0.5,0.0125,0.25000000000000006,0.013109787176414079,179,3.0,1.0,3.0,0.3270534602280925,0.35104427133833577,1.0,0.02399081111024326,"[[1.01, 3.0]]",1,1.0,1.0,1.99,[],nan,nan,nan
1600,2.0,0.05,4.000000000000001,0.20191151639797658,0,3.0,1.0,3.0,0.32397136641400914,0.3864400866121543,1.0,0.062468720198145145,"[[1.01, 3.0]]",1,1.0,1.0,1.99,"[[3.0, 3.0]]",0.0,0.0,0.0
1600,2.0,0.05,4.000000000000001,0.20191151639797658,1,1.01,1.0,1.01,0.3423958142889687,0.3988461542910905,1.0,0.05645034000212179,"[[1.01, 3.0]]",1,1.0,1.0,1.99,"[[1.01, 1.01]]",0.0,0.0,0.0
1600,2.0,0.05,4.000000000000001,0.20191151639797658,2,1.0956376515842758,1.0,1.0956380427013537,0.3297416979381722,0.3781232449531148,0.0,0.04838154701494257,"[[1.01, 3.0]]",1,1.0,1.0,1.99,"[[1.01, 1.1812760854027073]]",0.0,0.0,0.17127608540270733
1600,2.0,0.05,4.000000000000001,0.20191151639797658,3,3.0,1.0,3.0,0.3443982982061927,0.38104637533173774,1.0,0.03664807712554502,"[[1.01, 3.0]]",1,1.0,1.0,1.99,"[[3.0, 3.0]]",0.0,0.0,0.0
1600,2.0,0.05,4.000000000000001,0.20191151639797658,4,1.7001654782436966,1.0,1.7001652236577933,0.3256465414193458,0.39854271878436337,0.0,0.07289617736501758,"[[1.01, 3.0]]",1,1.0,1.0,1.99,"[[1.01, 2.390330447315587]]",1.0,0.0,1.3803304473155869
1600,2.0,0.05,4.000000000000001,0.20191151639797658,5,1.7810907031280725,1.0,1.7810907936303337,0.3171278733582979,0.37587240553927337,0.0,0.05874453218097547,"[[1.01, 3.0]]",1,1.0,1.0,1.99,"[[1.01, 2.5521815872606677]]",1.0,0.0,1.5421815872606677
1600,2.0,0.05,4.000000000000001,0.20191151639797658,6,2.1436481494183437,1.0,2.143648271086221,0.3335394042145068,0.3900855058680093,0.0,0.05654610165350249,"[[1.01, 3.0]]",1,1.0,1.0,1.99,"[[1.2872965421724416, 3.0]]",1.0,0.0,1.7127034578275584
1600,2.0,0.05,4.000000000000001,0.20191151639797658,7,2.31605370340635,1.0,2.3160584577043966,0.3394317392276444,0.4049553764983536,0.0,0.0655236372707092,"[[1.01, 3.0]]",1,1.0,1.0,1.99,"[[1.6321169154087931, 3.0]]",0.0,0.0,1.3678830845912069
1600,2.0,0.05,4.000000000000001,0.20191151639797658,8,2.9432128956809827,1.0,2.943215020595863,0.3298465061523833,0.37804039556260094,0.0,0.04819388941021763,"[[1.01, 3.0]]",1,1.0,1.0,1.99,"[[2.8864300411917263, 3.0]]",0.0,0.0,0.1135699588082737
1600,2.0,0.05,4.000000000000001,0.20191151639797658,9,3.0,1.0,3.0,0.3410412852426796,0.3833562999455459,1.0,0.04231501470286625,"[[1.01, 3.0]]",1,1.0,1.0,1.99,"[[3.0, 3.0]]",0.0,0.0,0.0
1600,2.0,0.05,4.000000000000001,0.20191151639797658,10,3.0,1.0,3.0,0.3304005497607173,0.3829575260438093,1.0,0.05255697628309197,"[[1.01, 3.0]]",1,1.0,1.0,1.99,"[[3.0, 3.0]]",0.0,0.0,0.0
1600,2.0,0.05,4.000000000000001,0.20191151639797658,11,3.0,1.0,3.0,0.32893600641948684,0.3648606652283676,1.0,0.03592465880888074,"[[1.01, 3.0]]",1,1.0,1.0,1.99,"[[3.0, 3.0]]",0.0,0.0,0.0
1600,2.0,0.05,4.000000000000001,0.20191151639797658,12,3.0,1.0,3.0,0.33873856908840855,0.3823715064619177,1.0,0.04363293737350915,"[[1.01, 3.0]]",1,1.0,1.0,1.99,"[[3.0, 3.0]]",0.0,0.0,0.0
1600,2.0,0.05,4.000000000000001,0.20191151639797658,13,1.01,1.0,1.01,0.3184568994759052,0.3901327212986427,1.0,0.07167582182273746,"[[1.01, 3.0]]",1,1.0,1.0,1.99,"[[1.01, 1.01]]",0.0,0.0,0.0
1600,2.0,0.05,4.000000000000001,0.20191151639797658,14,3.0,1.0,3.0,0.3145001677255643,0.3749895439251995,1.0,0.060489376199635236,"[[1.01, 3.0]]",1,1.0,1.0,1.99,"[[3.0, 3.0]]",0.0,0.0,0.0
1600,2.0,0.05,4.000000000000001,0.20191151639797658,15,3.0,1.0,3.0,0.32899198348005443,0.3914495731727227,1.0,0.06245758969266829,"[[1.01, 3.0]]",1,1.0,1.0,1.99,"[[3.0, 3.0]]",0.0,0.0,0.0
1600,2.0,0.05,4.000000000000001,0.20191151639797658,16,1.01,1.0,1.01,0.33125944152161124,0.38466046558647937,1.0,0.05340102406486813,"[[1.01, 3.0]]",1,1.0,1.0,1.99,"[[1.01, 1.01]]",0.0,0.0,0.0
1600,2.0,0.05,4.000000000000001,0.20191151639797658,17,1.5396753959304417,1.0,1.5396760248326118,0.34912432125785514,0.3854220032676698,0.0,0.03629768200981465,"[[1.01, 3.0]]",1,1.0,1.0,1.99,"[[1.01, 2.0693520496652233]]",1.0,0.0,1.0593520496652233
1600,2.0,0.05,4.000000000000001,0.20191151639797658,18,1.6822784102244603,1.0,1.6822777757563707,0.32571013348147126,0.38100020373045485,0.0,0.05529007024898358,"[[1.01, 3.0]]",1,1.0,1.0,1.99,"[[1.01, 2.3545555515127417]]",1.0,0.0,1.3445555515127416
1600,2.0,0.05,4.000000000000001,0.20191151639797658,19,3.0,1.0,3.0,0.3375924687585152,0.3872746817940676,1.0,0.049682213035552425,"[[1.01, 3.0]]",1,1.0,1.0,1.99,"[[3.0, 3.0]]",0.0,0.0,0.0
1600,2.0,0.05,4.000000000000001,0.20191151639797658,20,1.01,1.0,1.01,0.3391991982517363,0.37800463797667877,1.0,0.03880543972494249,"[[1.01, 3.0]]",1,1.0,1.0,1.99,"[[1.01, 1.01]]",0.0,0.0,0.0
1600,2.0,0.05,4.000000000000001,0.20191151639797658,21,1.5670516255433422,1.0,1.567051574645105,0.33113145637193103,0.40525730774057567,0.0,0.07412585136864464,"[[1.01, 3.0]]",1,1.0,1.0,1.99,"[[1.01, 2.1241031492902103]]",1.0,0.0,1.1141031492902103
1600,2.0,0.05,4.000000000000001,0.20191151639797658,22,2.696997618991684,1.0,2.6969981923372335,0.34257496217218747,0.39468689118935407,0.0,0.0521119290171666,"[[1.01, 3.0]]",1,1.0,1.0,1.99,"[[2.393996384674467, 3.0]]",0.0,0.0,0.606003615325533
1600,2.0,0.05,4.000000000000001,0.20191151639797658,23,1.01,1.0,1.01,0.32901761609914015,0.37870646350949266,1.0,0.04968884741035251,"[[1.01, 3.0]]",1,1.0,1.0,1.99,"[[1.01, 1.01]]",0.0,0.0,0.0
1600,2.0,0.05,4.000000000000001,0.20191151639797658,24,3.0,1.0,3.0,0.33110005290988376,0.39667218104365837,1.0,0.06557212813377461,"[[1.01, 3.0]]",1,1.0,1.0,1.99,"[[3.0, 3.0]]",0.0,0.0,0.0
1600,2.0,0.05,4.000000000000001,0.20191151639797658,25,1.01,1.0,1.01,0.3366488477019819,0.38106570280147756,1.0,0.04441685509949567,"[[1.01, 3.0]]",1,1.0,1.0,1.99,"[[1.01, 1.01]]",0.0,0.0,0.0
1600,2.0,0.05,4.000000000000001,0.20191151639797658,26,1.01,1.0,1.01,0.3237927661403988,0.3810583510957348,1.0,0.05726558495533601,"[[1.01, 3.0]]",1,1.0,1.0,1.99,"[[1.01, 1.01]]",0.0,0.0,0.0
1600,2.0,0.05,4.000000000000001,0.20191151639797658,27,1.01,1.0,1.01,0.3340564945290992,0.3744161033541746,1.0,0.04035960882507539,"[[1.01, 3.0]]",1,1.0,1.0,1.99,"[[1.01, 1.01]]",0.0,0.0,0.0
1600,2.0,0.05,4.000000000000001,0.20191151639797658,28,3.0,1.0,3.0,0.3426964228164129,0.3878098139135304,1.0,0.04511339109711754,"[[1.01, 3.0]]",1,1.0,1.0,1.99,"[[3.0, 3.0]]",0.0,0.0,0.0
1600,2.0,0.05,4.000000000000001,0.20191151639797658,29,1.0281638221979574,1.0,1.028164008320276,0.32104825372312396,0.39682217279787907,0.0,0.07577391907475511,"[[1.01, 3.0]]",1,1.0,1.0,1.99,"[[1.01, 1.0463280166405522]]",0.0,0.0,0.036328016640552185
1600,2.0,0.05,4.000000000000001,0.20191151639797658,30,3.0,1.0,3.0,0.3463224164287033,0.3785705499202218,1.0,0.032248133491518505,"[[1.01, 3.0]]",1,1.0,1.0,1.99,"[[3.0, 3.0]]",0.0,0.0,0.0
1600,2.0,0.05,4.000000000000001,0.20191151639797658,31,1.6158803785309912,1.0,1.6158803880928654,0.32565052355011326,0.36676529014456843,0.0,0.04111476659445518,"[[1.01, 3.0]]",1,1.0,1.0,1.99,"[[1.01, 2.2217607761857305]]",1.0,0.0,1.2117607761857305
1600,2.0,0.05,4.000000000000001,0.20191151639797658,32,1.4764020500082495,1.0,1.4764005285392234,0.3234395985090754,0.39198875363527763,0.0,0.06854915512620224,"[[1.01, 3.0]]",1,1.0,1.0,1.99,"[[1.01, 1.9428010570784469]]",1.0,0.0,0.9328010570784468
1600,2.0,0.05,4.000000000000001,0.20191151639797658,33,1.01,1.0,1.01,0.32476712012283954,0.37990924121628156,1.0,0.05514212109344202,"[[1.01, 3.0]]",1,1.0,1.0,1.99,"[[1.01, 1.01]]",0.0,0.0,0.0
1600,2.0,0.05,4.000000000000001,0.20191151639797658,34,1.01,1.0,1.01,0.3208134650049429,0.38800342794429943,1.0,0.06718996293935653,"[[1.01, 3.0]]",1,1.0,1.0,1.99,"[[1.01, 1.01]]",0.0,0.0,0.0
1600,2.0,0.05,4.000000000000001,0.20191151639797658,35,3.0,1.0,3.0,0.3334538300831296,0.3667354914215684,1.0,0.033281661338438795,"[[1.01, 3.0]]",1,1.0,1.0,1.99,"[[3.0, 3.0]]",0.0,0.0,0.0
1600,2.0,0.05,4.000000000000001,0.20191151639797658,36,3.0,1.0,3.0,0.32877628241263757,0.4090204779775803,1.0,0.08024419556494272,"[[1.01, 3.0]]",1,1.0,1.0,1.99,"[[3.0, 3.0]]",0.0,0.0,0.0
1600,2.0,0.05,4.000000000000001,0.20191151639797658,37,1.01,1.0,1.01,0.33228510221380797,0.3650704041685206,1.0,0.03278530195471263,"[[1.01, 3.0]]",1,1.0,1.0,1.99,"[[1.01, 1.01]]",0.0,0.0,0.0
1600,2.0,0.05,4.000000000000001,0.20191151639797658,38,1.01,1.0,1.01,0.3066764082614222,0.3944067481993876,1.0,0.08773033993796542,"[[1.01, 3.0]]",1,1.0,1.0,1.99,"[[1.01, 1.01]]",0.0,0.0,0.0
1600,2.0,0.05,4.000000000000001,0.20191151639797658,39,3.0,1.0,3.0,0.319001591200778,0.3993927645936783,1.0,0.0803911733929003,"[[1.0498, 3.0]]",1,1.0,0.0,1.9502,"[[3.0, 3.0]]",0.0,0.0,0.0
1600,2.0,0.05,4.000000000000001,0.20191151639797658,40,1.6438970078054114,1.0,1.6438969809242705,0.337679264226639,0.38214442120995373,0.0,0.04446515698331471,"[[1.01, 3.0]]",1,1.0,1.0,1.99,[],nan,nan,nan
1600,2.0,0.05,4.000000000000001,0.20191151639797658,41,1.01,1.0,1.01,0.3202918175021078,0.40180960746703726,1.0,0.08151778996492948,"[[1.01, 3.0]]",1,1.0,1.0,1.99,[],nan,nan,nan
1600,2.0,0.05,4.000000000000001,0.20191151639797658,42,3.0,1.0,3.0,0.3494305229885046,0.401229869826336,1.0,0.05179934683783144,"[[1.01, 3.0]]",1,1.0,1.0,1.99,[],nan,nan,nan
1600,2.0,0.05,4.000000000000001,0.20191151639797658,43,1.01,1.0,1.01,0.3395291993488338,0.37257993106001824,1.0,0.033050731711184445,"[[1.01, 3.0]]",1,1.0,1.0,1.99,[],nan,nan,nan
1600,2.0,0.05,4.000000000000001,0.20191151639797658,44,3.0,1.0,3.0,0.3276679818243611,0.37919486044929823,1.0,0.051526878624937156,"[[1.01, 3.0]]",1,1.0,1.0,1.99,[],nan,nan,nan
1600,2.0,0.05,4.000000000000001,0.20191151639797658,45,1.01,1.0,1.01,0.3412660227929199,0.37353530280328034,1.0,0.032269280010360446,"[[1.01, 3.0]]",1,1.0,1.0,1.99,[],nan,nan,nan
1600,2.0,0.05,4.000000000000001,0.20191151639797658,46,1.01,1.0,1.01,0.3221004610864132,0.38557107331267415,1.0,0.06347061222626094,"[[1.01, 3.0]]",1,1.0,1.0,1.99,[],nan,nan,nan
1600,2.0,0.05,4.000000000000001,0.20191151639797658,47,2.2867668577064504,1.0,2.2867935515520865,0.33779060684560014,0.36900343539003777,0.0,0.031212828544437632,"[[1.01, 3.0]]",1,1.0,1.0,1.99,[],nan,nan,nan
1600,2.0,0.05,4.000000000000001,0.20191151639797658,48,3.0,1.0,3.0,0.34056509903948545,0.3800325843634587,1.0,0.03946748532397326,"[[1.01, 3.0]]",1,1.0,1.0,1.99,[],nan,nan,nan
1600,2.0,0.05,4.000000000000001,0.20191151639797658,49,3.0,1.0,3.0,0.3424407826102062,0.37100962363029627,1.0,0.028568841020090052,"[[1.01, 3.0]]",1,1.0,1.0,1.99,[],nan,nan,nan
1600,2.0,0.05,4.000000000000001,0.20191151639797658,50,1.6783506842340983,1.0,1.6783507477153303,0.3238466294023933,0.3884191373210985,0.0,0.06457250791870522,"[[1.01, 3.0]]",1,1.0,1.0,1.99,[],nan,nan,nan
1600,2.0,0.05,4.000000000000001,0.20191151639797658,51,1.01,1.0,1.01,0.31518213767555664,0.37125932383142074,1.0,0.0560771861558641,"[[1.01, 3.0]]",1,1.0,1.0,1.99,[],nan,nan,nan
1600,2.0,0.05,4.000000000000001,0.20191151639797658,52,1.01,1.0,1.01,0.32675383363716287,0.40604963400438593,1.0,0.07929580036722306,"[[1.01, 3.0]]",1,1.0,1.0,1.99,[],nan,nan,nan
1600,2.0,0.05,4.000000000000001,0.20191151639797658,53,3.0,1.0,1.01,0.3519059821639236,0.3697542261451179,1.0,0.01784824398119428,"[[1.01, 3.0]]",1,1.0,1.0,1.99,[],nan,nan,nan
1600,2.0,0.05,4.000000000000001,0.20191151639797658,54,3.0,1.0,3.0,0.351873881576522,0.37997380606701153,1.0,0.028099924490489536,"[[1.01, 3.0]]",1,1.0,1.0,1.99,[],nan,nan,nan
1600,2.0,0.05,4.000000000000001,0.20191151639797658,55,3.0,1.0,3.0,0.3533096378541504,0.35739528926099345,1.0,0.004085651406843027,"[[1.01, 3.0]]",1,1.0,1.0,1.99,[],nan,nan,nan
1600,2.0,0.05,4.000000000000001,0.20191151639797658,56,3.0,1.0,3.0,0.3397891631705382,0.36577388603793215,1.0,0.02598472286739395,"[[1.01, 3.0]]",1,1.0,1.0,1.99,[],nan,nan,nan
1600,2.0,0.05,4.000000000000001,0.20191151639797658,57,1.7738521970224423,1.0,1.7738465551311584,0.3404127356767225,0.3639788914134173,0.0,0.02356615573669485,"[[1.01, 3.0]]",1,1.0,1.0,1.99,[],nan,nan,nan
1600,2.0,0.05,4.000000000000001,0.20191151639797658,58,1.01,1.0,1.01,0.3208990230517717,0.4070435012212742,1.0,0.08614447816950249,"[[1.01, 3.0]]",1,1.0,1.0,1.99,[],nan,nan,nan
1600,2.0,0.05,4.000000000000001,0.20191151639797658,59,1.159837554563468,1.0,1.1598376128639878,0.32541294823586775,0.39225754156839937,0.0,0.06684459333253162,"[[1.01, 3.0]]",1,1.0,1.0,1.99,[],nan,nan,nan
1600,2.0,0.05,4.000000000000001,0.20191151639797658,60,2.021816224601456,1.0,2.021817817438924,0.3290760484423269,0.37688869447450135,0.0,0.047812646032174444,"[[1.01, 3.0]]",1,1.0,1.0,1.99,[],nan,nan,nan
1600,2.0,0.05,4.000000000000001,0.20191151639797658,61,1.01,1.0,1.01,0.3360171253268251,0.3868210619853227,1.0,0.050803936658497584,"[[1.01, 3.0]]",1,1.0,1.0,1.99,[],nan,nan,nan
1600,2.0,0.05,4.000000000000001,0.20191151639797658,62,1.3133761600727503,1.0,1.313375545419543,0.34470727708978494,0.36612119685891203,0.0,0.0214139197691271,"[[1.01, 3.0]]",1,1.0,1.0,1.99,[],nan,nan,nan
1600,2.0,0.05,4.000000000000001,0.20191151639797658,63,3.0,1.0,3.0,0.34131522597626474,0.35624122507785067,1.0,0.01492599910158593,"[[1.01, 3.0]]",1,1.0,1.0,1.99,[],nan,nan,nan
1600,2.0,0.05,4.000000000000001,0.20191151639797658,64,3.0,1.0,3.0,0.34395838528279543,0.39449326918089267,1.0,0.05053488389809724,"[[1.01, 3.0]]",1,1.0,1.0,1.99,[],nan,nan,nan
1600,2.0,0.05,4.000000000000001,0.20191151639797658,65,1.01,1.0,1.01,0.3148570199394738,0.3742626533586125,1.0,0.05940563341913868,"[[1.01, 3.0]]",1,1.0,1.0,1.99,[],nan,nan,nan
1600,2.0,0.05,4.000000000000001,0.20191151639797658,66,3.0,1.0,3.0,0.332812890077638,0.3737741838908027,1.0,0.04096129381316471,"[[1.01, 3.0]]",1,1.0,1.0,1.99,[],nan,nan,nan
1600,2.0,0.05,4.000000000000001,0.20191151639797658,67,3.0,1.0,3.0,0.3381505164901053,0.38059030213270567,1.0,0.04243978564260037,"[[1.01, 3.0]]",1,1.0,1.0,1.99,[],nan,nan,nan
1600,2.0,0.05,4.000000000000001,0.20191151639797658,68,2.3119220407500243,1.0,2.311921957705559,0.3429117546301237,0.38864127936525467,0.0,0.04572952473513098,"[[1.01, 3.0]]",1,1.0,1.0,1.99,[],nan,nan,nan
1600,2.0,0.05,4.000000000000001,0.20191151639797658,69,1.829202729114881,1.0,1.829202691184859,0.34071052560778475,0.3947409242481956,0.0,0.05403039864041087,"[[1.01, 3.0]]",1,1.0,1.0,1.99,[],nan,nan,nan
1600,2.0,0.05,4.000000000000001,0.20191151639797658,70,1.01,1.0,1.01,0.3460669059340245,0.368516465466877,1.0,0.022449559532852492,"[[1.01, 3.0]]",1,1.0,1.0,1.99,[],nan,nan,nan
1600,2.0,0.05,4.000000000000001,0.20191151639797658,71,1.1463441139906454,1.0,1.1463441066511646,0.3302777452032754,0.37775149853888335,0.0,0.04747375333560794,"[[1.01, 3.0]]",1,1.0,1.0,1.99,[],nan,nan,nan
1600,2.0,0.05,4.000000000000001,0.20191151639797658,72,3.0,1.0,3.0,0.33768352534936846,0.392070723351509,1.0,0.054387198002140535,"[[1.01, 3.0]]",1,1.0,1.0,1.99,[],nan,nan,nan
1600,2.0,0.05,4.000000000000001,0.20191151639797658,73,1.1817968368522576,1.0,1.1817969494071465,0.31729670368739804,0.38872602816234486,0.0,0.07142932447494682,"[[1.01, 3.0]]",1,1.0,1.0,1.99,[],nan,nan,nan
1600,2.0,0.05,4.000000000000001,0.20191151639797658,74,3.0,1.0,3.0,0.34181782954665046,0.39024283490244027,1.0,0.04842500535578981,"[[1.01, 3.0]]",1,1.0,1.0,1.99,[],nan,nan,nan
1600,2.0,0.05,4.000000000000001,0.20191151639797658,75,1.2460324866327248,1.0,1.2460334199462237,0.32032821278549223,0.3783368926940618,0.0,0.05800867990856956,"[[1.01, 3.0]]",1,1.0,1.0,1.99,[],nan,nan,nan
1600,2.0,0.05,4.000000000000001,0.20191151639797658,76,1.01,1.0,1.01,0.33011512750792604,0.3828950621154503,1.0,0.05277993460752428,"[[1.01, 3.0]]",1,1.0,1.0,1.99,[],nan,nan,nan
1600,2.0,0.05,4.000000000000001,0.20191151639797658,77,1.84689242517879,1.0,1.846885940138038,0.33440898493974136,0.39384143718858144,0.0,0.059432452248840084,"[[1.01, 3.0]]",1,1.0,1.0,1.99,[],nan,nan,nan
1600,2.0,0.05,4.000000000000001,0.20191151639797658,78,1.7541792171410922,1.0,1.7541790822782792,0.32745708350691016,0.38224948285262905,0.0,0.05479239934571889,"[[1.01, 3.0]]",1,1.0,1.0,1.99,[],nan,nan,nan
1600,2.0,0.05,4.000000000000001,0.20191151639797658,79,3.0,1.0,3.0,0.35747454111961824,0.38360372932500175,1.0,0.026129188205383513,"[[1.01, 3.0]]",1,1.0,1.0,1.99,[],nan,nan,nan
1600,2.0,0.05,4.000000000000001,0.20191151639797658,80,3.0,1.0,3.0,0.3475622948615652,0.39965543386139313,1.0,0.052093138999827926,"[[1.01, 3.0]]",1,1.0,1.0,1.99,[],nan,nan,nan
1600,2.0,0.05,4.000000000000001,0.20191151639797658,81,1.2334261996629625,1.0,1.233426665271282,0.311943411013797,0.38019835529904217,0.0,0.06825494428524514,"[[1.01, 3.0]]",1,1.0,1.0,1.99,[],nan,nan,nan
1600,2.0,0.05,4.000000000000001,0.20191151639797658,82,3.0,1.0,3.0,0.3367946821426825,0.4072878253669828,1.0,0.07049314322430034,"[[1.01, 3.0]]",1,1.0,1.0,1.99,[],nan,nan,nan
1600,2.0,0.05,4.000000000000001,0.20191151639797658,83,1.01,1.0,1.01,0.3294630704941878,0.40243159670313433,1.0,0.0729685262089465,"[[1.01, 3.0]]",1,1.0,1.0,1.99,[],nan,nan,nan
1600,2.0,0.05,4.000000000000001,0.20191151639797658,84,3.0,1.0,3.0,0.34284124192031806,0.3820202778031379,1.0,0.039179035882819846,"[[1.01, 3.0]]",1,1.0,1.0,1.99,[],nan,nan,nan
1600,2.0,0.05,4.000000000000001,0.20191151639797658,85,3.0,1.0,3.0,0.34592048464626823,0.37057544314184765,1.0,0.024654958495579415,"[[1.01, 3.0]]",1,1.0,1.0,1.99,[],nan,nan,nan
1600,2.0,0.05,4.000000000000001,0.20191151639797658,86,3.0,1.0,3.0,0.33262682321880727,0.3636793142101513,1.0,0.03105249099134405,"[[1.01, 3.0]]",1,1.0,1.0,1.99,[],nan,nan,nan
1600,2.0,0.05,4.000000000000001,0.20191151639797658,87,1.1029311596059157,1.0,1.1029305757062629,0.32331892411602836,0.37433690737226705,0.0,0.051017983256238686,"[[1.01, 3.0]]",1,1.0,1.0,1.99,[],nan,nan,nan
1600,2.0,0.05,4.000000000000001,0.20191151639797658,88,1.01,1.0,1.01,0.3226121648044865,0.37776751601514796,1.0,0.05515535121066145,"[[1.01, 3.0]]",1,1.0,1.0,1.99,[],nan,nan,nan
1600,2.0,0.05,4.000000000000001,0.20191151639797658,89,3.0,1.0,3.0,0.34272248401802796,0.4020169512258637,1.0,0.05929446720783571,"[[1.01, 3.0]]",1,1.0,1.0,1.99,[],nan,nan,nan
1600,2.0,0.05,4.000000000000001,0.20191151639797658,90,2.7245447372473692,1.0,2.724515293461549,0.33806244833854493,0.3793071057386326,0.0,0.04124465740008765,"[[1.01, 3.0]]",1,1.0,1.0,1.99,[],nan,nan,nan
1600,2.0,0.05,4.000000000000001,0.20191151639797658,91,1.01,1.0,1.01,0.3186317641608536,0.40749653365618715,1.0,0.08886476949533356,"[[1.01, 3.0]]",1,1.0,1.0,1.99,[],nan,nan,nan
1600,2.0,0.05,4.000000000000001,0.20191151639797658,92,3.0,1.0,3.0,0.34042844019009366,0.4014730751617484,1.0,0.06104463497165474,"[[1.01, 3.0]]",1,1.0,1.0,1.99,[],nan,nan,nan
1600,2.0,0.05,4.000000000000001,0.20191151639797658,93,1.01,1.0,1.01,0.31629084227015947,0.38779769204955383,1.0,0.07150684977939437,"[[1.01, 3.0]]",1,1.0,1.0,1.99,[],nan,nan,nan
1600,2.0,0.05,4.000000000000001,0.20191151639797658,94,1.2895426612939505,1.0,1.2895426636135048,0.33226671098631333,0.3826277100967949,0.0,0.050360999110481586,"[[1.01, 3.0]]",1,1.0,1.0,1.99,[],nan,nan,nan
1600,2.0,0.05,4.000000000000001,0.20191151639797658,95,1.4782928858010294,1.0,1.4782876831963327,0.32514028644973797,0.36845951366823093,0.0,0.04331922721849296,"[[1.01, 3.0]]",1,1.0,1.0,1.99,[],nan,nan,nan
1600,2.0,0.05,4.000000000000001,0.20191151639797658,96,3.0,1.0,3.0,0.34042437528715686,0.3791633721583745,1.0,0.038738996871217624,"[[1.01, 3.0]]",1,1.0,1.0,1.99,[],nan,nan,nan
1600,2.0,0.05,4.000000000000001,0.20191151639797658,97,3.0,1.0,3.0,0.3385350192451724,0.39460732312115593,1.0,0.056072303875983553,"[[1.01, 3.0]]",1,1.0,1.0,1.99,[],nan,nan,nan
1600,2.0,0.05,4.000000000000001,0.20191151639797658,98,1.6966189901222803,1.0,1.696618633158338,0.34674289657909046,0.38078038556686117,0.0,0.0340374889877707,"[[1.01, 3.0]]",1,1.0,1.0,1.99,[],nan,nan,nan
1600,2.0,0.05,4.000000000000001,0.20191151639797658,99,1.9359553780912668,1.0,1.9359579219041265,0.33147921897774185,0.3902268579597588,0.0,0.05874763898201696,"[[1.01, 3.0]]",1,1.0,1.0,1.99,[],nan,nan,nan
1600,2.0,0.05,4.000000000000001,0.20191151639797658,100,1.4060283862933052,1.0,1.406028169005843,0.33159313513486766,0.39099337566749576,0.0,0.0594002405326281,"[[1.01, 3.0]]",1,1.0,1.0,1.99,[],nan,nan,nan
1600,2.0,0.05,4.000000000000001,0.20191151639797658,101,1.0552308365563827,1.0,1.05523420902876,0.3190914181563983,0.36876844724487473,0.0,0.04967702908847643,"[[1.01, 3.0]]",1,1.0,1.0,1.99,[],nan,nan,nan
1600,2.0,0.05,4.000000000000001,0.20191151639797658,102,2.0490525974415243,1.0,2.049054466843844,0.3394037127883696,0.3826101189394087,0.0,0.0432064061510391,"[[1.01, 3.0]]",1,1.0,1.0,1.99,[],nan,nan,nan
1600,2.0,0.05,4.000000000000001,0.20191151639797658,103,1.01,1.0,1.01,0.3228982969597845,0.38045708233939035,1.0,0.05755878537960585,"[[1.01, 3.0]]",1,1.0,1.0,1.99,[],nan,nan,nan
1600,2.0,0.05,4.000000000000001,0.20191151639797658,104,1.01,1.0,1.01,0.3198711355964531,0.35428108786826945,1.0,0.03440995227181637,"[[1.01, 3.0]]",1,1.0,1.0,1.99,[],nan,nan,nan
1600,2.0,0.05,4.000000000000001,0.20191151639797658,105,3.0,1.0,3.0,0.3499786856593407,0.385761373373866,1.0,0.03578268771452531,"[[1.01, 3.0]]",1,1.0,1.0,1.99,[],nan,nan,nan
1600,2.0,0.05,4.000000000000001,0.20191151639797658,106,2.520732264484776,1.0,2.5207612174531353,0.3221699716571453,0.37733692443711564,0.0,0.05516695277997036,"[[1.01, 3.0]]",1,1.0,1.0,1.99,[],nan,nan,nan
1600,2.0,0.05,4.000000000000001,0.20191151639797658,107,1.01,1.0,1.01,0.32715133772023763,0.402291779806933,1.0,0.07514044208669535,"[[1.01, 3.0]]",1,1.0,1.0,1.99,[],nan,nan,nan
1600,2.0,0.05,4.000000000000001,0.20191151639797658,108,3.0,1.0,3.0,0.33672935822034555,0.39835953026652293,1.0,0.06163017204617738,"[[1.01, 3.0]]",1,1.0,1.0,1.99,[],nan,nan,nan
1600,2.0,0.05,4.000000000000001,0.20191151639797658,109,3.0,1.0,3.0,0.35192970445949734,0.38647049282354035,1.0,0.03454078836404301,"[[1.01, 3.0]]",1,1.0,1.0,1.99,[],nan,nan,nan
1600,2.0,0.05,4.000000000000001,0.20191151639797658,110,3.0,1.0,3.0,0.3316511945360074,0.3877023547222775,1.0,0.0560511601862701,"[[1.01, 3.0]]",1,1.0,1.0,1.99,[],nan,nan,nan
1600,2.0,0.05,4.000000000000001,0.20191151639797658,111,1.01,1.0,1.01,0.3187862538988986,0.3905339567318745,1.0,0.07174770283297593,"[[1.01, 3.0]]",1,1.0,1.0,1.99,[],nan,nan,nan
1600,2.0,0.05,4.000000000000001,0.20191151639797658,112,1.3652025729750497,1.0,1.3652027662079174,0.32532905475521556,0.4141936823597407,0.0,0.08886462760452513,"[[1.01, 3.0]]",1,1.0,1.0,1.99,[],nan,nan,nan
1600,2.0,0.05,4.000000000000001,0.20191151639797658,113,1.01,1.0,1.01,0.3257231182032682,0.3850995360850672,1.0,0.05937641788179898,"[[1.01, 3.0]]",1,1.0,1.0,1.99,[],nan,nan,nan
1600,2.0,0.05,4.000000000000001,0.20191151639797658,114,3.0,1.0,3.0,0.34072309824465186,0.3689130078027566,1.0,0.028189909558104742,"[[1.01, 3.0]]",1,1.0,1.0,1.99,[],nan,nan,nan
1600,2.0,0.05,4.000000000000001,0.20191151639797658,115,3.0,1.0,3.0,0.33961498136701035,0.4323485863780665,1.0,0.09273360501105615,"[[1.01, 3.0]]",1,1.0,1.0,1.99,[],nan,nan,nan
1600,2.0,0.05,4.000000000000001,0.20191151639797658,116,2.586387977004555,1.0,2.586394250141162,0.321057910809871,0.4060517337247144,0.0,0.08499382291484342,"[[1.01, 3.0]]",1,1.0,1.0,1.99,[],nan,nan,nan
1600,2.0,0.05,4.000000000000001,0.20191151639797658,117,1.01,1.0,1.01,0.3240913421754838,0.4120062254298897,1.0,0.08791488325440588,"[[1.01, 3.0]]",1,1.0,1.0,1.99,[],nan,nan,nan
1600,2.0,0.05,4.000000000000001,0.20191151639797658,118,1.01,1.0,1.01,0.32623975596018306,0.37472111100915745,1.0,0.048481355048974384,"[[1.01, 3.0]]",1,1.0,1.0,1.99,[],nan,nan,nan
1600,2.0,0.05,4.000000000000001,0.20191151639797658,119,1.4366955105862216,1.0,1.4366954018380964,0.3349811272846022,0.397195816843493,0.0,0.06221468955889076,"[[1.01, 3.0]]",1,1.0,1.0,1.99,[],nan,nan,nan
1600,2.0,0.05,4.000000000000001,0.20191151639797658,120,1.01,1.0,1.01,0.33090193294477954,0.3738301718697802,1.0,0.04292823892500064,"[[1.01, 3.0]]",1,1.0,1.0,1.99,[],nan,nan,nan
1600,2.0,0.05,4.000000000000001,0.20191151639797658,121,3.0,1.0,3.0,0.3363078495000548,0.38780503836389424,1.0,0.051497188863839416,"[[1.01, 3.0]]",1,1.0,1.0,1.99,[],nan,nan,nan
1600,2.0,0.05,4.000000000000001,0.20191151639797658,122,3.0,1.0,3.0,0.33576891449681207,0.40327108028556957,1.0,0.0675021657887575,"[[1.01, 3.0]]",1,1.0,1.0,1.99,[],nan,nan,nan
1600,2.0,0.05,4.000000000000001,0.20191151639797658,123,1.01,1.0,1.01,0.3228744153832941,0.36862101529447544,1.0,0.04574659991118135,"[[1.01, 3.0]]",1,1.0,1.0,1.99,[],nan,nan,nan
1600,2.0,0.05,4.000000000000001,0.20191151639797658,124,3.0,1.0,3.0,0.32790368647506934,0.36288938540303056,1.0,0.03498569892796122,"[[1.01, 3.0]]",1,1.0,1.0,1.99,[],nan,nan,nan
1600,2.0,0.05,4.000000000000001,0.20191151639797658,125,3.0,1.0,3.0,0.3340242462526598,0.38454116647400566,1.0,0.05051692022134585,"[[1.01, 3.0]]",1,1.0,1.0,1.99,[],nan,nan,nan
1600,2.0,0.05,4.000000000000001,0.20191151639797658,126,3.0,1.0,3.0,0.3311735844748041,0.37119225962573227,1.0,0.04001867515092816,"[[1.01, 3.0]]",1,1.0,1.0,1.99,[],nan,nan,nan
1600,2.0,0.05,4.000000000000001,0.20191151639797658,127,2.1313211437004873,1.0,2.1313220381577973,0.32685292737077437,0.37513451462067987,0.0,0.0482815872499055,"[[1.01, 3.0]]",1,1.0,1.0,1.99,[],nan,nan,nan
1600,2.0,0.05,4.000000000000001,0.20191151639797658,128,1.01,1.0,1.01,0.3163876346727431,0.3910746148807926,1.0,0.07468698020804948,"[[1.01, 3.0]]",1,1.0,1.0,1.99,[],nan,nan,nan
1600,2.0,0.05,4.000000000000001,0.20191151639797658,129,3.0,1.0,3.0,0.34259851391618523,0.36258704998839597,1.0,0.01998853607221074,"[[1.01, 3.0]]",1,1.0,1.0,1.99,[],nan,nan,nan
1600,2.0,0.05,4.000000000000001,0.20191151639797658,130,1.01,1.0,1.01,0.30918871494215344,0.4073505479031424,1.0,0.09816183296098896,"[[1.01, 3.0]]",1,1.0,1.0,1.99,[],nan,nan,nan
1600,2.0,0.05,4.000000000000001,0.20191151639797658,131,1.3327555878242883,1.0,1.3327556578296411,0.3377495691631829,0.3904843018526097,0.0,0.0527347326894268,"[[1.01, 3.0]]",1,1.0,1.0,1.99,[],nan,nan,nan
1600,2.0,0.05,4.000000000000001,0.20191151639797658,132,1.01,1.0,1.01,0.33233886962025616,0.37426767126477417,1.0,0.04192880164451801,"[[1.01, 3.0]]",1,1.0,1.0,1.99,[],nan,nan,nan
1600,2.0,0.05,4.000000000000001,0.20191151639797658,133,1.9331182209611553,1.0,1.9331198043815232,0.3332204314068308,0.38073000029365905,0.0,0.04750956888682828,"[[1.01, 3.0]]",1,1.0,1.0,1.99,[],nan,nan,nan
1600,2.0,0.05,4.000000000000001,0.20191151639797658,134,1.6369400497107967,1.0,1.636939562450339,0.32189616611508176,0.38455130103348023,0.0,0.06265513491839847,"[[1.01, 3.0]]",1,1.0,1.0,1.99,[],nan,nan,nan
1600,2.0,0.05,4.000000000000001,0.20191151639797658,135,2.0615013507339053,1.0,2.0615038777204107,0.3282282361779956,0.3932062392926938,0.0,0.0649780031146982,"[[1.01, 3.0]]",1,1.0,1.0,1.99,[],nan,nan,nan
1600,2.0,0.05,4.000000000000001,0.20191151639797658,136,3.0,1.0,3.0,0.331634747352123,0.38136942544918934,1.0,0.04973467809706633,"[[1.01, 3.0]]",1,1.0,1.0,1.99,[],nan,nan,nan
1600,2.0,0.05,4.000000000000001,0.20191151639797658,137,3.0,1.0,3.0,0.3325261250455637,0.38126355471484746,1.0,0.04873742966928374,"[[1.01, 3.0]]",1,1.0,1.0,1.99,[],nan,nan,nan
1600,2.0,0.05,4.000000000000001,0.20191151639797658,138,1.651756622562296,1.0,1.6517567321142945,0.33324376037558173,0.4128339765211223,0.0,0.07959021614554057,"[[1.01, 3.0]]",1,1.0,1.0,1.99,[],nan,nan,nan
1600,2.0,0.05,4.000000000000001,0.20191151639797658,139,1.01,1.0,1.01,0.3373615278137314,0.37837248841525795,1.0,0.041010960601526536,"[[1.01, 3.0]]",1,1.0,1.0,1.99,[],nan,nan,nan
1600,2.0,0.05,4.000000000000001,0.20191151639797658,140,2.756689822850977,1.0,2.7566900351013732,0.3351763733762278,0.37374290604856003,0.0,0.03856653267233223,"[[1.01, 3.0]]",1,1.0,1.0,1.99,[],nan,nan,nan
1600,2.0,0.05,4.000000000000001,0.20191151639797658,141,3.0,1.0,3.0,0.3441188835859388,0.39292831420132246,1.0,0.048809430615383675,"[[1.01, 3.0]]",1,1.0,1.0,1.99,[],nan,nan,nan
1600,2.0,0.05,4.000000000000001,0.20191151639797658,142,2.1828864233122474,1.0,2.1829008420968172,0.3273801728100937,0.36719619321980973,0.0,0.039816020409716046,"[[1.01, 3.0]]",1,1.0,1.0,1.99,[],nan,nan,nan
1600,2.0,0.05,4.000000000000001,0.20191151639797658,143,2.2188440275313908,1.0,2.2188433021058027,0.34003539986641096,0.39490544578908837,0.0,0.05487004592267741,"[[1.01, 3.0]]",1,1.0,1.0,1.99,[],nan,nan,nan
1600,2.0,0.05,4.000000000000001,0.20191151639797658,144,1.01,1.0,1.01,0.33059148508712216,0.3731687412856508,1.0,0.042577256198528646,"[[1.01, 3.0]]",1,1.0,1.0,1.99,[],nan,nan,nan
1600,2.0,0.05,4.000000000000001,0.20191151639797658,145,3.0,1.0,3.0,0.3435104687480502,0.39842096166157015,1.0,0.05491049291351996,"[[1.01, 3.0]]",1,1.0,1.0,1.99,[],nan,nan,nan
1600,2.0,0.05,4.000000000000001,0.20191151639797658,146,2.771624731619842,1.0,2.7716547658435386,0.32695125364039745,0.38568764716299775,0.0,0.058736393522600294,"[[1.01, 3.0]]",1,1.0,1.0,1.99,[],nan,nan,nan
1600,2.0,0.05,4.000000000000001,0.20191151639797658,147,3.0,1.0,3.0,0.3271389927929998,0.41249902732251265,1.0,0.08536003452951285,"[[1.01, 3.0]]",1,1.0,1.0,1.99,[],nan,nan,nan
1600,2.0,0.05,4.000000000000001,0.20191151639797658,148,1.7371134915396145,1.0,1.7371135029861537,0.33715750223840174,0.3851476812906201,0.0,0.04799017905221836,"[[1.01, 3.0]]",1,1.0,1.0,1.99,[],nan,nan,nan
1600,2.0,0.05,4.000000000000001,0.20191151639797658,149,1.01,1.0,1.01,0.35536296895805514,0.38083118102246255,1.0,0.025468212064407414,"[[1.01, 3.0]]",1,1.0,1.0,1.99,[],nan,nan,nan
1600,2.0,0.05,4.000000000000001,0.20191151639797658,150,1.01,1.0,1.01,0.3367689130741851,0.38704444801280263,1.0,0.05027553493861753,"[[1.01, 3.0]]",1,1.0,1.0,1.99,[],nan,nan,nan
1600,2.0,0.05,4.000000000000001,0.20191151639797658,151,1.01,1.0,1.01,0.31026101294853975,0.4031022035491055,1.0,0.09284119060056573,"[[1.01, 3.0]]",1,1.0,1.0,1.99,[],nan,nan,nan
1600,2.0,0.05,4.000000000000001,0.20191151639797658,152,1.6471556720964786,1.0,1.6471545155922134,0.33994154984492425,0.38031061957599904,0.0,0.04036906973107479,"[[1.01, 3.0]]",1,1.0,1.0,1.99,[],nan,nan,nan
1600,2.0,0.05,4.000000000000001,0.20191151639797658,153,3.0,1.0,3.0,0.32909016647176936,0.3811099863483803,1.0,0.05201981987661092,"[[1.01, 3.0]]",1,1.0,1.0,1.99,[],nan,nan,nan
1600,2.0,0.05,4.000000000000001,0.20191151639797658,154,1.01,1.0,1.01,0.32364273758586565,0.405231878756454,1.0,0.08158914117058835,"[[1.01, 3.0]]",1,1.0,1.0,1.99,[],nan,nan,nan
1600,2.0,0.05,4.000000000000001,0.20191151639797658,155,1.01,1.0,1.01,0.3150193441048793,0.39325195020412157,1.0,0.07823260609924226,"[[1.01, 3.0]]",1,1.0,1.0,1.99,[],nan,nan,nan
1600,2.0,0.05,4.000000000000001,0.20191151639797658,156,1.7068175037955342,1.0,1.7068175009842086,0.32102431906563983,0.3846129817954762,0.0,0.06358866272983638,"[[1.01, 3.0]]",1,1.0,1.0,1.99,[],nan,nan,nan
1600,2.0,0.05,4.000000000000001,0.20191151639797658,157,2.774993044926992,1.0,2.7749946942644335,0.3379285784406691,0.3944357657437703,0.0,0.056507187303101225,"[[1.01, 3.0]]",1,1.0,1.0,1.99,[],nan,nan,nan
1600,2.0,0.05,4.000000000000001,0.20191151639797658,158,1.01,1.0,1.01,0.3397652545648514,0.3617359235448135,1.0,0.021970668979962082,"[[1.01, 3.0]]",1,1.0,1.0,1.99,[],nan,nan,nan
1600,2.0,0.05,4.000000000000001,0.20191151639797658,159,1.466672884688475,1.0,1.466672963328704,0.34054707462789086,0.40035182180685686,0.0,0.059804747178966,"[[1.01, 3.0]]",1,1.0,1.0,1.99,[],nan,nan,nan
1600,2.0,0.05,4.000000000000001,0.20191151639797658,160,1.0778460101336922,1.0,1.0778464815136137,0.3339572608564666,0.37616977028125154,0.0,0.04221250942478494,"[[1.01, 3.0]]",1,1.0,1.0,1.99,[],nan,nan,nan
1600,2.0,0.05,4.000000000000001,0.20191151639797658,161,3.0,1.0,3.0,0.34208004484826465,0.3728297614650403,1.0,0.03074971661677567,"[[1.01, 3.0]]",1,1.0,1.0,1.99,[],nan,nan,nan
1600,2.0,0.05,4.000000000000001,0.20191151639797658,162,1.5105229803459859,1.0,1.5007215584421716,0.3302805075827679,0.3609794281788493,0.0,0.030698920596081425,"[[1.01, 3.0]]",1,1.0,1.0,1.99,[],nan,nan,nan
1600,2.0,0.05,4.000000000000001,0.20191151639797658,163,1.01,1.0,1.01,0.3221633844648967,0.39329724881198774,1.0,0.07113386434709107,"[[1.01, 3.0]]",1,1.0,1.0,1.99,[],nan,nan,nan
1600,2.0,0.05,4.000000000000001,0.20191151639797658,164,3.0,1.0,3.0,0.3391115717489931,0.3818003298041258,1.0,0.042688758055132725,"[[1.01, 3.0]]",1,1.0,1.0,1.99,[],nan,nan,nan
1600,2.0,0.05,4.000000000000001,0.20191151639797658,165,2.4342429468093325,1.0,2.4342437219380013,0.35163795364527867,0.39331406317342354,0.0,0.04167610952814488,"[[1.01, 3.0]]",1,1.0,1.0,1.99,[],nan,nan,nan
1600,2.0,0.05,4.000000000000001,0.20191151639797658,166,1.01,1.0,1.01,0.33119683115556137,0.3865952932741969,1.0,0.05539846211863553,"[[1.01, 3.0]]",1,1.0,1.0,1.99,[],nan,nan,nan
1600,2.0,0.05,4.000000000000001,0.20191151639797658,167,3.0,1.0,3.0,0.35294610491129286,0.3941220209533624,1.0,0.04117591604206955,"[[1.01, 3.0]]",1,1.0,1.0,1.99,[],nan,nan,nan
1600,2.0,0.05,4.000000000000001,0.20191151639797658,168,1.01,1.0,1.01,0.3278777027313492,0.39600493914220275,1.0,0.06812723641085355,"[[1.01, 2.5622]]",1,1.0,0.0,1.5521999999999998,[],nan,nan,nan
1600,2.0,0.05,4.000000000000001,0.20191151639797658,169,1.01,1.0,1.01,0.3171945217113516,0.3938432701764564,1.0,0.07664874846510478,"[[1.01, 3.0]]",1,1.0,1.0,1.99,[],nan,nan,nan
1600,2.0,0.05,4.000000000000001,0.20191151639797658,170,2.349546511509235,1.0,2.349618692406606,0.3363752091770997,0.35726504433798356,0.0,0.020889835160883885,"[[1.01, 3.0]]",1,1.0,1.0,1.99,[],nan,nan,nan
1600,2.0,0.05,4.000000000000001,0.20191151639797658,171,1.01,1.0,1.01,0.3121654347718296,0.39339203575469983,1.0,0.08122660098287021,"[[1.01, 3.0]]",1,1.0,1.0,1.99,[],nan,nan,nan
1600,2.0,0.05,4.000000000000001,0.20191151639797658,172,1.3989185749687987,1.0,1.3989187040814866,0.3307041128790017,0.39642313798386036,0.0,0.06571902510485866,"[[1.01, 3.0]]",1,1.0,1.0,1.99,[],nan,nan,nan
1600,2.0,0.05,4.000000000000001,0.20191151639797658,173,3.0,1.0,3.0,0.33826346612751634,0.38490955881488803,1.0,0.04664609268737169,"[[1.01, 3.0]]",1,1.0,1.0,1.99,[],nan,nan,nan
1600,2.0,0.05,4.000000000000001,0.20191151639797658,174,3.0,1.0,3.0,0.33636782654592934,0.3816591541530168,1.0,0.045291327607087484,"[[1.01, 3.0]]",1,1.0,1.0,1.99,[],nan,nan,nan
1600,2.0,0.05,4.000000000000001,0.20191151639797658,175,3.0,1.0,3.0,0.3292456316670029,0.3759240199023572,1.0,0.04667838823535431,"[[1.01, 3.0]]",1,1.0,1.0,1.99,[],nan,nan,nan
1600,2.0,0.05,4.000000000000001,0.20191151639797658,176,1.01,1.0,1.01,0.3351902199556499,0.3641753978420081,1.0,0.028985177886358182,"[[1.01, 3.0]]",1,1.0,1.0,1.99,[],nan,nan,nan
1600,2.0,0.05,4.000000000000001,0.20191151639797658,177,3.0,1.0,3.0,0.33882338950992524,0.3530395556194309,1.0,0.014216166109505657,"[[1.01, 3.0]]",1,1.0,1.0,1.99,[],nan,nan,nan
1600,2.0,0.05,4.000000000000001,0.20191151639797658,178,1.8173578975418623,1.0,1.8173586108033657,0.3198851663842358,0.4012565708368406,0.0,0.08137140445260477,"[[1.01, 3.0]]",1,1.0,1.0,1.99,[],nan,nan,nan
1600,2.0,0.05,4.000000000000001,0.20191151639797658,179,3.0,1.0,3.0,0.3328664365750949,0.4041519579963815,1.0,0.07128552142128658,"[[1.01, 3.0]]",1,1.0,1.0,1.99,[],nan,nan,nan
1600,8.0,0.2,64.00000000000001,2.7811965239845704,0,3.0,0.0,3.0,0.3431471505369574,0.5056844007327348,1.0,0.16253725019577742,"[[1.3682, 3.0]]",1,1.0,0.0,1.6318,"[[3.0, 3.0]]",0.0,0.0,0.0
1600,8.0,0.2,64.00000000000001,2.7811965239845704,1,1.01,1.0,1.01,0.3057703184622483,0.5206026484446846,1.0,0.21483232998243634,"[[1.01, 1.806]]",1,1.0,0.0,0.796,"[[1.01, 1.01]]",0.0,0.0,0.0
1600,8.0,0.2,64.00000000000001,2.7811965239845704,2,1.01,1.0,1.01,0.31985191481791553,0.5373713531005452,1.0,0.21751943828262965,"[[1.01, 1.7662]]",1,1.0,0.0,0.7562,"[[1.01, 1.01]]",0.0,0.0,0.0
1600,8.0,0.2,64.00000000000001,2.7811965239845704,3,1.184563733535069,1.0,1.1845635486107255,0.2807645437503139,0.5666028197091252,0.0,0.2858382759588113,"[[1.01, 2.0448000000000004]]",1,1.0,0.0,1.0348000000000004,"[[1.01, 1.359127097221451]]",0.0,0.0,0.3491270972214511
1600,8.0,0.2,64.00000000000001,2.7811965239845704,4,2.3879549143201317,1.0,2.387954958031796,0.3567429252194422,0.5313058974468516,0.0,0.17456297222740946,"[[1.01, 3.0]]",1,1.0,1.0,1.99,"[[1.7759099160635916, 3.0]]",0.0,0.0,1.2240900839364084
1600,8.0,0.2,64.00000000000001,2.7811965239845704,5,1.5372534228344876,1.0,1.5372536828243077,0.33405745239949547,0.5057397540506111,0.0,0.17168230165111564,"[[1.01, 3.0]]",1,1.0,1.0,1.99,"[[1.01, 2.0645073656486153]]",1.0,0.0,1.0545073656486152
1600,8.0,0.2,64.00000000000001,2.7811965239845704,6,1.4792800260634764,1.0,1.4792799721722236,0.34349918559750087,0.5144454483712358,0.0,0.17094626277373498,"[[1.01, 3.0]]",1,1.0,1.0,1.99,"[[1.01, 1.9485599443444472]]",1.0,0.0,0.9385599443444472
1600,8.0,0.2,64.00000000000001,2.7811965239845704,7,3.0,0.0,3.0,0.3636920296303237,0.536452515066162,1.0,0.17276048543583827,"[[1.3682, 3.0]]",1,1.0,0.0,1.6318,"[[3.0, 3.0]]",0.0,0.0,0.0
1600,8.0,0.2,64.00000000000001,2.7811965239845704,8,1.9077487531003026,1.0,1.9077487619254998,0.3401107450084499,0.5344859178825853,0.0,0.19437517287413536,"[[1.01, 3.0]]",1,1.0,1.0,1.99,"[[1.01, 2.805497523851]]",1.0,0.0,1.7954975238509998
1600,8.0,0.2,64.00000000000001,2.7811965239845704,9,1.1991422835434238,1.0,1.1991422664824043,0.30819111259523907,0.5071853644262622,0.0,0.1989942518310231,"[[1.01, 2.9602000000000004]]",1,1.0,0.0,1.9502000000000004,"[[1.01, 1.3882845329648086]]",0.0,0.0,0.3782845329648086
1600,8.0,0.2,64.00000000000001,2.7811965239845704,10,1.01,1.0,1.01,0.3057975002997561,0.505275003387325,1.0,0.1994775030875689,"[[1.01, 1.8856000000000002]]",1,1.0,0.0,0.8756000000000002,"[[1.01, 1.01]]",0.0,0.0,0.0
1600,8.0,0.2,64.00000000000001,2.7811965239845704,11,1.019004215412772,1.0,1.0190040110369785,0.30469745884792526,0.5133698729350001,0.0,0.20867241408707488,"[[1.01, 2.4428]]",1,1.0,0.0,1.4328,"[[1.01, 1.028008022073957]]",0.0,0.0,0.01800802207395691
1600,8.0,0.2,64.00000000000001,2.7811965239845704,12,1.0819277446177484,1.0,1.0819279559451542,0.3196806846773774,0.5170365612366868,0.0,0.19735587655930942,"[[1.01, 2.8407999999999998]]",1,1.0,0.0,1.8307999999999998,"[[1.01, 1.1538559118903084]]",0.0,0.0,0.14385591189030844
1600,8.0,0.2,64.00000000000001,2.7811965239845704,13,2.2529236071673666,1.0,2.2529235670970373,0.3484908571116712,0.5508006540266036,0.0,0.2023097969149324,"[[1.0498, 3.0]]",1,1.0,0.0,1.9502,"[[1.5058471341940747, 3.0]]",0.0,0.0,1.4941528658059253
1600,8.0,0.2,64.00000000000001,2.7811965239845704,14,1.1229184271772776,1.0,1.1229184599251472,0.3146130554148237,0.5259304825101974,0.0,0.21131742709537366,"[[1.01, 2.6418]]",1,1.0,0.0,1.6318,"[[1.01, 1.2358369198502943]]",0.0,0.0,0.2258369198502943
1600,8.0,0.2,64.00000000000001,2.7811965239845704,15,1.2544201384261457,1.0,1.2544204596440924,0.33343384775161194,0.5402997391523914,0.0,0.20686589140077943,"[[1.01, 3.0]]",1,1.0,1.0,1.99,"[[1.01, 1.4988409192881849]]",0.0,0.0,0.48884091928818485
1600,8.0,0.2,64.00000000000001,2.7811965239845704,16,1.3507798432082883,1.0,1.3507668042776368,0.3207348612374702,0.547982053434669,0.0,0.2272471921971988,"[[1.01, 3.0]]",1,1.0,1.0,1.99,"[[1.01, 1.6915336085552737]]",1.0,0.0,0.6815336085552737
1600,8.0,0.2,64.00000000000001,2.7811965239845704,17,2.025701609088155,1.0,2.0257018890351937,0.3405483272629503,0.5143034482345393,0.0,0.17375512097158902,"[[1.01, 3.0]]",1,1.0,1.0,1.99,"[[1.0514037780703873, 3.0]]",1.0,0.0,1.9485962219296127
1600,8.0,0.2,64.00000000000001,2.7811965239845704,18,1.4497702608919425,1.0,1.449770154942967,0.3123377835212366,0.5693277275765818,0.0,0.2569899440553452,"[[1.01, 2.8806000000000003]]",1,1.0,0.0,1.8706000000000003,"[[1.01, 1.8895403098859338]]",1.0,0.0,0.8795403098859338
1600,8.0,0.2,64.00000000000001,2.7811965239845704,19,1.01,1.0,1.01,0.31460010759243634,0.5132396649098988,1.0,0.19863955731746247,"[[1.01, 1.9254]]",1,1.0,0.0,0.9154,"[[1.01, 1.01]]",0.0,0.0,0.0
1600,8.0,0.2,64.00000000000001,2.7811965239845704,20,1.01,1.0,1.01,0.3059343348242855,0.5237951165671886,1.0,0.21786078174290308,"[[1.01, 2.1244]]",1,1.0,0.0,1.1144,"[[1.01, 1.01]]",0.0,0.0,0.0
1600,8.0,0.2,64.00000000000001,2.7811965239845704,21,1.352095569086583,1.0,1.3520960977746934,0.32274332198305067,0.5288141275207703,0.0,0.20607080553771961,"[[1.01, 3.0]]",1,1.0,1.0,1.99,"[[1.01, 1.6941921955493868]]",1.0,0.0,0.6841921955493868
1600,8.0,0.2,64.00000000000001,2.7811965239845704,22,1.4929895038864638,1.0,1.4929851374941556,0.34007356702007446,0.5153153262018715,0.0,0.17524175918179702,"[[1.01, 3.0]]",1,1.0,1.0,1.99,"[[1.01, 1.9759702749883112]]",1.0,0.0,0.9659702749883112
1600,8.0,0.2,64.00000000000001,2.7811965239845704,23,1.1945790988431981,1.0,1.1945788769133205,0.3182058973884815,0.5079534241282168,0.0,0.18974752673973527,"[[1.01, 3.0]]",1,1.0,1.0,1.99,"[[1.01, 1.379157753826641]]",0.0,0.0,0.36915775382664107
1600,8.0,0.2,64.00000000000001,2.7811965239845704,24,1.06377515971482,1.0,1.0637748308994734,0.33316983279087614,0.5101077394412367,0.0,0.17693790665036052,"[[1.01, 3.0]]",1,1.0,1.0,1.99,"[[1.01, 1.1175496617989469]]",0.0,0.0,0.10754966179894687
1600,8.0,0.2,64.00000000000001,2.7811965239845704,25,1.01,1.0,1.01,0.3131097279627522,0.5242475273052805,1.0,0.21113779934252824,"[[1.01, 1.6866]]",1,1.0,0.0,0.6766000000000001,"[[1.01, 1.01]]",0.0,0.0,0.0
1600,8.0,0.2,64.00000000000001,2.7811965239845704,26,1.8818963699506102,1.0,1.8818962993137471,0.3492465186954758,0.5368961821914551,0.0,0.18764966349597928,"[[1.01, 3.0]]",1,1.0,1.0,1.99,"[[1.01, 2.753792598627494]]",1.0,0.0,1.743792598627494
1600,8.0,0.2,64.00000000000001,2.7811965239845704,27,1.01,1.0,1.01,0.31137844894506816,0.5192670020587612,1.0,0.20788855311369303,"[[1.01, 1.7662]]",1,1.0,0.0,0.7562,"[[1.01, 1.01]]",0.0,0.0,0.0
1600,8.0,0.2,64.00000000000001,2.7811965239845704,28,1.2072145504947742,1.0,1.2072072017108069,0.32318572497165265,0.5514189451095867,0.0,0.228233220137934,"[[1.01, 2.6816000000000004]]",1,1.0,0.0,1.6716000000000004,"[[1.01, 1.4044144034216137]]",0.0,0.0,0.3944144034216137
1600,8.0,0.2,64.00000000000001,2.7811965239845704,29,3.0,0.0,3.0,0.3596769827012386,0.5557121173851746,1.0,0.19603513468393596,"[[1.4876, 3.0]]",1,1.0,0.0,1.5124,"[[3.0, 3.0]]",0.0,0.0,0.0
1600,8.0,0.2,64.00000000000001,2.7811965239845704,30,1.01,1.0,1.01,0.3178823618101296,0.5197516340772217,1.0,0.20186927226709211,"[[1.01, 1.8458]]",1,1.0,0.0,0.8358000000000001,"[[1.01, 1.01]]",0.0,0.0,0.0
1600,8.0,0.2,64.00000000000001,2.7811965239845704,31,1.2743720598295718,1.0,1.2743720584478662,0.32902514518548887,0.5366441007340204,0.0,0.2076189555485315,"[[1.01, 3.0]]",1,1.0,1.0,1.99,"[[1.01, 1.5387441168957323]]",1.0,0.0,0.5287441168957323
1600,8.0,0.2,64.00000000000001,2.7811965239845704,32,1.3972305467131805,1.0,1.3972305429541496,0.3351831779117595,0.5004182312132842,0.0,0.16523505330152471,"[[1.01, 3.0]]",1,1.0,1.0,1.99,"[[1.01, 1.7844610859082992]]",1.0,0.0,0.7744610859082992
1600,8.0,0.2,64.00000000000001,2.7811965239845704,33,1.6133820802126047,1.0,1.6133820992277457,0.3373325140418682,0.5562829477743416,0.0,0.21895043373247342,"[[1.01, 3.0]]",1,1.0,1.0,1.99,"[[1.01, 2.2167641984554916]]",1.0,0.0,1.2067641984554915
1600,8.0,0.2,64.00000000000001,2.7811965239845704,34,1.01,1.0,1.01,0.3115618739248131,0.5429364735217306,1.0,0.23137459959691747,"[[1.01, 1.8458]]",1,1.0,0.0,0.8358000000000001,"[[1.01, 1.01]]",0.0,0.0,0.0
1600,8.0,0.2,64.00000000000001,2.7811965239845704,35,1.2595251462653847,1.0,1.2595253261856463,0.32099916161991476,0.5228563003815391,0.0,0.2018571387616243,"[[1.01, 3.0]]",1,1.0,1.0,1.99,"[[1.01, 1.5090506523712925]]",1.0,0.0,0.49905065237129254
1600,8.0,0.2,64.00000000000001,2.7811965239845704,36,2.102391452274124,1.0,2.1023914489221984,0.34617613553191934,0.5204194487970137,0.0,0.1742433132650944,"[[1.01, 3.0]]",1,1.0,1.0,1.99,"[[1.2047828978443968, 3.0]]",1.0,0.0,1.7952171021556032
1600,8.0,0.2,64.00000000000001,2.7811965239845704,37,1.5576067879466684,1.0,1.5576074148255692,0.3279908329143808,0.5351460318593797,0.0,0.2071551989449989,"[[1.01, 3.0]]",1,1.0,1.0,1.99,"[[1.01, 2.105214829651138]]",1.0,0.0,1.0952148296511381
1600,8.0,0.2,64.00000000000001,2.7811965239845704,38,1.1054870717811813,1.0,1.1054902530708353,0.2985468607946876,0.5498582153512174,0.0,0.25131135455652975,"[[1.01, 2.1642]]",1,1.0,0.0,1.1542000000000001,"[[1.01, 1.2009805061416705]]",0.0,0.0,0.1909805061416705
1600,8.0,0.2,64.00000000000001,2.7811965239845704,39,1.271771885081909,1.0,1.2717718848429564,0.32195660141898885,0.5138790085833425,0.0,0.1919224071643536,"[[1.01, 3.0]]",1,1.0,1.0,1.99,"[[1.01, 1.5335437696859129]]",1.0,0.0,0.5235437696859129
1600,8.0,0.2,64.00000000000001,2.7811965239845704,40,1.0313894887477524,1.0,1.0313894401445098,0.29896424309617975,0.5351245616064249,0.0,0.2361603185102451,"[[1.01, 2.1642]]",1,1.0,0.0,1.1542000000000001,[],nan,nan,nan
1600,8.0,0.2,64.00000000000001,2.7811965239845704,41,1.119673797992408,1.0,1.1196738409009221,0.3253837319727768,0.5433681805454602,0.0,0.2179844485726834,"[[1.01, 2.6418]]",1,1.0,0.0,1.6318,[],nan,nan,nan
1600,8.0,0.2,64.00000000000001,2.7811965239845704,42,1.01,1.0,1.01,0.3096190319965332,0.49273688427012813,1.0,0.18311785227359495,"[[1.01, 2.005]]",1,1.0,0.0,0.9949999999999999,[],nan,nan,nan
1600,8.0,0.2,64.00000000000001,2.7811965239845704,43,1.3401016219051285,1.0,1.3401042002215782,0.33669547993927,0.5448241133450207,0.0,0.20812863340575066,"[[1.01, 3.0]]",1,1.0,1.0,1.99,[],nan,nan,nan
1600,8.0,0.2,64.00000000000001,2.7811965239845704,44,1.430003296390457,1.0,1.4300005757512848,0.3446135760945394,0.5523663162288848,0.0,0.20775274013434536,"[[1.01, 3.0]]",1,1.0,1.0,1.99,[],nan,nan,nan
1600,8.0,0.2,64.00000000000001,2.7811965239845704,45,1.01,1.0,1.01,0.30392342996731814,0.5196581837786973,1.0,0.2157347538113792,"[[1.01, 1.4876]]",1,1.0,0.0,0.4776,[],nan,nan,nan
1600,8.0,0.2,64.00000000000001,2.7811965239845704,46,1.9961904514766118,1.0,1.9961921843026669,0.34224089109794475,0.5352624962447121,0.0,0.19302160514676736,"[[1.01, 3.0]]",1,1.0,1.0,1.99,[],nan,nan,nan
1600,8.0,0.2,64.00000000000001,2.7811965239845704,47,1.6475442600553536,1.0,1.6475523539274235,0.3316572679034696,0.5338599919744615,0.0,0.20220272407099193,"[[1.01, 3.0]]",1,1.0,1.0,1.99,[],nan,nan,nan
1600,8.0,0.2,64.00000000000001,2.7811965239845704,48,3.0,0.0,3.0,0.36463817890841865,0.5362033821203166,1.0,0.17156520321189794,"[[1.607, 3.0]]",1,0.0,0.0,1.393,[],nan,nan,nan
1600,8.0,0.2,64.00000000000001,2.7811965239845704,49,1.3575155750740653,1.0,1.3575155721361982,0.3181145778713878,0.4998668002828754,0.0,0.18175222241148759,"[[1.01, 3.0]]",1,1.0,1.0,1.99,[],nan,nan,nan
1600,8.0,0.2,64.00000000000001,2.7811965239845704,50,3.0,0.0,3.0,0.34509306442619286,0.5547971816522509,1.0,0.20970411722605803,"[[1.5274, 3.0]]",1,0.0,0.0,1.4726,[],nan,nan,nan
1600,8.0,0.2,64.00000000000001,2.7811965239845704,51,2.3229568150287845,1.0,2.3229583333997588,0.3628912678201422,0.5432849490109247,0.0,0.18039368119078253,"[[1.01, 3.0]]",1,1.0,1.0,1.99,[],nan,nan,nan
1600,8.0,0.2,64.00000000000001,2.7811965239845704,52,1.2292778612380446,1.0,1.2292778657590844,0.3060348295847707,0.5213990225367916,0.0,0.21536419295202092,"[[1.01, 2.7612]]",1,1.0,0.0,1.7512,[],nan,nan,nan
1600,8.0,0.2,64.00000000000001,2.7811965239845704,53,1.01,1.0,1.01,0.30110282973635233,0.5288722908862772,1.0,0.22776946114992486,"[[1.01, 2.005]]",1,1.0,0.0,0.9949999999999999,[],nan,nan,nan
1600,8.0,0.2,64.00000000000001,2.7811965239845704,54,1.5887561822677079,1.0,1.588756232837955,0.33463701051996325,0.4995845078688753,0.0,0.16494749734891206,"[[1.01, 3.0]]",1,1.0,1.0,1.99,[],nan,nan,nan
1600,8.0,0.2,64.00000000000001,2.7811965239845704,55,3.0,0.0,3.0,0.35654463532089475,0.5316613769160812,1.0,0.17511674159518642,"[[1.3682, 3.0]]",1,1.0,0.0,1.6318,[],nan,nan,nan
1600,8.0,0.2,64.00000000000001,2.7811965239845704,56,1.7446781104766425,1.0,1.7446780983688919,0.3384488160555009,0.5357784626606118,0.0,0.19732964660511088,"[[1.01, 3.0]]",1,1.0,1.0,1.99,[],nan,nan,nan
1600,8.0,0.2,64.00000000000001,2.7811965239845704,57,1.9960609488720165,1.0,1.9960609382782835,0.3495258568184003,0.5401371673388284,0.0,0.19061131052042812,"[[1.01, 3.0]]",1,1.0,1.0,1.99,[],nan,nan,nan
1600,8.0,0.2,64.00000000000001,2.7811965239845704,58,1.921538894135748,1.0,1.9215412366759501,0.3508570267920724,0.5257727329391595,0.0,0.17491570614708707,"[[1.01, 3.0]]",1,1.0,1.0,1.99,[],nan,nan,nan
1600,8.0,0.2,64.00000000000001,2.7811965239845704,59,1.3854652937405,1.0,1.3854657265066155,0.31805070353708037,0.542739340789609,0.0,0.22468863725252858,"[[1.01, 3.0]]",1,1.0,1.0,1.99,[],nan,nan,nan
1600,8.0,0.2,64.00000000000001,2.7811965239845704,60,1.01,1.0,1.01,0.29071791103170036,0.5520980765565366,1.0,0.2613801655248363,"[[1.01, 1.8458]]",1,1.0,0.0,0.8358000000000001,[],nan,nan,nan
1600,8.0,0.2,64.00000000000001,2.7811965239845704,61,1.8939149082185103,1.0,1.8939143471976463,0.345895499220458,0.5445708852081514,0.0,0.19867538598769346,"[[1.01, 3.0]]",1,1.0,1.0,1.99,[],nan,nan,nan
1600,8.0,0.2,64.00000000000001,2.7811965239845704,62,1.9163254548249538,1.0,1.9163254577801188,0.33959048895096655,0.5367155707459046,0.0,0.19712508179493804,"[[1.01, 3.0]]",1,1.0,1.0,1.99,[],nan,nan,nan
1600,8.0,0.2,64.00000000000001,2.7811965239845704,63,2.8432354838513842,0.0,2.8432365668548485,0.3434793813763359,0.5568567962883643,0.0,0.21337741491202838,"[[1.3682, 3.0]]",1,1.0,0.0,1.6318,[],nan,nan,nan
1600,8.0,0.2,64.00000000000001,2.7811965239845704,64,1.01,1.0,1.01,0.3050238924200589,0.5013617398997414,1.0,0.19633784747968253,"[[1.01, 2.403]]",1,1.0,0.0,1.393,[],nan,nan,nan
1600,8.0,0.2,64.00000000000001,2.7811965239845704,65,1.2320805684832221,1.0,1.2320805693005583,0.3283430998125937,0.537490687137532,0.0,0.20914758732493832,"[[1.01, 3.0]]",1,1.0,1.0,1.99,[],nan,nan,nan
1600,8.0,0.2,64.00000000000001,2.7811965239845704,66,2.184956330600426,1.0,2.184956377455868,0.3569524447653834,0.5673178235027394,0.0,0.210365378737356,"[[1.0498, 3.0]]",1,1.0,0.0,1.9502,[],nan,nan,nan
1600,8.0,0.2,64.00000000000001,2.7811965239845704,67,1.01,1.0,1.01,0.3136162429699688,0.5027778037015913,1.0,0.1891615607316225,"[[1.01, 2.0448000000000004]]",1,1.0,0.0,1.0348000000000004,[],nan,nan,nan
1600,8.0,0.2,64.00000000000001,2.7811965239845704,68,1.1109011370406783,1.0,1.110901146171326,0.3526255129191562,0.5026328884817548,0.0,0.15000737556259858,"[[1.01, 3.0]]",1,1.0,1.0,1.99,[],nan,nan,nan
1600,8.0,0.2,64.00000000000001,2.7811965239845704,69,1.01,1.0,1.01,0.33481060340931446,0.48438671927818866,1.0,0.1495761158688742,"[[1.01, 1.8856000000000002]]",1,1.0,0.0,0.8756000000000002,[],nan,nan,nan
1600,8.0,0.2,64.00000000000001,2.7811965239845704,70,1.3748630661009935,1.0,1.3748631258821793,0.336822451364906,0.5144364357914631,0.0,0.17761398442655713,"[[1.01, 3.0]]",1,1.0,1.0,1.99,[],nan,nan,nan
1600,8.0,0.2,64.00000000000001,2.7811965239845704,71,2.594638414462994,1.0,2.594638598083034,0.3545217518751499,0.5579553216176004,0.0,0.20343356974245053,"[[1.209, 3.0]]",1,1.0,0.0,1.791,[],nan,nan,nan
1600,8.0,0.2,64.00000000000001,2.7811965239845704,72,1.6373121783544635,1.0,1.637321586353139,0.33175608874254564,0.512184256544749,0.0,0.18042816780220333,"[[1.01, 3.0]]",1,1.0,1.0,1.99,[],nan,nan,nan
1600,8.0,0.2,64.00000000000001,2.7811965239845704,73,1.7440887574948056,1.0,1.7440888426760208,0.3428172183562884,0.5555555038113292,0.0,0.2127382854550408,"[[1.01, 3.0]]",1,1.0,1.0,1.99,[],nan,nan,nan
1600,8.0,0.2,64.00000000000001,2.7811965239845704,74,1.4499099784041631,1.0,1.4499094604286256,0.3386580296427048,0.5438195971278498,0.0,0.20516156748514497,"[[1.01, 3.0]]",1,1.0,1.0,1.99,[],nan,nan,nan
1600,8.0,0.2,64.00000000000001,2.7811965239845704,75,2.7203219706179826,0.0,2.7203126789315277,0.3705173792679356,0.5582993132486995,0.0,0.18778193398076393,"[[1.1294, 3.0]]",1,1.0,0.0,1.8706,[],nan,nan,nan
1600,8.0,0.2,64.00000000000001,2.7811965239845704,76,2.509510336172807,1.0,2.5095107206527087,0.35593787004395994,0.5231264787540373,0.0,0.16718860871007735,"[[1.01, 3.0]]",1,1.0,1.0,1.99,[],nan,nan,nan
1600,8.0,0.2,64.00000000000001,2.7811965239845704,77,1.3384812870518898,1.0,1.338482005941167,0.3156849114196541,0.5131352247706625,0.0,0.19745031335100843,"[[1.01, 3.0]]",1,1.0,1.0,1.99,[],nan,nan,nan
1600,8.0,0.2,64.00000000000001,2.7811965239845704,78,1.7437767873522272,1.0,1.7437819761480824,0.32793047119138136,0.5434081507739883,0.0,0.21547767958260694,"[[1.01, 3.0]]",1,1.0,1.0,1.99,[],nan,nan,nan
1600,8.0,0.2,64.00000000000001,2.7811965239845704,79,1.4789024211271915,1.0,1.4789015595005075,0.34578546063791216,0.5360034177672752,0.0,0.19021795712936307,"[[1.01, 3.0]]",1,1.0,1.0,1.99,[],nan,nan,nan
1600,8.0,0.2,64.00000000000001,2.7811965239845704,80,1.1645277295259238,1.0,1.1645277297748737,0.31622401497513164,0.5232383889285791,0.0,0.20701437395344746,"[[1.01, 2.8407999999999998]]",1,1.0,0.0,1.8307999999999998,[],nan,nan,nan
1600,8.0,0.2,64.00000000000001,2.7811965239845704,81,1.01,1.0,1.01,0.31249232178944886,0.5260381388678882,1.0,0.21354581707843934,"[[1.01, 2.3632]]",1,1.0,0.0,1.3532,[],nan,nan,nan
1600,8.0,0.2,64.00000000000001,2.7811965239845704,82,1.1424537070055334,1.0,1.1424529076402443,0.3046222104237191,0.5675307785075878,0.0,0.2629085680838687,"[[1.01, 2.2039999999999997]]",1,1.0,0.0,1.1939999999999997,[],nan,nan,nan
1600,8.0,0.2,64.00000000000001,2.7811965239845704,83,1.485734436554179,1.0,1.4857342738455224,0.33413790538775395,0.574394829051866,0.0,0.24025692366411205,"[[1.01, 3.0]]",1,1.0,1.0,1.99,[],nan,nan,nan
1600,8.0,0.2,64.00000000000001,2.7811965239845704,84,1.3985938083647298,1.0,1.3985937902928522,0.31407555497964995,0.5217653439588711,0.0,0.20768978897922113,"[[1.01, 3.0]]",1,1.0,1.0,1.99,[],nan,nan,nan
1600,8.0,0.2,64.00000000000001,2.7811965239845704,85,1.3824846335769279,1.0,1.3824846844668097,0.34030949152408957,0.5430397655704845,0.0,0.20273027404639493,"[[1.01, 3.0]]",1,1.0,1.0,1.99,[],nan,nan,nan
1600,8.0,0.2,64.00000000000001,2.7811965239845704,86,1.2011720919853952,1.0,1.2011722754733036,0.3251013325882086,0.521249455084277,0.0,0.1961481224960684,"[[1.01, 3.0]]",1,1.0,1.0,1.99,[],nan,nan,nan
1600,8.0,0.2,64.00000000000001,2.7811965239845704,87,1.7480111315796303,1.0,1.7480113989040311,0.3321354142952867,0.5095037050168854,0.0,0.17736829072159865,"[[1.01, 3.0]]",1,1.0,1.0,1.99,[],nan,nan,nan
1600,8.0,0.2,64.00000000000001,2.7811965239845704,88,1.7947564943237404,1.0,1.794756498764288,0.33127709952389744,0.535215330383472,0.0,0.20393823085957458,"[[1.01, 3.0]]",1,1.0,1.0,1.99,[],nan,nan,nan
1600,8.0,0.2,64.00000000000001,2.7811965239845704,89,2.267111805877233,1.0,2.267114550896883,0.36552063536127916,0.5391079340049642,0.0,0.173587298643685,"[[1.01, 3.0]]",1,1.0,1.0,1.99,[],nan,nan,nan
1600,8.0,0.2,64.00000000000001,2.7811965239845704,90,1.01,1.0,1.01,0.2978650994197137,0.5251675411659754,1.0,0.22730244174626174,"[[1.01, 1.6468]]",1,1.0,0.0,0.6368,[],nan,nan,nan
1600,8.0,0.2,64.00000000000001,2.7811965239845704,91,1.01,1.0,1.01,0.29740972335508375,0.544956933115435,1.0,0.24754720976035127,"[[1.01, 1.5274]]",1,1.0,0.0,0.5174000000000001,[],nan,nan,nan
1600,8.0,0.2,64.00000000000001,2.7811965239845704,92,2.0603526536742347,1.0,2.0603526304461752,0.3496841753657462,0.5791921305093274,0.0,0.2295079551435812,"[[1.0498, 3.0]]",1,1.0,0.0,1.9502,[],nan,nan,nan
1600,8.0,0.2,64.00000000000001,2.7811965239845704,93,1.01,1.0,1.01,0.3055995419534408,0.5090467081054921,1.0,0.20344716615205133,"[[1.01, 1.806]]",1,1.0,0.0,0.796,[],nan,nan,nan
1600,8.0,0.2,64.00000000000001,2.7811965239845704,94,1.229633307241157,1.0,1.229633111841818,0.32529302600131266,0.5278180964556968,0.0,0.20252507045438412,"[[1.01, 3.0]]",1,1.0,1.0,1.99,[],nan,nan,nan
1600,8.0,0.2,64.00000000000001,2.7811965239845704,95,3.0,0.0,3.0,0.3775723424272112,0.5160440112098164,1.0,0.13847166878260514,"[[1.0896, 3.0]]",1,1.0,0.0,1.9104,[],nan,nan,nan
1600,8.0,0.2,64.00000000000001,2.7811965239845704,96,1.4325206680889182,1.0,1.4325233647085431,0.33442944143925724,0.5268322896972346,0.0,0.19240284825797738,"[[1.01, 3.0]]",1,1.0,1.0,1.99,[],nan,nan,nan
1600,8.0,0.2,64.00000000000001,2.7811965239845704,97,1.2068858924699586,1.0,1.2068859136595786,0.31673374637279167,0.5255463459099923,0.0,0.2088125995372006,"[[1.01, 2.9204]]",1,1.0,0.0,1.9103999999999999,[],nan,nan,nan
1600,8.0,0.2,64.00000000000001,2.7811965239845704,98,2.367845549306502,1.0,2.367848096409498,0.3397055792253472,0.5240095690745887,0.0,0.1843039898492415,"[[1.0498, 3.0]]",1,1.0,0.0,1.9502,[],nan,nan,nan
1600,8.0,0.2,64.00000000000001,2.7811965239845704,99,1.676516998234015,1.0,1.6765161530656325,0.3649534250102593,0.5262913732840114,0.0,0.16133794827375214,"[[1.01, 3.0]]",1,1.0,1.0,1.99,[],nan,nan,nan
1600,8.0,0.2,64.00000000000001,2.7811965239845704,100,3.0,0.0,3.0,0.3475408681254176,0.5531406617507605,1.0,0.20559979362534286,"[[1.4876, 3.0]]",1,1.0,0.0,1.5124,[],nan,nan,nan
1600,8.0,0.2,64.00000000000001,2.7811965239845704,101,2.191064494954488,1.0,2.1910645626268512,0.3399203673626033,0.5445012449954578,0.0,0.20458087763285454,"[[1.0498, 3.0]]",1,1.0,0.0,1.9502,[],nan,nan,nan
1600,8.0,0.2,64.00000000000001,2.7811965239845704,102,2.6549231547929573,1.0,2.654924260823824,0.3419412404703057,0.539514350930062,0.0,0.19757311045975623,"[[1.209, 3.0]]",1,1.0,0.0,1.791,[],nan,nan,nan
1600,8.0,0.2,64.00000000000001,2.7811965239845704,103,1.3712035655299766,1.0,1.3712093968307437,0.317785244327248,0.5614218051018033,0.0,0.2436365607745553,"[[1.01, 2.8806000000000003]]",1,1.0,0.0,1.8706000000000003,[],nan,nan,nan
1600,8.0,0.2,64.00000000000001,2.7811965239845704,104,3.0,0.0,3.0,0.3585790010764598,0.5285732394148119,1.0,0.16999423833835214,"[[1.607, 3.0]]",1,0.0,0.0,1.393,[],nan,nan,nan
1600,8.0,0.2,64.00000000000001,2.7811965239845704,105,1.2274278305106041,1.0,1.2274277611565196,0.31347202956148945,0.556830975198841,0.0,0.2433589456373515,"[[1.01, 2.5224]]",1,1.0,0.0,1.5124000000000002,[],nan,nan,nan
1600,8.0,0.2,64.00000000000001,2.7811965239845704,106,3.0,0.0,3.0,0.35821631872789467,0.5279696971932378,1.0,0.16975337846534316,"[[1.3682, 3.0]]",1,1.0,0.0,1.6318,[],nan,nan,nan
1600,8.0,0.2,64.00000000000001,2.7811965239845704,107,1.3951396555578397,1.0,1.3951395400606792,0.33819232064554916,0.4982972695184402,0.0,0.16010494887289106,"[[1.01, 3.0]]",1,1.0,1.0,1.99,[],nan,nan,nan
1600,8.0,0.2,64.00000000000001,2.7811965239845704,108,2.1371370184079,1.0,2.137138205679308,0.34264916816577745,0.5197372759882556,0.0,0.17708810782247814,"[[1.01, 3.0]]",1,1.0,1.0,1.99,[],nan,nan,nan
1600,8.0,0.2,64.00000000000001,2.7811965239845704,109,1.01,1.0,1.01,0.2925150583954002,0.5686854359724697,1.0,0.27617037757706947,"[[1.01, 1.8856000000000002]]",1,1.0,0.0,0.8756000000000002,[],nan,nan,nan
1600,8.0,0.2,64.00000000000001,2.7811965239845704,110,1.01,1.0,1.01,0.3271584801339804,0.5141746038913186,1.0,0.18701612375733823,"[[1.01, 1.9652]]",1,1.0,0.0,0.9552,[],nan,nan,nan
1600,8.0,0.2,64.00000000000001,2.7811965239845704,111,1.4843817045848733,1.0,1.484381864150977,0.3199149625648353,0.5200340417272259,0.0,0.20011907916239058,"[[1.01, 3.0]]",1,1.0,1.0,1.99,[],nan,nan,nan
1600,8.0,0.2,64.00000000000001,2.7811965239845704,112,1.7214221088253492,1.0,1.721414526425067,0.3345444595152917,0.5379618020670727,0.0,0.20341734255178096,"[[1.01, 3.0]]",1,1.0,1.0,1.99,[],nan,nan,nan
1600,8.0,0.2,64.00000000000001,2.7811965239845704,113,1.842540198916025,1.0,1.8425404302878692,0.33411254666723833,0.5375337230984784,0.0,0.20342117643124003,"[[1.01, 3.0]]",1,1.0,1.0,1.99,[],nan,nan,nan
1600,8.0,0.2,64.00000000000001,2.7811965239845704,114,1.01,1.0,1.01,0.33024460245456083,0.5262470511924683,1.0,0.19600244873790745,"[[1.01, 2.801]]",1,1.0,0.0,1.7910000000000001,[],nan,nan,nan
1600,8.0,0.2,64.00000000000001,2.7811965239845704,115,1.9021884838461391,1.0,1.9021861678970575,0.34110258489955136,0.545731666288275,0.0,0.2046290813887236,"[[1.01, 3.0]]",1,1.0,1.0,1.99,[],nan,nan,nan
1600,8.0,0.2,64.00000000000001,2.7811965239845704,116,1.6499230967652263,1.0,1.6499231024337269,0.3470301266891392,0.5460622240472034,0.0,0.1990320973580642,"[[1.01, 3.0]]",1,1.0,1.0,1.99,[],nan,nan,nan
1600,8.0,0.2,64.00000000000001,2.7811965239845704,117,1.7753577335641564,1.0,1.77535765844086,0.32300130666087007,0.5144280307050685,0.0,0.19142672404419842,"[[1.01, 3.0]]",1,1.0,1.0,1.99,[],nan,nan,nan
1600,8.0,0.2,64.00000000000001,2.7811965239845704,118,1.01,1.0,1.01,0.31948492786193333,0.529355864893997,1.0,0.20987093703206366,"[[1.01, 2.0846]]",1,1.0,0.0,1.0746,[],nan,nan,nan
1600,8.0,0.2,64.00000000000001,2.7811965239845704,119,1.01,1.0,1.01,0.29136370193211497,0.5227559409998708,1.0,0.2313922390677558,"[[1.01, 1.9254]]",1,1.0,0.0,0.9154,[],nan,nan,nan
1600,8.0,0.2,64.00000000000001,2.7811965239845704,120,1.0141198689418347,1.0,1.0141198678225554,0.284016810801254,0.5304971492130595,0.0,0.24648033841180544,"[[1.01, 2.005]]",1,1.0,0.0,0.9949999999999999,[],nan,nan,nan
1600,8.0,0.2,64.00000000000001,2.7811965239845704,121,3.0,0.0,3.0,0.3480441892953722,0.547287492859123,1.0,0.19924330356375086,"[[1.6866, 3.0]]",1,0.0,0.0,1.3134,[],nan,nan,nan
1600,8.0,0.2,64.00000000000001,2.7811965239845704,122,1.0212189119067479,1.0,1.0212191498945964,0.3037313850873473,0.527964177590531,0.0,0.22423279250318373,"[[1.01, 2.2836]]",1,1.0,0.0,1.2735999999999998,[],nan,nan,nan
1600,8.0,0.2,64.00000000000001,2.7811965239845704,123,1.01,1.0,1.01,0.3051327650398767,0.5138718002999576,1.0,0.20873903526008092,"[[1.01, 2.3632]]",1,1.0,0.0,1.3532,[],nan,nan,nan
1600,8.0,0.2,64.00000000000001,2.7811965239845704,124,1.5870579087541548,1.0,1.587057916544191,0.326970621990145,0.5461112639077036,0.0,0.2191406419175586,"[[1.01, 3.0]]",1,1.0,1.0,1.99,[],nan,nan,nan
1600,8.0,0.2,64.00000000000001,2.7811965239845704,125,1.01,1.0,1.01,0.311960705978979,0.5166187178507636,1.0,0.20465801187178462,"[[1.01, 2.4826]]",1,1.0,0.0,1.4726000000000001,[],nan,nan,nan
1600,8.0,0.2,64.00000000000001,2.7811965239845704,126,1.111688779522831,1.0,1.111689217180526,0.30218243477401213,0.5293197840867377,0.0,0.2271373493127256,"[[1.01, 2.3632]]",1,1.0,0.0,1.3532,[],nan,nan,nan
1600,8.0,0.2,64.00000000000001,2.7811965239845704,127,1.1447066361921676,1.0,1.1447066373866106,0.3326262865941712,0.52811142684361,0.0,0.1954851402494388,"[[1.01, 3.0]]",1,1.0,1.0,1.99,[],nan,nan,nan
1600,8.0,0.2,64.00000000000001,2.7811965239845704,128,1.01,1.0,1.01,0.31347653372106005,0.5304389260556868,1.0,0.21696239233462672,"[[1.01, 2.3234000000000004]]",1,1.0,0.0,1.3134000000000003,[],nan,nan,nan
1600,8.0,0.2,64.00000000000001,2.7811965239845704,129,1.2830645927794297,1.0,1.2830650257892084,0.3076255291305106,0.533920135968545,0.0,0.22629460683803443,"[[1.01, 2.7612]]",1,1.0,0.0,1.7512,[],nan,nan,nan
1600,8.0,0.2,64.00000000000001,2.7811965239845704,130,1.492539802623346,1.0,1.4925386595971637,0.3300639884721788,0.5513785500940193,0.0,0.22131456162184043,"[[1.01, 3.0]]",1,1.0,1.0,1.99,[],nan,nan,nan
1600,8.0,0.2,64.00000000000001,2.7811965239845704,131,1.1980218101925035,1.0,1.1980202279793921,0.32153713756904745,0.5355297094760426,0.0,0.21399257190699517,"[[1.01, 2.8407999999999998]]",1,1.0,0.0,1.8307999999999998,[],nan,nan,nan
1600,8.0,0.2,64.00000000000001,2.7811965239845704,132,1.01,1.0,1.01,0.31877611783735355,0.5273536589611214,1.0,0.20857754112376786,"[[1.01, 2.005]]",1,1.0,0.0,0.9949999999999999,[],nan,nan,nan
1600,8.0,0.2,64.00000000000001,2.7811965239845704,133,1.5377815789645726,1.0,1.5377815591533703,0.33795939837438427,0.5438067215150534,0.0,0.20584732314066911,"[[1.01, 3.0]]",1,1.0,1.0,1.99,[],nan,nan,nan
1600,8.0,0.2,64.00000000000001,2.7811965239845704,134,1.01,1.0,1.01,0.3127218732397974,0.5416623186506434,1.0,0.22894044541084602,"[[1.01, 2.005]]",1,1.0,0.0,0.9949999999999999,[],nan,nan,nan
1600,8.0,0.2,64.00000000000001,2.7811965239845704,135,1.9389998791727883,1.0,1.9389998948594045,0.33260235959306045,0.5431672403262321,0.0,0.21056488073317164,"[[1.01, 3.0]]",1,1.0,1.0,1.99,[],nan,nan,nan
1600,8.0,0.2,64.00000000000001,2.7811965239845704,136,1.9380417526336868,1.0,1.938041696976124,0.33156879400588335,0.5195912864610212,0.0,0.1880224924551378,"[[1.01, 3.0]]",1,1.0,1.0,1.99,[],nan,nan,nan
1600,8.0,0.2,64.00000000000001,2.7811965239845704,137,1.952501248036657,1.0,1.9525014704654493,0.3426111995757785,0.5506634510850699,0.0,0.20805225150929135,"[[1.01, 3.0]]",1,1.0,1.0,1.99,[],nan,nan,nan
1600,8.0,0.2,64.00000000000001,2.7811965239845704,138,2.146001447149411,1.0,2.146002981523176,0.3457642485868582,0.5422470824775107,0.0,0.19648283389065252,"[[1.01, 3.0]]",1,1.0,1.0,1.99,[],nan,nan,nan
1600,8.0,0.2,64.00000000000001,2.7811965239845704,139,2.422742939685781,1.0,2.422743180923305,0.3427886280949779,0.5397948372496849,0.0,0.197006209154707,"[[1.1294, 3.0]]",1,1.0,0.0,1.8706,[],nan,nan,nan
1600,8.0,0.2,64.00000000000001,2.7811965239845704,140,2.2542628347548255,1.0,2.254261071474895,0.3423384632055172,0.5294219118127339,0.0,0.1870834486072167,"[[1.01, 3.0]]",1,1.0,1.0,1.99,[],nan,nan,nan
1600,8.0,0.2,64.00000000000001,2.7811965239845704,141,1.7170175141194215,1.0,1.7170178920568462,0.3367682189985801,0.515622865432143,0.0,0.17885464643356286,"[[1.01, 3.0]]",1,1.0,1.0,1.99,[],nan,nan,nan
1600,8.0,0.2,64.00000000000001,2.7811965239845704,142,2.0662708247804007,1.0,2.0662719733477273,0.36212685784696363,0.5595767707290982,0.0,0.19744991288213454,"[[1.01, 3.0]]",1,1.0,1.0,1.99,[],nan,nan,nan
1600,8.0,0.2,64.00000000000001,2.7811965239845704,143,2.5025136610445102,1.0,2.5025136439081272,0.35748199990611784,0.5625269602070901,0.0,0.2050449603009723,"[[1.1692, 3.0]]",1,1.0,0.0,1.8308,[],nan,nan,nan
1600,8.0,0.2,64.00000000000001,2.7811965239845704,144,1.366352375619609,1.0,1.3663523337023395,0.3444184238479104,0.5463921174213117,0.0,0.20197369357340128,"[[1.01, 3.0]]",1,1.0,1.0,1.99,[],nan,nan,nan
1600,8.0,0.2,64.00000000000001,2.7811965239845704,145,1.1554157151755624,1.0,1.1554157306392232,0.3287048913466608,0.5131704284064916,0.0,0.18446553705983082,"[[1.01, 3.0]]",1,1.0,1.0,1.99,[],nan,nan,nan
1600,8.0,0.2,64.00000000000001,2.7811965239845704,146,3.0,0.0,3.0,0.3476471408036159,0.5275753619498594,1.0,0.17992822114624352,"[[1.4478, 3.0]]",1,1.0,0.0,1.5522,[],nan,nan,nan
1600,8.0,0.2,64.00000000000001,2.7811965239845704,147,1.130263777114293,1.0,1.1302635951334534,0.3045585886032297,0.49610383988076273,0.0,0.19154525127753302,"[[1.01, 2.8806000000000003]]",1,1.0,0.0,1.8706000000000003,[],nan,nan,nan
1600,8.0,0.2,64.00000000000001,2.7811965239845704,148,2.159518705260517,1.0,2.159518772278368,0.3550615892818523,0.5184745717505918,0.0,0.16341298246873948,"[[1.01, 3.0]]",1,1.0,1.0,1.99,[],nan,nan,nan
1600,8.0,0.2,64.00000000000001,2.7811965239845704,149,1.01,1.0,1.01,0.29088642864618697,0.5447091407203515,1.0,0.2538227120741645,"[[1.01, 1.607]]",1,1.0,0.0,0.597,[],nan,nan,nan
1600,8.0,0.2,64.00000000000001,2.7811965239845704,150,1.300008161214063,1.0,1.300008264987843,0.31440681596147857,0.5315476992249084,0.0,0.21714088326342984,"[[1.01, 3.0]]",1,1.0,1.0,1.99,[],nan,nan,nan
1600,8.0,0.2,64.00000000000001,2.7811965239845704,151,1.8129743178888733,1.0,1.8129743254863098,0.3324150738793189,0.5216027697388009,0.0,0.18918769585948203,"[[1.01, 3.0]]",1,1.0,1.0,1.99,[],nan,nan,nan
1600,8.0,0.2,64.00000000000001,2.7811965239845704,152,2.2950534912508886,1.0,2.295059207954112,0.36030783792293225,0.5120753354815059,0.0,0.1517674975585736,"[[1.01, 3.0]]",1,1.0,1.0,1.99,[],nan,nan,nan
1600,8.0,0.2,64.00000000000001,2.7811965239845704,153,1.8899962523554839,1.0,1.8899962930057779,0.3386431048328642,0.5261753338193769,0.0,0.18753222898651267,"[[1.01, 3.0]]",1,1.0,1.0,1.99,[],nan,nan,nan
1600,8.0,0.2,64.00000000000001,2.7811965239845704,154,1.438889528932072,1.0,1.4388895058836673,0.31513917291183097,0.5259633934375825,0.0,0.2108242205257515,"[[1.01, 3.0]]",1,1.0,1.0,1.99,[],nan,nan,nan
1600,8.0,0.2,64.00000000000001,2.7811965239845704,155,3.0,0.0,3.0,0.35288206632844754,0.5375420966564961,1.0,0.18466003032804856,"[[1.6468, 3.0]]",1,0.0,0.0,1.3532,[],nan,nan,nan
1600,8.0,0.2,64.00000000000001,2.7811965239845704,156,2.2222266480685264,1.0,2.222226702842553,0.3466757595229233,0.5273542402955749,0.0,0.18067848077265158,"[[1.01, 3.0]]",1,1.0,1.0,1.99,[],nan,nan,nan
1600,8.0,0.2,64.00000000000001,2.7811965239845704,157,1.0884286413698636,1.0,1.0884286108802188,0.30611481811370955,0.5473757616986433,0.0,0.24126094358493377,"[[1.01, 2.2438000000000002]]",1,1.0,0.0,1.2338000000000002,[],nan,nan,nan
1600,8.0,0.2,64.00000000000001,2.7811965239845704,158,1.181292236712154,1.0,1.1812925002893093,0.3277159767961028,0.5308392330121804,0.0,0.20312325621607757,"[[1.01, 3.0]]",1,1.0,1.0,1.99,[],nan,nan,nan
1600,8.0,0.2,64.00000000000001,2.7811965239845704,159,1.6058296624377448,1.0,1.6058348306058914,0.33349567806432306,0.5262359254098856,0.0,0.19274024734556255,"[[1.01, 3.0]]",1,1.0,1.0,1.99,[],nan,nan,nan
1600,8.0,0.2,64.00000000000001,2.7811965239845704,160,1.6452104723235637,1.0,1.6452046303446162,0.33429128228518196,0.5384649011824382,0.0,0.20417361889725621,"[[1.01, 3.0]]",1,1.0,1.0,1.99,[],nan,nan,nan
1600,8.0,0.2,64.00000000000001,2.7811965239845704,161,1.01,1.0,1.01,0.31095071070757657,0.522286240847064,1.0,0.21133553013948742,"[[1.01, 2.2039999999999997]]",1,1.0,0.0,1.1939999999999997,[],nan,nan,nan
1600,8.0,0.2,64.00000000000001,2.7811965239845704,162,1.01,1.0,1.01,0.31512282678690784,0.5029700781257992,1.0,0.18784725133889135,"[[1.01, 2.2836]]",1,1.0,0.0,1.2735999999999998,[],nan,nan,nan
1600,8.0,0.2,64.00000000000001,2.7811965239845704,163,1.1792302410802369,1.0,1.1792296222307235,0.3117219724680757,0.5370054430228114,0.0,0.2252834705547357,"[[1.01, 2.6020000000000003]]",1,1.0,0.0,1.5920000000000003,[],nan,nan,nan
1600,8.0,0.2,64.00000000000001,2.7811965239845704,164,1.01,1.0,1.01,0.3199903067227536,0.5296223564305937,1.0,0.20963204970784016,"[[1.01, 1.9652]]",1,1.0,0.0,0.9552,[],nan,nan,nan
1600,8.0,0.2,64.00000000000001,2.7811965239845704,165,2.5245819934296025,1.0,2.524581829930553,0.3478560383001828,0.4837305647962367,0.0,0.13587452649605392,"[[1.01, 3.0]]",1,1.0,1.0,1.99,[],nan,nan,nan
1600,8.0,0.2,64.00000000000001,2.7811965239845704,166,2.602023610960635,1.0,2.6020236155423895,0.34594779020432737,0.5065029700052553,0.0,0.16055517980092798,"[[1.01, 3.0]]",1,1.0,1.0,1.99,[],nan,nan,nan
1600,8.0,0.2,64.00000000000001,2.7811965239845704,167,1.8796909847542722,1.0,1.879691228645114,0.3569190959178165,0.5193951457808186,0.0,0.16247604986300207,"[[1.01, 3.0]]",1,1.0,1.0,1.99,[],nan,nan,nan
1600,8.0,0.2,64.00000000000001,2.7811965239845704,168,1.8024983709422469,1.0,1.8024983151441818,0.34268454453654484,0.5517685753377553,0.0,0.2090840308012104,"[[1.01, 3.0]]",1,1.0,1.0,1.99,[],nan,nan,nan
1600,8.0,0.2,64.00000000000001,2.7811965239845704,169,3.0,0.0,3.0,0.3734553708956079,0.5452889358396775,1.0,0.17183356494406965,"[[1.607, 3.0]]",1,0.0,0.0,1.393,[],nan,nan,nan
1600,8.0,0.2,64.00000000000001,2.7811965239845704,170,1.8938960695044136,1.0,1.8938989919621396,0.32943975602924097,0.5747435633885377,0.0,0.24530380735929674,"[[1.01, 3.0]]",1,1.0,1.0,1.99,[],nan,nan,nan
1600,8.0,0.2,64.00000000000001,2.7811965239845704,171,1.3341574005338974,1.0,1.3341574032845342,0.3051610805041697,0.5320033776390929,0.0,0.2268422971349232,"[[1.01, 2.8407999999999998]]",1,1.0,0.0,1.8307999999999998,[],nan,nan,nan
1600,8.0,0.2,64.00000000000001,2.7811965239845704,172,1.6499952723123836,1.0,1.6499952630816428,0.3379055310818519,0.5293315570702084,0.0,0.1914260259883565,"[[1.01, 3.0]]",1,1.0,1.0,1.99,[],nan,nan,nan
1600,8.0,0.2,64.00000000000001,2.7811965239845704,173,1.01,1.0,1.01,0.3212481474889149,0.5047114982679404,1.0,0.18346335077902548,"[[1.01, 2.4428]]",1,1.0,0.0,1.4328,[],nan,nan,nan
1600,8.0,0.2,64.00000000000001,2.7811965239845704,174,1.01,1.0,1.01,0.2963645023417497,0.5555645621445254,1.0,0.2592000598027757,"[[1.01, 1.806]]",1,1.0,0.0,0.796,[],nan,nan,nan
1600,8.0,0.2,64.00000000000001,2.7811965239845704,175,2.0586604245625337,1.0,2.0586610950206308,0.3314377798819976,0.5153059207936429,0.0,0.18386814091164533,"[[1.01, 3.0]]",1,1.0,1.0,1.99,[],nan,nan,nan
1600,8.0,0.2,64.00000000000001,2.7811965239845704,176,1.01,1.0,1.01,0.307123598527289,0.5400925282063558,1.0,0.2329689296790668,"[[1.01, 1.607]]",1,1.0,0.0,0.597,[],nan,nan,nan
1600,8.0,0.2,64.00000000000001,2.7811965239845704,177,1.3997514622023186,1.0,1.3997514452358073,0.3152920817639016,0.528611689722493,0.0,0.21331960795859134,"[[1.01, 3.0]]",1,1.0,1.0,1.99,[],nan,nan,nan
1600,8.0,0.2,64.00000000000001,2.7811965239845704,178,1.01,1.0,1.01,0.2981344993539008,0.5091595818834219,1.0,0.21102508252952112,"[[1.01, 1.6866]]",1,1.0,0.0,0.6766000000000001,[],nan,nan,nan
1600,8.0,0.2,64.00000000000001,2.7811965239845704,179,1.1330575675376053,1.0,1.1330575675879455,0.29968228303885613,0.5219216807881158,0.0,0.22223939774925972,"[[1.01, 2.4428]]",1,1.0,0.0,1.4328,[],nan,nan,nan
1600,16.0,0.4,256.00000000000006,9.185417643729021,0,2.0295030781970875,1.0,2.0295031610508794,0.3602713583975487,0.7244790264941581,0.0,0.36420766809660937,"[[1.2886, 3.0]]",1,1.0,0.0,1.7114,"[[1.0590063221017587, 2.7656933038736553]]",1.0,0.0,1.7066869817718966
1600,16.0,0.4,256.00000000000006,9.185417643729021,1,1.5626233853959957,1.0,1.5626236017176545,0.3591346431067396,0.7187973033004039,0.0,0.35966266019366433,"[[1.01, 2.7214]]",1,1.0,0.0,1.7114,"[[1.01, 2.1152472034353087]]",1.0,0.0,1.1052472034353087
1600,16.0,0.4,256.00000000000006,9.185417643729021,2,1.3440007534475142,1.0,1.3440029466370824,0.31279576314078433,0.7676540842554757,0.0,0.4548583211146913,"[[1.01, 1.9652]]",1,1.0,0.0,0.9552,"[[1.01, 1.6780058932741648]]",1.0,0.0,0.6680058932741648
1600,16.0,0.4,256.00000000000006,9.185417643729021,3,1.01,1.0,1.01,0.27713946712570847,0.7597476176406751,1.0,0.48260815051496664,"[[1.01, 1.408]]",1,0.0,0.0,0.3979999999999999,"[[1.01, 1.01]]",0.0,0.0,0.0
1600,16.0,0.4,256.00000000000006,9.185417643729021,4,1.880345654926136,1.0,1.88034564531925,0.3587803484633154,0.7130422578149693,0.0,0.3542619093516539,"[[1.1692, 3.0]]",1,1.0,0.0,1.8308,"[[1.01, 2.406370457230204]]",1.0,0.0,1.3963704572302038
1600,16.0,0.4,256.00000000000006,9.185417643729021,5,1.8210850709796964,1.0,1.821085346301597,0.3638516373264678,0.7226918090581724,0.0,0.3588401717317046,"[[1.1294, 3.0]]",1,1.0,0.0,1.8706,"[[1.01, 2.386954857201732]]",1.0,0.0,1.376954857201732
1600,16.0,0.4,256.00000000000006,9.185417643729021,6,1.7224660914441046,1.0,1.722465328669381,0.32498778961171293,0.7199008145056106,0.0,0.3949130248938977,"[[1.1692, 2.7214]]",1,1.0,0.0,1.5522,"[[1.01, 2.434546412233302]]",1.0,0.0,1.4245464122333018
1600,16.0,0.4,256.00000000000006,9.185417643729021,7,1.2931596153421505,1.0,1.2931601087306943,0.31002771232344756,0.7292251121432394,0.0,0.4191973998197918,"[[1.01, 1.9652]]",1,1.0,0.0,0.9552,"[[1.01, 1.5763202174613886]]",1.0,0.0,0.5663202174613886
1600,16.0,0.4,256.00000000000006,9.185417643729021,8,1.1900208874771845,1.0,1.1900209660066603,0.2870194190540023,0.7230144660525509,0.0,0.43599504699854863,"[[1.01, 1.7662]]",1,1.0,0.0,0.7562,"[[1.01, 1.3700419320133206]]",0.0,0.0,0.3600419320133206
1600,16.0,0.4,256.00000000000006,9.185417643729021,9,1.3804592590859974,1.0,1.3804459593686276,0.3307133234496342,0.708988567811709,0.0,0.3782752443620748,"[[1.01, 2.2039999999999997]]",1,1.0,0.0,1.1939999999999997,"[[1.01, 1.7508919187372551]]",1.0,0.0,0.7408919187372551
1600,16.0,0.4,256.00000000000006,9.185417643729021,10,1.6307528737544712,1.0,1.6307529998694508,0.32898069930598794,0.780505640222259,0.0,0.45152494091627104,"[[1.1294, 2.403]]",1,1.0,0.0,1.2736,"[[1.01, 2.1272004991285174]]",1.0,0.0,1.1172004991285174
1600,16.0,0.4,256.00000000000006,9.185417643729021,11,1.9166947893128974,1.0,1.916695344946683,0.35038347193611513,0.7536350680591266,0.0,0.4032515961230115,"[[1.2886, 3.0]]",1,1.0,0.0,1.7114,"[[1.01, 2.526436767725695]]",1.0,0.0,1.516436767725695
1600,16.0,0.4,256.00000000000006,9.185417643729021,12,1.2485522610607815,1.0,1.2485517339149086,0.3094662915763245,0.7377937784048002,0.0,0.4283274868284757,"[[1.01, 1.8856000000000002]]",1,1.0,0.0,0.8756000000000002,"[[1.01, 1.4871034678298172]]",0.0,0.0,0.47710346782981716
1600,16.0,0.4,256.00000000000006,9.185417643729021,13,1.01,1.0,1.01,0.2875175599284637,0.6680769518107224,1.0,0.3805593918822587,"[[1.01, 1.607]]",1,1.0,0.0,0.597,"[[1.01, 1.01]]",0.0,0.0,0.0
1600,16.0,0.4,256.00000000000006,9.185417643729021,14,2.848259139119264,0.0,2.8482621714788605,0.38143510406369213,0.7361534513838484,0.0,0.3547183473201562,"[[1.6866, 3.0]]",1,0.0,0.0,1.3134,"[[2.696524342957721, 3.0]]",0.0,0.0,0.30347565704227897
1600,16.0,0.4,256.00000000000006,9.185417643729021,15,1.7047248588468848,1.0,1.704726272226757,0.32580279730111344,0.7541112452788774,0.0,0.42830844797776396,"[[1.1692, 2.6020000000000003]]",1,1.0,0.0,1.4328000000000003,"[[1.01, 2.282324460455217]]",1.0,0.0,1.272324460455217
1600,16.0,0.4,256.00000000000006,9.185417643729021,16,1.7765580985394989,1.0,1.776555783406741,0.3280751000740743,0.7502614272342215,0.0,0.4221863271601472,"[[1.209, 2.7612]]",1,1.0,0.0,1.5522,"[[1.01, 2.304969031091498]]",1.0,0.0,1.294969031091498
1600,16.0,0.4,256.00000000000006,9.185417643729021,17,1.2999062516461914,1.0,1.2999061178555056,0.3128165549039796,0.693646261310659,0.0,0.3808297064066794,"[[1.01, 2.0448000000000004]]",1,1.0,0.0,1.0348000000000004,"[[1.01, 1.5898122357110112]]",1.0,0.0,0.5798122357110111
1600,16.0,0.4,256.00000000000006,9.185417643729021,18,1.606720231664652,1.0,1.606719552781894,0.30608888629611014,0.7608534121697985,0.0,0.4547645258736884,"[[1.1294, 2.3234000000000004]]",1,1.0,0.0,1.1940000000000004,"[[1.1226848795209694, 2.2034391055637883]]",1.0,0.0,1.080754226042819
1600,16.0,0.4,256.00000000000006,9.185417643729021,19,1.0353884624524816,1.0,1.0353884081038724,0.27869121910771427,0.7111326123867531,0.0,0.4324413932790388,"[[1.01, 1.607]]",1,1.0,0.0,0.597,"[[1.01, 1.0607768162077449]]",0.0,0.0,0.05077681620774488
1600,16.0,0.4,256.00000000000006,9.185417643729021,20,1.8937094512725992,1.0,1.89370907660436,0.3428893942152869,0.7779630883760936,0.0,0.4350736941608067,"[[1.2886, 3.0]]",1,1.0,0.0,1.7114,"[[1.01, 2.3311944573032695]]",1.0,0.0,1.3211944573032695
1600,16.0,0.4,256.00000000000006,9.185417643729021,21,2.097696800252301,1.0,2.0976982555154606,0.3749532443861152,0.7305824958901641,0.0,0.3556292515040489,"[[1.2886, 3.0]]",1,1.0,0.0,1.7114,"[[1.1953965110309213, 2.9603345410364668]]",1.0,0.0,1.7649380300055455
1600,16.0,0.4,256.00000000000006,9.185417643729021,22,1.4839924780560025,1.0,1.4839644758431738,0.3399941236301566,0.7292476532786506,0.0,0.389253529648494,"[[1.01, 2.3632]]",1,1.0,0.0,1.3532,"[[1.01, 1.9579289516863476]]",1.0,0.0,0.9479289516863476
1600,16.0,0.4,256.00000000000006,9.185417643729021,23,1.3324943998396024,1.0,1.3324944039479938,0.30611588930957595,0.7570696323956537,0.0,0.4509537430860778,"[[1.01, 1.9254]]",1,1.0,0.0,0.9154,"[[1.01, 1.6549888078959876]]",1.0,0.0,0.6449888078959876
1600,16.0,0.4,256.00000000000006,9.185417643729021,24,1.37984791408605,1.0,1.379848287524042,0.3120932976507646,0.7222959808966812,0.0,0.41020268324591663,"[[1.01, 2.0846]]",1,1.0,0.0,1.0746,"[[1.01, 1.7496965750480842]]",1.0,0.0,0.7396965750480842
1600,16.0,0.4,256.00000000000006,9.185417643729021,25,2.0196713911649242,1.0,2.019671567933211,0.3464573425853935,0.7940341796319289,0.0,0.4475768370465354,"[[1.408, 3.0]]",1,1.0,0.0,1.592,"[[1.0393431358664218, 2.6195289176012557]]",1.0,0.0,1.580185781734834
1600,16.0,0.4,256.00000000000006,9.185417643729021,26,1.7701802361143013,1.0,1.7701804371169907,0.3639832582837103,0.7586847463698236,0.0,0.39470148808611333,"[[1.1294, 3.0]]",1,1.0,0.0,1.8706,"[[1.01, 2.1734286596639953]]",1.0,0.0,1.1634286596639953
1600,16.0,0.4,256.00000000000006,9.185417643729021,27,1.4270963221324295,1.0,1.427096322661153,0.3102673304966336,0.7045977048676638,0.0,0.39433037437103025,"[[1.01, 2.1642]]",1,1.0,0.0,1.1542000000000001,"[[1.01, 1.844192645322306]]",1.0,0.0,0.8341926453223061
1600,16.0,0.4,256.00000000000006,9.185417643729021,28,1.4594012512429937,1.0,1.4594009969339479,0.32665992130406135,0.7461202490448018,0.0,0.41946032774074044,"[[1.01, 2.2039999999999997]]",1,1.0,0.0,1.1939999999999997,"[[1.01, 1.8548983163075126]]",1.0,0.0,0.8448983163075126
1600,16.0,0.4,256.00000000000006,9.185417643729021,29,1.4080259027400832,1.0,1.4080259053159985,0.33479349401704805,0.7169726354458954,0.0,0.38217914142884735,"[[1.01, 2.2438000000000002]]",1,1.0,0.0,1.2338000000000002,"[[1.01, 1.806051810631997]]",1.0,0.0,0.7960518106319969
1600,16.0,0.4,256.00000000000006,9.185417643729021,30,1.114460544825885,1.0,1.1144617663079854,0.31652767120541847,0.6743020596298069,0.0,0.35777438842438847,"[[1.01, 1.8856000000000002]]",1,1.0,0.0,0.8756000000000002,"[[1.01, 1.2189235326159709]]",0.0,0.0,0.20892353261597085
1600,16.0,0.4,256.00000000000006,9.185417643729021,31,2.251098808746404,0.0,2.2510986391918126,0.3694405155095155,0.7257431970085633,0.0,0.35630268149904776,"[[1.408, 3.0]]",1,1.0,0.0,1.592,"[[1.5021972783836253, 3.0]]",0.0,0.0,1.4978027216163747
1600,16.0,0.4,256.00000000000006,9.185417643729021,32,1.760944813693852,1.0,1.760944132215076,0.3522025037183702,0.7562811635121834,0.0,0.40407865979381324,"[[1.1692, 2.9204]]",1,1.0,0.0,1.7511999999999999,"[[1.01, 2.304536188494573]]",1.0,0.0,1.294536188494573
1600,16.0,0.4,256.00000000000006,9.185417643729021,33,1.561309571866984,1.0,1.56130958345218,0.3326921816781027,0.7383974145219575,0.0,0.4057052328438548,"[[1.01, 2.4428]]",1,1.0,0.0,1.4328,"[[1.01, 2.085561537342508]]",1.0,0.0,1.075561537342508
1600,16.0,0.4,256.00000000000006,9.185417643729021,34,1.535787365298753,1.0,1.535789171160997,0.3411882783524888,0.7263931442647664,0.0,0.3852048659122776,"[[1.01, 2.4826]]",1,1.0,0.0,1.4726000000000001,"[[1.01, 2.0615783423219938]]",1.0,0.0,1.0515783423219938
1600,16.0,0.4,256.00000000000006,9.185417643729021,35,1.5658206659132412,1.0,1.5658206521879243,0.33707811216403066,0.7456284752038023,0.0,0.4085503630397716,"[[1.01, 2.4428]]",1,1.0,0.0,1.4328,"[[1.01, 2.0628537444117248]]",1.0,0.0,1.0528537444117247
1600,16.0,0.4,256.00000000000006,9.185417643729021,36,2.02139557561448,1.0,2.021395580908505,0.35463668402757664,0.7190392160210367,0.0,0.36440253199346007,"[[1.2886, 3.0]]",1,1.0,0.0,1.7114,"[[1.0427911618170098, 2.8322084154409297]]",1.0,0.0,1.78941725362392
1600,16.0,0.4,256.00000000000006,9.185417643729021,37,1.5420572219798556,1.0,1.5420572287906011,0.33313716031972634,0.7121190051687097,0.0,0.3789818448489834,"[[1.01, 2.4826]]",1,1.0,0.0,1.4726000000000001,"[[1.01, 2.074114457581202]]",1.0,0.0,1.064114457581202
1600,16.0,0.4,256.00000000000006,9.185417643729021,38,1.818548089807223,1.0,1.8185483222318595,0.33573873262079384,0.7324463886649558,0.0,0.39670765604416197,"[[1.209, 3.0]]",1,1.0,0.0,1.791,"[[1.01, 2.363191465675718]]",1.0,0.0,1.353191465675718
1600,16.0,0.4,256.00000000000006,9.185417643729021,39,2.5654188667903326,0.0,2.565418364286425,0.3823212572608479,0.7554400016483682,0.0,0.3731187443875203,"[[1.5672000000000001, 3.0]]",1,0.0,0.0,1.4327999999999999,"[[2.1308367285728496, 3.0]]",0.0,0.0,0.8691632714271504
1600,16.0,0.4,256.00000000000006,9.185417643729021,40,1.462422756507461,1.0,1.4624224664471601,0.33383479981800895,0.732684222672618,0.0,0.39884942285460906,"[[1.01, 2.2836]]",1,1.0,0.0,1.2735999999999998,[],nan,nan,nan
1600,16.0,0.4,256.00000000000006,9.185417643729021,41,1.3769244235014595,1.0,1.3769168323891434,0.3309895392660855,0.7259852669466824,0.0,0.39499572768059693,"[[1.01, 2.1642]]",1,1.0,0.0,1.1542000000000001,[],nan,nan,nan
1600,16.0,0.4,256.00000000000006,9.185417643729021,42,1.3108155126331735,1.0,1.3108159137280122,0.2969203362351725,0.7428679386201482,0.0,0.4459476023849757,"[[1.01, 1.9254]]",1,1.0,0.0,0.9154,[],nan,nan,nan
1600,16.0,0.4,256.00000000000006,9.185417643729021,43,1.7732487650517204,1.0,1.7732489273758392,0.35827167053472003,0.7464625967326993,0.0,0.3881909261979793,"[[1.1294, 3.0]]",1,1.0,0.0,1.8706,[],nan,nan,nan
1600,16.0,0.4,256.00000000000006,9.185417643729021,44,1.6138845625301428,1.0,1.6138949588836486,0.3505736247090004,0.7574221040104223,0.0,0.40684847930142193,"[[1.0498, 2.6020000000000003]]",1,1.0,0.0,1.5522000000000002,[],nan,nan,nan
1600,16.0,0.4,256.00000000000006,9.185417643729021,45,1.7780516378873388,1.0,1.7780421649597624,0.3468077151265232,0.7673433638002028,0.0,0.42053564867367965,"[[1.209, 2.8407999999999998]]",1,1.0,0.0,1.6317999999999997,[],nan,nan,nan
1600,16.0,0.4,256.00000000000006,9.185417643729021,46,1.6685194374230095,1.0,1.668516938038088,0.3444007319435951,0.7322396799257965,0.0,0.3878389479822014,"[[1.0896, 2.7214]]",1,1.0,0.0,1.6318000000000001,[],nan,nan,nan
1600,16.0,0.4,256.00000000000006,9.185417643729021,47,1.01,1.0,1.01,0.2892167637951433,0.7142393081517215,1.0,0.42502254435657827,"[[1.01, 1.5672000000000001]]",1,1.0,0.0,0.5572000000000001,[],nan,nan,nan
1600,16.0,0.4,256.00000000000006,9.185417643729021,48,1.8345171219177936,1.0,1.834516458153992,0.35522376178528725,0.7451037561255297,0.0,0.38987999434024245,"[[1.209, 3.0]]",1,1.0,0.0,1.791,[],nan,nan,nan
1600,16.0,0.4,256.00000000000006,9.185417643729021,49,1.1416380713547933,1.0,1.14163822939375,0.3314187306977875,0.7385713578489593,0.0,0.40715262715117184,"[[1.01, 1.8458]]",1,1.0,0.0,0.8358000000000001,[],nan,nan,nan
1600,16.0,0.4,256.00000000000006,9.185417643729021,50,2.491130006381203,0.0,2.4911360093901553,0.3727314621507443,0.7350774218017709,0.0,0.3623459596510266,"[[1.5274, 3.0]]",1,0.0,0.0,1.4726,[],nan,nan,nan
1600,16.0,0.4,256.00000000000006,9.185417643729021,51,1.01,1.0,1.01,0.30008675714547317,0.7418836288561628,1.0,0.4417968717106896,"[[1.01, 1.3284]]",1,0.0,0.0,0.3184,[],nan,nan,nan
1600,16.0,0.4,256.00000000000006,9.185417643729021,52,1.1208410197278518,1.0,1.1208410529435595,0.30417921141980814,0.7362885918196249,0.0,0.4321093803998168,"[[1.01, 1.7264]]",1,1.0,0.0,0.7163999999999999,[],nan,nan,nan
1600,16.0,0.4,256.00000000000006,9.185417643729021,53,1.4782036449496618,1.0,1.478203565512326,0.335641710259566,0.7602257155345428,0.0,0.42458400527497675,"[[1.01, 2.2438000000000002]]",1,1.0,0.0,1.2338000000000002,[],nan,nan,nan
1600,16.0,0.4,256.00000000000006,9.185417643729021,54,1.5584675448361673,1.0,1.5584675506744647,0.33097933564986975,0.7336404642856221,0.0,0.4026611286357524,"[[1.01, 2.4428]]",1,1.0,0.0,1.4328,[],nan,nan,nan
1600,16.0,0.4,256.00000000000006,9.185417643729021,55,1.5190455836172743,1.0,1.5190455584518503,0.32299491934237584,0.7360887069572528,0.0,0.413093787614877,"[[1.01, 2.3234000000000004]]",1,1.0,0.0,1.3134000000000003,[],nan,nan,nan
1600,16.0,0.4,256.00000000000006,9.185417643729021,56,1.0203227477499683,1.0,1.020322754781058,0.27113344762363945,0.7787041805681262,0.0,0.5075707329444867,"[[1.01, 1.4876]]",1,1.0,0.0,0.4776,[],nan,nan,nan
1600,16.0,0.4,256.00000000000006,9.185417643729021,57,1.312779515346075,1.0,1.312775833961909,0.3393510755233914,0.7456168211577193,0.0,0.40626574563432793,"[[1.01, 2.0846]]",1,1.0,0.0,1.0746,[],nan,nan,nan
1600,16.0,0.4,256.00000000000006,9.185417643729021,58,1.262448326877265,1.0,1.2624493835382966,0.3270923695383192,0.7269926441000483,0.0,0.39990027456172905,"[[1.01, 2.005]]",1,1.0,0.0,0.9949999999999999,[],nan,nan,nan
1600,16.0,0.4,256.00000000000006,9.185417643729021,59,1.4629965338691118,1.0,1.462996094800744,0.32150311892260564,0.7427778143216642,0.0,0.4212746953990586,"[[1.01, 2.2039999999999997]]",1,1.0,0.0,1.1939999999999997,[],nan,nan,nan
1600,16.0,0.4,256.00000000000006,9.185417643729021,60,1.6923289549629992,1.0,1.6923283461233276,0.3322591361961971,0.7675707948637782,0.0,0.4353116586675811,"[[1.1692, 2.5622]]",1,1.0,0.0,1.3929999999999998,[],nan,nan,nan
1600,16.0,0.4,256.00000000000006,9.185417643729021,61,1.7457405555011674,1.0,1.7457400938184433,0.3424460678655077,0.7734177852946899,0.0,0.43097171742918217,"[[1.1692, 2.7214]]",1,1.0,0.0,1.5522,[],nan,nan,nan
1600,16.0,0.4,256.00000000000006,9.185417643729021,62,1.5773498507560302,1.0,1.5773497789296809,0.3423353138280022,0.6993468759207386,0.0,0.35701156209273643,"[[1.01, 2.6816000000000004]]",1,1.0,0.0,1.6716000000000004,[],nan,nan,nan
1600,16.0,0.4,256.00000000000006,9.185417643729021,63,1.5585625380068908,1.0,1.5585621870628505,0.3238004844860172,0.7698932862933762,0.0,0.44609280180735894,"[[1.0498, 2.3234000000000004]]",1,1.0,0.0,1.2736000000000003,[],nan,nan,nan
1600,16.0,0.4,256.00000000000006,9.185417643729021,64,1.5541477867917481,1.0,1.5541182318925175,0.34488675339383507,0.7500244347917687,0.0,0.40513768139793366,"[[1.01, 2.4428]]",1,1.0,0.0,1.4328,[],nan,nan,nan
1600,16.0,0.4,256.00000000000006,9.185417643729021,65,1.7332031434605386,1.0,1.7332031209516283,0.34728984221670456,0.7279396971141426,0.0,0.3806498548974381,"[[1.1294, 2.9204]]",1,1.0,0.0,1.791,[],nan,nan,nan
1600,16.0,0.4,256.00000000000006,9.185417643729021,66,1.5698044118105525,1.0,1.569804419700466,0.3311214856396887,0.7636626937522434,0.0,0.4325412081125547,"[[1.0498, 2.3632]]",1,1.0,0.0,1.3134,[],nan,nan,nan
1600,16.0,0.4,256.00000000000006,9.185417643729021,67,1.1900551967549808,1.0,1.1900554129936969,0.3028722717539745,0.758634381674193,0.0,0.45576210992021843,"[[1.01, 1.7662]]",1,1.0,0.0,0.7562,[],nan,nan,nan
1600,16.0,0.4,256.00000000000006,9.185417643729021,68,1.5244853747960332,1.0,1.524485537722011,0.3270724716378163,0.7347133109704445,0.0,0.4076408393326282,"[[1.01, 2.3632]]",1,1.0,0.0,1.3532,[],nan,nan,nan
1600,16.0,0.4,256.00000000000006,9.185417643729021,69,1.8104295964682378,1.0,1.8104230717839285,0.341072713760711,0.7321646439552146,0.0,0.3910919301945036,"[[1.209, 3.0]]",1,1.0,0.0,1.791,[],nan,nan,nan
1600,16.0,0.4,256.00000000000006,9.185417643729021,70,1.2783310060419237,1.0,1.2783310058488657,0.3242219274170886,0.730637061106452,0.0,0.4064151336893634,"[[1.01, 2.005]]",1,1.0,0.0,0.9949999999999999,[],nan,nan,nan
1600,16.0,0.4,256.00000000000006,9.185417643729021,71,2.0080454340549188,1.0,2.0080453083605176,0.35167184822068864,0.7480679524457761,0.0,0.3963961042250874,"[[1.3284, 3.0]]",1,1.0,0.0,1.6716,[],nan,nan,nan
1600,16.0,0.4,256.00000000000006,9.185417643729021,72,1.107994526487374,1.0,1.1079982891619644,0.2812358894505379,0.7299909093674376,0.0,0.4487550199168997,"[[1.01, 1.6468]]",1,1.0,0.0,0.6368,[],nan,nan,nan
1600,16.0,0.4,256.00000000000006,9.185417643729021,73,1.01,1.0,1.01,0.29254863331393044,0.7285546768765925,1.0,0.43600604356266204,"[[1.01, 1.408]]",1,0.0,0.0,0.3979999999999999,[],nan,nan,nan
1600,16.0,0.4,256.00000000000006,9.185417643729021,74,1.645628295775992,1.0,1.6456284749924155,0.322211769122922,0.7556210065383012,0.0,0.43340923741537923,"[[1.1294, 2.4826]]",1,1.0,0.0,1.3532000000000002,[],nan,nan,nan
1600,16.0,0.4,256.00000000000006,9.185417643729021,75,1.8267400270316394,1.0,1.8267396987070517,0.3530877941514345,0.7256839109378441,0.0,0.37259611678640964,"[[1.1692, 3.0]]",1,1.0,0.0,1.8308,[],nan,nan,nan
1600,16.0,0.4,256.00000000000006,9.185417643729021,76,1.8292366478760536,1.0,1.8292678947168817,0.34670642779568306,0.7299440424480907,0.0,0.3832376146524077,"[[1.209, 3.0]]",1,1.0,0.0,1.791,[],nan,nan,nan
1600,16.0,0.4,256.00000000000006,9.185417643729021,77,1.8527423237354161,1.0,1.8527432084306377,0.3649181736251916,0.7201739234153298,0.0,0.35525574979013824,"[[1.1294, 3.0]]",1,1.0,0.0,1.8706,[],nan,nan,nan
1600,16.0,0.4,256.00000000000006,9.185417643729021,78,1.6014620436221028,1.0,1.601461776201908,0.3582848975765431,0.7259188614963675,0.0,0.36763396391982445,"[[1.01, 2.7612]]",1,1.0,0.0,1.7512,[],nan,nan,nan
1600,16.0,0.4,256.00000000000006,9.185417643729021,79,1.6641866417334688,1.0,1.6641893795899332,0.3358673597030435,0.7377905118980422,0.0,0.40192315219499875,"[[1.0896, 2.6418]]",1,1.0,0.0,1.5522,[],nan,nan,nan
1600,16.0,0.4,256.00000000000006,9.185417643729021,80,1.4102531412480388,1.0,1.410253064651987,0.3211337419796638,0.7362036645732555,0.0,0.41506992259359166,"[[1.01, 2.1244]]",1,1.0,0.0,1.1144,[],nan,nan,nan
1600,16.0,0.4,256.00000000000006,9.185417643729021,81,2.393192510138765,0.0,2.393192568195797,0.36655053061621456,0.7421790854197441,0.0,0.3756285548035295,"[[1.5274, 3.0]]",1,0.0,0.0,1.4726,[],nan,nan,nan
1600,16.0,0.4,256.00000000000006,9.185417643729021,82,1.8525837660262063,1.0,1.852584187339576,0.3501374756304591,0.7464744731152851,0.0,0.39633699748482604,"[[1.209, 3.0]]",1,1.0,0.0,1.791,[],nan,nan,nan
1600,16.0,0.4,256.00000000000006,9.185417643729021,83,1.5799368714734132,1.0,1.5799373031830077,0.3388130837134601,0.7634011947955983,0.0,0.42458811108213823,"[[1.0498, 2.4428]]",1,1.0,0.0,1.393,[],nan,nan,nan
1600,16.0,0.4,256.00000000000006,9.185417643729021,84,1.305703623349242,1.0,1.3057036385768286,0.31092046049153177,0.7485910794383756,0.0,0.4376706189468438,"[[1.01, 1.9254]]",1,1.0,0.0,0.9154,[],nan,nan,nan
1600,16.0,0.4,256.00000000000006,9.185417643729021,85,1.1341048962685791,1.0,1.1341049836069548,0.31257929458818245,0.7543282783069689,0.0,0.44174898371878646,"[[1.01, 1.7264]]",1,1.0,0.0,0.7163999999999999,[],nan,nan,nan
1600,16.0,0.4,256.00000000000006,9.185417643729021,86,1.2506497048614837,1.0,1.2506483858281,0.2985072892215423,0.7577597517324735,0.0,0.45925246251093116,"[[1.01, 1.806]]",1,1.0,0.0,0.796,[],nan,nan,nan
1600,16.0,0.4,256.00000000000006,9.185417643729021,87,1.2673535281438544,1.0,1.2673534192973137,0.31178608660587054,0.7411115347726148,0.0,0.4293254481667443,"[[1.01, 1.9254]]",1,1.0,0.0,0.9154,[],nan,nan,nan
1600,16.0,0.4,256.00000000000006,9.185417643729021,88,1.9471433677955838,1.0,1.94714321372421,0.36745631393353206,0.736913017579103,0.0,0.3694567036455709,"[[1.2488000000000001, 3.0]]",1,1.0,0.0,1.7511999999999999,[],nan,nan,nan
1600,16.0,0.4,256.00000000000006,9.185417643729021,89,1.5664666949953927,1.0,1.566471064310596,0.33889983363432125,0.6999245841249205,0.0,0.3610247504905993,"[[1.01, 2.6020000000000003]]",1,1.0,0.0,1.5920000000000003,[],nan,nan,nan
1600,16.0,0.4,256.00000000000006,9.185417643729021,90,2.0287897452767916,1.0,2.028789618443833,0.3566212305003006,0.7653311810167496,0.0,0.408709950516449,"[[1.3682, 3.0]]",1,1.0,0.0,1.6318,[],nan,nan,nan
1600,16.0,0.4,256.00000000000006,9.185417643729021,91,1.7078472835302485,1.0,1.7078509950461331,0.3361651309863343,0.7222486379478001,0.0,0.3860835069614658,"[[1.1294, 2.801]]",1,1.0,0.0,1.6716000000000002,[],nan,nan,nan
1600,16.0,0.4,256.00000000000006,9.185417643729021,92,2.7428089592672364,0.0,2.742808670770375,0.3668526752589732,0.7433973846037757,0.0,0.3765447093448025,"[[1.6866, 3.0]]",1,0.0,0.0,1.3134,[],nan,nan,nan
1600,16.0,0.4,256.00000000000006,9.185417643729021,93,1.7635544057784784,1.0,1.7635544315346023,0.34901973048783475,0.7058418388621464,0.0,0.3568221083743116,"[[1.0896, 3.0]]",1,1.0,0.0,1.9104,[],nan,nan,nan
1600,16.0,0.4,256.00000000000006,9.185417643729021,94,1.251741011211473,1.0,1.2517409984934957,0.31824248501100477,0.7474984542566552,0.0,0.4292559692456504,"[[1.01, 1.8856000000000002]]",1,1.0,0.0,0.8756000000000002,[],nan,nan,nan
1600,16.0,0.4,256.00000000000006,9.185417643729021,95,1.6280453316376788,1.0,1.628046287268736,0.3446635460397356,0.720820615751242,0.0,0.3761570697115064,"[[1.01, 2.7214]]",1,1.0,0.0,1.7114,[],nan,nan,nan
1600,16.0,0.4,256.00000000000006,9.185417643729021,96,1.6189507300546744,1.0,1.618951015566225,0.34469956922738815,0.754446949372122,0.0,0.40974738014473383,"[[1.0498, 2.5622]]",1,1.0,0.0,1.5123999999999997,[],nan,nan,nan
1600,16.0,0.4,256.00000000000006,9.185417643729021,97,1.3960893939893098,1.0,1.3960891504538346,0.3332247479855465,0.7696967747330905,0.0,0.436472026747544,"[[1.01, 2.1244]]",1,1.0,0.0,1.1144,[],nan,nan,nan
1600,16.0,0.4,256.00000000000006,9.185417643729021,98,1.2135391093050867,1.0,1.2135373743745395,0.3005959729665269,0.7628291144624686,0.0,0.4622331414959417,"[[1.01, 1.7662]]",1,1.0,0.0,0.7562,[],nan,nan,nan
1600,16.0,0.4,256.00000000000006,9.185417643729021,99,1.1333516084633521,1.0,1.1333515899929454,0.28822482592015436,0.7463005416720337,0.0,0.4580757157518794,"[[1.01, 1.6866]]",1,1.0,0.0,0.6766000000000001,[],nan,nan,nan
1600,16.0,0.4,256.00000000000006,9.185417643729021,100,1.218241339085958,1.0,1.2182413390713487,0.30708372777485526,0.7604978951914861,0.0,0.4534141674166309,"[[1.01, 1.806]]",1,1.0,0.0,0.796,[],nan,nan,nan
1600,16.0,0.4,256.00000000000006,9.185417643729021,101,1.2781597352493645,1.0,1.2781683971920565,0.3111975498710821,0.7605888322337124,0.0,0.4493912823626303,"[[1.01, 1.8856000000000002]]",1,1.0,0.0,0.8756000000000002,[],nan,nan,nan
1600,16.0,0.4,256.00000000000006,9.185417643729021,102,1.2953577521659372,1.0,1.2953577525928295,0.33203735562328013,0.7291738606523128,0.0,0.3971365050290327,"[[1.01, 2.0448000000000004]]",1,1.0,0.0,1.0348000000000004,[],nan,nan,nan
1600,16.0,0.4,256.00000000000006,9.185417643729021,103,1.5167453200658447,1.0,1.5167484166494425,0.35169964552981575,0.7458843799710385,0.0,0.39418473444122276,"[[1.01, 2.4428]]",1,1.0,0.0,1.4328,[],nan,nan,nan
1600,16.0,0.4,256.00000000000006,9.185417643729021,104,1.689219301424783,1.0,1.6892199929281997,0.34876765771364215,0.7177983234734113,0.0,0.36903066575976917,"[[1.0498, 2.8806000000000003]]",1,1.0,0.0,1.8308000000000002,[],nan,nan,nan
1600,16.0,0.4,256.00000000000006,9.185417643729021,105,1.0706877455874766,1.0,1.0706877536639037,0.2985328920362883,0.7044591262619561,0.0,0.40592623422566776,"[[1.01, 1.6866]]",1,1.0,0.0,0.6766000000000001,[],nan,nan,nan
1600,16.0,0.4,256.00000000000006,9.185417643729021,106,1.5271884695263913,1.0,1.5271888796266988,0.32624104383741054,0.7215022155629045,0.0,0.39526117172549396,"[[1.01, 2.3632]]",1,1.0,0.0,1.3532,[],nan,nan,nan
1600,16.0,0.4,256.00000000000006,9.185417643729021,107,1.3879221426444526,1.0,1.3879211622986054,0.3083391801680622,0.7290688737981078,0.0,0.4207296936300456,"[[1.01, 2.0846]]",1,1.0,0.0,1.0746,[],nan,nan,nan
1600,16.0,0.4,256.00000000000006,9.185417643729021,108,1.1692795031374636,1.0,1.1692794969762155,0.30754307790984287,0.7074932187131089,0.0,0.399950140803266,"[[1.01, 1.8458]]",1,1.0,0.0,0.8358000000000001,[],nan,nan,nan
1600,16.0,0.4,256.00000000000006,9.185417643729021,109,1.7574200003405824,1.0,1.7574205068520683,0.3502616290346798,0.7684267513919866,0.0,0.4181651223573068,"[[1.1692, 2.8407999999999998]]",1,1.0,0.0,1.6715999999999998,[],nan,nan,nan
1600,16.0,0.4,256.00000000000006,9.185417643729021,110,1.7997774631773364,1.0,1.7997766962040613,0.3293608980099651,0.7598700669995465,0.0,0.4305091689895814,"[[1.2488000000000001, 2.801]]",1,1.0,0.0,1.5522,[],nan,nan,nan
1600,16.0,0.4,256.00000000000006,9.185417643729021,111,2.8266108562428327,0.0,2.8266070888916532,0.39797697178761615,0.7413408034991343,0.0,0.3433638317115182,"[[1.607, 3.0]]",1,0.0,0.0,1.393,[],nan,nan,nan
1600,16.0,0.4,256.00000000000006,9.185417643729021,112,1.424852387385652,1.0,1.4248526153733287,0.3351295952808208,0.735012558873837,0.0,0.39988296359301617,"[[1.01, 2.2438000000000002]]",1,1.0,0.0,1.2338000000000002,[],nan,nan,nan
1600,16.0,0.4,256.00000000000006,9.185417643729021,113,2.0158236747887006,1.0,2.0158237126194836,0.36961720756816757,0.6923725143626032,0.0,0.3227553067944356,"[[1.209, 3.0]]",1,1.0,0.0,1.791,[],nan,nan,nan
1600,16.0,0.4,256.00000000000006,9.185417643729021,114,2.1144757909869245,1.0,2.1144764978045307,0.3500914775954661,0.7292235663248936,0.0,0.3791320887294275,"[[1.3682, 3.0]]",1,1.0,0.0,1.6318,[],nan,nan,nan
1600,16.0,0.4,256.00000000000006,9.185417643729021,115,1.2790771600996953,1.0,1.2790767508447562,0.3054545212318515,0.755910231632225,0.0,0.4504557104003735,"[[1.01, 1.8856000000000002]]",1,1.0,0.0,0.8756000000000002,[],nan,nan,nan
1600,16.0,0.4,256.00000000000006,9.185417643729021,116,1.5269477035289862,1.0,1.52694786016536,0.32289391091736847,0.7422433858852994,0.0,0.4193494749679309,"[[1.01, 2.3234000000000004]]",1,1.0,0.0,1.3134000000000003,[],nan,nan,nan
1600,16.0,0.4,256.00000000000006,9.185417643729021,117,1.088390267067514,1.0,1.088390795511672,0.31966443991764115,0.6900159836302374,0.0,0.37035154371259627,"[[1.01, 1.806]]",1,1.0,0.0,0.796,[],nan,nan,nan
1600,16.0,0.4,256.00000000000006,9.185417643729021,118,1.3600781933178818,1.0,1.3600781951743925,0.320552545801347,0.7543995205609384,0.0,0.4338469747595914,"[[1.01, 2.0448000000000004]]",1,1.0,0.0,1.0348000000000004,[],nan,nan,nan
1600,16.0,0.4,256.00000000000006,9.185417643729021,119,1.611518878155334,1.0,1.6115306557585385,0.3535348166515572,0.7717389511785203,0.0,0.4182041345269631,"[[1.0498, 2.5622]]",1,1.0,0.0,1.5123999999999997,[],nan,nan,nan
1600,16.0,0.4,256.00000000000006,9.185417643729021,120,1.4067339155552616,1.0,1.4067322314845063,0.3001691701799816,0.7275405091205829,0.0,0.42737133894060125,"[[1.01, 2.0448000000000004]]",1,1.0,0.0,1.0348000000000004,[],nan,nan,nan
1600,16.0,0.4,256.00000000000006,9.185417643729021,121,1.0500604101072577,1.0,1.0500583789309266,0.2881109929845361,0.7277320840673644,0.0,0.4396210910828284,"[[1.01, 1.607]]",1,1.0,0.0,0.597,[],nan,nan,nan
1600,16.0,0.4,256.00000000000006,9.185417643729021,122,1.3518678147453997,1.0,1.3518678139615332,0.3170301665689928,0.7498103768304886,0.0,0.43278021026149577,"[[1.01, 2.005]]",1,1.0,0.0,0.9949999999999999,[],nan,nan,nan
1600,16.0,0.4,256.00000000000006,9.185417643729021,123,1.4803409264016472,1.0,1.4803387260028944,0.3484627569308159,0.7455330851840644,0.0,0.39707032825324845,"[[1.01, 2.3632]]",1,1.0,0.0,1.3532,[],nan,nan,nan
1600,16.0,0.4,256.00000000000006,9.185417643729021,124,1.1701374199690724,1.0,1.1701406880877399,0.3168757366794314,0.691659307915028,0.0,0.37478357123559664,"[[1.01, 1.8856000000000002]]",1,1.0,0.0,0.8756000000000002,[],nan,nan,nan
1600,16.0,0.4,256.00000000000006,9.185417643729021,125,1.581061875998392,1.0,1.5810618892921093,0.3612814902581207,0.7067113198797101,0.0,0.34542982962158947,"[[1.01, 2.8407999999999998]]",1,1.0,0.0,1.8307999999999998,[],nan,nan,nan
1600,16.0,0.4,256.00000000000006,9.185417643729021,126,2.3337109690331164,0.0,2.333712834005439,0.3708305967583443,0.773555638957305,0.0,0.40272504219896066,"[[1.5274, 3.0]]",1,0.0,0.0,1.4726,[],nan,nan,nan
1600,16.0,0.4,256.00000000000006,9.185417643729021,127,1.3520153700775788,1.0,1.3520153419194074,0.3226718981532587,0.7156313348372849,0.0,0.3929594366840262,"[[1.01, 2.1244]]",1,1.0,0.0,1.1144,[],nan,nan,nan
1600,16.0,0.4,256.00000000000006,9.185417643729021,128,1.2905022106522281,1.0,1.290501793749861,0.31980147373286366,0.7537595466964336,0.0,0.43395807296357,"[[1.01, 1.9652]]",1,1.0,0.0,0.9552,[],nan,nan,nan
1600,16.0,0.4,256.00000000000006,9.185417643729021,129,1.6317830813795748,1.0,1.631783075178621,0.34197557481916024,0.7452621717068091,0.0,0.40328659688764884,"[[1.0498, 2.6020000000000003]]",1,1.0,0.0,1.5522000000000002,[],nan,nan,nan
1600,16.0,0.4,256.00000000000006,9.185417643729021,130,1.6989498296561167,1.0,1.6989498192066663,0.34516176612363625,0.695849153731992,0.0,0.3506873876083557,"[[1.0498, 3.0]]",1,1.0,0.0,1.9502,[],nan,nan,nan
1600,16.0,0.4,256.00000000000006,9.185417643729021,131,1.0543494981594754,1.0,1.0543497756263092,0.3193895900308536,0.7054834985959267,0.0,0.38609390856507314,"[[1.01, 1.7662]]",1,1.0,0.0,0.7562,[],nan,nan,nan
1600,16.0,0.4,256.00000000000006,9.185417643729021,132,2.002294233510076,1.0,2.002296038940558,0.36014881432822543,0.6933776094753404,0.0,0.333228795147115,"[[1.209, 3.0]]",1,1.0,0.0,1.791,[],nan,nan,nan
1600,16.0,0.4,256.00000000000006,9.185417643729021,133,1.6962480055523956,1.0,1.6962480041411376,0.31790249849067836,0.7677534936039605,0.0,0.44985099511328214,"[[1.1692, 2.4826]]",1,1.0,0.0,1.3134000000000001,[],nan,nan,nan
1600,16.0,0.4,256.00000000000006,9.185417643729021,134,1.4142802675739519,1.0,1.4142822246686895,0.3281942492050644,0.7474156372700707,0.0,0.41922138806500625,"[[1.01, 2.1642]]",1,1.0,0.0,1.1542000000000001,[],nan,nan,nan
1600,16.0,0.4,256.00000000000006,9.185417643729021,135,1.2907959326166987,1.0,1.2907909742662533,0.33634824015844816,0.7096037099348587,0.0,0.3732554697764105,"[[1.01, 2.1244]]",1,1.0,0.0,1.1144,[],nan,nan,nan
1600,16.0,0.4,256.00000000000006,9.185417643729021,136,1.1156772042668708,1.0,1.1156772049953805,0.2989941712976696,0.7416431933855168,0.0,0.4426490220878472,"[[1.01, 1.6866]]",1,1.0,0.0,0.6766000000000001,[],nan,nan,nan
1600,16.0,0.4,256.00000000000006,9.185417643729021,137,1.7005829502509318,1.0,1.7005838673867344,0.3536954266559554,0.758442962740676,0.0,0.40474753608472064,"[[1.0896, 2.7612]]",1,1.0,0.0,1.6716000000000002,[],nan,nan,nan
1600,16.0,0.4,256.00000000000006,9.185417643729021,138,1.3118731261677938,1.0,1.3118732590366398,0.32555301272593695,0.7409041965557713,0.0,0.4153511838298344,"[[1.01, 2.005]]",1,1.0,0.0,0.9949999999999999,[],nan,nan,nan
1600,16.0,0.4,256.00000000000006,9.185417643729021,139,1.577989983617835,1.0,1.5779894450765677,0.3421206277419622,0.732140019809474,0.0,0.39001939206751174,"[[1.01, 2.5622]]",1,1.0,0.0,1.5521999999999998,[],nan,nan,nan
1600,16.0,0.4,256.00000000000006,9.185417643729021,140,1.2871193044648428,1.0,1.287119207865718,0.3044499063788552,0.7555424008436565,0.0,0.4510924944648013,"[[1.01, 1.8856000000000002]]",1,1.0,0.0,0.8756000000000002,[],nan,nan,nan
1600,16.0,0.4,256.00000000000006,9.185417643729021,141,1.2207268575799741,1.0,1.2207268442083727,0.29226781051910566,0.7429115616531065,0.0,0.4506437511340008,"[[1.01, 1.806]]",1,1.0,0.0,0.796,[],nan,nan,nan
1600,16.0,0.4,256.00000000000006,9.185417643729021,142,1.7373614042891738,1.0,1.7373609511266612,0.3469866910472527,0.7347204232859269,0.0,0.3877337322386742,"[[1.1294, 2.9204]]",1,1.0,0.0,1.791,[],nan,nan,nan
1600,16.0,0.4,256.00000000000006,9.185417643729021,143,1.4804158346285565,1.0,1.480415616303417,0.3242474356950261,0.7700193650835173,0.0,0.4457719293884912,"[[1.01, 2.2039999999999997]]",1,1.0,0.0,1.1939999999999997,[],nan,nan,nan
1600,16.0,0.4,256.00000000000006,9.185417643729021,144,1.3027179030310099,1.0,1.3027180291591,0.3025005305582684,0.722409434445281,0.0,0.41990890388701263,"[[1.01, 1.9652]]",1,1.0,0.0,0.9552,[],nan,nan,nan
1600,16.0,0.4,256.00000000000006,9.185417643729021,145,1.4387823880202115,1.0,1.4387831471476165,0.31352664861874086,0.7375559745556695,0.0,0.4240293259369286,"[[1.01, 2.1642]]",1,1.0,0.0,1.1542000000000001,[],nan,nan,nan
1600,16.0,0.4,256.00000000000006,9.185417643729021,146,1.4398937126554792,1.0,1.4398936052123004,0.3403098779508,0.7380005725107435,0.0,0.3976906945599435,"[[1.01, 2.2836]]",1,1.0,0.0,1.2735999999999998,[],nan,nan,nan
1600,16.0,0.4,256.00000000000006,9.185417643729021,147,1.5901047449931613,1.0,1.5901048239775006,0.3321438013463813,0.7064729639635694,0.0,0.3743291626171881,"[[1.01, 2.5622]]",1,1.0,0.0,1.5521999999999998,[],nan,nan,nan
1600,16.0,0.4,256.00000000000006,9.185417643729021,148,1.44849746577843,1.0,1.448495479680988,0.33874626698779714,0.7326027105039924,0.0,0.39385644351619525,"[[1.01, 2.2836]]",1,1.0,0.0,1.2735999999999998,[],nan,nan,nan
1600,16.0,0.4,256.00000000000006,9.185417643729021,149,1.576259257690909,1.0,1.5762593699341614,0.32364174932993084,0.7395368475132554,0.0,0.4158950981833246,"[[1.0498, 2.403]]",1,1.0,0.0,1.3532,[],nan,nan,nan
1600,16.0,0.4,256.00000000000006,9.185417643729021,150,1.6237444401849968,1.0,1.6237444078264816,0.35354719461203066,0.7123041851974412,0.0,0.35875699058541055,"[[1.01, 2.8407999999999998]]",1,1.0,0.0,1.8307999999999998,[],nan,nan,nan
1600,16.0,0.4,256.00000000000006,9.185417643729021,151,1.2006033023268101,1.0,1.2006033041435515,0.31985160007108515,0.7011928150350913,0.0,0.3813412149640062,"[[1.01, 1.9254]]",1,1.0,0.0,0.9154,[],nan,nan,nan
1600,16.0,0.4,256.00000000000006,9.185417643729021,152,1.8371939722121693,1.0,1.837193938829046,0.350898410521058,0.7376585570962939,0.0,0.3867601465752359,"[[1.209, 3.0]]",1,1.0,0.0,1.791,[],nan,nan,nan
1600,16.0,0.4,256.00000000000006,9.185417643729021,153,1.6429896915552593,1.0,1.6429894732896215,0.33843921650804487,0.7297055663604644,0.0,0.3912663498524195,"[[1.0498, 2.6418]]",1,1.0,0.0,1.5919999999999999,[],nan,nan,nan
1600,16.0,0.4,256.00000000000006,9.185417643729021,154,1.928116003036226,1.0,1.928115927917896,0.34483015681438095,0.744706973610271,0.0,0.3998768167958901,"[[1.2886, 3.0]]",1,1.0,0.0,1.7114,[],nan,nan,nan
1600,16.0,0.4,256.00000000000006,9.185417643729021,155,1.6072119221760404,1.0,1.6072119353873742,0.34624956983656857,0.7746839803119594,0.0,0.4284344104753908,"[[1.0498, 2.4826]]",1,1.0,0.0,1.4328,[],nan,nan,nan
1600,16.0,0.4,256.00000000000006,9.185417643729021,156,1.4181912515905526,1.0,1.4181912281169415,0.3228532340202255,0.7123523354764445,0.0,0.389499101456219,"[[1.01, 2.2039999999999997]]",1,1.0,0.0,1.1939999999999997,[],nan,nan,nan
1600,16.0,0.4,256.00000000000006,9.185417643729021,157,1.162344651044821,1.0,1.1623446327638431,0.2962595492546477,0.7434529643690029,0.0,0.4471934151143552,"[[1.01, 1.7264]]",1,1.0,0.0,0.7163999999999999,[],nan,nan,nan
1600,16.0,0.4,256.00000000000006,9.185417643729021,158,1.4286513815045623,1.0,1.4286512247861998,0.3369718061099722,0.6895630408111427,0.0,0.35259123470117054,"[[1.01, 2.403]]",1,1.0,0.0,1.393,[],nan,nan,nan
1600,16.0,0.4,256.00000000000006,9.185417643729021,159,1.2870594782608877,1.0,1.287064691566679,0.33054672313655487,0.7638544520798954,0.0,0.4333077289433406,"[[1.01, 1.9652]]",1,1.0,0.0,0.9552,[],nan,nan,nan
1600,16.0,0.4,256.00000000000006,9.185417643729021,160,1.5928785249096948,1.0,1.5928785192287864,0.33734054095155763,0.7433234233533529,0.0,0.40598288240179525,"[[1.0498, 2.4826]]",1,1.0,0.0,1.4328,[],nan,nan,nan
1600,16.0,0.4,256.00000000000006,9.185417643729021,161,1.21196033682151,1.0,1.2119603519092397,0.3119209533612028,0.7472215403947777,0.0,0.43530058703357494,"[[1.01, 1.8458]]",1,1.0,0.0,0.8358000000000001,[],nan,nan,nan
1600,16.0,0.4,256.00000000000006,9.185417643729021,162,1.3970056739484156,1.0,1.3970056312635633,0.33492498823804856,0.7224248203183791,0.0,0.3874998320803305,"[[1.01, 2.2438000000000002]]",1,1.0,0.0,1.2338000000000002,[],nan,nan,nan
1600,16.0,0.4,256.00000000000006,9.185417643729021,163,1.6636687523805895,1.0,1.663669737224971,0.33314574169358074,0.6682214789646159,0.0,0.3350757372710352,"[[1.01, 2.9204]]",1,1.0,0.0,1.9103999999999999,[],nan,nan,nan
1600,16.0,0.4,256.00000000000006,9.185417643729021,164,1.01,1.0,1.01,0.25657807608766214,0.7440140393638254,1.0,0.48743596327616323,"[[1.01, 1.3682]]",1,0.0,0.0,0.3582000000000001,[],nan,nan,nan
1600,16.0,0.4,256.00000000000006,9.185417643729021,165,1.2048745568339343,1.0,1.2048745186727994,0.3053715054597714,0.7424774090401499,0.0,0.43710590358037854,"[[1.01, 1.806]]",1,1.0,0.0,0.796,[],nan,nan,nan
1600,16.0,0.4,256.00000000000006,9.185417643729021,166,1.5679948251561264,1.0,1.5679874698683256,0.3451489962937819,0.7185004386758533,0.0,0.37335144238207146,"[[1.01, 2.6020000000000003]]",1,1.0,0.0,1.5920000000000003,[],nan,nan,nan
1600,16.0,0.4,256.00000000000006,9.185417643729021,167,2.030068516865947,1.0,2.0300685414809747,0.35486543219980754,0.7690277383853343,0.0,0.4141623061855268,"[[1.3682, 3.0]]",1,1.0,0.0,1.6318,[],nan,nan,nan
1600,16.0,0.4,256.00000000000006,9.185417643729021,168,1.254570408305653,1.0,1.2545704518923178,0.31249473195129057,0.7500842386815096,0.0,0.43758950673021907,"[[1.01, 1.8856000000000002]]",1,1.0,0.0,0.8756000000000002,[],nan,nan,nan
1600,16.0,0.4,256.00000000000006,9.185417643729021,169,1.01,1.0,1.01,0.3083063559301666,0.7029500264458441,1.0,0.39464367051567756,"[[1.01, 1.5672000000000001]]",1,1.0,0.0,0.5572000000000001,[],nan,nan,nan
1600,16.0,0.4,256.00000000000006,9.185417643729021,170,1.828782269127135,1.0,1.82878222589571,0.3528808536565166,0.7590490427958143,0.0,0.4061681891392977,"[[1.209, 3.0]]",1,1.0,0.0,1.791,[],nan,nan,nan
1600,16.0,0.4,256.00000000000006,9.185417643729021,171,1.433416721062645,1.0,1.433416707985335,0.32121976970217553,0.783238536670643,0.0,0.4620187669684675,"[[1.01, 2.0846]]",1,1.0,0.0,1.0746,[],nan,nan,nan
1600,16.0,0.4,256.00000000000006,9.185417643729021,172,1.260844089140736,1.0,1.2608441632362961,0.3159326818823716,0.7039247757729244,0.0,0.38799209389055284,"[[1.01, 1.9652]]",1,1.0,0.0,0.9552,[],nan,nan,nan
1600,16.0,0.4,256.00000000000006,9.185417643729021,173,2.4095811579353694,0.0,2.409582845905023,0.34795500881817504,0.7458013568663969,0.0,0.3978463480482219,"[[1.607, 3.0]]",1,0.0,0.0,1.393,[],nan,nan,nan
1600,16.0,0.4,256.00000000000006,9.185417643729021,174,1.4432276270409596,1.0,1.4432276326709574,0.34084813204810643,0.7046174145478001,0.0,0.3637692824996937,"[[1.01, 2.403]]",1,1.0,0.0,1.393,[],nan,nan,nan
1600,16.0,0.4,256.00000000000006,9.185417643729021,175,1.1045615524670145,1.0,1.1045616500766355,0.2841495667379198,0.7447925877992545,0.0,0.4606430210613347,"[[1.01, 1.6468]]",1,1.0,0.0,0.6368,[],nan,nan,nan
1600,16.0,0.4,256.00000000000006,9.185417643729021,176,1.4771742214313608,1.0,1.4771767956817563,0.33756301847016446,0.7111083816719792,0.0,0.37354536320181475,"[[1.01, 2.403]]",1,1.0,0.0,1.393,[],nan,nan,nan
1600,16.0,0.4,256.00000000000006,9.185417643729021,177,1.1134357391735676,1.0,1.113435739475129,0.2967026013094289,0.7473026736891916,0.0,0.4506000723797627,"[[1.01, 1.6866]]",1,1.0,0.0,0.6766000000000001,[],nan,nan,nan
1600,16.0,0.4,256.00000000000006,9.185417643729021,178,1.01,1.0,1.01,0.29230150871000815,0.670315648005988,1.0,0.3780141392959798,"[[1.01, 1.6468]]",1,1.0,0.0,0.6368,[],nan,nan,nan
1600,16.0,0.4,256.00000000000006,9.185417643729021,179,1.3265713084877968,1.0,1.3265712978175164,0.3339666248043874,0.702290001049508,0.0,0.3683233762451206,"[[1.01, 2.1642]]",1,1.0,0.0,1.1542000000000001,[],nan,nan,nan
